name,smiles,toxic
SAFE_4378,C1CC(N(C1)C(=O)C(CC2=CC=CC=C2)NC(=O)C(CC3=CC=CC=C3)N)C(=O)O,0
TOXIC_3704,CC(C)OP(=O)(C)F,1
TOXIC_3951,CCN(CC)C(=S)SSC(=S)N(CC)CC,1
TOXIC_372,ClC=C,1
TOXIC_4893,CC1=CC=C(C=C1)C2=CC(=NN2C3=CC=C(C=C3)S(=O)(=O)C)C(F)(F)F,1
SAFE_3363,CN1C=NC2=C1C(=O)N(C(=O)N2C)C,0
TOXIC_4325,C=O,1
SAFE_1169,CC1=CN=C(C(=C1OC)C)CS(=O)C2=NC3=C(N2)C=C(C=C3)OC,0
TOXIC_1511,CCOP(=S)(OCC)Oc1ccc(cc1)[N+](=O)[O-],1
TOXIC_599,CCOP(=S)(OCC)Oc1ccc(cc1)[N+](=O)[O-],1
SAFE_4427,CC(C)CC1=CC=C(C=C1)C(C)C(=O)O,0
SAFE_166,CC(=O)NC1=CC=C(O)C=C1,0
SAFE_1010,CN(C)C(=N)N,0
TOXIC_3592,CC(C)OP(=O)(C)F,1
SAFE_1316,C(=O)(N)N,0
TOXIC_3121,ClC(Cl)Cl,1
SAFE_4166,C(=O)(N)N,0
SAFE_1884,CC(=O)O,0
TOXIC_3956,ClC=C,1
SAFE_4351,CC(=O)NC1=CC=C(O)C=C1,0
SAFE_3807,CC1(C(N2C(S1)C(C2=O)NC(=O)CC3=CC=CC=C3)C(=O)O)C,0
TOXIC_3468,[Pb],1
TOXIC_3493,C=O,1
SAFE_1348,C1CC(N(C1)C(=O)C(CC2=CC=CC=C2)NC(=O)C(CC3=CC=CC=C3)N)C(=O)O,0
SAFE_4864,COC1=CC=C(C=C1)C(C)C(=O)O,0
SAFE_4197,CC1(C(N2C(S1)C(C2=O)NC(=O)CC3=CC=CC=C3)C(=O)O)C,0
SAFE_4026,CCO,0
TOXIC_3416,CC(C)OP(=O)(C)F,1
TOXIC_2641,ClC(Cl)Cl,1
SAFE_48,CN1C=NC2=C1C(=O)N(C(=O)N2C)C,0
TOXIC_977,ClC(Cl)Cl,1
TOXIC_409,N#C,1
SAFE_579,CC(=O)O,0
TOXIC_2601,N#C,1
TOXIC_273,ClC(Cl)Cl,1
TOXIC_1279,CCN(CC)C(=S)SSC(=S)N(CC)CC,1
SAFE_2214,CC(=O)O,0
SAFE_1090,C(C(CO)O)O,0
TOXIC_3889,ClC(Cl)Cl,1
SAFE_1973,C(C1C(C(C(C(O1)O)O)O)O)O,0
TOXIC_680,CC(C)OP(=O)(C)F,1
TOXIC_2011,[Hg],1
TOXIC_27,[Hg],1
SAFE_2490,CC(=O)OC1=CC=CC=C1C(=O)O,0
SAFE_1346,C(=O)(N)N,0
TOXIC_2747,[Hg],1
TOXIC_4251,[Hg],1
SAFE_4905,CC(=O)OC1=CC=CC=C1C(=O)O,0
SAFE_2281,CC(=O)NC1=CC=C(O)C=C1,0
SAFE_2345,CN(C)C(=N)N,0
SAFE_1357,C(C(=O)O)N,0
TOXIC_3391,CCN(CC)C(=S)SSC(=S)N(CC)CC,1
SAFE_2513,C(C1C(C(C(C(O1)O)O)O)O)O,0
TOXIC_1319,CCOP(=S)(OCC)Oc1ccc(cc1)[N+](=O)[O-],1
SAFE_606,CCO,0
SAFE_4340,CN(C)C(=N)N,0
TOXIC_1774,CC1=CC=C(C=C1)C(=O)NC2=CC=CC=C2,1
TOXIC_1817,N#C,1
SAFE_3316,CC(=O)NC1=CC=C(O)C=C1,0
TOXIC_4971,[Hg],1
SAFE_2408,C(C1C(C(C(C(O1)O)O)O)O)O,0
SAFE_4841,C(=O)(N)N,0
TOXIC_3316,ClC=C,1
SAFE_4118,C(C1C(C(C(C(O1)O)O)O)O)O,0
SAFE_973,C1CC(N(C1)C(=O)C(CC2=CC=CC=C2)NC(=O)C(CC3=CC=CC=C3)N)C(=O)O,0
TOXIC_4349,CC1=CC=C(C=C1)C2=CC(=NN2C3=CC=C(C=C3)S(=O)(=O)C)C(F)(F)F,1
TOXIC_2104,CC(C)OP(=O)(C)F,1
TOXIC_4782,CC1=CC=C(C=C1)C(=O)NC2=CC=CC=C2,1
TOXIC_741,C=O,1
SAFE_1572,CC1(C(N2C(S1)C(C2=O)NC(=O)CC3=CC=CC=C3)C(=O)O)C,0
TOXIC_1779,c1ccccc1,1
SAFE_4019,CC1=CN=C(C(=C1OC)C)CS(=O)C2=NC3=C(N2)C=C(C=C3)OC,0
TOXIC_3303,CCOP(=S)(OCC)Oc1ccc(cc1)[N+](=O)[O-],1
TOXIC_4501,C=O,1
SAFE_3812,CC(C)CC1=CC=C(C=C1)C(C)C(=O)O,0
TOXIC_1997,CC1=CC=C(C=C1)C2=CC(=NN2C3=CC=C(C=C3)S(=O)(=O)C)C(F)(F)F,1
SAFE_1641,CCO,0
TOXIC_4650,O=[As]O[As]=O,1
SAFE_1938,CN1C=NC2=C1C(=O)N(C(=O)N2C)C,0
SAFE_4164,CC(=O)O,0
SAFE_1614,CC(=O)O,0
SAFE_2657,CC(C)CC1=CC=C(C=C1)C(C)C(=O)O,0
TOXIC_1434,O=[As]O[As]=O,1
TOXIC_1701,C=O,1
SAFE_2848,C1CC(N(C1)C(=O)C(CC2=CC=CC=C2)NC(=O)C(CC3=CC=CC=C3)N)C(=O)O,0
SAFE_801,CCO,0
SAFE_874,COC1=CC=C(C=C1)C(C)C(=O)O,0
SAFE_1361,C(=O)(N)N,0
TOXIC_1902,CC1=CC=C(C=C1)C(=O)NC2=CC=CC=C2,1
SAFE_442,C(C(=O)O)N,0
TOXIC_3874,NN,1
SAFE_2903,C(C1C(C(C(C(O1)O)O)O)O)O,0
TOXIC_1333,C=O,1
TOXIC_1508,ClC=C,1
SAFE_1757,CC(C)CC1=CC=C(C=C1)C(C)C(=O)O,0
SAFE_1563,CN1C=NC2=C1C(=O)N(C(=O)N2C)C,0
SAFE_2861,C(=O)(N)N,0
SAFE_4309,COC1=CC=C(C=C1)C(C)C(=O)O,0
SAFE_2847,CC1(C(N2C(S1)C(C2=O)NC(=O)CC3=CC=CC=C3)C(=O)O)C,0
SAFE_2487,CC1(C(N2C(S1)C(C2=O)NC(=O)CC3=CC=CC=C3)C(=O)O)C,0
SAFE_1438,C1CC(N(C1)C(=O)C(CC2=CC=CC=C2)NC(=O)C(CC3=CC=CC=C3)N)C(=O)O,0
TOXIC_4327,CCOP(=S)(OCC)Oc1ccc(cc1)[N+](=O)[O-],1
SAFE_2880,CC(=O)OC1=CC=CC=C1C(=O)O,0
SAFE_1631,C(=O)(N)N,0
SAFE_3528,CN1C=NC2=C1C(=O)N(C(=O)N2C)C,0
TOXIC_760,CC(C)OP(=O)(C)F,1
SAFE_528,CN1C=NC2=C1C(=O)N(C(=O)N2C)C,0
SAFE_1714,COC1=CC=C(C=C1)C(C)C(=O)O,0
SAFE_3357,CC1(C(N2C(S1)C(C2=O)NC(=O)CC3=CC=CC=C3)C(=O)O)C,0
TOXIC_1916,[Pb],1
TOXIC_1198,CC1=CC=C(C=C1)C(=O)NC2=CC=CC=C2,1
TOXIC_4543,CCN(CC)C(=S)SSC(=S)N(CC)CC,1
SAFE_1542,CC1(C(N2C(S1)C(C2=O)NC(=O)CC3=CC=CC=C3)C(=O)O)C,0
SAFE_3172,C(C(=O)O)N,0
TOXIC_4371,c1ccccc1,1
SAFE_663,CN1C=NC2=C1C(=O)N(C(=O)N2C)C,0
SAFE_3431,C(=O)(N)N,0
TOXIC_2531,c1ccccc1,1
SAFE_4869,CC(=O)O,0
SAFE_843,CN1C=NC2=C1C(=O)N(C(=O)N2C)C,0
SAFE_2351,C(=O)(N)N,0
TOXIC_540,[Pb],1
TOXIC_2100,ClC=C,1
TOXIC_3461,C=O,1
TOXIC_2716,[Pb],1
TOXIC_402,NN,1
TOXIC_1657,N#C,1
TOXIC_2027,[Hg],1
SAFE_114,CC(=O)O,0
SAFE_3755,CN(C)C(=N)N,0
TOXIC_3904,ClC(Cl)(Cl)Cl,1
TOXIC_4989,CC1=CC=C(C=C1)C2=CC(=NN2C3=CC=C(C=C3)S(=O)(=O)C)C(F)(F)F,1
TOXIC_4110,CC1=CC=C(C=C1)C(=O)NC2=CC=CC=C2,1
SAFE_3379,COC1=CC=C(C=C1)C(C)C(=O)O,0
TOXIC_2928,ClC(Cl)(Cl)Cl,1
SAFE_2875,C(C(CO)O)O,0
SAFE_1978,C1CC(N(C1)C(=O)C(CC2=CC=CC=C2)NC(=O)C(CC3=CC=CC=C3)N)C(=O)O,0
SAFE_3653,C(C1C(C(C(C(O1)O)O)O)O)O,0
TOXIC_4841,N#C,1
TOXIC_4322,NN,1
TOXIC_3810,NN,1
TOXIC_4413,CC1=CC=C(C=C1)C2=CC(=NN2C3=CC=C(C=C3)S(=O)(=O)C)C(F)(F)F,1
TOXIC_335,CCN(CC)C(=S)SSC(=S)N(CC)CC,1
SAFE_1465,C(C(CO)O)O,0
TOXIC_4373,C=O,1
TOXIC_3333,C=O,1
SAFE_486,CCO,0
SAFE_79,COC1=CC=C(C=C1)C(C)C(=O)O,0
TOXIC_4849,ClC(Cl)Cl,1
TOXIC_901,C=O,1
SAFE_2008,C1CC(N(C1)C(=O)C(CC2=CC=CC=C2)NC(=O)C(CC3=CC=CC=C3)N)C(=O)O,0
TOXIC_3250,NN,1
SAFE_4876,CC(=O)NC1=CC=C(O)C=C1,0
TOXIC_4180,ClC=C,1
TOXIC_102,CN(N=O)C,1
SAFE_4879,COC1=CC=C(C=C1)C(C)C(=O)O,0
TOXIC_1768,CC(C)OP(=O)(C)F,1
TOXIC_979,c1ccccc1,1
SAFE_3978,CN1C=NC2=C1C(=O)N(C(=O)N2C)C,0
SAFE_3739,COC1=CC=C(C=C1)C(C)C(=O)O,0
TOXIC_613,C=O,1
TOXIC_1611,[Hg],1
TOXIC_3935,CCN(CC)C(=S)SSC(=S)N(CC)CC,1
SAFE_4284,CC(=O)O,0
SAFE_4490,CN(C)C(=N)N,0
TOXIC_4690,NN,1
SAFE_3245,CN(C)C(=N)N,0
TOXIC_2797,CC1=CC=C(C=C1)C2=CC(=NN2C3=CC=C(C=C3)S(=O)(=O)C)C(F)(F)F,1
TOXIC_4601,N#C,1
SAFE_985,C(C(CO)O)O,0
SAFE_3929,CC1=CN=C(C(=C1OC)C)CS(=O)C2=NC3=C(N2)C=C(C=C3)OC,0
TOXIC_1883,[Hg],1
SAFE_1848,CN1C=NC2=C1C(=O)N(C(=O)N2C)C,0
SAFE_471,CCO,0
TOXIC_3278,CC1=CC=C(C=C1)C(=O)NC2=CC=CC=C2,1
SAFE_861,CCO,0
SAFE_2534,CC1=CN=C(C(=C1OC)C)CS(=O)C2=NC3=C(N2)C=C(C=C3)OC,0
TOXIC_2204,[Pb],1
TOXIC_1385,N#C,1
SAFE_335,CN(C)C(=N)N,0
TOXIC_2772,ClC=C,1
SAFE_518,C(C1C(C(C(C(O1)O)O)O)O)O,0
SAFE_527,CC(C)CC1=CC=C(C=C1)C(C)C(=O)O,0
SAFE_4264,COC1=CC=C(C=C1)C(C)C(=O)O,0
TOXIC_4700,[Pb],1
TOXIC_4935,CCOP(=S)(OCC)Oc1ccc(cc1)[N+](=O)[O-],1
SAFE_4776,CCO,0
SAFE_2991,CCO,0
TOXIC_3531,[Hg],1
TOXIC_2383,CCN(CC)C(=S)SSC(=S)N(CC)CC,1
SAFE_979,COC1=CC=C(C=C1)C(C)C(=O)O,0
TOXIC_750,CC1=CC=C(C=C1)C(=O)NC2=CC=CC=C2,1
TOXIC_2529,ClC(Cl)Cl,1
TOXIC_953,N#C,1
TOXIC_4725,C=O,1
SAFE_223,C1CC(N(C1)C(=O)C(CC2=CC=CC=C2)NC(=O)C(CC3=CC=CC=C3)N)C(=O)O,0
SAFE_4393,C1CC(N(C1)C(=O)C(CC2=CC=CC=C2)NC(=O)C(CC3=CC=CC=C3)N)C(=O)O,0
SAFE_3302,CC(C)CC1=CC=C(C=C1)C(C)C(=O)O,0
TOXIC_4998,CN(N=O)C,1
SAFE_3746,C(=O)(N)N,0
TOXIC_2918,CN(N=O)C,1
TOXIC_2240,ClC(Cl)(Cl)Cl,1
SAFE_3889,COC1=CC=C(C=C1)C(C)C(=O)O,0
SAFE_797,CC(C)CC1=CC=C(C=C1)C(C)C(=O)O,0
SAFE_365,CN(C)C(=N)N,0
SAFE_4419,CC(=O)O,0
SAFE_2763,CN1C=NC2=C1C(=O)N(C(=O)N2C)C,0
SAFE_2990,CN(C)C(=N)N,0
TOXIC_689,ClC(Cl)Cl,1
SAFE_2602,C(C(=O)O)N,0
SAFE_2605,C(C(CO)O)O,0
TOXIC_16,ClC(Cl)(Cl)Cl,1
TOXIC_2777,N#C,1
TOXIC_2473,N#C,1
SAFE_2865,CC(=O)OC1=CC=CC=C1C(=O)O,0
TOXIC_4581,C=O,1
SAFE_2589,CC(=O)O,0
TOXIC_3980,[Pb],1
TOXIC_2090,O=[As]O[As]=O,1
SAFE_241,CC(=O)NC1=CC=C(O)C=C1,0
SAFE_4330,C(C(CO)O)O,0
TOXIC_2906,O=[As]O[As]=O,1
TOXIC_4275,c1ccccc1,1
TOXIC_3836,[Pb],1
SAFE_1203,CN1C=NC2=C1C(=O)N(C(=O)N2C)C,0
TOXIC_217,N#C,1
SAFE_200,CN(C)C(=N)N,0
TOXIC_2479,CCN(CC)C(=S)SSC(=S)N(CC)CC,1
SAFE_4265,CN(C)C(=N)N,0
TOXIC_627,c1ccccc1,1
SAFE_3519,CC(=O)O,0
SAFE_99,CC(=O)O,0
SAFE_2145,CC(=O)OC1=CC=CC=C1C(=O)O,0
SAFE_1485,CC(=O)OC1=CC=CC=C1C(=O)O,0
TOXIC_90,O=[As]O[As]=O,1
SAFE_928,C1CC(N(C1)C(=O)C(CC2=CC=CC=C2)NC(=O)C(CC3=CC=CC=C3)N)C(=O)O,0
SAFE_4053,CN1C=NC2=C1C(=O)N(C(=O)N2C)C,0
SAFE_4752,CC1(C(N2C(S1)C(C2=O)NC(=O)CC3=CC=CC=C3)C(=O)O)C,0
TOXIC_3125,C=O,1
TOXIC_3166,CC1=CC=C(C=C1)C(=O)NC2=CC=CC=C2,1
TOXIC_2510,CC1=CC=C(C=C1)C(=O)NC2=CC=CC=C2,1
TOXIC_2979,c1ccccc1,1
TOXIC_2528,ClC(Cl)(Cl)Cl,1
TOXIC_4186,O=[As]O[As]=O,1
SAFE_818,C(C1C(C(C(C(O1)O)O)O)O)O,0
TOXIC_4745,N#C,1
SAFE_2784,CC(=O)O,0
SAFE_3504,CC(=O)O,0
SAFE_1697,CC(C)CC1=CC=C(C=C1)C(C)C(=O)O,0
SAFE_864,CC(=O)O,0
TOXIC_4799,CCN(CC)C(=S)SSC(=S)N(CC)CC,1
TOXIC_2186,O=[As]O[As]=O,1
SAFE_1621,CC(=O)NC1=CC=C(O)C=C1,0
TOXIC_3879,CCOP(=S)(OCC)Oc1ccc(cc1)[N+](=O)[O-],1
TOXIC_1311,CCN(CC)C(=S)SSC(=S)N(CC)CC,1
TOXIC_134,CN(N=O)C,1
SAFE_1809,CC(=O)O,0
SAFE_1968,CN1C=NC2=C1C(=O)N(C(=O)N2C)C,0
SAFE_4110,CC(=O)OC1=CC=CC=C1C(=O)O,0
TOXIC_163,c1ccccc1,1
SAFE_4563,CN1C=NC2=C1C(=O)N(C(=O)N2C)C,0
TOXIC_4093,CC1=CC=C(C=C1)C2=CC(=NN2C3=CC=C(C=C3)S(=O)(=O)C)C(F)(F)F,1
SAFE_2757,CC1(C(N2C(S1)C(C2=O)NC(=O)CC3=CC=CC=C3)C(=O)O)C,0
TOXIC_1564,[Pb],1
TOXIC_2640,ClC(Cl)(Cl)Cl,1
TOXIC_2943,CCN(CC)C(=S)SSC(=S)N(CC)CC,1
SAFE_1546,CC(=O)NC1=CC=C(O)C=C1,0
SAFE_3099,CC(=O)O,0
SAFE_1508,C(C1C(C(C(C(O1)O)O)O)O)O,0
SAFE_205,C(C(CO)O)O,0
TOXIC_2630,CN(N=O)C,1
SAFE_101,C(=O)(N)N,0
TOXIC_513,ClC(Cl)Cl,1
TOXIC_1330,NN,1
SAFE_1399,COC1=CC=C(C=C1)C(C)C(=O)O,0
TOXIC_1402,O=[As]O[As]=O,1
SAFE_92,CC(C)CC1=CC=C(C=C1)C(C)C(=O)O,0
SAFE_3224,CC1=CN=C(C(=C1OC)C)CS(=O)C2=NC3=C(N2)C=C(C=C3)OC,0
TOXIC_2891,[Hg],1
SAFE_1433,C(C1C(C(C(C(O1)O)O)O)O)O,0
SAFE_46,CC(=O)NC1=CC=C(O)C=C1,0
TOXIC_1805,CC1=CC=C(C=C1)C2=CC(=NN2C3=CC=C(C=C3)S(=O)(=O)C)C(F)(F)F,1
SAFE_2224,COC1=CC=C(C=C1)C(C)C(=O)O,0
SAFE_1115,CN(C)C(=N)N,0
SAFE_1701,CCO,0
TOXIC_1755,[Hg],1
TOXIC_914,NN,1
TOXIC_4862,CC1=CC=C(C=C1)C(=O)NC2=CC=CC=C2,1
TOXIC_520,CC(C)OP(=O)(C)F,1
TOXIC_3568,ClC(Cl)(Cl)Cl,1
SAFE_230,CN(C)C(=N)N,0
SAFE_3427,C(C(=O)O)N,0
TOXIC_2361,N#C,1
SAFE_3092,CC(C)CC1=CC=C(C=C1)C(C)C(=O)O,0
SAFE_1914,CC(=O)O,0
TOXIC_4886,CN(N=O)C,1
TOXIC_2351,CCN(CC)C(=S)SSC(=S)N(CC)CC,1
SAFE_3147,CC1(C(N2C(S1)C(C2=O)NC(=O)CC3=CC=CC=C3)C(=O)O)C,0
TOXIC_770,NN,1
TOXIC_186,O=[As]O[As]=O,1
TOXIC_996,ClC=C,1
TOXIC_4090,O=[As]O[As]=O,1
TOXIC_1931,[Hg],1
TOXIC_2163,c1ccccc1,1
SAFE_2963,C(C1C(C(C(C(O1)O)O)O)O)O,0
TOXIC_4675,c1ccccc1,1
SAFE_97,C(C(=O)O)N,0
TOXIC_3155,c1ccccc1,1
SAFE_96,CCO,0
TOXIC_2190,CC1=CC=C(C=C1)C(=O)NC2=CC=CC=C2,1
SAFE_2050,C(C(CO)O)O,0
TOXIC_549,C=O,1
TOXIC_3641,N#C,1
SAFE_842,CC(C)CC1=CC=C(C=C1)C(C)C(=O)O,0
SAFE_3737,CC(C)CC1=CC=C(C=C1)C(C)C(=O)O,0
SAFE_4466,C(=O)(N)N,0
SAFE_4313,C(C1C(C(C(C(O1)O)O)O)O)O,0
SAFE_1941,CCO,0
SAFE_871,CC(=O)NC1=CC=C(O)C=C1,0
SAFE_1130,CN(C)C(=N)N,0
TOXIC_4027,[Hg],1
TOXIC_3722,O=[As]O[As]=O,1
TOXIC_345,N#C,1
SAFE_2047,C(C(=O)O)N,0
TOXIC_121,N#C,1
TOXIC_607,CCN(CC)C(=S)SSC(=S)N(CC)CC,1
SAFE_1834,COC1=CC=C(C=C1)C(C)C(=O)O,0
TOXIC_1982,CC1=CC=C(C=C1)C(=O)NC2=CC=CC=C2,1
SAFE_3432,CC1(C(N2C(S1)C(C2=O)NC(=O)CC3=CC=CC=C3)C(=O)O)C,0
SAFE_1018,C1CC(N(C1)C(=O)C(CC2=CC=CC=C2)NC(=O)C(CC3=CC=CC=C3)N)C(=O)O,0
TOXIC_2814,CC1=CC=C(C=C1)C(=O)NC2=CC=CC=C2,1
SAFE_609,CC(=O)O,0
TOXIC_4183,CCOP(=S)(OCC)Oc1ccc(cc1)[N+](=O)[O-],1
SAFE_3661,CC(=O)NC1=CC=C(O)C=C1,0
SAFE_1709,CC1=CN=C(C(=C1OC)C)CS(=O)C2=NC3=C(N2)C=C(C=C3)OC,0
TOXIC_4506,O=[As]O[As]=O,1
TOXIC_4898,NN,1
SAFE_1022,CC(C)CC1=CC=C(C=C1)C(C)C(=O)O,0
SAFE_4945,C(C(CO)O)O,0
TOXIC_313,N#C,1
SAFE_3573,CN1C=NC2=C1C(=O)N(C(=O)N2C)C,0
SAFE_602,CC(C)CC1=CC=C(C=C1)C(C)C(=O)O,0
TOXIC_1043,c1ccccc1,1
TOXIC_4287,CCN(CC)C(=S)SSC(=S)N(CC)CC,1
SAFE_3923,C(C1C(C(C(C(O1)O)O)O)O)O,0
TOXIC_1671,CCOP(=S)(OCC)Oc1ccc(cc1)[N+](=O)[O-],1
TOXIC_2158,CC1=CC=C(C=C1)C(=O)NC2=CC=CC=C2,1
SAFE_1033,C1CC(N(C1)C(=O)C(CC2=CC=CC=C2)NC(=O)C(CC3=CC=CC=C3)N)C(=O)O,0
TOXIC_1829,C=O,1
SAFE_1971,CCO,0
TOXIC_1884,[Pb],1
TOXIC_671,CCN(CC)C(=S)SSC(=S)N(CC)CC,1
TOXIC_860,[Pb],1
TOXIC_681,N#C,1
SAFE_1360,C(C(CO)O)O,0
TOXIC_796,[Pb],1
SAFE_962,CC(C)CC1=CC=C(C=C1)C(C)C(=O)O,0
SAFE_4986,CCO,0
SAFE_3399,CC(=O)O,0
SAFE_2688,CN1C=NC2=C1C(=O)N(C(=O)N2C)C,0
TOXIC_700,[Pb],1
TOXIC_2430,CC1=CC=C(C=C1)C(=O)NC2=CC=CC=C2,1
TOXIC_2984,CC(C)OP(=O)(C)F,1
SAFE_3714,CC(=O)O,0
SAFE_2035,C(C(CO)O)O,0
TOXIC_131,c1ccccc1,1
SAFE_1470,CC(=O)OC1=CC=CC=C1C(=O)O,0
TOXIC_1617,ClC(Cl)Cl,1
SAFE_4377,CC1(C(N2C(S1)C(C2=O)NC(=O)CC3=CC=CC=C3)C(=O)O)C,0
TOXIC_2701,CC1=CC=C(C=C1)C2=CC(=NN2C3=CC=C(C=C3)S(=O)(=O)C)C(F)(F)F,1
TOXIC_4833,ClC(Cl)Cl,1
SAFE_4392,CC1(C(N2C(S1)C(C2=O)NC(=O)CC3=CC=CC=C3)C(=O)O)C,0
TOXIC_591,CCN(CC)C(=S)SSC(=S)N(CC)CC,1
TOXIC_1585,ClC(Cl)Cl,1
TOXIC_4250,O=[As]O[As]=O,1
SAFE_4362,CC1(C(N2C(S1)C(C2=O)NC(=O)CC3=CC=CC=C3)C(=O)O)C,0
SAFE_718,C1CC(N(C1)C(=O)C(CC2=CC=CC=C2)NC(=O)C(CC3=CC=CC=C3)N)C(=O)O,0
TOXIC_3484,[Pb],1
TOXIC_3058,NN,1
SAFE_3257,CC(C)CC1=CC=C(C=C1)C(C)C(=O)O,0
TOXIC_2153,N#C,1
TOXIC_2993,ClC(Cl)Cl,1
TOXIC_2872,CC(C)OP(=O)(C)F,1
SAFE_4190,CN(C)C(=N)N,0
TOXIC_2850,NN,1
SAFE_4079,CC1=CN=C(C(=C1OC)C)CS(=O)C2=NC3=C(N2)C=C(C=C3)OC,0
SAFE_4693,C1CC(N(C1)C(=O)C(CC2=CC=CC=C2)NC(=O)C(CC3=CC=CC=C3)N)C(=O)O,0
SAFE_854,CC1=CN=C(C(=C1OC)C)CS(=O)C2=NC3=C(N2)C=C(C=C3)OC,0
SAFE_3120,CC(=O)OC1=CC=CC=C1C(=O)O,0
TOXIC_812,[Pb],1
TOXIC_1,ClC(Cl)Cl,1
SAFE_3629,CC1=CN=C(C(=C1OC)C)CS(=O)C2=NC3=C(N2)C=C(C=C3)OC,0
SAFE_2927,CC(C)CC1=CC=C(C=C1)C(C)C(=O)O,0
SAFE_4573,C1CC(N(C1)C(=O)C(CC2=CC=CC=C2)NC(=O)C(CC3=CC=CC=C3)N)C(=O)O,0
SAFE_3190,C(C(CO)O)O,0
TOXIC_2725,C=O,1
SAFE_3083,C(C1C(C(C(C(O1)O)O)O)O)O,0
TOXIC_2593,ClC(Cl)Cl,1
TOXIC_1623,CCOP(=S)(OCC)Oc1ccc(cc1)[N+](=O)[O-],1
SAFE_1748,C(C1C(C(C(C(O1)O)O)O)O)O,0
TOXIC_2754,NN,1
SAFE_2902,C(C(=O)O)N,0
SAFE_4214,CC1=CN=C(C(=C1OC)C)CS(=O)C2=NC3=C(N2)C=C(C=C3)OC,0
TOXIC_3451,[Hg],1
SAFE_1780,C(C(CO)O)O,0
TOXIC_3805,CC1=CC=C(C=C1)C2=CC(=NN2C3=CC=C(C=C3)S(=O)(=O)C)C(F)(F)F,1
TOXIC_2900,ClC=C,1
SAFE_1863,CN1C=NC2=C1C(=O)N(C(=O)N2C)C,0
TOXIC_2666,O=[As]O[As]=O,1
SAFE_1096,CC(=O)NC1=CC=C(O)C=C1,0
SAFE_2223,CN1C=NC2=C1C(=O)N(C(=O)N2C)C,0
TOXIC_3392,ClC(Cl)(Cl)Cl,1
SAFE_815,CN(C)C(=N)N,0
SAFE_127,C(C(=O)O)N,0
SAFE_1892,CC(C)CC1=CC=C(C=C1)C(C)C(=O)O,0
SAFE_4003,C1CC(N(C1)C(=O)C(CC2=CC=CC=C2)NC(=O)C(CC3=CC=CC=C3)N)C(=O)O,0
SAFE_965,CN(C)C(=N)N,0
SAFE_2523,CN1C=NC2=C1C(=O)N(C(=O)N2C)C,0
SAFE_2874,CC(=O)O,0
TOXIC_805,C=O,1
TOXIC_3069,CC1=CC=C(C=C1)C2=CC(=NN2C3=CC=C(C=C3)S(=O)(=O)C)C(F)(F)F,1
SAFE_780,CC(=O)OC1=CC=CC=C1C(=O)O,0
SAFE_4987,C(C(=O)O)N,0
SAFE_4743,CN1C=NC2=C1C(=O)N(C(=O)N2C)C,0
SAFE_2786,C(=O)(N)N,0
SAFE_3482,CC(C)CC1=CC=C(C=C1)C(C)C(=O)O,0
SAFE_3867,CC1(C(N2C(S1)C(C2=O)NC(=O)CC3=CC=CC=C3)C(=O)O)C,0
TOXIC_3774,CC1=CC=C(C=C1)C(=O)NC2=CC=CC=C2,1
SAFE_521,C(=O)(N)N,0
TOXIC_717,CC1=CC=C(C=C1)C2=CC(=NN2C3=CC=C(C=C3)S(=O)(=O)C)C(F)(F)F,1
TOXIC_4389,C=O,1
TOXIC_4559,CCN(CC)C(=S)SSC(=S)N(CC)CC,1
SAFE_22,C(C(=O)O)N,0
TOXIC_1548,[Pb],1
TOXIC_1607,CCOP(=S)(OCC)Oc1ccc(cc1)[N+](=O)[O-],1
SAFE_2618,C(C1C(C(C(C(O1)O)O)O)O)O,0
TOXIC_4950,CN(N=O)C,1
SAFE_1633,C1CC(N(C1)C(=O)C(CC2=CC=CC=C2)NC(=O)C(CC3=CC=CC=C3)N)C(=O)O,0
SAFE_1046,C(=O)(N)N,0
TOXIC_3150,CC1=CC=C(C=C1)C(=O)NC2=CC=CC=C2,1
SAFE_1820,CN(C)C(=N)N,0
SAFE_2375,CN(C)C(=N)N,0
TOXIC_4114,NN,1
TOXIC_1163,[Hg],1
SAFE_2817,CC1(C(N2C(S1)C(C2=O)NC(=O)CC3=CC=CC=C3)C(=O)O)C,0
SAFE_2514,CC(=O)O,0
TOXIC_818,NN,1
TOXIC_203,[Hg],1
SAFE_4250,CN(C)C(=N)N,0
TOXIC_3763,c1ccccc1,1
SAFE_1729,COC1=CC=C(C=C1)C(C)C(=O)O,0
TOXIC_2411,[Hg],1
SAFE_2158,C1CC(N(C1)C(=O)C(CC2=CC=CC=C2)NC(=O)C(CC3=CC=CC=C3)N)C(=O)O,0
TOXIC_3342,CC1=CC=C(C=C1)C(=O)NC2=CC=CC=C2,1
SAFE_406,CC(=O)NC1=CC=C(O)C=C1,0
TOXIC_1685,C=O,1
SAFE_3919,COC1=CC=C(C=C1)C(C)C(=O)O,0
TOXIC_2802,NN,1
SAFE_4745,CN(C)C(=N)N,0
SAFE_1797,CC1(C(N2C(S1)C(C2=O)NC(=O)CC3=CC=CC=C3)C(=O)O)C,0
TOXIC_4477,CC1=CC=C(C=C1)C2=CC(=NN2C3=CC=C(C=C3)S(=O)(=O)C)C(F)(F)F,1
SAFE_89,CC1=CN=C(C(=C1OC)C)CS(=O)C2=NC3=C(N2)C=C(C=C3)OC,0
TOXIC_2994,NN,1
TOXIC_2511,CCN(CC)C(=S)SSC(=S)N(CC)CC,1
SAFE_4594,COC1=CC=C(C=C1)C(C)C(=O)O,0
SAFE_67,C(C(=O)O)N,0
SAFE_2324,CC1=CN=C(C(=C1OC)C)CS(=O)C2=NC3=C(N2)C=C(C=C3)OC,0
TOXIC_3452,[Pb],1
TOXIC_3773,CC1=CC=C(C=C1)C2=CC(=NN2C3=CC=C(C=C3)S(=O)(=O)C)C(F)(F)F,1
TOXIC_2693,C=O,1
TOXIC_4213,C=O,1
SAFE_839,CC1=CN=C(C(=C1OC)C)CS(=O)C2=NC3=C(N2)C=C(C=C3)OC,0
SAFE_326,C(=O)(N)N,0
TOXIC_1800,CC(C)OP(=O)(C)F,1
TOXIC_4525,CC1=CC=C(C=C1)C2=CC(=NN2C3=CC=C(C=C3)S(=O)(=O)C)C(F)(F)F,1
SAFE_33,CN1C=NC2=C1C(=O)N(C(=O)N2C)C,0
SAFE_3077,CC(C)CC1=CC=C(C=C1)C(C)C(=O)O,0
SAFE_198,CN1C=NC2=C1C(=O)N(C(=O)N2C)C,0
TOXIC_2923,[Hg],1
TOXIC_2572,[Pb],1
TOXIC_4101,C=O,1
TOXIC_3866,O=[As]O[As]=O,1
SAFE_2934,CC(=O)O,0
SAFE_1444,COC1=CC=C(C=C1)C(C)C(=O)O,0
TOXIC_2239,CCN(CC)C(=S)SSC(=S)N(CC)CC,1
TOXIC_2664,CC(C)OP(=O)(C)F,1
SAFE_610,C(C(CO)O)O,0
TOXIC_4212,ClC=C,1
TOXIC_2932,ClC=C,1
TOXIC_758,CN(N=O)C,1
SAFE_4897,C(C(=O)O)N,0
SAFE_604,COC1=CC=C(C=C1)C(C)C(=O)O,0
TOXIC_1075,c1ccccc1,1
TOXIC_2313,N#C,1
SAFE_2007,CC1(C(N2C(S1)C(C2=O)NC(=O)CC3=CC=CC=C3)C(=O)O)C,0
SAFE_2582,CC(C)CC1=CC=C(C=C1)C(C)C(=O)O,0
SAFE_915,CC(=O)OC1=CC=CC=C1C(=O)O,0
TOXIC_368,ClC(Cl)(Cl)Cl,1
SAFE_3179,CC1=CN=C(C(=C1OC)C)CS(=O)C2=NC3=C(N2)C=C(C=C3)OC,0
SAFE_419,CC1=CN=C(C(=C1OC)C)CS(=O)C2=NC3=C(N2)C=C(C=C3)OC,0
TOXIC_2878,CC1=CC=C(C=C1)C(=O)NC2=CC=CC=C2,1
SAFE_547,C(C(=O)O)N,0
SAFE_3927,CC1(C(N2C(S1)C(C2=O)NC(=O)CC3=CC=CC=C3)C(=O)O)C,0
TOXIC_821,C=O,1
TOXIC_357,C=O,1
SAFE_4468,C1CC(N(C1)C(=O)C(CC2=CC=CC=C2)NC(=O)C(CC3=CC=CC=C3)N)C(=O)O,0
TOXIC_3294,CC1=CC=C(C=C1)C(=O)NC2=CC=CC=C2,1
TOXIC_1576,CC(C)OP(=O)(C)F,1
SAFE_4155,CC(=O)OC1=CC=CC=C1C(=O)O,0
TOXIC_4432,ClC(Cl)(Cl)Cl,1
SAFE_2846,C(=O)(N)N,0
SAFE_2401,CC(=O)NC1=CC=C(O)C=C1,0
TOXIC_3122,NN,1
TOXIC_4028,[Pb],1
TOXIC_1188,ClC=C,1
TOXIC_2135,CCOP(=S)(OCC)Oc1ccc(cc1)[N+](=O)[O-],1
SAFE_3924,CC(=O)O,0
TOXIC_3040,ClC(Cl)(Cl)Cl,1
SAFE_3425,CN(C)C(=N)N,0
TOXIC_127,CCN(CC)C(=S)SSC(=S)N(CC)CC,1
TOXIC_2213,C=O,1
TOXIC_2172,[Pb],1
SAFE_537,CC1(C(N2C(S1)C(C2=O)NC(=O)CC3=CC=CC=C3)C(=O)O)C,0
SAFE_553,C1CC(N(C1)C(=O)C(CC2=CC=CC=C2)NC(=O)C(CC3=CC=CC=C3)N)C(=O)O,0
TOXIC_2000,ClC(Cl)(Cl)Cl,1
TOXIC_1205,C=O,1
TOXIC_339,c1ccccc1,1
SAFE_1905,CC(=O)OC1=CC=CC=C1C(=O)O,0
SAFE_4704,CC(=O)O,0
SAFE_3948,CN1C=NC2=C1C(=O)N(C(=O)N2C)C,0
SAFE_4069,COC1=CC=C(C=C1)C(C)C(=O)O,0
TOXIC_424,CC(C)OP(=O)(C)F,1
TOXIC_1200,ClC(Cl)(Cl)Cl,1
TOXIC_921,N#C,1
TOXIC_1614,CC1=CC=C(C=C1)C(=O)NC2=CC=CC=C2,1
SAFE_1460,CN(C)C(=N)N,0
TOXIC_3718,CN(N=O)C,1
TOXIC_3434,O=[As]O[As]=O,1
TOXIC_1146,O=[As]O[As]=O,1
SAFE_3488,C(C1C(C(C(C(O1)O)O)O)O)O,0
TOXIC_4116,ClC=C,1
SAFE_4133,C(C1C(C(C(C(O1)O)O)O)O)O,0
SAFE_4619,CC1=CN=C(C(=C1OC)C)CS(=O)C2=NC3=C(N2)C=C(C=C3)OC,0
SAFE_1825,C(C(CO)O)O,0
TOXIC_1399,CCOP(=S)(OCC)Oc1ccc(cc1)[N+](=O)[O-],1
SAFE_3591,CCO,0
SAFE_3789,CC(=O)O,0
SAFE_421,CC(=O)NC1=CC=C(O)C=C1,0
SAFE_3965,CN(C)C(=N)N,0
TOXIC_3003,[Hg],1
TOXIC_1116,[Pb],1
TOXIC_911,CCN(CC)C(=S)SSC(=S)N(CC)CC,1
SAFE_4068,CN1C=NC2=C1C(=O)N(C(=O)N2C)C,0
SAFE_375,CC(=O)OC1=CC=CC=C1C(=O)O,0
SAFE_2227,C(C(=O)O)N,0
TOXIC_1281,ClC(Cl)Cl,1
SAFE_3892,C(C(=O)O)N,0
SAFE_3469,COC1=CC=C(C=C1)C(C)C(=O)O,0
SAFE_2360,CN(C)C(=N)N,0
SAFE_1113,CN1C=NC2=C1C(=O)N(C(=O)N2C)C,0
TOXIC_4174,CC1=CC=C(C=C1)C(=O)NC2=CC=CC=C2,1
SAFE_648,CN1C=NC2=C1C(=O)N(C(=O)N2C)C,0
SAFE_3647,CC(C)CC1=CC=C(C=C1)C(C)C(=O)O,0
SAFE_4347,CC1(C(N2C(S1)C(C2=O)NC(=O)CC3=CC=CC=C3)C(=O)O)C,0
TOXIC_4411,[Hg],1
SAFE_4741,CC(=O)NC1=CC=C(O)C=C1,0
SAFE_736,CC(=O)NC1=CC=C(O)C=C1,0
TOXIC_1899,[Hg],1
TOXIC_1855,CCN(CC)C(=S)SSC(=S)N(CC)CC,1
SAFE_2925,CC(=O)OC1=CC=CC=C1C(=O)O,0
TOXIC_642,NN,1
TOXIC_1760,ClC(Cl)(Cl)Cl,1
TOXIC_3345,ClC(Cl)Cl,1
SAFE_4766,C(=O)(N)N,0
TOXIC_1444,ClC=C,1
SAFE_214,COC1=CC=C(C=C1)C(C)C(=O)O,0
TOXIC_608,ClC(Cl)(Cl)Cl,1
SAFE_3696,CCO,0
SAFE_4368,CN1C=NC2=C1C(=O)N(C(=O)N2C)C,0
SAFE_3231,CCO,0
TOXIC_2159,CCN(CC)C(=S)SSC(=S)N(CC)CC,1
TOXIC_3872,ClC(Cl)(Cl)Cl,1
TOXIC_1433,N#C,1
TOXIC_4507,[Hg],1
SAFE_4326,CCO,0
TOXIC_4231,CCOP(=S)(OCC)Oc1ccc(cc1)[N+](=O)[O-],1
SAFE_4421,C(=O)(N)N,0
TOXIC_3174,CN(N=O)C,1
SAFE_3760,C(C(CO)O)O,0
SAFE_3388,C1CC(N(C1)C(=O)C(CC2=CC=CC=C2)NC(=O)C(CC3=CC=CC=C3)N)C(=O)O,0
TOXIC_193,ClC(Cl)Cl,1
TOXIC_4164,ClC=C,1
SAFE_2057,CC(C)CC1=CC=C(C=C1)C(C)C(=O)O,0
TOXIC_829,CC1=CC=C(C=C1)C2=CC(=NN2C3=CC=C(C=C3)S(=O)(=O)C)C(F)(F)F,1
SAFE_4757,CC(C)CC1=CC=C(C=C1)C(C)C(=O)O,0
TOXIC_4570,O=[As]O[As]=O,1
SAFE_954,CC(=O)O,0
TOXIC_1151,CCN(CC)C(=S)SSC(=S)N(CC)CC,1
SAFE_466,CC(=O)NC1=CC=C(O)C=C1,0
TOXIC_4945,ClC(Cl)Cl,1
TOXIC_3330,NN,1
TOXIC_1983,CCN(CC)C(=S)SSC(=S)N(CC)CC,1
SAFE_4327,C(C(=O)O)N,0
TOXIC_4614,CN(N=O)C,1
TOXIC_302,CC1=CC=C(C=C1)C(=O)NC2=CC=CC=C2,1
TOXIC_1598,CC1=CC=C(C=C1)C(=O)NC2=CC=CC=C2,1
TOXIC_4333,CC1=CC=C(C=C1)C2=CC(=NN2C3=CC=C(C=C3)S(=O)(=O)C)C(F)(F)F,1
SAFE_3081,CCO,0
SAFE_59,CC1=CN=C(C(=C1OC)C)CS(=O)C2=NC3=C(N2)C=C(C=C3)OC,0
SAFE_4075,C(C(CO)O)O,0
SAFE_3111,CCO,0
SAFE_4884,CC(=O)O,0
SAFE_456,CCO,0
SAFE_2006,C(=O)(N)N,0
TOXIC_1009,ClC(Cl)Cl,1
TOXIC_1159,CCOP(=S)(OCC)Oc1ccc(cc1)[N+](=O)[O-],1
SAFE_693,CN1C=NC2=C1C(=O)N(C(=O)N2C)C,0
TOXIC_4794,O=[As]O[As]=O,1
TOXIC_2388,ClC=C,1
TOXIC_993,ClC(Cl)Cl,1
SAFE_1197,CC1(C(N2C(S1)C(C2=O)NC(=O)CC3=CC=CC=C3)C(=O)O)C,0
TOXIC_3127,CCOP(=S)(OCC)Oc1ccc(cc1)[N+](=O)[O-],1
SAFE_2611,CC(=O)NC1=CC=C(O)C=C1,0
TOXIC_3268,ClC=C,1
TOXIC_606,CC1=CC=C(C=C1)C(=O)NC2=CC=CC=C2,1
SAFE_2179,COC1=CC=C(C=C1)C(C)C(=O)O,0
TOXIC_4467,c1ccccc1,1
TOXIC_169,N#C,1
TOXIC_1418,O=[As]O[As]=O,1
SAFE_1335,CC(=O)OC1=CC=CC=C1C(=O)O,0
SAFE_3936,CCO,0
TOXIC_866,NN,1
SAFE_3462,CC1(C(N2C(S1)C(C2=O)NC(=O)CC3=CC=CC=C3)C(=O)O)C,0
SAFE_2502,CC1(C(N2C(S1)C(C2=O)NC(=O)CC3=CC=CC=C3)C(=O)O)C,0
SAFE_4557,CC1(C(N2C(S1)C(C2=O)NC(=O)CC3=CC=CC=C3)C(=O)O)C,0
TOXIC_502,CN(N=O)C,1
SAFE_3552,CC1(C(N2C(S1)C(C2=O)NC(=O)CC3=CC=CC=C3)C(=O)O)C,0
TOXIC_4844,[Pb],1
TOXIC_4064,ClC(Cl)(Cl)Cl,1
SAFE_3679,COC1=CC=C(C=C1)C(C)C(=O)O,0
SAFE_2755,C(C(CO)O)O,0
SAFE_1688,C(C1C(C(C(C(O1)O)O)O)O)O,0
TOXIC_1155,c1ccccc1,1
SAFE_4136,C(=O)(N)N,0
SAFE_3940,C(C(CO)O)O,0
TOXIC_4684,[Pb],1
TOXIC_2633,N#C,1
TOXIC_3884,[Pb],1
SAFE_3216,CCO,0
SAFE_1876,CC(=O)NC1=CC=C(O)C=C1,0
SAFE_858,CN1C=NC2=C1C(=O)N(C(=O)N2C)C,0
TOXIC_4057,N#C,1
TOXIC_4814,CC1=CC=C(C=C1)C(=O)NC2=CC=CC=C2,1
TOXIC_4532,ClC=C,1
TOXIC_4374,CN(N=O)C,1
TOXIC_4800,ClC(Cl)(Cl)Cl,1
SAFE_1708,C1CC(N(C1)C(=O)C(CC2=CC=CC=C2)NC(=O)C(CC3=CC=CC=C3)N)C(=O)O,0
SAFE_2078,C(C1C(C(C(C(O1)O)O)O)O)O,0
SAFE_4515,CC(=O)OC1=CC=CC=C1C(=O)O,0
TOXIC_986,O=[As]O[As]=O,1
SAFE_963,CN1C=NC2=C1C(=O)N(C(=O)N2C)C,0
TOXIC_2234,O=[As]O[As]=O,1
TOXIC_3371,[Hg],1
SAFE_266,C(=O)(N)N,0
SAFE_4089,CC(=O)O,0
TOXIC_1398,CN(N=O)C,1
SAFE_3318,CN1C=NC2=C1C(=O)N(C(=O)N2C)C,0
TOXIC_2481,ClC(Cl)Cl,1
SAFE_4979,CC1=CN=C(C(=C1OC)C)CS(=O)C2=NC3=C(N2)C=C(C=C3)OC,0
SAFE_3843,CN1C=NC2=C1C(=O)N(C(=O)N2C)C,0
SAFE_844,COC1=CC=C(C=C1)C(C)C(=O)O,0
TOXIC_2947,c1ccccc1,1
SAFE_1505,CN(C)C(=N)N,0
TOXIC_3576,CC(C)OP(=O)(C)F,1
SAFE_2108,C(C1C(C(C(C(O1)O)O)O)O)O,0
TOXIC_2165,C=O,1
SAFE_4759,COC1=CC=C(C=C1)C(C)C(=O)O,0
TOXIC_2166,CN(N=O)C,1
SAFE_4254,CC(=O)O,0
TOXIC_4624,ClC(Cl)(Cl)Cl,1
SAFE_3058,C1CC(N(C1)C(=O)C(CC2=CC=CC=C2)NC(=O)C(CC3=CC=CC=C3)N)C(=O)O,0
SAFE_2346,CCO,0
TOXIC_4660,ClC=C,1
TOXIC_2956,[Pb],1
SAFE_4780,C(C(CO)O)O,0
SAFE_1042,C(C(=O)O)N,0
TOXIC_4495,CCN(CC)C(=S)SSC(=S)N(CC)CC,1
TOXIC_4686,CC1=CC=C(C=C1)C(=O)NC2=CC=CC=C2,1
SAFE_3356,C(=O)(N)N,0
SAFE_199,COC1=CC=C(C=C1)C(C)C(=O)O,0
TOXIC_2345,N#C,1
SAFE_55,C(C(CO)O)O,0
SAFE_2228,C(C1C(C(C(C(O1)O)O)O)O)O,0
TOXIC_3450,O=[As]O[As]=O,1
TOXIC_1970,NN,1
SAFE_3244,COC1=CC=C(C=C1)C(C)C(=O)O,0
SAFE_3562,C(C(=O)O)N,0
SAFE_2051,C(=O)(N)N,0
TOXIC_2929,ClC(Cl)Cl,1
TOXIC_4510,CC1=CC=C(C=C1)C(=O)NC2=CC=CC=C2,1
TOXIC_1036,[Pb],1
TOXIC_1280,ClC(Cl)(Cl)Cl,1
SAFE_2293,C1CC(N(C1)C(=O)C(CC2=CC=CC=C2)NC(=O)C(CC3=CC=CC=C3)N)C(=O)O,0
SAFE_2140,C(C(CO)O)O,0
SAFE_1634,CC1=CN=C(C(=C1OC)C)CS(=O)C2=NC3=C(N2)C=C(C=C3)OC,0
TOXIC_524,[Pb],1
SAFE_2728,C1CC(N(C1)C(=O)C(CC2=CC=CC=C2)NC(=O)C(CC3=CC=CC=C3)N)C(=O)O,0
TOXIC_720,ClC(Cl)(Cl)Cl,1
SAFE_1758,CN1C=NC2=C1C(=O)N(C(=O)N2C)C,0
SAFE_2531,C(=O)(N)N,0
TOXIC_3175,CCOP(=S)(OCC)Oc1ccc(cc1)[N+](=O)[O-],1
TOXIC_228,ClC=C,1
SAFE_381,CCO,0
TOXIC_2998,CN(N=O)C,1
TOXIC_4704,ClC(Cl)(Cl)Cl,1
SAFE_2913,CN1C=NC2=C1C(=O)N(C(=O)N2C)C,0
SAFE_3646,CC(=O)NC1=CC=C(O)C=C1,0
TOXIC_2758,CN(N=O)C,1
TOXIC_2108,[Pb],1
SAFE_2687,CC(C)CC1=CC=C(C=C1)C(C)C(=O)O,0
TOXIC_3113,N#C,1
TOXIC_13,CC1=CC=C(C=C1)C2=CC(=NN2C3=CC=C(C=C3)S(=O)(=O)C)C(F)(F)F,1
TOXIC_625,ClC(Cl)Cl,1
SAFE_4207,C(C(=O)O)N,0
TOXIC_794,O=[As]O[As]=O,1
SAFE_2839,COC1=CC=C(C=C1)C(C)C(=O)O,0
SAFE_2840,CN(C)C(=N)N,0
SAFE_418,C1CC(N(C1)C(=O)C(CC2=CC=CC=C2)NC(=O)C(CC3=CC=CC=C3)N)C(=O)O,0
SAFE_2304,CC(=O)O,0
SAFE_3070,C(C(CO)O)O,0
TOXIC_2443,[Hg],1
SAFE_1588,C1CC(N(C1)C(=O)C(CC2=CC=CC=C2)NC(=O)C(CC3=CC=CC=C3)N)C(=O)O,0
SAFE_2414,CC1=CN=C(C(=C1OC)C)CS(=O)C2=NC3=C(N2)C=C(C=C3)OC,0
SAFE_459,CC(=O)O,0
SAFE_3587,CC(C)CC1=CC=C(C=C1)C(C)C(=O)O,0
TOXIC_2764,[Pb],1
TOXIC_266,O=[As]O[As]=O,1
TOXIC_3020,[Pb],1
TOXIC_962,NN,1
SAFE_4350,CC(=O)OC1=CC=CC=C1C(=O)O,0
TOXIC_2312,CC(C)OP(=O)(C)F,1
SAFE_3105,CC(=O)OC1=CC=CC=C1C(=O)O,0
SAFE_2341,CC(=O)NC1=CC=C(O)C=C1,0
TOXIC_4,ClC=C,1
TOXIC_2790,CN(N=O)C,1
TOXIC_2625,ClC(Cl)Cl,1
SAFE_3153,CN1C=NC2=C1C(=O)N(C(=O)N2C)C,0
TOXIC_617,N#C,1
TOXIC_1040,ClC(Cl)(Cl)Cl,1
TOXIC_2645,C=O,1
TOXIC_1256,CC(C)OP(=O)(C)F,1
TOXIC_3751,CCOP(=S)(OCC)Oc1ccc(cc1)[N+](=O)[O-],1
SAFE_3508,C1CC(N(C1)C(=O)C(CC2=CC=CC=C2)NC(=O)C(CC3=CC=CC=C3)N)C(=O)O,0
SAFE_1670,CN(C)C(=N)N,0
TOXIC_128,ClC(Cl)(Cl)Cl,1
TOXIC_4565,C=O,1
TOXIC_4815,CCN(CC)C(=S)SSC(=S)N(CC)CC,1
TOXIC_2258,NN,1
TOXIC_4428,[Pb],1
SAFE_400,C(C(CO)O)O,0
SAFE_3305,CN(C)C(=N)N,0
SAFE_1003,C1CC(N(C1)C(=O)C(CC2=CC=CC=C2)NC(=O)C(CC3=CC=CC=C3)N)C(=O)O,0
TOXIC_4818,NN,1
SAFE_2211,CCO,0
TOXIC_4430,CC1=CC=C(C=C1)C(=O)NC2=CC=CC=C2,1
TOXIC_2029,CC1=CC=C(C=C1)C2=CC(=NN2C3=CC=C(C=C3)S(=O)(=O)C)C(F)(F)F,1
SAFE_129,CC(=O)O,0
TOXIC_3895,CCOP(=S)(OCC)Oc1ccc(cc1)[N+](=O)[O-],1
SAFE_408,CN1C=NC2=C1C(=O)N(C(=O)N2C)C,0
SAFE_4365,CC(=O)OC1=CC=CC=C1C(=O)O,0
SAFE_4473,CN1C=NC2=C1C(=O)N(C(=O)N2C)C,0
SAFE_3635,CN(C)C(=N)N,0
TOXIC_4851,c1ccccc1,1
TOXIC_110,CC1=CC=C(C=C1)C(=O)NC2=CC=CC=C2,1
SAFE_3861,CCO,0
TOXIC_1430,CN(N=O)C,1
TOXIC_1569,ClC(Cl)Cl,1
TOXIC_1538,NN,1
SAFE_619,COC1=CC=C(C=C1)C(C)C(=O)O,0
TOXIC_560,ClC(Cl)(Cl)Cl,1
TOXIC_745,N#C,1
SAFE_1320,CC(=O)OC1=CC=CC=C1C(=O)O,0
TOXIC_2176,ClC(Cl)(Cl)Cl,1
TOXIC_4826,O=[As]O[As]=O,1
TOXIC_61,CC1=CC=C(C=C1)C2=CC(=NN2C3=CC=C(C=C3)S(=O)(=O)C)C(F)(F)F,1
TOXIC_3533,CC1=CC=C(C=C1)C2=CC(=NN2C3=CC=C(C=C3)S(=O)(=O)C)C(F)(F)F,1
TOXIC_222,CC1=CC=C(C=C1)C(=O)NC2=CC=CC=C2,1
SAFE_848,C(C1C(C(C(C(O1)O)O)O)O)O,0
TOXIC_990,CC1=CC=C(C=C1)C(=O)NC2=CC=CC=C2,1
TOXIC_2393,N#C,1
SAFE_4691,C(=O)(N)N,0
TOXIC_4636,[Pb],1
TOXIC_3320,CC(C)OP(=O)(C)F,1
SAFE_4030,C(C(CO)O)O,0
SAFE_4422,CC1(C(N2C(S1)C(C2=O)NC(=O)CC3=CC=CC=C3)C(=O)O)C,0
TOXIC_515,c1ccccc1,1
TOXIC_4341,C=O,1
SAFE_4109,CC1=CN=C(C(=C1OC)C)CS(=O)C2=NC3=C(N2)C=C(C=C3)OC,0
SAFE_3174,CC(=O)O,0
TOXIC_4272,ClC(Cl)(Cl)Cl,1
TOXIC_2222,CC1=CC=C(C=C1)C(=O)NC2=CC=CC=C2,1
SAFE_1987,C(C(=O)O)N,0
SAFE_4639,COC1=CC=C(C=C1)C(C)C(=O)O,0
SAFE_3579,CC(=O)O,0
SAFE_4456,CC(=O)NC1=CC=C(O)C=C1,0
TOXIC_638,CC1=CC=C(C=C1)C(=O)NC2=CC=CC=C2,1
SAFE_3863,C(C1C(C(C(C(O1)O)O)O)O)O,0
SAFE_1909,COC1=CC=C(C=C1)C(C)C(=O)O,0
SAFE_3128,C(C1C(C(C(C(O1)O)O)O)O)O,0
TOXIC_2358,CN(N=O)C,1
SAFE_2529,CC(=O)O,0
SAFE_1939,COC1=CC=C(C=C1)C(C)C(=O)O,0
TOXIC_3386,O=[As]O[As]=O,1
TOXIC_718,CC1=CC=C(C=C1)C(=O)NC2=CC=CC=C2,1
SAFE_4128,CN1C=NC2=C1C(=O)N(C(=O)N2C)C,0
SAFE_2036,C(=O)(N)N,0
SAFE_3857,CC(C)CC1=CC=C(C=C1)C(C)C(=O)O,0
SAFE_6,CCO,0
SAFE_4162,C(C(=O)O)N,0
SAFE_155,CN(C)C(=N)N,0
SAFE_1511,C(=O)(N)N,0
TOXIC_1049,N#C,1
TOXIC_2149,C=O,1
TOXIC_485,C=O,1
TOXIC_1431,CCOP(=S)(OCC)Oc1ccc(cc1)[N+](=O)[O-],1
TOXIC_678,CN(N=O)C,1
TOXIC_1186,NN,1
TOXIC_1468,[Pb],1
SAFE_769,COC1=CC=C(C=C1)C(C)C(=O)O,0
TOXIC_1343,CCN(CC)C(=S)SSC(=S)N(CC)CC,1
SAFE_2168,C(C1C(C(C(C(O1)O)O)O)O)O,0
TOXIC_3042,NN,1
TOXIC_247,CCOP(=S)(OCC)Oc1ccc(cc1)[N+](=O)[O-],1
TOXIC_1030,CN(N=O)C,1
TOXIC_4311,CCOP(=S)(OCC)Oc1ccc(cc1)[N+](=O)[O-],1
TOXIC_648,CC(C)OP(=O)(C)F,1
TOXIC_2389,C=O,1
SAFE_2905,C(C(CO)O)O,0
SAFE_720,CC(=O)OC1=CC=CC=C1C(=O)O,0
TOXIC_600,CC(C)OP(=O)(C)F,1
SAFE_1568,C(C1C(C(C(C(O1)O)O)O)O)O,0
SAFE_1777,C(C(=O)O)N,0
TOXIC_841,N#C,1
SAFE_997,C(C(=O)O)N,0
SAFE_146,C(=O)(N)N,0
SAFE_277,C(C(=O)O)N,0
SAFE_3681,CCO,0
SAFE_2600,CN(C)C(=N)N,0
SAFE_3367,C(C(=O)O)N,0
SAFE_3349,COC1=CC=C(C=C1)C(C)C(=O)O,0
TOXIC_3849,N#C,1
SAFE_1161,CCO,0
TOXIC_3401,N#C,1
SAFE_2658,CN1C=NC2=C1C(=O)N(C(=O)N2C)C,0
TOXIC_1532,[Pb],1
SAFE_1953,CN1C=NC2=C1C(=O)N(C(=O)N2C)C,0
SAFE_3539,CC1=CN=C(C(=C1OC)C)CS(=O)C2=NC3=C(N2)C=C(C=C3)OC,0
SAFE_26,C(=O)(N)N,0
SAFE_362,CC(C)CC1=CC=C(C=C1)C(C)C(=O)O,0
TOXIC_3400,CC(C)OP(=O)(C)F,1
SAFE_672,CC1(C(N2C(S1)C(C2=O)NC(=O)CC3=CC=CC=C3)C(=O)O)C,0
TOXIC_902,CN(N=O)C,1
SAFE_1738,C1CC(N(C1)C(=O)C(CC2=CC=CC=C2)NC(=O)C(CC3=CC=CC=C3)N)C(=O)O,0
TOXIC_3659,[Hg],1
TOXIC_2591,CCN(CC)C(=S)SSC(=S)N(CC)CC,1
SAFE_4300,C(C(CO)O)O,0
SAFE_783,CN1C=NC2=C1C(=O)N(C(=O)N2C)C,0
SAFE_4587,CC1(C(N2C(S1)C(C2=O)NC(=O)CC3=CC=CC=C3)C(=O)O)C,0
TOXIC_2401,ClC(Cl)Cl,1
TOXIC_2858,O=[As]O[As]=O,1
TOXIC_710,CN(N=O)C,1
SAFE_93,CN1C=NC2=C1C(=O)N(C(=O)N2C)C,0
TOXIC_1878,CN(N=O)C,1
TOXIC_307,c1ccccc1,1
SAFE_3835,C(C(CO)O)O,0
TOXIC_420,ClC=C,1
SAFE_1389,CC(=O)O,0
SAFE_3445,C(C(CO)O)O,0
TOXIC_4337,ClC(Cl)Cl,1
SAFE_3873,CN1C=NC2=C1C(=O)N(C(=O)N2C)C,0
TOXIC_712,CC(C)OP(=O)(C)F,1
SAFE_4918,C1CC(N(C1)C(=O)C(CC2=CC=CC=C2)NC(=O)C(CC3=CC=CC=C3)N)C(=O)O,0
TOXIC_4145,ClC(Cl)Cl,1
SAFE_4074,CC(=O)O,0
SAFE_303,CN1C=NC2=C1C(=O)N(C(=O)N2C)C,0
SAFE_3910,C(C(CO)O)O,0
SAFE_2949,CC(=O)O,0
SAFE_2399,CC1=CN=C(C(=C1OC)C)CS(=O)C2=NC3=C(N2)C=C(C=C3)OC,0
SAFE_398,C(C1C(C(C(C(O1)O)O)O)O)O,0
SAFE_3531,CCO,0
SAFE_3033,CN1C=NC2=C1C(=O)N(C(=O)N2C)C,0
SAFE_4689,CC(=O)O,0
TOXIC_581,C=O,1
SAFE_1500,CC(=O)OC1=CC=CC=C1C(=O)O,0
TOXIC_2991,CCN(CC)C(=S)SSC(=S)N(CC)CC,1
SAFE_1576,CC(=O)NC1=CC=C(O)C=C1,0
SAFE_4657,C(C(=O)O)N,0
SAFE_1001,C(=O)(N)N,0
SAFE_1903,C1CC(N(C1)C(=O)C(CC2=CC=CC=C2)NC(=O)C(CC3=CC=CC=C3)N)C(=O)O,0
TOXIC_2744,CC(C)OP(=O)(C)F,1
TOXIC_2402,NN,1
TOXIC_1172,ClC=C,1
SAFE_587,CC(C)CC1=CC=C(C=C1)C(C)C(=O)O,0
SAFE_556,CC(=O)NC1=CC=C(O)C=C1,0
SAFE_822,CC1(C(N2C(S1)C(C2=O)NC(=O)CC3=CC=CC=C3)C(=O)O)C,0
SAFE_3346,CC(=O)NC1=CC=C(O)C=C1,0
SAFE_4794,CC(=O)O,0
TOXIC_966,CN(N=O)C,1
SAFE_3429,CC(=O)O,0
SAFE_4835,CN(C)C(=N)N,0
TOXIC_4885,C=O,1
SAFE_3175,C(C(CO)O)O,0
TOXIC_2139,[Hg],1
TOXIC_4718,CC1=CC=C(C=C1)C(=O)NC2=CC=CC=C2,1
SAFE_4649,CC1=CN=C(C(=C1OC)C)CS(=O)C2=NC3=C(N2)C=C(C=C3)OC,0
TOXIC_1517,CC1=CC=C(C=C1)C2=CC(=NN2C3=CC=C(C=C3)S(=O)(=O)C)C(F)(F)F,1
SAFE_4528,C1CC(N(C1)C(=O)C(CC2=CC=CC=C2)NC(=O)C(CC3=CC=CC=C3)N)C(=O)O,0
SAFE_4496,C(=O)(N)N,0
SAFE_2122,C(C(=O)O)N,0
SAFE_850,C(C(CO)O)O,0
TOXIC_970,O=[As]O[As]=O,1
SAFE_3240,CC(=O)OC1=CC=CC=C1C(=O)O,0
SAFE_4698,CN1C=NC2=C1C(=O)N(C(=O)N2C)C,0
SAFE_3289,COC1=CC=C(C=C1)C(C)C(=O)O,0
TOXIC_1326,CC1=CC=C(C=C1)C(=O)NC2=CC=CC=C2,1
SAFE_3893,C(C1C(C(C(C(O1)O)O)O)O)O,0
SAFE_2844,CC(=O)O,0
TOXIC_35,c1ccccc1,1
SAFE_3171,CCO,0
SAFE_4717,C(C(=O)O)N,0
SAFE_249,CC(=O)O,0
TOXIC_3637,C=O,1
SAFE_2650,C(C(CO)O)O,0
TOXIC_2728,CC(C)OP(=O)(C)F,1
SAFE_2782,C(C(=O)O)N,0
SAFE_87,CC1(C(N2C(S1)C(C2=O)NC(=O)CC3=CC=CC=C3)C(=O)O)C,0
SAFE_226,CC(=O)NC1=CC=C(O)C=C1,0
TOXIC_2183,CCOP(=S)(OCC)Oc1ccc(cc1)[N+](=O)[O-],1
SAFE_1852,C(C(=O)O)N,0
SAFE_2053,C1CC(N(C1)C(=O)C(CC2=CC=CC=C2)NC(=O)C(CC3=CC=CC=C3)N)C(=O)O,0
SAFE_3898,C1CC(N(C1)C(=O)C(CC2=CC=CC=C2)NC(=O)C(CC3=CC=CC=C3)N)C(=O)O,0
TOXIC_113,ClC(Cl)Cl,1
TOXIC_4984,CC(C)OP(=O)(C)F,1
TOXIC_2144,ClC(Cl)(Cl)Cl,1
TOXIC_1706,O=[As]O[As]=O,1
SAFE_298,C1CC(N(C1)C(=O)C(CC2=CC=CC=C2)NC(=O)C(CC3=CC=CC=C3)N)C(=O)O,0
SAFE_2187,CC1(C(N2C(S1)C(C2=O)NC(=O)CC3=CC=CC=C3)C(=O)O)C,0
SAFE_287,CC(C)CC1=CC=C(C=C1)C(C)C(=O)O,0
TOXIC_3064,CC(C)OP(=O)(C)F,1
TOXIC_4421,C=O,1
SAFE_1457,CC(C)CC1=CC=C(C=C1)C(C)C(=O)O,0
TOXIC_4670,CC1=CC=C(C=C1)C(=O)NC2=CC=CC=C2,1
SAFE_4459,COC1=CC=C(C=C1)C(C)C(=O)O,0
SAFE_4734,CC(=O)O,0
SAFE_153,CN1C=NC2=C1C(=O)N(C(=O)N2C)C,0
TOXIC_1288,CC(C)OP(=O)(C)F,1
TOXIC_290,NN,1
TOXIC_2127,CCN(CC)C(=S)SSC(=S)N(CC)CC,1
TOXIC_2275,c1ccccc1,1
SAFE_4439,CC1=CN=C(C(=C1OC)C)CS(=O)C2=NC3=C(N2)C=C(C=C3)OC,0
SAFE_2137,C(C(=O)O)N,0
SAFE_671,C(=O)(N)N,0
TOXIC_1783,CCOP(=S)(OCC)Oc1ccc(cc1)[N+](=O)[O-],1
SAFE_2704,COC1=CC=C(C=C1)C(C)C(=O)O,0
SAFE_2098,C1CC(N(C1)C(=O)C(CC2=CC=CC=C2)NC(=O)C(CC3=CC=CC=C3)N)C(=O)O,0
SAFE_681,CCO,0
SAFE_3941,C(=O)(N)N,0
SAFE_4282,C(C(=O)O)N,0
SAFE_707,CC(C)CC1=CC=C(C=C1)C(C)C(=O)O,0
SAFE_3917,CC(C)CC1=CC=C(C=C1)C(C)C(=O)O,0
SAFE_3570,CC(=O)OC1=CC=CC=C1C(=O)O,0
SAFE_3282,CC1(C(N2C(S1)C(C2=O)NC(=O)CC3=CC=CC=C3)C(=O)O)C,0
SAFE_1262,CC(C)CC1=CC=C(C=C1)C(C)C(=O)O,0
SAFE_792,CC1(C(N2C(S1)C(C2=O)NC(=O)CC3=CC=CC=C3)C(=O)O)C,0
SAFE_1380,CC(=O)OC1=CC=CC=C1C(=O)O,0
TOXIC_1531,[Hg],1
SAFE_1671,CCO,0
TOXIC_2643,c1ccccc1,1
SAFE_2503,C1CC(N(C1)C(=O)C(CC2=CC=CC=C2)NC(=O)C(CC3=CC=CC=C3)N)C(=O)O,0
SAFE_3856,CC(=O)NC1=CC=C(O)C=C1,0
TOXIC_1274,O=[As]O[As]=O,1
TOXIC_3863,CCOP(=S)(OCC)Oc1ccc(cc1)[N+](=O)[O-],1
TOXIC_4582,CN(N=O)C,1
TOXIC_3423,CCN(CC)C(=S)SSC(=S)N(CC)CC,1
TOXIC_4598,CN(N=O)C,1
SAFE_4881,CCO,0
SAFE_3925,C(C(CO)O)O,0
SAFE_125,CN(C)C(=N)N,0
SAFE_796,CC(=O)NC1=CC=C(O)C=C1,0
TOXIC_4656,ClC(Cl)(Cl)Cl,1
SAFE_1413,CN1C=NC2=C1C(=O)N(C(=O)N2C)C,0
TOXIC_978,NN,1
SAFE_1784,CC1=CN=C(C(=C1OC)C)CS(=O)C2=NC3=C(N2)C=C(C=C3)OC,0
SAFE_1639,COC1=CC=C(C=C1)C(C)C(=O)O,0
TOXIC_4556,[Pb],1
SAFE_4319,CC1=CN=C(C(=C1OC)C)CS(=O)C2=NC3=C(N2)C=C(C=C3)OC,0
TOXIC_130,NN,1
TOXIC_1287,CCOP(=S)(OCC)Oc1ccc(cc1)[N+](=O)[O-],1
TOXIC_1249,ClC(Cl)Cl,1
SAFE_2263,C1CC(N(C1)C(=O)C(CC2=CC=CC=C2)NC(=O)C(CC3=CC=CC=C3)N)C(=O)O,0
SAFE_2466,CCO,0
TOXIC_4657,ClC(Cl)Cl,1
SAFE_641,C(=O)(N)N,0
TOXIC_287,CCN(CC)C(=S)SSC(=S)N(CC)CC,1
SAFE_137,CC(C)CC1=CC=C(C=C1)C(C)C(=O)O,0
TOXIC_2338,NN,1
TOXIC_1835,[Hg],1
SAFE_3585,CC(=O)OC1=CC=CC=C1C(=O)O,0
SAFE_3489,CC(=O)O,0
SAFE_4332,CC1(C(N2C(S1)C(C2=O)NC(=O)CC3=CC=CC=C3)C(=O)O)C,0
SAFE_4580,CN(C)C(=N)N,0
SAFE_3590,CN(C)C(=N)N,0
SAFE_2054,CC1=CN=C(C(=C1OC)C)CS(=O)C2=NC3=C(N2)C=C(C=C3)OC,0
TOXIC_1551,CCN(CC)C(=S)SSC(=S)N(CC)CC,1
TOXIC_777,N#C,1
TOXIC_695,CCOP(=S)(OCC)Oc1ccc(cc1)[N+](=O)[O-],1
TOXIC_427,[Hg],1
SAFE_3674,CC1=CN=C(C(=C1OC)C)CS(=O)C2=NC3=C(N2)C=C(C=C3)OC,0
SAFE_2464,COC1=CC=C(C=C1)C(C)C(=O)O,0
SAFE_3872,CC(C)CC1=CC=C(C=C1)C(C)C(=O)O,0
TOXIC_4933,C=O,1
SAFE_3931,CC(=O)NC1=CC=C(O)C=C1,0
TOXIC_773,C=O,1
TOXIC_3630,CC1=CC=C(C=C1)C(=O)NC2=CC=CC=C2,1
TOXIC_4540,[Pb],1
SAFE_3319,COC1=CC=C(C=C1)C(C)C(=O)O,0
SAFE_4312,C(C(=O)O)N,0
TOXIC_3682,NN,1
SAFE_1526,C(=O)(N)N,0
TOXIC_2136,CC(C)OP(=O)(C)F,1
SAFE_4234,COC1=CC=C(C=C1)C(C)C(=O)O,0
TOXIC_2757,C=O,1
TOXIC_158,CC1=CC=C(C=C1)C(=O)NC2=CC=CC=C2,1
TOXIC_4819,c1ccccc1,1
TOXIC_3948,[Pb],1
TOXIC_3477,C=O,1
SAFE_1966,CC(=O)NC1=CC=C(O)C=C1,0
TOXIC_267,[Hg],1
SAFE_1362,CC1(C(N2C(S1)C(C2=O)NC(=O)CC3=CC=CC=C3)C(=O)O)C,0
TOXIC_2740,ClC=C,1
TOXIC_4911,CCN(CC)C(=S)SSC(=S)N(CC)CC,1
SAFE_798,CN1C=NC2=C1C(=O)N(C(=O)N2C)C,0
TOXIC_2277,C=O,1
SAFE_2581,CC(=O)NC1=CC=C(O)C=C1,0
TOXIC_411,[Hg],1
SAFE_256,CC(=O)NC1=CC=C(O)C=C1,0
SAFE_1270,C(C(CO)O)O,0
TOXIC_2009,N#C,1
TOXIC_1092,ClC=C,1
SAFE_413,C(C1C(C(C(C(O1)O)O)O)O)O,0
TOXIC_1121,ClC(Cl)Cl,1
TOXIC_1770,O=[As]O[As]=O,1
SAFE_3896,C(=O)(N)N,0
TOXIC_249,N#C,1
SAFE_501,CCO,0
SAFE_2064,CC(=O)O,0
SAFE_3514,COC1=CC=C(C=C1)C(C)C(=O)O,0
SAFE_1730,CN(C)C(=N)N,0
TOXIC_1328,ClC(Cl)(Cl)Cl,1
SAFE_2591,C(=O)(N)N,0
TOXIC_4473,N#C,1
TOXIC_154,O=[As]O[As]=O,1
SAFE_3957,CC1(C(N2C(S1)C(C2=O)NC(=O)CC3=CC=CC=C3)C(=O)O)C,0
TOXIC_4539,[Hg],1
TOXIC_3188,ClC=C,1
SAFE_764,CC1=CN=C(C(=C1OC)C)CS(=O)C2=NC3=C(N2)C=C(C=C3)OC,0
TOXIC_4522,O=[As]O[As]=O,1
TOXIC_3317,C=O,1
TOXIC_3433,N#C,1
SAFE_774,CC(=O)O,0
TOXIC_1922,NN,1
TOXIC_3525,C=O,1
TOXIC_2903,CCOP(=S)(OCC)Oc1ccc(cc1)[N+](=O)[O-],1
SAFE_4442,CC(C)CC1=CC=C(C=C1)C(C)C(=O)O,0
SAFE_3649,COC1=CC=C(C=C1)C(C)C(=O)O,0
TOXIC_3147,[Hg],1
TOXIC_1581,CC1=CC=C(C=C1)C2=CC(=NN2C3=CC=C(C=C3)S(=O)(=O)C)C(F)(F)F,1
SAFE_4999,COC1=CC=C(C=C1)C(C)C(=O)O,0
SAFE_2569,COC1=CC=C(C=C1)C(C)C(=O)O,0
TOXIC_589,CC1=CC=C(C=C1)C2=CC(=NN2C3=CC=C(C=C3)S(=O)(=O)C)C(F)(F)F,1
TOXIC_1512,CC(C)OP(=O)(C)F,1
TOXIC_1224,CC(C)OP(=O)(C)F,1
SAFE_4765,C(C(CO)O)O,0
SAFE_3125,CN(C)C(=N)N,0
TOXIC_3160,CC(C)OP(=O)(C)F,1
SAFE_4173,CN1C=NC2=C1C(=O)N(C(=O)N2C)C,0
SAFE_4744,COC1=CC=C(C=C1)C(C)C(=O)O,0
SAFE_3156,CCO,0
SAFE_1904,CC1=CN=C(C(=C1OC)C)CS(=O)C2=NC3=C(N2)C=C(C=C3)OC,0
TOXIC_3817,N#C,1
SAFE_4514,CC1=CN=C(C(=C1OC)C)CS(=O)C2=NC3=C(N2)C=C(C=C3)OC,0
TOXIC_1226,O=[As]O[As]=O,1
TOXIC_1260,[Pb],1
SAFE_3331,CC(=O)NC1=CC=C(O)C=C1,0
TOXIC_271,CCN(CC)C(=S)SSC(=S)N(CC)CC,1
TOXIC_790,CN(N=O)C,1
SAFE_1664,CC1=CN=C(C(=C1OC)C)CS(=O)C2=NC3=C(N2)C=C(C=C3)OC,0
TOXIC_1773,CC1=CC=C(C=C1)C2=CC(=NN2C3=CC=C(C=C3)S(=O)(=O)C)C(F)(F)F,1
TOXIC_3029,C=O,1
TOXIC_4271,CCN(CC)C(=S)SSC(=S)N(CC)CC,1
TOXIC_507,[Hg],1
TOXIC_837,C=O,1
TOXIC_4004,ClC=C,1
TOXIC_2314,O=[As]O[As]=O,1
SAFE_3358,C1CC(N(C1)C(=O)C(CC2=CC=CC=C2)NC(=O)C(CC3=CC=CC=C3)N)C(=O)O,0
SAFE_2663,C(C1C(C(C(C(O1)O)O)O)O)O,0
SAFE_245,CN(C)C(=N)N,0
SAFE_967,C(C(=O)O)N,0
SAFE_1378,C1CC(N(C1)C(=O)C(CC2=CC=CC=C2)NC(=O)C(CC3=CC=CC=C3)N)C(=O)O,0
SAFE_3207,CC1(C(N2C(S1)C(C2=O)NC(=O)CC3=CC=CC=C3)C(=O)O)C,0
TOXIC_1132,[Pb],1
SAFE_2941,CC(=O)NC1=CC=C(O)C=C1,0
SAFE_1260,CC(=O)OC1=CC=CC=C1C(=O)O,0
TOXIC_3617,ClC(Cl)Cl,1
SAFE_2907,CC1(C(N2C(S1)C(C2=O)NC(=O)CC3=CC=CC=C3)C(=O)O)C,0
TOXIC_3555,c1ccccc1,1
SAFE_4642,C(C(=O)O)N,0
SAFE_4889,CC1=CN=C(C(=C1OC)C)CS(=O)C2=NC3=C(N2)C=C(C=C3)OC,0
SAFE_4701,CCO,0
SAFE_4144,COC1=CC=C(C=C1)C(C)C(=O)O,0
TOXIC_2879,CCN(CC)C(=S)SSC(=S)N(CC)CC,1
TOXIC_3943,CCOP(=S)(OCC)Oc1ccc(cc1)[N+](=O)[O-],1
SAFE_2059,COC1=CC=C(C=C1)C(C)C(=O)O,0
TOXIC_1700,ClC=C,1
SAFE_3580,C(C(CO)O)O,0
TOXIC_3088,ClC(Cl)(Cl)Cl,1
SAFE_2111,C(=O)(N)N,0
TOXIC_481,ClC(Cl)Cl,1
TOXIC_2282,O=[As]O[As]=O,1
TOXIC_272,ClC(Cl)(Cl)Cl,1
SAFE_2959,COC1=CC=C(C=C1)C(C)C(=O)O,0
SAFE_4985,CN(C)C(=N)N,0
SAFE_2443,C1CC(N(C1)C(=O)C(CC2=CC=CC=C2)NC(=O)C(CC3=CC=CC=C3)N)C(=O)O,0
SAFE_1288,C1CC(N(C1)C(=O)C(CC2=CC=CC=C2)NC(=O)C(CC3=CC=CC=C3)N)C(=O)O,0
TOXIC_3959,CCOP(=S)(OCC)Oc1ccc(cc1)[N+](=O)[O-],1
SAFE_4719,CC(=O)O,0
SAFE_2378,C(C1C(C(C(C(O1)O)O)O)O)O,0
TOXIC_577,ClC(Cl)Cl,1
TOXIC_4929,ClC(Cl)Cl,1
SAFE_2479,COC1=CC=C(C=C1)C(C)C(=O)O,0
TOXIC_4120,CC(C)OP(=O)(C)F,1
TOXIC_3575,CCOP(=S)(OCC)Oc1ccc(cc1)[N+](=O)[O-],1
TOXIC_1979,[Hg],1
SAFE_3699,CC(=O)O,0
SAFE_4482,CC1(C(N2C(S1)C(C2=O)NC(=O)CC3=CC=CC=C3)C(=O)O)C,0
SAFE_3030,CC(=O)OC1=CC=CC=C1C(=O)O,0
TOXIC_295,CCOP(=S)(OCC)Oc1ccc(cc1)[N+](=O)[O-],1
TOXIC_4912,ClC(Cl)(Cl)Cl,1
TOXIC_4774,CN(N=O)C,1
SAFE_1440,CC(=O)OC1=CC=CC=C1C(=O)O,0
SAFE_4367,CC(C)CC1=CC=C(C=C1)C(C)C(=O)O,0
TOXIC_1672,CC(C)OP(=O)(C)F,1
SAFE_4033,C1CC(N(C1)C(=O)C(CC2=CC=CC=C2)NC(=O)C(CC3=CC=CC=C3)N)C(=O)O,0
SAFE_2826,CCO,0
SAFE_313,C1CC(N(C1)C(=O)C(CC2=CC=CC=C2)NC(=O)C(CC3=CC=CC=C3)N)C(=O)O,0
SAFE_3044,CC1=CN=C(C(=C1OC)C)CS(=O)C2=NC3=C(N2)C=C(C=C3)OC,0
SAFE_650,CN(C)C(=N)N,0
TOXIC_2124,[Pb],1
SAFE_2192,CC(C)CC1=CC=C(C=C1)C(C)C(=O)O,0
SAFE_964,COC1=CC=C(C=C1)C(C)C(=O)O,0
TOXIC_1349,C=O,1
TOXIC_3195,[Hg],1
TOXIC_1042,NN,1
SAFE_1222,C(C(=O)O)N,0
SAFE_1048,C1CC(N(C1)C(=O)C(CC2=CC=CC=C2)NC(=O)C(CC3=CC=CC=C3)N)C(=O)O,0
SAFE_3758,C(C1C(C(C(C(O1)O)O)O)O)O,0
SAFE_3394,COC1=CC=C(C=C1)C(C)C(=O)O,0
TOXIC_2690,NN,1
SAFE_4910,CN(C)C(=N)N,0
SAFE_882,CC1(C(N2C(S1)C(C2=O)NC(=O)CC3=CC=CC=C3)C(=O)O)C,0
TOXIC_3616,ClC(Cl)(Cl)Cl,1
SAFE_3997,C(C(=O)O)N,0
SAFE_714,CC(=O)O,0
TOXIC_4947,c1ccccc1,1
SAFE_4045,C(C(CO)O)O,0
SAFE_2647,C(C(=O)O)N,0
SAFE_4426,CC(=O)NC1=CC=C(O)C=C1,0
TOXIC_3299,c1ccccc1,1
SAFE_1318,C1CC(N(C1)C(=O)C(CC2=CC=CC=C2)NC(=O)C(CC3=CC=CC=C3)N)C(=O)O,0
SAFE_552,CC1(C(N2C(S1)C(C2=O)NC(=O)CC3=CC=CC=C3)C(=O)O)C,0
TOXIC_3126,CN(N=O)C,1
TOXIC_1118,CC1=CC=C(C=C1)C(=O)NC2=CC=CC=C2,1
SAFE_4996,CC(=O)NC1=CC=C(O)C=C1,0
SAFE_2515,C(C(CO)O)O,0
SAFE_2244,CC(=O)O,0
SAFE_3560,CN(C)C(=N)N,0
SAFE_2250,CC(=O)OC1=CC=CC=C1C(=O)O,0
SAFE_14,CC1=CN=C(C(=C1OC)C)CS(=O)C2=NC3=C(N2)C=C(C=C3)OC,0
TOXIC_2395,[Hg],1
TOXIC_3600,ClC(Cl)(Cl)Cl,1
TOXIC_3897,N#C,1
SAFE_3467,CC(C)CC1=CC=C(C=C1)C(C)C(=O)O,0
TOXIC_2085,C=O,1
SAFE_2432,CC(C)CC1=CC=C(C=C1)C(C)C(=O)O,0
TOXIC_2404,ClC=C,1
SAFE_3085,C(C(CO)O)O,0
SAFE_1486,CC(=O)NC1=CC=C(O)C=C1,0
TOXIC_3480,CC(C)OP(=O)(C)F,1
TOXIC_145,ClC(Cl)Cl,1
TOXIC_4081,ClC(Cl)Cl,1
TOXIC_934,CN(N=O)C,1
TOXIC_3563,[Hg],1
TOXIC_1630,CC1=CC=C(C=C1)C(=O)NC2=CC=CC=C2,1
SAFE_1356,CCO,0
SAFE_1823,C(C1C(C(C(C(O1)O)O)O)O)O,0
SAFE_410,CN(C)C(=N)N,0
SAFE_180,CC(=O)OC1=CC=CC=C1C(=O)O,0
TOXIC_140,[Pb],1
TOXIC_596,ClC=C,1
TOXIC_4024,CC(C)OP(=O)(C)F,1
TOXIC_2656,ClC(Cl)(Cl)Cl,1
TOXIC_3463,CCOP(=S)(OCC)Oc1ccc(cc1)[N+](=O)[O-],1
TOXIC_2253,CC1=CC=C(C=C1)C2=CC(=NN2C3=CC=C(C=C3)S(=O)(=O)C)C(F)(F)F,1
SAFE_128,C(C1C(C(C(C(O1)O)O)O)O)O,0
SAFE_2328,CN1C=NC2=C1C(=O)N(C(=O)N2C)C,0
SAFE_2504,CC1=CN=C(C(=C1OC)C)CS(=O)C2=NC3=C(N2)C=C(C=C3)OC,0
TOXIC_12,[Pb],1
TOXIC_3145,N#C,1
SAFE_1287,CC1(C(N2C(S1)C(C2=O)NC(=O)CC3=CC=CC=C3)C(=O)O)C,0
TOXIC_2571,[Hg],1
TOXIC_2888,CC(C)OP(=O)(C)F,1
TOXIC_2119,CCOP(=S)(OCC)Oc1ccc(cc1)[N+](=O)[O-],1
TOXIC_1469,CC1=CC=C(C=C1)C2=CC(=NN2C3=CC=C(C=C3)S(=O)(=O)C)C(F)(F)F,1
TOXIC_2887,CCOP(=S)(OCC)Oc1ccc(cc1)[N+](=O)[O-],1
TOXIC_657,ClC(Cl)Cl,1
SAFE_1227,CC1(C(N2C(S1)C(C2=O)NC(=O)CC3=CC=CC=C3)C(=O)O)C,0
TOXIC_4939,[Hg],1
TOXIC_827,[Hg],1
SAFE_984,CC(=O)O,0
SAFE_2987,CC(C)CC1=CC=C(C=C1)C(C)C(=O)O,0
SAFE_1856,C(=O)(N)N,0
TOXIC_2043,[Hg],1
TOXIC_1853,CC1=CC=C(C=C1)C2=CC(=NN2C3=CC=C(C=C3)S(=O)(=O)C)C(F)(F)F,1
SAFE_4513,C1CC(N(C1)C(=O)C(CC2=CC=CC=C2)NC(=O)C(CC3=CC=CC=C3)N)C(=O)O,0
SAFE_438,CN1C=NC2=C1C(=O)N(C(=O)N2C)C,0
SAFE_2473,C1CC(N(C1)C(=O)C(CC2=CC=CC=C2)NC(=O)C(CC3=CC=CC=C3)N)C(=O)O,0
SAFE_4114,COC1=CC=C(C=C1)C(C)C(=O)O,0
TOXIC_1641,N#C,1
TOXIC_1272,CC(C)OP(=O)(C)F,1
TOXIC_3783,CCOP(=S)(OCC)Oc1ccc(cc1)[N+](=O)[O-],1
TOXIC_2261,C=O,1
TOXIC_4204,[Pb],1
TOXIC_4077,CC1=CC=C(C=C1)C2=CC(=NN2C3=CC=C(C=C3)S(=O)(=O)C)C(F)(F)F,1
SAFE_3572,CC(C)CC1=CC=C(C=C1)C(C)C(=O)O,0
TOXIC_3540,ClC=C,1
SAFE_2441,C(=O)(N)N,0
SAFE_2226,CCO,0
TOXIC_105,N#C,1
TOXIC_3599,CCN(CC)C(=S)SSC(=S)N(CC)CC,1
TOXIC_463,CCN(CC)C(=S)SSC(=S)N(CC)CC,1
TOXIC_4117,C=O,1
SAFE_1996,CC(=O)NC1=CC=C(O)C=C1,0
TOXIC_3041,ClC(Cl)Cl,1
TOXIC_4199,CCOP(=S)(OCC)Oc1ccc(cc1)[N+](=O)[O-],1
SAFE_938,C(C1C(C(C(C(O1)O)O)O)O)O,0
TOXIC_3038,CC1=CC=C(C=C1)C(=O)NC2=CC=CC=C2,1
SAFE_4260,CC(=O)OC1=CC=CC=C1C(=O)O,0
TOXIC_1223,CCOP(=S)(OCC)Oc1ccc(cc1)[N+](=O)[O-],1
TOXIC_52,ClC=C,1
SAFE_3549,CC(=O)O,0
SAFE_1341,CCO,0
SAFE_4407,CC1(C(N2C(S1)C(C2=O)NC(=O)CC3=CC=CC=C3)C(=O)O)C,0
SAFE_267,CC1(C(N2C(S1)C(C2=O)NC(=O)CC3=CC=CC=C3)C(=O)O)C,0
SAFE_4709,CC1=CN=C(C(=C1OC)C)CS(=O)C2=NC3=C(N2)C=C(C=C3)OC,0
SAFE_4286,C(=O)(N)N,0
SAFE_174,CC(=O)O,0
TOXIC_1312,ClC(Cl)(Cl)Cl,1
SAFE_2653,C1CC(N(C1)C(=O)C(CC2=CC=CC=C2)NC(=O)C(CC3=CC=CC=C3)N)C(=O)O,0
SAFE_2034,CC(=O)O,0
SAFE_1464,CC(=O)O,0
TOXIC_3300,ClC=C,1
TOXIC_2051,c1ccccc1,1
SAFE_2127,CC1(C(N2C(S1)C(C2=O)NC(=O)CC3=CC=CC=C3)C(=O)O)C,0
TOXIC_1790,CC1=CC=C(C=C1)C(=O)NC2=CC=CC=C2,1
TOXIC_1661,CC1=CC=C(C=C1)C2=CC(=NN2C3=CC=C(C=C3)S(=O)(=O)C)C(F)(F)F,1
SAFE_2247,CC1(C(N2C(S1)C(C2=O)NC(=O)CC3=CC=CC=C3)C(=O)O)C,0
TOXIC_580,ClC=C,1
SAFE_4424,CC1=CN=C(C(=C1OC)C)CS(=O)C2=NC3=C(N2)C=C(C=C3)OC,0
SAFE_4505,CN(C)C(=N)N,0
SAFE_1305,CC(=O)OC1=CC=CC=C1C(=O)O,0
SAFE_811,CC(=O)NC1=CC=C(O)C=C1,0
SAFE_2971,CC(=O)NC1=CC=C(O)C=C1,0
TOXIC_1133,CC1=CC=C(C=C1)C2=CC(=NN2C3=CC=C(C=C3)S(=O)(=O)C)C(F)(F)F,1
TOXIC_3638,CN(N=O)C,1
SAFE_1150,C(C(CO)O)O,0
TOXIC_1055,CCN(CC)C(=S)SSC(=S)N(CC)CC,1
SAFE_618,CN1C=NC2=C1C(=O)N(C(=O)N2C)C,0
TOXIC_332,[Pb],1
SAFE_1310,CN(C)C(=N)N,0
SAFE_2245,C(C(CO)O)O,0
SAFE_2997,CC1(C(N2C(S1)C(C2=O)NC(=O)CC3=CC=CC=C3)C(=O)O)C,0
SAFE_2831,C(=O)(N)N,0
SAFE_3249,CC(=O)O,0
SAFE_1452,CC1(C(N2C(S1)C(C2=O)NC(=O)CC3=CC=CC=C3)C(=O)O)C,0
TOXIC_1149,CC1=CC=C(C=C1)C2=CC(=NN2C3=CC=C(C=C3)S(=O)(=O)C)C(F)(F)F,1
SAFE_600,CC(=O)OC1=CC=CC=C1C(=O)O,0
SAFE_3163,C1CC(N(C1)C(=O)C(CC2=CC=CC=C2)NC(=O)C(CC3=CC=CC=C3)N)C(=O)O,0
SAFE_1397,CC(C)CC1=CC=C(C=C1)C(C)C(=O)O,0
TOXIC_4784,ClC(Cl)(Cl)Cl,1
TOXIC_259,c1ccccc1,1
TOXIC_3892,ClC=C,1
SAFE_4532,CC(C)CC1=CC=C(C=C1)C(C)C(=O)O,0
TOXIC_1807,CCN(CC)C(=S)SSC(=S)N(CC)CC,1
TOXIC_2683,[Hg],1
TOXIC_3285,C=O,1
TOXIC_116,ClC=C,1
SAFE_1682,CC(C)CC1=CC=C(C=C1)C(C)C(=O)O,0
SAFE_1894,COC1=CC=C(C=C1)C(C)C(=O)O,0
SAFE_4279,COC1=CC=C(C=C1)C(C)C(=O)O,0
TOXIC_897,ClC(Cl)Cl,1
SAFE_3831,CCO,0
SAFE_2735,CN(C)C(=N)N,0
SAFE_2267,CC(C)CC1=CC=C(C=C1)C(C)C(=O)O,0
TOXIC_879,CCN(CC)C(=S)SSC(=S)N(CC)CC,1
TOXIC_1031,CCOP(=S)(OCC)Oc1ccc(cc1)[N+](=O)[O-],1
SAFE_1937,CC(C)CC1=CC=C(C=C1)C(C)C(=O)O,0
SAFE_2342,CC(C)CC1=CC=C(C=C1)C(C)C(=O)O,0
SAFE_1075,C(C(CO)O)O,0
SAFE_2683,C1CC(N(C1)C(=O)C(CC2=CC=CC=C2)NC(=O)C(CC3=CC=CC=C3)N)C(=O)O,0
TOXIC_4633,N#C,1
SAFE_3501,CCO,0
SAFE_1127,CC(C)CC1=CC=C(C=C1)C(C)C(=O)O,0
TOXIC_79,CCN(CC)C(=S)SSC(=S)N(CC)CC,1
TOXIC_4264,CC(C)OP(=O)(C)F,1
SAFE_2535,CC(=O)OC1=CC=CC=C1C(=O)O,0
TOXIC_1572,ClC=C,1
TOXIC_17,ClC(Cl)Cl,1
TOXIC_2098,NN,1
TOXIC_3296,ClC(Cl)(Cl)Cl,1
SAFE_4203,CN1C=NC2=C1C(=O)N(C(=O)N2C)C,0
TOXIC_3996,[Pb],1
TOXIC_3598,CC1=CC=C(C=C1)C(=O)NC2=CC=CC=C2,1
TOXIC_4551,CCOP(=S)(OCC)Oc1ccc(cc1)[N+](=O)[O-],1
SAFE_12,CC1(C(N2C(S1)C(C2=O)NC(=O)CC3=CC=CC=C3)C(=O)O)C,0
SAFE_3417,CC1(C(N2C(S1)C(C2=O)NC(=O)CC3=CC=CC=C3)C(=O)O)C,0
TOXIC_2420,ClC=C,1
SAFE_1173,CN1C=NC2=C1C(=O)N(C(=O)N2C)C,0
TOXIC_4970,O=[As]O[As]=O,1
TOXIC_1395,c1ccccc1,1
SAFE_733,C1CC(N(C1)C(=O)C(CC2=CC=CC=C2)NC(=O)C(CC3=CC=CC=C3)N)C(=O)O,0
TOXIC_1139,c1ccccc1,1
TOXIC_4646,CN(N=O)C,1
TOXIC_4513,ClC(Cl)Cl,1
TOXIC_4504,CC(C)OP(=O)(C)F,1
SAFE_4481,C(=O)(N)N,0
SAFE_3362,CC(C)CC1=CC=C(C=C1)C(C)C(=O)O,0
TOXIC_333,CC1=CC=C(C=C1)C2=CC(=NN2C3=CC=C(C=C3)S(=O)(=O)C)C(F)(F)F,1
TOXIC_3653,C=O,1
TOXIC_4247,CCOP(=S)(OCC)Oc1ccc(cc1)[N+](=O)[O-],1
SAFE_787,C(C(=O)O)N,0
TOXIC_1601,ClC(Cl)Cl,1
TOXIC_348,[Pb],1
TOXIC_1927,CCOP(=S)(OCC)Oc1ccc(cc1)[N+](=O)[O-],1
TOXIC_1306,O=[As]O[As]=O,1
TOXIC_2986,O=[As]O[As]=O,1
TOXIC_3194,O=[As]O[As]=O,1
TOXIC_1728,ClC(Cl)(Cl)Cl,1
SAFE_160,C(C(CO)O)O,0
SAFE_1254,CC(=O)O,0
SAFE_4831,CC(=O)NC1=CC=C(O)C=C1,0
TOXIC_2086,CN(N=O)C,1
SAFE_1014,CC(=O)O,0
TOXIC_624,ClC(Cl)(Cl)Cl,1
SAFE_4694,CC1=CN=C(C(=C1OC)C)CS(=O)C2=NC3=C(N2)C=C(C=C3)OC,0
TOXIC_3302,CN(N=O)C,1
SAFE_1745,CN(C)C(=N)N,0
TOXIC_2686,CC1=CC=C(C=C1)C(=O)NC2=CC=CC=C2,1
SAFE_2849,CC1=CN=C(C(=C1OC)C)CS(=O)C2=NC3=C(N2)C=C(C=C3)OC,0
SAFE_983,C(C1C(C(C(C(O1)O)O)O)O)O,0
TOXIC_2795,[Hg],1
SAFE_2255,CN(C)C(=N)N,0
TOXIC_1157,C=O,1
SAFE_2703,CN1C=NC2=C1C(=O)N(C(=O)N2C)C,0
SAFE_1632,CC1(C(N2C(S1)C(C2=O)NC(=O)CC3=CC=CC=C3)C(=O)O)C,0
TOXIC_4762,O=[As]O[As]=O,1
TOXIC_4108,[Pb],1
SAFE_3901,CC(=O)NC1=CC=C(O)C=C1,0
TOXIC_2501,C=O,1
TOXIC_1613,CC1=CC=C(C=C1)C2=CC(=NN2C3=CC=C(C=C3)S(=O)(=O)C)C(F)(F)F,1
SAFE_2854,COC1=CC=C(C=C1)C(C)C(=O)O,0
SAFE_4500,CC(=O)OC1=CC=CC=C1C(=O)O,0
TOXIC_1670,CN(N=O)C,1
SAFE_2117,CC(C)CC1=CC=C(C=C1)C(C)C(=O)O,0
TOXIC_3207,CCOP(=S)(OCC)Oc1ccc(cc1)[N+](=O)[O-],1
SAFE_1636,CC(=O)NC1=CC=C(O)C=C1,0
TOXIC_1956,ClC=C,1
SAFE_3056,C(=O)(N)N,0
SAFE_754,COC1=CC=C(C=C1)C(C)C(=O)O,0
SAFE_4259,CC1=CN=C(C(=C1OC)C)CS(=O)C2=NC3=C(N2)C=C(C=C3)OC,0
SAFE_2641,CC(=O)NC1=CC=C(O)C=C1,0
TOXIC_2548,ClC=C,1
SAFE_1393,C1CC(N(C1)C(=O)C(CC2=CC=CC=C2)NC(=O)C(CC3=CC=CC=C3)N)C(=O)O,0
TOXIC_214,CN(N=O)C,1
TOXIC_1813,C=O,1
SAFE_831,CCO,0
SAFE_821,C(=O)(N)N,0
SAFE_4923,CN1C=NC2=C1C(=O)N(C(=O)N2C)C,0
SAFE_3639,CC(=O)O,0
SAFE_4788,CN1C=NC2=C1C(=O)N(C(=O)N2C)C,0
TOXIC_211,c1ccccc1,1
SAFE_4596,CCO,0
TOXIC_4951,CCOP(=S)(OCC)Oc1ccc(cc1)[N+](=O)[O-],1
TOXIC_3034,O=[As]O[As]=O,1
SAFE_3170,CN(C)C(=N)N,0
TOXIC_1788,[Pb],1
TOXIC_536,CC(C)OP(=O)(C)F,1
TOXIC_816,ClC(Cl)(Cl)Cl,1
SAFE_3250,C(C(CO)O)O,0
SAFE_709,COC1=CC=C(C=C1)C(C)C(=O)O,0
SAFE_3521,C(=O)(N)N,0
SAFE_572,CC(C)CC1=CC=C(C=C1)C(C)C(=O)O,0
TOXIC_3756,[Pb],1
SAFE_4293,CN1C=NC2=C1C(=O)N(C(=O)N2C)C,0
TOXIC_4640,ClC(Cl)(Cl)Cl,1
TOXIC_4629,C=O,1
SAFE_4820,CN(C)C(=N)N,0
SAFE_4135,C(C(CO)O)O,0
TOXIC_3311,CCN(CC)C(=S)SSC(=S)N(CC)CC,1
TOXIC_2178,NN,1
TOXIC_2785,ClC(Cl)Cl,1
TOXIC_99,c1ccccc1,1
TOXIC_4706,NN,1
SAFE_1236,CCO,0
SAFE_2013,CN1C=NC2=C1C(=O)N(C(=O)N2C)C,0
TOXIC_2375,CCOP(=S)(OCC)Oc1ccc(cc1)[N+](=O)[O-],1
TOXIC_2768,ClC(Cl)(Cl)Cl,1
TOXIC_1708,[Pb],1
TOXIC_499,c1ccccc1,1
TOXIC_4008,CC(C)OP(=O)(C)F,1
TOXIC_4066,NN,1
SAFE_4339,COC1=CC=C(C=C1)C(C)C(=O)O,0
TOXIC_3905,ClC(Cl)Cl,1
SAFE_3838,C1CC(N(C1)C(=O)C(CC2=CC=CC=C2)NC(=O)C(CC3=CC=CC=C3)N)C(=O)O,0
TOXIC_3370,O=[As]O[As]=O,1
SAFE_4822,C(C(=O)O)N,0
SAFE_415,C(C(CO)O)O,0
TOXIC_1967,CCN(CC)C(=S)SSC(=S)N(CC)CC,1
TOXIC_298,O=[As]O[As]=O,1
SAFE_3423,CN1C=NC2=C1C(=O)N(C(=O)N2C)C,0
SAFE_634,COC1=CC=C(C=C1)C(C)C(=O)O,0
SAFE_1831,CC(=O)NC1=CC=C(O)C=C1,0
TOXIC_4364,[Pb],1
SAFE_1952,CC(C)CC1=CC=C(C=C1)C(C)C(=O)O,0
SAFE_4962,CC1(C(N2C(S1)C(C2=O)NC(=O)CC3=CC=CC=C3)C(=O)O)C,0
SAFE_19,COC1=CC=C(C=C1)C(C)C(=O)O,0
SAFE_3067,C(C(=O)O)N,0
SAFE_1755,CC(=O)OC1=CC=CC=C1C(=O)O,0
TOXIC_3021,CC1=CC=C(C=C1)C2=CC(=NN2C3=CC=C(C=C3)S(=O)(=O)C)C(F)(F)F,1
SAFE_1779,CC(=O)O,0
TOXIC_1863,CCOP(=S)(OCC)Oc1ccc(cc1)[N+](=O)[O-],1
SAFE_3221,C(=O)(N)N,0
SAFE_394,COC1=CC=C(C=C1)C(C)C(=O)O,0
SAFE_1838,C(C1C(C(C(C(O1)O)O)O)O)O,0
SAFE_3132,CC1(C(N2C(S1)C(C2=O)NC(=O)CC3=CC=CC=C3)C(=O)O)C,0
TOXIC_3822,CC1=CC=C(C=C1)C(=O)NC2=CC=CC=C2,1
SAFE_1142,CC(C)CC1=CC=C(C=C1)C(C)C(=O)O,0
SAFE_2415,CC(=O)OC1=CC=CC=C1C(=O)O,0
TOXIC_4829,CC1=CC=C(C=C1)C2=CC(=NN2C3=CC=C(C=C3)S(=O)(=O)C)C(F)(F)F,1
SAFE_3373,C1CC(N(C1)C(=O)C(CC2=CC=CC=C2)NC(=O)C(CC3=CC=CC=C3)N)C(=O)O,0
TOXIC_4896,ClC(Cl)(Cl)Cl,1
SAFE_1910,CN(C)C(=N)N,0
SAFE_2593,C1CC(N(C1)C(=O)C(CC2=CC=CC=C2)NC(=O)C(CC3=CC=CC=C3)N)C(=O)O,0
TOXIC_3972,ClC=C,1
TOXIC_3990,CN(N=O)C,1
TOXIC_397,CC1=CC=C(C=C1)C2=CC(=NN2C3=CC=C(C=C3)S(=O)(=O)C)C(F)(F)F,1
TOXIC_804,ClC=C,1
SAFE_1685,CN(C)C(=N)N,0
TOXIC_1412,ClC=C,1
SAFE_4070,CN(C)C(=N)N,0
SAFE_4063,C1CC(N(C1)C(=O)C(CC2=CC=CC=C2)NC(=O)C(CC3=CC=CC=C3)N)C(=O)O,0
SAFE_1416,CCO,0
TOXIC_1561,N#C,1
SAFE_260,CN(C)C(=N)N,0
TOXIC_1002,O=[As]O[As]=O,1
TOXIC_2123,[Hg],1
TOXIC_292,ClC=C,1
TOXIC_2259,c1ccccc1,1
TOXIC_322,NN,1
TOXIC_1720,CC(C)OP(=O)(C)F,1
TOXIC_1174,CN(N=O)C,1
SAFE_3106,CC(=O)NC1=CC=C(O)C=C1,0
SAFE_2266,CC(=O)NC1=CC=C(O)C=C1,0
SAFE_2739,CC(=O)O,0
TOXIC_1417,N#C,1
TOXIC_4095,CCN(CC)C(=S)SSC(=S)N(CC)CC,1
SAFE_829,COC1=CC=C(C=C1)C(C)C(=O)O,0
TOXIC_4169,N#C,1
TOXIC_1504,ClC(Cl)(Cl)Cl,1
SAFE_1886,C(=O)(N)N,0
SAFE_4346,C(=O)(N)N,0
TOXIC_371,c1ccccc1,1
SAFE_2938,C1CC(N(C1)C(=O)C(CC2=CC=CC=C2)NC(=O)C(CC3=CC=CC=C3)N)C(=O)O,0
SAFE_4031,C(=O)(N)N,0
TOXIC_2780,[Pb],1
SAFE_2271,CCO,0
SAFE_743,C(C1C(C(C(C(O1)O)O)O)O)O,0
SAFE_152,CC(C)CC1=CC=C(C=C1)C(C)C(=O)O,0
TOXIC_975,CCN(CC)C(=S)SSC(=S)N(CC)CC,1
TOXIC_1740,[Pb],1
TOXIC_4126,CC1=CC=C(C=C1)C(=O)NC2=CC=CC=C2,1
TOXIC_4293,C=O,1
SAFE_2915,CN(C)C(=N)N,0
SAFE_2974,COC1=CC=C(C=C1)C(C)C(=O)O,0
SAFE_3804,CC(=O)O,0
TOXIC_4661,C=O,1
SAFE_1845,CC(=O)OC1=CC=CC=C1C(=O)O,0
TOXIC_523,[Hg],1
TOXIC_2215,CCOP(=S)(OCC)Oc1ccc(cc1)[N+](=O)[O-],1
SAFE_2577,CC1(C(N2C(S1)C(C2=O)NC(=O)CC3=CC=CC=C3)C(=O)O)C,0
SAFE_679,COC1=CC=C(C=C1)C(C)C(=O)O,0
SAFE_3381,CCO,0
SAFE_77,CC(C)CC1=CC=C(C=C1)C(C)C(=O)O,0
TOXIC_146,NN,1
SAFE_4898,C(C1C(C(C(C(O1)O)O)O)O)O,0
SAFE_4796,C(=O)(N)N,0
TOXIC_1064,CC(C)OP(=O)(C)F,1
TOXIC_3068,[Pb],1
SAFE_2505,CC(=O)OC1=CC=CC=C1C(=O)O,0
SAFE_685,C(C(CO)O)O,0
SAFE_2298,CN1C=NC2=C1C(=O)N(C(=O)N2C)C,0
TOXIC_2681,N#C,1
TOXIC_4182,CN(N=O)C,1
TOXIC_4692,ClC=C,1
TOXIC_972,[Pb],1
SAFE_4385,CN(C)C(=N)N,0
SAFE_2371,CC(=O)NC1=CC=C(O)C=C1,0
SAFE_343,C1CC(N(C1)C(=O)C(CC2=CC=CC=C2)NC(=O)C(CC3=CC=CC=C3)N)C(=O)O,0
TOXIC_4036,ClC=C,1
TOXIC_3164,[Pb],1
SAFE_1038,CN1C=NC2=C1C(=O)N(C(=O)N2C)C,0
SAFE_1677,CC1(C(N2C(S1)C(C2=O)NC(=O)CC3=CC=CC=C3)C(=O)O)C,0
TOXIC_3365,C=O,1
TOXIC_4155,[Hg],1
SAFE_3771,CCO,0
SAFE_2026,CC(=O)NC1=CC=C(O)C=C1,0
SAFE_4382,CC(C)CC1=CC=C(C=C1)C(C)C(=O)O,0
SAFE_4538,C(C1C(C(C(C(O1)O)O)O)O)O,0
TOXIC_4977,ClC(Cl)Cl,1
TOXIC_4816,ClC(Cl)(Cl)Cl,1
SAFE_1000,C(C(CO)O)O,0
SAFE_150,CC(=O)OC1=CC=CC=C1C(=O)O,0
SAFE_1138,C1CC(N(C1)C(=O)C(CC2=CC=CC=C2)NC(=O)C(CC3=CC=CC=C3)N)C(=O)O,0
SAFE_1167,CC1(C(N2C(S1)C(C2=O)NC(=O)CC3=CC=CC=C3)C(=O)O)C,0
TOXIC_4678,CN(N=O)C,1
SAFE_942,CC1(C(N2C(S1)C(C2=O)NC(=O)CC3=CC=CC=C3)C(=O)O)C,0
TOXIC_2373,C=O,1
TOXIC_702,CC1=CC=C(C=C1)C(=O)NC2=CC=CC=C2,1
SAFE_233,C(C1C(C(C(C(O1)O)O)O)O)O,0
SAFE_157,C(C(=O)O)N,0
SAFE_3802,C(C(=O)O)N,0
SAFE_4916,C(=O)(N)N,0
TOXIC_1348,ClC=C,1
TOXIC_4761,N#C,1
SAFE_4437,CC1(C(N2C(S1)C(C2=O)NC(=O)CC3=CC=CC=C3)C(=O)O)C,0
TOXIC_2909,CC1=CC=C(C=C1)C2=CC(=NN2C3=CC=C(C=C3)S(=O)(=O)C)C(F)(F)F,1
TOXIC_149,C=O,1
SAFE_292,C(C(=O)O)N,0
SAFE_2156,C(=O)(N)N,0
TOXIC_4319,CCN(CC)C(=S)SSC(=S)N(CC)CC,1
TOXIC_4863,CCN(CC)C(=S)SSC(=S)N(CC)CC,1
SAFE_4369,COC1=CC=C(C=C1)C(C)C(=O)O,0
TOXIC_1007,CCN(CC)C(=S)SSC(=S)N(CC)CC,1
TOXIC_1762,NN,1
SAFE_2918,C(C1C(C(C(C(O1)O)O)O)O)O,0
TOXIC_4216,CC(C)OP(=O)(C)F,1
TOXIC_3651,c1ccccc1,1
SAFE_3640,C(C(CO)O)O,0
SAFE_2753,C(C1C(C(C(C(O1)O)O)O)O)O,0
SAFE_699,CC(=O)O,0
SAFE_1535,CN(C)C(=N)N,0
SAFE_611,C(=O)(N)N,0
TOXIC_2897,ClC(Cl)Cl,1
SAFE_4670,CN(C)C(=N)N,0
SAFE_2837,CC(C)CC1=CC=C(C=C1)C(C)C(=O)O,0
TOXIC_1945,N#C,1
SAFE_1102,C(C(=O)O)N,0
TOXIC_97,ClC(Cl)Cl,1
SAFE_2107,C(C(=O)O)N,0
TOXIC_4644,ClC=C,1
SAFE_322,C(C(=O)O)N,0
TOXIC_985,N#C,1
SAFE_1314,CC(=O)O,0
TOXIC_1474,NN,1
TOXIC_3799,CCOP(=S)(OCC)Oc1ccc(cc1)[N+](=O)[O-],1
SAFE_566,C(=O)(N)N,0
SAFE_3522,CC1(C(N2C(S1)C(C2=O)NC(=O)CC3=CC=CC=C3)C(=O)O)C,0
TOXIC_2365,CC1=CC=C(C=C1)C2=CC(=NN2C3=CC=C(C=C3)S(=O)(=O)C)C(F)(F)F,1
SAFE_4732,C(C(=O)O)N,0
TOXIC_2271,CCN(CC)C(=S)SSC(=S)N(CC)CC,1
SAFE_1660,C(C(CO)O)O,0
TOXIC_2924,[Pb],1
SAFE_2259,CC(=O)O,0
SAFE_3191,C(=O)(N)N,0
SAFE_808,C1CC(N(C1)C(=O)C(CC2=CC=CC=C2)NC(=O)C(CC3=CC=CC=C3)N)C(=O)O,0
TOXIC_1152,ClC(Cl)(Cl)Cl,1
TOXIC_1624,CC(C)OP(=O)(C)F,1
TOXIC_1241,N#C,1
TOXIC_1441,ClC(Cl)Cl,1
SAFE_539,CC1=CN=C(C(=C1OC)C)CS(=O)C2=NC3=C(N2)C=C(C=C3)OC,0
SAFE_1571,C(=O)(N)N,0
SAFE_265,C(C(CO)O)O,0
TOXIC_3900,[Pb],1
TOXIC_662,CN(N=O)C,1
TOXIC_3841,ClC(Cl)Cl,1
SAFE_930,CC(=O)OC1=CC=CC=C1C(=O)O,0
SAFE_4344,CC(=O)O,0
SAFE_2207,CC(C)CC1=CC=C(C=C1)C(C)C(=O)O,0
SAFE_187,C(C(=O)O)N,0
TOXIC_1918,CC1=CC=C(C=C1)C(=O)NC2=CC=CC=C2,1
SAFE_1442,CC(C)CC1=CC=C(C=C1)C(C)C(=O)O,0
TOXIC_3519,CCN(CC)C(=S)SSC(=S)N(CC)CC,1
TOXIC_2342,CN(N=O)C,1
TOXIC_1702,CN(N=O)C,1
SAFE_4345,C(C(CO)O)O,0
SAFE_1087,C(C(=O)O)N,0
TOXIC_4037,C=O,1
SAFE_2356,CC(=O)NC1=CC=C(O)C=C1,0
SAFE_2565,CC(=O)OC1=CC=CC=C1C(=O)O,0
SAFE_2288,C(C1C(C(C(C(O1)O)O)O)O)O,0
TOXIC_3260,[Pb],1
TOXIC_236,[Pb],1
TOXIC_3671,CCOP(=S)(OCC)Oc1ccc(cc1)[N+](=O)[O-],1
TOXIC_4729,N#C,1
TOXIC_685,CC1=CC=C(C=C1)C2=CC(=NN2C3=CC=C(C=C3)S(=O)(=O)C)C(F)(F)F,1
SAFE_284,CC1=CN=C(C(=C1OC)C)CS(=O)C2=NC3=C(N2)C=C(C=C3)OC,0
TOXIC_3246,CC1=CC=C(C=C1)C(=O)NC2=CC=CC=C2,1
TOXIC_3152,ClC(Cl)(Cl)Cl,1
SAFE_711,CCO,0
SAFE_594,CC(=O)O,0
TOXIC_3806,CC1=CC=C(C=C1)C(=O)NC2=CC=CC=C2,1
SAFE_4176,CCO,0
SAFE_3416,C(=O)(N)N,0
SAFE_2977,C(C(=O)O)N,0
TOXIC_3119,CCN(CC)C(=S)SSC(=S)N(CC)CC,1
TOXIC_4775,CCOP(=S)(OCC)Oc1ccc(cc1)[N+](=O)[O-],1
TOXIC_4865,ClC(Cl)Cl,1
SAFE_3865,C(C(CO)O)O,0
SAFE_1698,CN1C=NC2=C1C(=O)N(C(=O)N2C)C,0
TOXIC_3199,CCN(CC)C(=S)SSC(=S)N(CC)CC,1
TOXIC_968,CC(C)OP(=O)(C)F,1
TOXIC_4883,c1ccccc1,1
SAFE_1990,C(C(CO)O)O,0
SAFE_51,CCO,0
TOXIC_4797,CC1=CC=C(C=C1)C2=CC(=NN2C3=CC=C(C=C3)S(=O)(=O)C)C(F)(F)F,1
SAFE_4105,C(C(CO)O)O,0
SAFE_1724,CC1=CN=C(C(=C1OC)C)CS(=O)C2=NC3=C(N2)C=C(C=C3)OC,0
SAFE_2447,CC(C)CC1=CC=C(C=C1)C(C)C(=O)O,0
TOXIC_3631,CCN(CC)C(=S)SSC(=S)N(CC)CC,1
TOXIC_3425,ClC(Cl)Cl,1
SAFE_61,CC(=O)NC1=CC=C(O)C=C1,0
TOXIC_3765,C=O,1
SAFE_1771,CC(=O)NC1=CC=C(O)C=C1,0
SAFE_4512,CC1(C(N2C(S1)C(C2=O)NC(=O)CC3=CC=CC=C3)C(=O)O)C,0
SAFE_3006,CCO,0
SAFE_3759,CC(=O)O,0
SAFE_2061,CCO,0
TOXIC_3332,ClC=C,1
SAFE_2213,C(C1C(C(C(C(O1)O)O)O)O)O,0
TOXIC_2562,NN,1
TOXIC_4405,C=O,1
TOXIC_3498,O=[As]O[As]=O,1
TOXIC_1026,NN,1
SAFE_1718,C(C1C(C(C(C(O1)O)O)O)O)O,0
SAFE_1081,CC(=O)NC1=CC=C(O)C=C1,0
TOXIC_72,CC(C)OP(=O)(C)F,1
TOXIC_2634,O=[As]O[As]=O,1
TOXIC_1189,C=O,1
SAFE_2993,C(C1C(C(C(C(O1)O)O)O)O)O,0
TOXIC_4268,[Pb],1
TOXIC_1722,O=[As]O[As]=O,1
SAFE_3101,C(=O)(N)N,0
TOXIC_293,C=O,1
SAFE_1165,C(C(CO)O)O,0
SAFE_20,CN(C)C(=N)N,0
SAFE_569,CC1=CN=C(C(=C1OC)C)CS(=O)C2=NC3=C(N2)C=C(C=C3)OC,0
TOXIC_3143,CCOP(=S)(OCC)Oc1ccc(cc1)[N+](=O)[O-],1
TOXIC_46,CC1=CC=C(C=C1)C(=O)NC2=CC=CC=C2,1
SAFE_1114,COC1=CC=C(C=C1)C(C)C(=O)O,0
SAFE_3309,CC(=O)O,0
TOXIC_876,[Pb],1
TOXIC_3272,CC(C)OP(=O)(C)F,1
SAFE_3378,CN1C=NC2=C1C(=O)N(C(=O)N2C)C,0
SAFE_142,C(C(=O)O)N,0
SAFE_2774,CC1=CN=C(C(=C1OC)C)CS(=O)C2=NC3=C(N2)C=C(C=C3)OC,0
TOXIC_2320,ClC(Cl)(Cl)Cl,1
SAFE_2455,C(C(CO)O)O,0
SAFE_2246,C(=O)(N)N,0
SAFE_911,C(=O)(N)N,0
SAFE_340,C(C(CO)O)O,0
SAFE_1259,CC1=CN=C(C(=C1OC)C)CS(=O)C2=NC3=C(N2)C=C(C=C3)OC,0
SAFE_3551,C(=O)(N)N,0
TOXIC_2041,N#C,1
SAFE_1349,CC1=CN=C(C(=C1OC)C)CS(=O)C2=NC3=C(N2)C=C(C=C3)OC,0
SAFE_4855,C(C(CO)O)O,0
SAFE_4974,CC(=O)O,0
SAFE_3986,C(=O)(N)N,0
SAFE_1436,C(=O)(N)N,0
SAFE_1342,C(C(=O)O)N,0
SAFE_1411,CC(=O)NC1=CC=C(O)C=C1,0
SAFE_1324,COC1=CC=C(C=C1)C(C)C(=O)O,0
SAFE_4801,CC(=O)NC1=CC=C(O)C=C1,0
SAFE_2932,C(C(=O)O)N,0
TOXIC_129,ClC(Cl)Cl,1
TOXIC_3922,NN,1
SAFE_2627,CC(C)CC1=CC=C(C=C1)C(C)C(=O)O,0
TOXIC_330,O=[As]O[As]=O,1
SAFE_4871,C(=O)(N)N,0
SAFE_3003,CN1C=NC2=C1C(=O)N(C(=O)N2C)C,0
TOXIC_4860,[Pb],1
SAFE_1419,CC(=O)O,0
SAFE_4305,CC(=O)OC1=CC=CC=C1C(=O)O,0
SAFE_2023,C1CC(N(C1)C(=O)C(CC2=CC=CC=C2)NC(=O)C(CC3=CC=CC=C3)N)C(=O)O,0
SAFE_3069,CC(=O)O,0
TOXIC_1948,[Pb],1
TOXIC_1921,ClC(Cl)Cl,1
TOXIC_2187,[Hg],1
TOXIC_545,ClC(Cl)Cl,1
TOXIC_2658,NN,1
TOXIC_1351,CCOP(=S)(OCC)Oc1ccc(cc1)[N+](=O)[O-],1
TOXIC_4535,CCOP(=S)(OCC)Oc1ccc(cc1)[N+](=O)[O-],1
TOXIC_2614,CN(N=O)C,1
SAFE_2402,CC(C)CC1=CC=C(C=C1)C(C)C(=O)O,0
TOXIC_4948,ClC=C,1
TOXIC_1869,CC1=CC=C(C=C1)C2=CC(=NN2C3=CC=C(C=C3)S(=O)(=O)C)C(F)(F)F,1
SAFE_4904,CC1=CN=C(C(=C1OC)C)CS(=O)C2=NC3=C(N2)C=C(C=C3)OC,0
SAFE_828,CN1C=NC2=C1C(=O)N(C(=O)N2C)C,0
SAFE_1965,CC(=O)OC1=CC=CC=C1C(=O)O,0
TOXIC_4531,c1ccccc1,1
TOXIC_3388,[Pb],1
SAFE_3184,COC1=CC=C(C=C1)C(C)C(=O)O,0
TOXIC_297,N#C,1
TOXIC_1974,CN(N=O)C,1
SAFE_2759,CC1=CN=C(C(=C1OC)C)CS(=O)C2=NC3=C(N2)C=C(C=C3)OC,0
TOXIC_4050,NN,1
SAFE_2481,CCO,0
TOXIC_597,C=O,1
TOXIC_834,NN,1
TOXIC_3024,ClC(Cl)(Cl)Cl,1
TOXIC_3737,N#C,1
TOXIC_1006,CC1=CC=C(C=C1)C(=O)NC2=CC=CC=C2,1
SAFE_1,CC(=O)NC1=CC=C(O)C=C1,0
TOXIC_2334,CC1=CC=C(C=C1)C(=O)NC2=CC=CC=C2,1
SAFE_2416,CC(=O)NC1=CC=C(O)C=C1,0
TOXIC_3494,CN(N=O)C,1
SAFE_144,CC(=O)O,0
TOXIC_2081,ClC(Cl)Cl,1
TOXIC_2210,NN,1
TOXIC_4511,CCN(CC)C(=S)SSC(=S)N(CC)CC,1
TOXIC_1425,ClC(Cl)Cl,1
TOXIC_1574,CN(N=O)C,1
SAFE_4748,C(C1C(C(C(C(O1)O)O)O)O)O,0
SAFE_1607,CC(C)CC1=CC=C(C=C1)C(C)C(=O)O,0
TOXIC_4152,CC(C)OP(=O)(C)F,1
SAFE_1322,CC(C)CC1=CC=C(C=C1)C(C)C(=O)O,0
TOXIC_4385,ClC(Cl)Cl,1
TOXIC_156,[Pb],1
SAFE_659,CC1=CN=C(C(=C1OC)C)CS(=O)C2=NC3=C(N2)C=C(C=C3)OC,0
SAFE_3296,C(=O)(N)N,0
TOXIC_389,C=O,1
TOXIC_3663,CCN(CC)C(=S)SSC(=S)N(CC)CC,1
SAFE_3178,C1CC(N(C1)C(=O)C(CC2=CC=CC=C2)NC(=O)C(CC3=CC=CC=C3)N)C(=O)O,0
TOXIC_4528,ClC(Cl)(Cl)Cl,1
TOXIC_1388,[Pb],1
TOXIC_824,CC(C)OP(=O)(C)F,1
TOXIC_2171,[Hg],1
TOXIC_3644,[Pb],1
TOXIC_4702,CC1=CC=C(C=C1)C(=O)NC2=CC=CC=C2,1
SAFE_53,C(C1C(C(C(C(O1)O)O)O)O)O,0
SAFE_1786,CC(=O)NC1=CC=C(O)C=C1,0
SAFE_2260,C(C(CO)O)O,0
TOXIC_3374,CC1=CC=C(C=C1)C(=O)NC2=CC=CC=C2,1
TOXIC_4133,C=O,1
SAFE_1800,CC(=O)OC1=CC=CC=C1C(=O)O,0
TOXIC_1930,O=[As]O[As]=O,1
SAFE_3027,CC1(C(N2C(S1)C(C2=O)NC(=O)CC3=CC=CC=C3)C(=O)O)C,0
TOXIC_3291,[Hg],1
TOXIC_3378,NN,1
SAFE_3712,C(C(=O)O)N,0
TOXIC_3547,[Hg],1
SAFE_3072,CC1(C(N2C(S1)C(C2=O)NC(=O)CC3=CC=CC=C3)C(=O)O)C,0
TOXIC_740,ClC=C,1
SAFE_1517,CC(C)CC1=CC=C(C=C1)C(C)C(=O)O,0
SAFE_558,CN1C=NC2=C1C(=O)N(C(=O)N2C)C,0
SAFE_2521,CC(=O)NC1=CC=C(O)C=C1,0
TOXIC_3701,C=O,1
TOXIC_303,CCN(CC)C(=S)SSC(=S)N(CC)CC,1
TOXIC_2827,[Hg],1
SAFE_2435,CN(C)C(=N)N,0
TOXIC_765,CC1=CC=C(C=C1)C2=CC(=NN2C3=CC=C(C=C3)S(=O)(=O)C)C(F)(F)F,1
SAFE_11,C(=O)(N)N,0
SAFE_4160,CN(C)C(=N)N,0
SAFE_2294,CC1=CN=C(C(=C1OC)C)CS(=O)C2=NC3=C(N2)C=C(C=C3)OC,0
TOXIC_2197,C=O,1
TOXIC_189,CC1=CC=C(C=C1)C2=CC(=NN2C3=CC=C(C=C3)S(=O)(=O)C)C(F)(F)F,1
SAFE_2720,CN(C)C(=N)N,0
TOXIC_109,CC1=CC=C(C=C1)C2=CC(=NN2C3=CC=C(C=C3)S(=O)(=O)C)C(F)(F)F,1
TOXIC_468,ClC=C,1
TOXIC_418,NN,1
TOXIC_3992,CC(C)OP(=O)(C)F,1
SAFE_4294,COC1=CC=C(C=C1)C(C)C(=O)O,0
SAFE_1626,CCO,0
SAFE_1122,CC1(C(N2C(S1)C(C2=O)NC(=O)CC3=CC=CC=C3)C(=O)O)C,0
TOXIC_1211,[Hg],1
SAFE_301,CC(=O)NC1=CC=C(O)C=C1,0
TOXIC_2805,C=O,1
SAFE_740,CN(C)C(=N)N,0
TOXIC_467,c1ccccc1,1
TOXIC_849,ClC(Cl)Cl,1
SAFE_4659,CC(=O)O,0
SAFE_1304,CC1=CN=C(C(=C1OC)C)CS(=O)C2=NC3=C(N2)C=C(C=C3)OC,0
TOXIC_1394,NN,1
SAFE_3415,C(C(CO)O)O,0
TOXIC_2141,CC1=CC=C(C=C1)C2=CC(=NN2C3=CC=C(C=C3)S(=O)(=O)C)C(F)(F)F,1
TOXIC_2310,CN(N=O)C,1
SAFE_3380,CN(C)C(=N)N,0
TOXIC_2343,CCOP(=S)(OCC)Oc1ccc(cc1)[N+](=O)[O-],1
TOXIC_3052,[Pb],1
SAFE_3868,C1CC(N(C1)C(=O)C(CC2=CC=CC=C2)NC(=O)C(CC3=CC=CC=C3)N)C(=O)O,0
TOXIC_915,c1ccccc1,1
SAFE_3738,CN1C=NC2=C1C(=O)N(C(=O)N2C)C,0
TOXIC_2862,CC1=CC=C(C=C1)C(=O)NC2=CC=CC=C2,1
TOXIC_459,[Hg],1
TOXIC_2416,ClC(Cl)(Cl)Cl,1
TOXIC_1367,CCOP(=S)(OCC)Oc1ccc(cc1)[N+](=O)[O-],1
TOXIC_1347,c1ccccc1,1
SAFE_49,COC1=CC=C(C=C1)C(C)C(=O)O,0
SAFE_446,C(=O)(N)N,0
TOXIC_3019,[Hg],1
TOXIC_4707,c1ccccc1,1
SAFE_2911,CC(=O)NC1=CC=C(O)C=C1,0
TOXIC_3010,NN,1
TOXIC_3066,O=[As]O[As]=O,1
SAFE_463,C1CC(N(C1)C(=O)C(CC2=CC=CC=C2)NC(=O)C(CC3=CC=CC=C3)N)C(=O)O,0
TOXIC_1520,ClC(Cl)(Cl)Cl,1
SAFE_2579,CC1=CN=C(C(=C1OC)C)CS(=O)C2=NC3=C(N2)C=C(C=C3)OC,0
TOXIC_3007,CCN(CC)C(=S)SSC(=S)N(CC)CC,1
TOXIC_622,CC1=CC=C(C=C1)C(=O)NC2=CC=CC=C2,1
SAFE_767,CC(C)CC1=CC=C(C=C1)C(C)C(=O)O,0
SAFE_3260,CN(C)C(=N)N,0
TOXIC_3919,CCN(CC)C(=S)SSC(=S)N(CC)CC,1
SAFE_1463,C(C1C(C(C(C(O1)O)O)O)O)O,0
TOXIC_961,ClC(Cl)Cl,1
SAFE_2367,CC1(C(N2C(S1)C(C2=O)NC(=O)CC3=CC=CC=C3)C(=O)O)C,0
TOXIC_3280,ClC(Cl)(Cl)Cl,1
TOXIC_1073,ClC(Cl)Cl,1
TOXIC_1804,[Pb],1
TOXIC_4778,O=[As]O[As]=O,1
SAFE_2155,C(C(CO)O)O,0
SAFE_113,C(C1C(C(C(C(O1)O)O)O)O)O,0
SAFE_2139,CC(=O)O,0
SAFE_2615,CN(C)C(=N)N,0
SAFE_2724,CC(=O)O,0
TOXIC_4122,O=[As]O[As]=O,1
SAFE_1108,C1CC(N(C1)C(=O)C(CC2=CC=CC=C2)NC(=O)C(CC3=CC=CC=C3)N)C(=O)O,0
SAFE_2376,CCO,0
SAFE_1736,C(=O)(N)N,0
TOXIC_2276,ClC=C,1
SAFE_3702,CC1(C(N2C(S1)C(C2=O)NC(=O)CC3=CC=CC=C3)C(=O)O)C,0
SAFE_4463,C(C1C(C(C(C(O1)O)O)O)O)O,0
TOXIC_180,ClC=C,1
SAFE_3921,CCO,0
TOXIC_3852,[Pb],1
SAFE_1319,CC1=CN=C(C(=C1OC)C)CS(=O)C2=NC3=C(N2)C=C(C=C3)OC,0
TOXIC_4596,ClC=C,1
TOXIC_2817,ClC(Cl)Cl,1
SAFE_1506,CCO,0
SAFE_3389,CC1=CN=C(C(=C1OC)C)CS(=O)C2=NC3=C(N2)C=C(C=C3)OC,0
TOXIC_1822,CC1=CC=C(C=C1)C(=O)NC2=CC=CC=C2,1
TOXIC_1184,ClC(Cl)(Cl)Cl,1
SAFE_1737,CC1(C(N2C(S1)C(C2=O)NC(=O)CC3=CC=CC=C3)C(=O)O)C,0
SAFE_2136,CCO,0
SAFE_3652,C(C(=O)O)N,0
TOXIC_659,c1ccccc1,1
TOXIC_852,ClC=C,1
SAFE_3870,CC(=O)OC1=CC=CC=C1C(=O)O,0
TOXIC_4244,ClC=C,1
SAFE_3031,CC(=O)NC1=CC=C(O)C=C1,0
SAFE_3670,C(C(CO)O)O,0
TOXIC_1856,ClC(Cl)(Cl)Cl,1
SAFE_212,CC(C)CC1=CC=C(C=C1)C(C)C(=O)O,0
TOXIC_1987,c1ccccc1,1
TOXIC_1218,NN,1
SAFE_1601,C(=O)(N)N,0
SAFE_993,CN1C=NC2=C1C(=O)N(C(=O)N2C)C,0
TOXIC_3362,NN,1
TOXIC_4488,CC(C)OP(=O)(C)F,1
TOXIC_1748,ClC=C,1
TOXIC_923,[Hg],1
TOXIC_4013,CC1=CC=C(C=C1)C2=CC(=NN2C3=CC=C(C=C3)S(=O)(=O)C)C(F)(F)F,1
SAFE_921,CCO,0
TOXIC_2309,C=O,1
TOXIC_753,ClC(Cl)Cl,1
TOXIC_4123,[Hg],1
TOXIC_4914,NN,1
TOXIC_1252,ClC=C,1
TOXIC_337,ClC(Cl)Cl,1
SAFE_1147,C(C(=O)O)N,0
TOXIC_2038,CN(N=O)C,1
TOXIC_881,ClC(Cl)Cl,1
TOXIC_3587,c1ccccc1,1
SAFE_2361,CCO,0
TOXIC_1478,CN(N=O)C,1
SAFE_2924,CC1=CN=C(C(=C1OC)C)CS(=O)C2=NC3=C(N2)C=C(C=C3)OC,0
SAFE_3198,CN1C=NC2=C1C(=O)N(C(=O)N2C)C,0
SAFE_4415,CN(C)C(=N)N,0
TOXIC_3612,[Pb],1
SAFE_3698,C(C1C(C(C(C(O1)O)O)O)O)O,0
SAFE_2049,CC(=O)O,0
TOXIC_4918,CN(N=O)C,1
SAFE_238,C1CC(N(C1)C(=O)C(CC2=CC=CC=C2)NC(=O)C(CC3=CC=CC=C3)N)C(=O)O,0
SAFE_922,C(C(=O)O)N,0
SAFE_181,CC(=O)NC1=CC=C(O)C=C1,0
TOXIC_4347,[Hg],1
SAFE_3989,CC1=CN=C(C(=C1OC)C)CS(=O)C2=NC3=C(N2)C=C(C=C3)OC,0
SAFE_4902,CC1(C(N2C(S1)C(C2=O)NC(=O)CC3=CC=CC=C3)C(=O)O)C,0
SAFE_4343,C(C1C(C(C(C(O1)O)O)O)O)O,0
TOXIC_785,ClC(Cl)Cl,1
SAFE_4478,C(C1C(C(C(C(O1)O)O)O)O)O,0
TOXIC_2048,ClC(Cl)(Cl)Cl,1
TOXIC_4410,O=[As]O[As]=O,1
TOXIC_1053,CC1=CC=C(C=C1)C2=CC(=NN2C3=CC=C(C=C3)S(=O)(=O)C)C(F)(F)F,1
SAFE_3336,CCO,0
SAFE_3062,CC(C)CC1=CC=C(C=C1)C(C)C(=O)O,0
SAFE_1037,CC(C)CC1=CC=C(C=C1)C(C)C(=O)O,0
SAFE_1188,CN1C=NC2=C1C(=O)N(C(=O)N2C)C,0
TOXIC_1860,ClC=C,1
SAFE_3762,CC1(C(N2C(S1)C(C2=O)NC(=O)CC3=CC=CC=C3)C(=O)O)C,0
SAFE_2131,CC(=O)NC1=CC=C(O)C=C1,0
TOXIC_1017,N#C,1
TOXIC_4065,ClC(Cl)Cl,1
TOXIC_3169,ClC(Cl)Cl,1
TOXIC_1069,CC1=CC=C(C=C1)C2=CC(=NN2C3=CC=C(C=C3)S(=O)(=O)C)C(F)(F)F,1
SAFE_3291,CCO,0
SAFE_1089,CC(=O)O,0
TOXIC_2463,CCN(CC)C(=S)SSC(=S)N(CC)CC,1
SAFE_4708,C1CC(N(C1)C(=O)C(CC2=CC=CC=C2)NC(=O)C(CC3=CC=CC=C3)N)C(=O)O,0
TOXIC_3026,NN,1
SAFE_515,CN(C)C(=N)N,0
TOXIC_4880,ClC(Cl)(Cl)Cl,1
SAFE_2009,CC1=CN=C(C(=C1OC)C)CS(=O)C2=NC3=C(N2)C=C(C=C3)OC,0
SAFE_1574,CC1=CN=C(C(=C1OC)C)CS(=O)C2=NC3=C(N2)C=C(C=C3)OC,0
SAFE_2256,CCO,0
TOXIC_2781,CC1=CC=C(C=C1)C2=CC(=NN2C3=CC=C(C=C3)S(=O)(=O)C)C(F)(F)F,1
SAFE_1979,CC1=CN=C(C(=C1OC)C)CS(=O)C2=NC3=C(N2)C=C(C=C3)OC,0
TOXIC_89,N#C,1
SAFE_1159,COC1=CC=C(C=C1)C(C)C(=O)O,0
SAFE_1558,C1CC(N(C1)C(=O)C(CC2=CC=CC=C2)NC(=O)C(CC3=CC=CC=C3)N)C(=O)O,0
SAFE_302,CC(C)CC1=CC=C(C=C1)C(C)C(=O)O,0
SAFE_3636,CCO,0
TOXIC_3517,CC1=CC=C(C=C1)C2=CC(=NN2C3=CC=C(C=C3)S(=O)(=O)C)C(F)(F)F,1
SAFE_24,CC(=O)O,0
SAFE_4147,C(C(=O)O)N,0
TOXIC_3337,N#C,1
SAFE_3700,C(C(CO)O)O,0
TOXIC_4491,[Hg],1
SAFE_1881,CCO,0
TOXIC_823,CCOP(=S)(OCC)Oc1ccc(cc1)[N+](=O)[O-],1
TOXIC_579,c1ccccc1,1
TOXIC_2710,CN(N=O)C,1
TOXIC_4292,ClC=C,1
SAFE_2709,CC(=O)O,0
TOXIC_1730,NN,1
TOXIC_4412,[Pb],1
SAFE_3098,C(C1C(C(C(C(O1)O)O)O)O)O,0
SAFE_3034,COC1=CC=C(C=C1)C(C)C(=O)O,0
TOXIC_3566,CC1=CC=C(C=C1)C(=O)NC2=CC=CC=C2,1
SAFE_3667,C(C(=O)O)N,0
TOXIC_2297,N#C,1
TOXIC_1536,ClC(Cl)(Cl)Cl,1
TOXIC_1452,[Pb],1
TOXIC_477,CC1=CC=C(C=C1)C2=CC(=NN2C3=CC=C(C=C3)S(=O)(=O)C)C(F)(F)F,1
SAFE_4773,CN1C=NC2=C1C(=O)N(C(=O)N2C)C,0
TOXIC_3829,C=O,1
TOXIC_91,[Hg],1
SAFE_3047,CC(C)CC1=CC=C(C=C1)C(C)C(=O)O,0
SAFE_2238,CN1C=NC2=C1C(=O)N(C(=O)N2C)C,0
TOXIC_120,CC(C)OP(=O)(C)F,1
SAFE_2397,CC1(C(N2C(S1)C(C2=O)NC(=O)CC3=CC=CC=C3)C(=O)O)C,0
TOXIC_1718,CN(N=O)C,1
TOXIC_415,CCN(CC)C(=S)SSC(=S)N(CC)CC,1
SAFE_782,CC(C)CC1=CC=C(C=C1)C(C)C(=O)O,0
TOXIC_2368,ClC(Cl)(Cl)Cl,1
TOXIC_4115,c1ccccc1,1
TOXIC_1396,ClC=C,1
SAFE_1425,CC(=O)OC1=CC=CC=C1C(=O)O,0
SAFE_3037,C(C(=O)O)N,0
TOXIC_3728,ClC(Cl)(Cl)Cl,1
SAFE_4472,CC(C)CC1=CC=C(C=C1)C(C)C(=O)O,0
TOXIC_1135,CCN(CC)C(=S)SSC(=S)N(CC)CC,1
SAFE_1251,CCO,0
TOXIC_569,N#C,1
TOXIC_1858,NN,1
SAFE_115,C(C(CO)O)O,0
TOXIC_4769,ClC(Cl)Cl,1
SAFE_3036,CCO,0
TOXIC_4832,ClC(Cl)(Cl)Cl,1
TOXIC_1936,ClC(Cl)(Cl)Cl,1
TOXIC_3977,N#C,1
SAFE_4917,CC1(C(N2C(S1)C(C2=O)NC(=O)CC3=CC=CC=C3)C(=O)O)C,0
SAFE_4887,CC1(C(N2C(S1)C(C2=O)NC(=O)CC3=CC=CC=C3)C(=O)O)C,0
SAFE_2834,CC1=CN=C(C(=C1OC)C)CS(=O)C2=NC3=C(N2)C=C(C=C3)OC,0
SAFE_1497,CC1(C(N2C(S1)C(C2=O)NC(=O)CC3=CC=CC=C3)C(=O)O)C,0
TOXIC_3341,CC1=CC=C(C=C1)C2=CC(=NN2C3=CC=C(C=C3)S(=O)(=O)C)C(F)(F)F,1
SAFE_2628,CN1C=NC2=C1C(=O)N(C(=O)N2C)C,0
SAFE_416,C(=O)(N)N,0
SAFE_1605,CC(=O)OC1=CC=CC=C1C(=O)O,0
SAFE_3201,CCO,0
SAFE_2173,C1CC(N(C1)C(=O)C(CC2=CC=CC=C2)NC(=O)C(CC3=CC=CC=C3)N)C(=O)O,0
SAFE_1866,CCO,0
TOXIC_967,CCOP(=S)(OCC)Oc1ccc(cc1)[N+](=O)[O-],1
TOXIC_3071,CCN(CC)C(=S)SSC(=S)N(CC)CC,1
SAFE_2872,C(C(=O)O)N,0
SAFE_4213,C1CC(N(C1)C(=O)C(CC2=CC=CC=C2)NC(=O)C(CC3=CC=CC=C3)N)C(=O)O,0
SAFE_4172,CC(C)CC1=CC=C(C=C1)C(C)C(=O)O,0
SAFE_4431,CCO,0
TOXIC_1554,NN,1
TOXIC_4032,ClC(Cl)(Cl)Cl,1
TOXIC_4062,CC1=CC=C(C=C1)C(=O)NC2=CC=CC=C2,1
SAFE_642,CC1(C(N2C(S1)C(C2=O)NC(=O)CC3=CC=CC=C3)C(=O)O)C,0
SAFE_2218,C1CC(N(C1)C(=O)C(CC2=CC=CC=C2)NC(=O)C(CC3=CC=CC=C3)N)C(=O)O,0
TOXIC_776,CC(C)OP(=O)(C)F,1
TOXIC_3798,CN(N=O)C,1
SAFE_2678,C(C1C(C(C(C(O1)O)O)O)O)O,0
TOXIC_2551,CCOP(=S)(OCC)Oc1ccc(cc1)[N+](=O)[O-],1
TOXIC_4355,c1ccccc1,1
SAFE_4458,CN1C=NC2=C1C(=O)N(C(=O)N2C)C,0
TOXIC_300,[Pb],1
SAFE_2701,CC(=O)NC1=CC=C(O)C=C1,0
TOXIC_1631,CCN(CC)C(=S)SSC(=S)N(CC)CC,1
SAFE_156,CCO,0
TOXIC_2600,CC(C)OP(=O)(C)F,1
TOXIC_950,CN(N=O)C,1
TOXIC_2967,CCOP(=S)(OCC)Oc1ccc(cc1)[N+](=O)[O-],1
SAFE_1472,CC(C)CC1=CC=C(C=C1)C(C)C(=O)O,0
TOXIC_2319,CCN(CC)C(=S)SSC(=S)N(CC)CC,1
SAFE_3104,CC1=CN=C(C(=C1OC)C)CS(=O)C2=NC3=C(N2)C=C(C=C3)OC,0
SAFE_1992,CC1(C(N2C(S1)C(C2=O)NC(=O)CC3=CC=CC=C3)C(=O)O)C,0
TOXIC_2912,ClC(Cl)(Cl)Cl,1
SAFE_4785,CC(=O)OC1=CC=CC=C1C(=O)O,0
TOXIC_2254,CC1=CC=C(C=C1)C(=O)NC2=CC=CC=C2,1
TOXIC_441,N#C,1
TOXIC_1588,ClC=C,1
SAFE_1648,C1CC(N(C1)C(=O)C(CC2=CC=CC=C2)NC(=O)C(CC3=CC=CC=C3)N)C(=O)O,0
SAFE_895,C(C(CO)O)O,0
TOXIC_576,ClC(Cl)(Cl)Cl,1
TOXIC_3606,CN(N=O)C,1
TOXIC_1028,ClC=C,1
TOXIC_2955,[Hg],1
SAFE_4253,C(C1C(C(C(C(O1)O)O)O)O)O,0
SAFE_203,C(C1C(C(C(C(O1)O)O)O)O)O,0
TOXIC_4482,NN,1
TOXIC_4928,ClC(Cl)(Cl)Cl,1
TOXIC_1736,CC(C)OP(=O)(C)F,1
TOXIC_3393,ClC(Cl)Cl,1
SAFE_555,CC(=O)OC1=CC=CC=C1C(=O)O,0
SAFE_2315,CN(C)C(=N)N,0
SAFE_1174,COC1=CC=C(C=C1)C(C)C(=O)O,0
SAFE_1491,CCO,0
SAFE_215,CN(C)C(=N)N,0
TOXIC_4895,CCN(CC)C(=S)SSC(=S)N(CC)CC,1
SAFE_4050,CC(=O)OC1=CC=CC=C1C(=O)O,0
TOXIC_143,CCN(CC)C(=S)SSC(=S)N(CC)CC,1
SAFE_3538,C1CC(N(C1)C(=O)C(CC2=CC=CC=C2)NC(=O)C(CC3=CC=CC=C3)N)C(=O)O,0
SAFE_1448,C(C1C(C(C(C(O1)O)O)O)O)O,0
TOXIC_4966,CN(N=O)C,1
SAFE_972,CC1(C(N2C(S1)C(C2=O)NC(=O)CC3=CC=CC=C3)C(=O)O)C,0
TOXIC_4840,CC(C)OP(=O)(C)F,1
TOXIC_1247,CCN(CC)C(=S)SSC(=S)N(CC)CC,1
SAFE_3534,CC(=O)O,0
SAFE_4059,CC(=O)O,0
SAFE_4993,C1CC(N(C1)C(=O)C(CC2=CC=CC=C2)NC(=O)C(CC3=CC=CC=C3)N)C(=O)O,0
TOXIC_3944,CC(C)OP(=O)(C)F,1
SAFE_80,CN(C)C(=N)N,0
TOXIC_241,ClC(Cl)Cl,1
TOXIC_4481,ClC(Cl)Cl,1
SAFE_385,C(C(CO)O)O,0
TOXIC_3013,C=O,1
SAFE_1860,CC(=O)OC1=CC=CC=C1C(=O)O,0
TOXIC_922,O=[As]O[As]=O,1
SAFE_1672,C(C(=O)O)N,0
SAFE_3011,C(=O)(N)N,0
TOXIC_1378,NN,1
TOXIC_3860,ClC=C,1
SAFE_1687,C(C(=O)O)N,0
SAFE_1598,C(C1C(C(C(C(O1)O)O)O)O)O,0
TOXIC_767,CCN(CC)C(=S)SSC(=S)N(CC)CC,1
SAFE_790,C(C(CO)O)O,0
SAFE_3343,C1CC(N(C1)C(=O)C(CC2=CC=CC=C2)NC(=O)C(CC3=CC=CC=C3)N)C(=O)O,0
SAFE_1566,CCO,0
SAFE_3556,CC(=O)NC1=CC=C(O)C=C1,0
SAFE_191,C(=O)(N)N,0
SAFE_2718,CN1C=NC2=C1C(=O)N(C(=O)N2C)C,0
SAFE_3995,CN(C)C(=N)N,0
SAFE_3050,CN(C)C(=N)N,0
SAFE_1140,CC(=O)OC1=CC=CC=C1C(=O)O,0
SAFE_3200,CN(C)C(=N)N,0
SAFE_1105,C(C(CO)O)O,0
SAFE_3973,C1CC(N(C1)C(=O)C(CC2=CC=CC=C2)NC(=O)C(CC3=CC=CC=C3)N)C(=O)O,0
TOXIC_1276,[Pb],1
TOXIC_3085,CC1=CC=C(C=C1)C2=CC(=NN2C3=CC=C(C=C3)S(=O)(=O)C)C(F)(F)F,1
SAFE_4888,C1CC(N(C1)C(=O)C(CC2=CC=CC=C2)NC(=O)C(CC3=CC=CC=C3)N)C(=O)O,0
TOXIC_3507,c1ccccc1,1
TOXIC_3661,CC1=CC=C(C=C1)C2=CC(=NN2C3=CC=C(C=C3)S(=O)(=O)C)C(F)(F)F,1
SAFE_692,CC(C)CC1=CC=C(C=C1)C(C)C(=O)O,0
TOXIC_4102,CN(N=O)C,1
SAFE_4460,CN(C)C(=N)N,0
SAFE_2645,CN(C)C(=N)N,0
SAFE_584,CC1=CN=C(C(=C1OC)C)CS(=O)C2=NC3=C(N2)C=C(C=C3)OC,0
SAFE_637,C(C(=O)O)N,0
SAFE_4287,CC1(C(N2C(S1)C(C2=O)NC(=O)CC3=CC=CC=C3)C(=O)O)C,0
SAFE_4651,CC(=O)NC1=CC=C(O)C=C1,0
TOXIC_4744,CC(C)OP(=O)(C)F,1
SAFE_1279,COC1=CC=C(C=C1)C(C)C(=O)O,0
SAFE_2446,CC(=O)NC1=CC=C(O)C=C1,0
SAFE_319,COC1=CC=C(C=C1)C(C)C(=O)O,0
SAFE_316,CC(=O)NC1=CC=C(O)C=C1,0
TOXIC_525,CC1=CC=C(C=C1)C2=CC(=NN2C3=CC=C(C=C3)S(=O)(=O)C)C(F)(F)F,1
SAFE_3662,CC(C)CC1=CC=C(C=C1)C(C)C(=O)O,0
TOXIC_2305,ClC(Cl)Cl,1
SAFE_4219,COC1=CC=C(C=C1)C(C)C(=O)O,0
TOXIC_2410,O=[As]O[As]=O,1
TOXIC_3915,[Hg],1
SAFE_625,C(C(CO)O)O,0
TOXIC_653,CC1=CC=C(C=C1)C2=CC(=NN2C3=CC=C(C=C3)S(=O)(=O)C)C(F)(F)F,1
SAFE_4376,C(=O)(N)N,0
SAFE_489,CC(=O)O,0
SAFE_4503,CN1C=NC2=C1C(=O)N(C(=O)N2C)C,0
TOXIC_697,N#C,1
TOXIC_4476,[Pb],1
SAFE_759,CC(=O)O,0
SAFE_282,CC1(C(N2C(S1)C(C2=O)NC(=O)CC3=CC=CC=C3)C(=O)O)C,0
SAFE_3500,CN(C)C(=N)N,0
TOXIC_4962,NN,1
SAFE_3230,CN(C)C(=N)N,0
SAFE_4928,C(C1C(C(C(C(O1)O)O)O)O)O,0
TOXIC_4346,O=[As]O[As]=O,1
TOXIC_1530,O=[As]O[As]=O,1
TOXIC_1323,[Hg],1
TOXIC_4731,[Hg],1
TOXIC_2221,CC1=CC=C(C=C1)C2=CC(=NN2C3=CC=C(C=C3)S(=O)(=O)C)C(F)(F)F,1
TOXIC_534,CN(N=O)C,1
SAFE_2497,C(C(=O)O)N,0
SAFE_3484,COC1=CC=C(C=C1)C(C)C(=O)O,0
TOXIC_1317,C=O,1
TOXIC_3387,[Hg],1
TOXIC_1923,c1ccccc1,1
SAFE_4281,CCO,0
SAFE_4401,CCO,0
SAFE_4404,CC(=O)O,0
SAFE_814,COC1=CC=C(C=C1)C(C)C(=O)O,0
TOXIC_3495,CCOP(=S)(OCC)Oc1ccc(cc1)[N+](=O)[O-],1
TOXIC_2811,[Hg],1
TOXIC_564,ClC=C,1
SAFE_4409,CC1=CN=C(C(=C1OC)C)CS(=O)C2=NC3=C(N2)C=C(C=C3)OC,0
TOXIC_943,CCN(CC)C(=S)SSC(=S)N(CC)CC,1
TOXIC_342,CN(N=O)C,1
SAFE_4663,C1CC(N(C1)C(=O)C(CC2=CC=CC=C2)NC(=O)C(CC3=CC=CC=C3)N)C(=O)O,0
TOXIC_4444,[Pb],1
SAFE_1635,CC(=O)OC1=CC=CC=C1C(=O)O,0
SAFE_4289,CC1=CN=C(C(=C1OC)C)CS(=O)C2=NC3=C(N2)C=C(C=C3)OC,0
SAFE_3853,C1CC(N(C1)C(=O)C(CC2=CC=CC=C2)NC(=O)C(CC3=CC=CC=C3)N)C(=O)O,0
TOXIC_4128,ClC(Cl)(Cl)Cl,1
TOXIC_3267,c1ccccc1,1
TOXIC_1175,CCOP(=S)(OCC)Oc1ccc(cc1)[N+](=O)[O-],1
TOXIC_3491,c1ccccc1,1
SAFE_2355,CC(=O)OC1=CC=CC=C1C(=O)O,0
TOXIC_1275,[Hg],1
TOXIC_1669,C=O,1
SAFE_4524,CC(=O)O,0
TOXIC_465,ClC(Cl)Cl,1
TOXIC_4015,CCN(CC)C(=S)SSC(=S)N(CC)CC,1
SAFE_21,CCO,0
SAFE_107,CC(C)CC1=CC=C(C=C1)C(C)C(=O)O,0
TOXIC_2647,CCOP(=S)(OCC)Oc1ccc(cc1)[N+](=O)[O-],1
TOXIC_461,CC1=CC=C(C=C1)C2=CC(=NN2C3=CC=C(C=C3)S(=O)(=O)C)C(F)(F)F,1
SAFE_1298,C(C1C(C(C(C(O1)O)O)O)O)O,0
SAFE_4240,C(C(CO)O)O,0
SAFE_2852,CC(C)CC1=CC=C(C=C1)C(C)C(=O)O,0
TOXIC_2502,CN(N=O)C,1
SAFE_3972,CC1(C(N2C(S1)C(C2=O)NC(=O)CC3=CC=CC=C3)C(=O)O)C,0
SAFE_927,CC1(C(N2C(S1)C(C2=O)NC(=O)CC3=CC=CC=C3)C(=O)O)C,0
TOXIC_2397,CC1=CC=C(C=C1)C2=CC(=NN2C3=CC=C(C=C3)S(=O)(=O)C)C(F)(F)F,1
TOXIC_4039,CCOP(=S)(OCC)Oc1ccc(cc1)[N+](=O)[O-],1
SAFE_1810,C(C(CO)O)O,0
TOXIC_3212,[Pb],1
TOXIC_4439,CCOP(=S)(OCC)Oc1ccc(cc1)[N+](=O)[O-],1
TOXIC_2014,CC1=CC=C(C=C1)C(=O)NC2=CC=CC=C2,1
TOXIC_4354,NN,1
SAFE_380,CN(C)C(=N)N,0
TOXIC_3488,ClC(Cl)(Cl)Cl,1
SAFE_3400,C(C(CO)O)O,0
TOXIC_974,CC1=CC=C(C=C1)C(=O)NC2=CC=CC=C2,1
SAFE_3334,COC1=CC=C(C=C1)C(C)C(=O)O,0
SAFE_1510,C(C(CO)O)O,0
SAFE_2869,COC1=CC=C(C=C1)C(C)C(=O)O,0
SAFE_1997,CC(C)CC1=CC=C(C=C1)C(C)C(=O)O,0
SAFE_4307,CC(C)CC1=CC=C(C=C1)C(C)C(=O)O,0
TOXIC_3377,ClC(Cl)Cl,1
SAFE_304,COC1=CC=C(C=C1)C(C)C(=O)O,0
TOXIC_892,[Pb],1
TOXIC_3898,O=[As]O[As]=O,1
SAFE_1103,C(C1C(C(C(C(O1)O)O)O)O)O,0
TOXIC_3288,CC(C)OP(=O)(C)F,1
SAFE_3659,CC1=CN=C(C(=C1OC)C)CS(=O)C2=NC3=C(N2)C=C(C=C3)OC,0
SAFE_4633,C1CC(N(C1)C(=O)C(CC2=CC=CC=C2)NC(=O)C(CC3=CC=CC=C3)N)C(=O)O,0
SAFE_2980,C(C(CO)O)O,0
SAFE_4205,CN(C)C(=N)N,0
TOXIC_2776,CC(C)OP(=O)(C)F,1
TOXIC_1321,N#C,1
SAFE_1451,C(=O)(N)N,0
TOXIC_3063,CCOP(=S)(OCC)Oc1ccc(cc1)[N+](=O)[O-],1
TOXIC_764,[Pb],1
TOXIC_1985,ClC(Cl)Cl,1
SAFE_3298,C1CC(N(C1)C(=O)C(CC2=CC=CC=C2)NC(=O)C(CC3=CC=CC=C3)N)C(=O)O,0
TOXIC_2729,N#C,1
TOXIC_981,C=O,1
TOXIC_1911,CCOP(=S)(OCC)Oc1ccc(cc1)[N+](=O)[O-],1
SAFE_1530,CC(=O)OC1=CC=CC=C1C(=O)O,0
SAFE_259,COC1=CC=C(C=C1)C(C)C(=O)O,0
TOXIC_395,[Hg],1
TOXIC_3873,ClC(Cl)Cl,1
TOXIC_3979,[Hg],1
TOXIC_2987,[Hg],1
TOXIC_4086,CN(N=O)C,1
TOXIC_3717,C=O,1
SAFE_4126,CC(=O)NC1=CC=C(O)C=C1,0
SAFE_3787,C(C(=O)O)N,0
TOXIC_3835,[Hg],1
TOXIC_716,[Pb],1
SAFE_4357,C(C(=O)O)N,0
TOXIC_3674,O=[As]O[As]=O,1
SAFE_3251,C(=O)(N)N,0
SAFE_1901,C(=O)(N)N,0
SAFE_1836,CCO,0
TOXIC_2574,CC1=CC=C(C=C1)C(=O)NC2=CC=CC=C2,1
SAFE_3253,C1CC(N(C1)C(=O)C(CC2=CC=CC=C2)NC(=O)C(CC3=CC=CC=C3)N)C(=O)O,0
TOXIC_355,c1ccccc1,1
SAFE_3365,CN(C)C(=N)N,0
SAFE_3313,C1CC(N(C1)C(=O)C(CC2=CC=CC=C2)NC(=O)C(CC3=CC=CC=C3)N)C(=O)O,0
TOXIC_3139,c1ccccc1,1
SAFE_289,COC1=CC=C(C=C1)C(C)C(=O)O,0
SAFE_691,CC(=O)NC1=CC=C(O)C=C1,0
TOXIC_223,CCN(CC)C(=S)SSC(=S)N(CC)CC,1
SAFE_4127,CC(C)CC1=CC=C(C=C1)C(C)C(=O)O,0
SAFE_961,CC(=O)NC1=CC=C(O)C=C1,0
SAFE_3642,CC1(C(N2C(S1)C(C2=O)NC(=O)CC3=CC=CC=C3)C(=O)O)C,0
SAFE_3227,CC(C)CC1=CC=C(C=C1)C(C)C(=O)O,0
SAFE_3754,COC1=CC=C(C=C1)C(C)C(=O)O,0
SAFE_4131,CCO,0
SAFE_826,CC(=O)NC1=CC=C(O)C=C1,0
TOXIC_903,CCOP(=S)(OCC)Oc1ccc(cc1)[N+](=O)[O-],1
SAFE_2178,CN1C=NC2=C1C(=O)N(C(=O)N2C)C,0
TOXIC_645,C=O,1
SAFE_354,CC(=O)O,0
TOXIC_714,O=[As]O[As]=O,1
TOXIC_4153,N#C,1
SAFE_2610,CC(=O)OC1=CC=CC=C1C(=O)O,0
SAFE_1240,C(C(CO)O)O,0
TOXIC_1160,CC(C)OP(=O)(C)F,1
TOXIC_3343,CCN(CC)C(=S)SSC(=S)N(CC)CC,1
TOXIC_893,CC1=CC=C(C=C1)C2=CC(=NN2C3=CC=C(C=C3)S(=O)(=O)C)C(F)(F)F,1
SAFE_4868,C(C1C(C(C(C(O1)O)O)O)O)O,0
SAFE_2153,C(C1C(C(C(C(O1)O)O)O)O)O,0
TOXIC_603,[Hg],1
SAFE_3435,CC(=O)OC1=CC=CC=C1C(=O)O,0
TOXIC_3524,ClC=C,1
SAFE_1862,CC(C)CC1=CC=C(C=C1)C(C)C(=O)O,0
TOXIC_4429,CC1=CC=C(C=C1)C2=CC(=NN2C3=CC=C(C=C3)S(=O)(=O)C)C(F)(F)F,1
TOXIC_3318,CN(N=O)C,1
TOXIC_2557,CC1=CC=C(C=C1)C2=CC(=NN2C3=CC=C(C=C3)S(=O)(=O)C)C(F)(F)F,1
TOXIC_1284,ClC=C,1
TOXIC_766,CC1=CC=C(C=C1)C(=O)NC2=CC=CC=C2,1
SAFE_1507,C(C(=O)O)N,0
SAFE_2898,CN1C=NC2=C1C(=O)N(C(=O)N2C)C,0
SAFE_3569,CC1=CN=C(C(=C1OC)C)CS(=O)C2=NC3=C(N2)C=C(C=C3)OC,0
SAFE_4774,COC1=CC=C(C=C1)C(C)C(=O)O,0
TOXIC_2799,CCN(CC)C(=S)SSC(=S)N(CC)CC,1
TOXIC_4679,CCOP(=S)(OCC)Oc1ccc(cc1)[N+](=O)[O-],1
TOXIC_2016,ClC(Cl)(Cl)Cl,1
SAFE_4149,CC(=O)O,0
SAFE_4919,CC1=CN=C(C(=C1OC)C)CS(=O)C2=NC3=C(N2)C=C(C=C3)OC,0
TOXIC_3440,ClC(Cl)(Cl)Cl,1
SAFE_514,COC1=CC=C(C=C1)C(C)C(=O)O,0
SAFE_3625,C(C(CO)O)O,0
TOXIC_3947,[Hg],1
SAFE_4091,C(=O)(N)N,0
TOXIC_1244,[Pb],1
TOXIC_1558,CN(N=O)C,1
SAFE_2522,CC(C)CC1=CC=C(C=C1)C(C)C(=O)O,0
SAFE_1275,CC(=O)OC1=CC=CC=C1C(=O)O,0
TOXIC_2848,ClC(Cl)(Cl)Cl,1
SAFE_4653,CN1C=NC2=C1C(=O)N(C(=O)N2C)C,0
TOXIC_2387,c1ccccc1,1
SAFE_1512,CC1(C(N2C(S1)C(C2=O)NC(=O)CC3=CC=CC=C3)C(=O)O)C,0
TOXIC_1865,N#C,1
SAFE_2793,CN1C=NC2=C1C(=O)N(C(=O)N2C)C,0
SAFE_1523,C(C1C(C(C(C(O1)O)O)O)O)O,0
SAFE_3772,C(C(=O)O)N,0
SAFE_1880,CN(C)C(=N)N,0
SAFE_1889,CC1=CN=C(C(=C1OC)C)CS(=O)C2=NC3=C(N2)C=C(C=C3)OC,0
TOXIC_3323,[Hg],1
TOXIC_4085,C=O,1
TOXIC_632,CC(C)OP(=O)(C)F,1
TOXIC_3363,c1ccccc1,1
TOXIC_1934,CC1=CC=C(C=C1)C(=O)NC2=CC=CC=C2,1
TOXIC_392,CC(C)OP(=O)(C)F,1
SAFE_1047,CC1(C(N2C(S1)C(C2=O)NC(=O)CC3=CC=CC=C3)C(=O)O)C,0
TOXIC_2786,NN,1
TOXIC_500,ClC=C,1
TOXIC_3219,c1ccccc1,1
TOXIC_4854,CN(N=O)C,1
SAFE_3323,C(C1C(C(C(C(O1)O)O)O)O)O,0
SAFE_2406,CCO,0
TOXIC_1841,ClC(Cl)Cl,1
SAFE_2795,CN(C)C(=N)N,0
TOXIC_148,ClC=C,1
TOXIC_403,c1ccccc1,1
SAFE_4946,C(=O)(N)N,0
TOXIC_1493,C=O,1
SAFE_3601,CC(=O)NC1=CC=C(O)C=C1,0
TOXIC_3778,NN,1
SAFE_3818,C(C1C(C(C(C(O1)O)O)O)O)O,0
TOXIC_1539,c1ccccc1,1
SAFE_3144,CC(=O)O,0
SAFE_2599,COC1=CC=C(C=C1)C(C)C(=O)O,0
TOXIC_2852,ClC=C,1
TOXIC_1436,[Pb],1
SAFE_3588,CN1C=NC2=C1C(=O)N(C(=O)N2C)C,0
TOXIC_1120,ClC(Cl)(Cl)Cl,1
SAFE_1837,C(C(=O)O)N,0
TOXIC_388,ClC=C,1
TOXIC_378,O=[As]O[As]=O,1
TOXIC_19,c1ccccc1,1
SAFE_1587,CC1(C(N2C(S1)C(C2=O)NC(=O)CC3=CC=CC=C3)C(=O)O)C,0
SAFE_4420,C(C(CO)O)O,0
TOXIC_1074,NN,1
TOXIC_2654,CC1=CC=C(C=C1)C(=O)NC2=CC=CC=C2,1
TOXIC_2363,[Hg],1
TOXIC_2061,CC1=CC=C(C=C1)C2=CC(=NN2C3=CC=C(C=C3)S(=O)(=O)C)C(F)(F)F,1
SAFE_614,CC1=CN=C(C(=C1OC)C)CS(=O)C2=NC3=C(N2)C=C(C=C3)OC,0
SAFE_4818,CN1C=NC2=C1C(=O)N(C(=O)N2C)C,0
SAFE_2291,C(=O)(N)N,0
SAFE_390,CC(=O)OC1=CC=CC=C1C(=O)O,0
TOXIC_4953,N#C,1
SAFE_4167,CC1(C(N2C(S1)C(C2=O)NC(=O)CC3=CC=CC=C3)C(=O)O)C,0
TOXIC_1543,CCOP(=S)(OCC)Oc1ccc(cc1)[N+](=O)[O-],1
TOXIC_1011,c1ccccc1,1
TOXIC_2290,NN,1
TOXIC_3628,[Pb],1
SAFE_4921,CC(=O)NC1=CC=C(O)C=C1,0
TOXIC_3402,O=[As]O[As]=O,1
SAFE_1121,C(=O)(N)N,0
TOXIC_4147,c1ccccc1,1
SAFE_3974,CC1=CN=C(C(=C1OC)C)CS(=O)C2=NC3=C(N2)C=C(C=C3)OC,0
SAFE_4388,C(C1C(C(C(C(O1)O)O)O)O)O,0
SAFE_3183,CN1C=NC2=C1C(=O)N(C(=O)N2C)C,0
SAFE_4683,CN1C=NC2=C1C(=O)N(C(=O)N2C)C,0
SAFE_1351,CC(=O)NC1=CC=C(O)C=C1,0
TOXIC_1901,CC1=CC=C(C=C1)C2=CC(=NN2C3=CC=C(C=C3)S(=O)(=O)C)C(F)(F)F,1
TOXIC_8,CC(C)OP(=O)(C)F,1
SAFE_3834,CC(=O)O,0
SAFE_453,CN1C=NC2=C1C(=O)N(C(=O)N2C)C,0
SAFE_4814,CC1=CN=C(C(=C1OC)C)CS(=O)C2=NC3=C(N2)C=C(C=C3)OC,0
TOXIC_4456,CC(C)OP(=O)(C)F,1
TOXIC_3075,c1ccccc1,1
SAFE_321,CCO,0
SAFE_1943,C(C1C(C(C(C(O1)O)O)O)O)O,0
TOXIC_4615,CCOP(=S)(OCC)Oc1ccc(cc1)[N+](=O)[O-],1
SAFE_2855,CN(C)C(=N)N,0
TOXIC_2060,[Pb],1
TOXIC_4190,CC1=CC=C(C=C1)C(=O)NC2=CC=CC=C2,1
TOXIC_791,CCOP(=S)(OCC)Oc1ccc(cc1)[N+](=O)[O-],1
TOXIC_2896,ClC(Cl)(Cl)Cl,1
SAFE_2622,CC1(C(N2C(S1)C(C2=O)NC(=O)CC3=CC=CC=C3)C(=O)O)C,0
SAFE_4212,CC1(C(N2C(S1)C(C2=O)NC(=O)CC3=CC=CC=C3)C(=O)O)C,0
SAFE_4728,CN1C=NC2=C1C(=O)N(C(=O)N2C)C,0
SAFE_2961,CCO,0
TOXIC_1868,[Pb],1
TOXIC_1445,C=O,1
SAFE_1741,CC(=O)NC1=CC=C(O)C=C1,0
TOXIC_3151,CCN(CC)C(=S)SSC(=S)N(CC)CC,1
SAFE_1027,C(C(=O)O)N,0
TOXIC_3172,ClC=C,1
SAFE_3628,C1CC(N(C1)C(=O)C(CC2=CC=CC=C2)NC(=O)C(CC3=CC=CC=C3)N)C(=O)O,0
TOXIC_2857,N#C,1
SAFE_2694,CC(=O)O,0
TOXIC_3458,NN,1
SAFE_1991,C(=O)(N)N,0
SAFE_1145,CN(C)C(=N)N,0
SAFE_836,C(=O)(N)N,0
SAFE_457,C(C(=O)O)N,0
TOXIC_4225,ClC(Cl)Cl,1
SAFE_3507,CC1(C(N2C(S1)C(C2=O)NC(=O)CC3=CC=CC=C3)C(=O)O)C,0
TOXIC_3580,[Pb],1
TOXIC_2454,CN(N=O)C,1
SAFE_4428,CN1C=NC2=C1C(=O)N(C(=O)N2C)C,0
SAFE_992,CC(C)CC1=CC=C(C=C1)C(C)C(=O)O,0
SAFE_729,CC(=O)O,0
TOXIC_15,CCN(CC)C(=S)SSC(=S)N(CC)CC,1
TOXIC_2627,c1ccccc1,1
SAFE_3082,C(C(=O)O)N,0
SAFE_4848,CN1C=NC2=C1C(=O)N(C(=O)N2C)C,0
TOXIC_643,c1ccccc1,1
SAFE_3426,CCO,0
SAFE_1045,C(C(CO)O)O,0
TOXIC_3086,CC1=CC=C(C=C1)C(=O)NC2=CC=CC=C2,1
SAFE_1403,C(C1C(C(C(C(O1)O)O)O)O)O,0
TOXIC_2679,CCOP(=S)(OCC)Oc1ccc(cc1)[N+](=O)[O-],1
SAFE_827,CC(C)CC1=CC=C(C=C1)C(C)C(=O)O,0
SAFE_2075,CN(C)C(=N)N,0
TOXIC_3708,[Pb],1
SAFE_2456,C(=O)(N)N,0
TOXIC_4452,ClC=C,1
TOXIC_3784,CC(C)OP(=O)(C)F,1
SAFE_2084,CC1=CN=C(C(=C1OC)C)CS(=O)C2=NC3=C(N2)C=C(C=C3)OC,0
TOXIC_215,CCOP(=S)(OCC)Oc1ccc(cc1)[N+](=O)[O-],1
TOXIC_4175,CCN(CC)C(=S)SSC(=S)N(CC)CC,1
SAFE_1160,CN(C)C(=N)N,0
TOXIC_1881,N#C,1
TOXIC_3005,CC1=CC=C(C=C1)C2=CC(=NN2C3=CC=C(C=C3)S(=O)(=O)C)C(F)(F)F,1
SAFE_4909,COC1=CC=C(C=C1)C(C)C(=O)O,0
SAFE_744,CC(=O)O,0
SAFE_1276,CC(=O)NC1=CC=C(O)C=C1,0
SAFE_1286,C(=O)(N)N,0
TOXIC_2612,ClC=C,1
TOXIC_57,N#C,1
SAFE_383,C(C1C(C(C(C(O1)O)O)O)O)O,0
TOXIC_4342,CN(N=O)C,1
TOXIC_3236,ClC=C,1
SAFE_1177,C(C(=O)O)N,0
TOXIC_2331,[Hg],1
SAFE_4847,CC(C)CC1=CC=C(C=C1)C(C)C(=O)O,0
TOXIC_2743,CCOP(=S)(OCC)Oc1ccc(cc1)[N+](=O)[O-],1
TOXIC_1463,CCOP(=S)(OCC)Oc1ccc(cc1)[N+](=O)[O-],1
TOXIC_1692,[Pb],1
TOXIC_3999,CCN(CC)C(=S)SSC(=S)N(CC)CC,1
TOXIC_3050,O=[As]O[As]=O,1
SAFE_498,CN1C=NC2=C1C(=O)N(C(=O)N2C)C,0
SAFE_2183,C(C1C(C(C(C(O1)O)O)O)O)O,0
TOXIC_1781,C=O,1
SAFE_1723,C1CC(N(C1)C(=O)C(CC2=CC=CC=C2)NC(=O)C(CC3=CC=CC=C3)N)C(=O)O,0
SAFE_994,COC1=CC=C(C=C1)C(C)C(=O)O,0
SAFE_2174,CC1=CN=C(C(=C1OC)C)CS(=O)C2=NC3=C(N2)C=C(C=C3)OC,0
TOXIC_444,[Pb],1
SAFE_4564,COC1=CC=C(C=C1)C(C)C(=O)O,0
SAFE_1128,CN1C=NC2=C1C(=O)N(C(=O)N2C)C,0
SAFE_4937,CC(C)CC1=CC=C(C=C1)C(C)C(=O)O,0
TOXIC_69,C=O,1
SAFE_4497,CC1(C(N2C(S1)C(C2=O)NC(=O)CC3=CC=CC=C3)C(=O)O)C,0
SAFE_1343,C(C1C(C(C(C(O1)O)O)O)O)O,0
SAFE_4098,CN1C=NC2=C1C(=O)N(C(=O)N2C)C,0
TOXIC_4930,NN,1
TOXIC_3281,ClC(Cl)Cl,1
SAFE_1835,CN(C)C(=N)N,0
SAFE_1725,CC(=O)OC1=CC=CC=C1C(=O)O,0
TOXIC_270,CC1=CC=C(C=C1)C(=O)NC2=CC=CC=C2,1
SAFE_133,C1CC(N(C1)C(=O)C(CC2=CC=CC=C2)NC(=O)C(CC3=CC=CC=C3)N)C(=O)O,0
SAFE_2494,COC1=CC=C(C=C1)C(C)C(=O)O,0
TOXIC_3583,CCN(CC)C(=S)SSC(=S)N(CC)CC,1
SAFE_1855,C(C(CO)O)O,0
SAFE_4373,C(C1C(C(C(C(O1)O)O)O)O)O,0
SAFE_2182,C(C(=O)O)N,0
SAFE_2163,CN1C=NC2=C1C(=O)N(C(=O)N2C)C,0
TOXIC_1178,O=[As]O[As]=O,1
TOXIC_4466,NN,1
TOXIC_660,ClC=C,1
TOXIC_1492,ClC=C,1
TOXIC_4566,CN(N=O)C,1
SAFE_1792,C(C(=O)O)N,0
SAFE_748,C1CC(N(C1)C(=O)C(CC2=CC=CC=C2)NC(=O)C(CC3=CC=CC=C3)N)C(=O)O,0
SAFE_2102,CC(C)CC1=CC=C(C=C1)C(C)C(=O)O,0
SAFE_682,C(C(=O)O)N,0
TOXIC_4750,CC1=CC=C(C=C1)C(=O)NC2=CC=CC=C2,1
SAFE_3637,C(C(=O)O)N,0
SAFE_2853,CN1C=NC2=C1C(=O)N(C(=O)N2C)C,0
SAFE_1026,CCO,0
TOXIC_4470,CN(N=O)C,1
SAFE_3337,C(C(=O)O)N,0
TOXIC_4425,N#C,1
TOXIC_3636,ClC=C,1
SAFE_4613,C(C1C(C(C(C(O1)O)O)O)O)O,0
TOXIC_2553,N#C,1
SAFE_2948,C(C1C(C(C(C(O1)O)O)O)O)O,0
TOXIC_3436,[Pb],1
SAFE_1543,C1CC(N(C1)C(=O)C(CC2=CC=CC=C2)NC(=O)C(CC3=CC=CC=C3)N)C(=O)O,0
TOXIC_3403,[Hg],1
SAFE_1564,COC1=CC=C(C=C1)C(C)C(=O)O,0
SAFE_4988,C(C1C(C(C(C(O1)O)O)O)O)O,0
TOXIC_1591,CCOP(=S)(OCC)Oc1ccc(cc1)[N+](=O)[O-],1
TOXIC_3508,ClC=C,1
TOXIC_182,CN(N=O)C,1
SAFE_3761,C(=O)(N)N,0
TOXIC_2461,CC1=CC=C(C=C1)C2=CC(=NN2C3=CC=C(C=C3)S(=O)(=O)C)C(F)(F)F,1
SAFE_323,C(C1C(C(C(C(O1)O)O)O)O)O,0
SAFE_3947,CC(C)CC1=CC=C(C=C1)C(C)C(=O)O,0
SAFE_1100,CN(C)C(=N)N,0
SAFE_1434,CC(=O)O,0
SAFE_4273,C1CC(N(C1)C(=O)C(CC2=CC=CC=C2)NC(=O)C(CC3=CC=CC=C3)N)C(=O)O,0
SAFE_894,CC(=O)O,0
TOXIC_3957,C=O,1
TOXIC_2214,CN(N=O)C,1
TOXIC_788,ClC=C,1
TOXIC_2013,CC1=CC=C(C=C1)C2=CC(=NN2C3=CC=C(C=C3)S(=O)(=O)C)C(F)(F)F,1
SAFE_4333,C1CC(N(C1)C(=O)C(CC2=CC=CC=C2)NC(=O)C(CC3=CC=CC=C3)N)C(=O)O,0
SAFE_3897,CC1(C(N2C(S1)C(C2=O)NC(=O)CC3=CC=CC=C3)C(=O)O)C,0
SAFE_2025,CC(=O)OC1=CC=CC=C1C(=O)O,0
SAFE_2475,CC(=O)OC1=CC=CC=C1C(=O)O,0
SAFE_184,COC1=CC=C(C=C1)C(C)C(=O)O,0
TOXIC_1809,ClC(Cl)Cl,1
TOXIC_2105,N#C,1
TOXIC_4785,ClC(Cl)Cl,1
TOXIC_2008,CC(C)OP(=O)(C)F,1
TOXIC_2281,N#C,1
TOXIC_2547,c1ccccc1,1
SAFE_1248,CN1C=NC2=C1C(=O)N(C(=O)N2C)C,0
SAFE_1069,COC1=CC=C(C=C1)C(C)C(=O)O,0
TOXIC_1942,CN(N=O)C,1
TOXIC_3305,N#C,1
SAFE_1925,CN(C)C(=N)N,0
TOXIC_3076,ClC=C,1
SAFE_2916,CCO,0
SAFE_54,CC(=O)O,0
SAFE_635,CN(C)C(=N)N,0
TOXIC_3276,[Pb],1
SAFE_4676,C(=O)(N)N,0
TOXIC_1230,CC1=CC=C(C=C1)C(=O)NC2=CC=CC=C2,1
SAFE_1016,C(=O)(N)N,0
SAFE_1193,C(C1C(C(C(C(O1)O)O)O)O)O,0
SAFE_3384,CC(=O)O,0
TOXIC_1416,CC(C)OP(=O)(C)F,1
TOXIC_571,[Hg],1
TOXIC_4387,c1ccccc1,1
TOXIC_3670,CN(N=O)C,1
SAFE_519,CC(=O)O,0
TOXIC_2999,CCOP(=S)(OCC)Oc1ccc(cc1)[N+](=O)[O-],1
TOXIC_2864,ClC(Cl)(Cl)Cl,1
TOXIC_4303,CCN(CC)C(=S)SSC(=S)N(CC)CC,1
SAFE_3694,COC1=CC=C(C=C1)C(C)C(=O)O,0
TOXIC_505,N#C,1
TOXIC_3955,c1ccccc1,1
TOXIC_324,ClC=C,1
TOXIC_2106,O=[As]O[As]=O,1
TOXIC_2326,CN(N=O)C,1
SAFE_4476,CCO,0
TOXIC_2933,C=O,1
TOXIC_4648,CC(C)OP(=O)(C)F,1
TOXIC_382,CC1=CC=C(C=C1)C(=O)NC2=CC=CC=C2,1
TOXIC_4716,[Pb],1
SAFE_4046,C(=O)(N)N,0
TOXIC_3677,CC1=CC=C(C=C1)C2=CC(=NN2C3=CC=C(C=C3)S(=O)(=O)C)C(F)(F)F,1
SAFE_1932,CC1(C(N2C(S1)C(C2=O)NC(=O)CC3=CC=CC=C3)C(=O)O)C,0
TOXIC_353,ClC(Cl)Cl,1
SAFE_3276,CCO,0
SAFE_2659,COC1=CC=C(C=C1)C(C)C(=O)O,0
SAFE_4171,CC(=O)NC1=CC=C(O)C=C1,0
TOXIC_2413,CC1=CC=C(C=C1)C2=CC(=NN2C3=CC=C(C=C3)S(=O)(=O)C)C(F)(F)F,1
TOXIC_2554,O=[As]O[As]=O,1
SAFE_2377,C(C(=O)O)N,0
TOXIC_3907,c1ccccc1,1
SAFE_890,CN(C)C(=N)N,0
TOXIC_2228,ClC=C,1
TOXIC_1562,O=[As]O[As]=O,1
TOXIC_2418,NN,1
SAFE_312,CC1(C(N2C(S1)C(C2=O)NC(=O)CC3=CC=CC=C3)C(=O)O)C,0
TOXIC_1522,NN,1
SAFE_1041,CCO,0
TOXIC_4502,CN(N=O)C,1
SAFE_58,C1CC(N(C1)C(=O)C(CC2=CC=CC=C2)NC(=O)C(CC3=CC=CC=C3)N)C(=O)O,0
SAFE_3520,C(C(CO)O)O,0
SAFE_469,COC1=CC=C(C=C1)C(C)C(=O)O,0
SAFE_1794,CC(=O)O,0
SAFE_877,C(C(=O)O)N,0
TOXIC_1295,CCN(CC)C(=S)SSC(=S)N(CC)CC,1
SAFE_4844,CC1=CN=C(C(=C1OC)C)CS(=O)C2=NC3=C(N2)C=C(C=C3)OC,0
TOXIC_1563,[Hg],1
TOXIC_1707,[Hg],1
TOXIC_1324,[Pb],1
SAFE_240,CC(=O)OC1=CC=CC=C1C(=O)O,0
TOXIC_2684,[Pb],1
SAFE_1518,CN1C=NC2=C1C(=O)N(C(=O)N2C)C,0
SAFE_2272,C(C(=O)O)N,0
TOXIC_362,O=[As]O[As]=O,1
TOXIC_3505,ClC(Cl)Cl,1
TOXIC_3004,[Pb],1
TOXIC_3030,CN(N=O)C,1
TOXIC_3554,NN,1
SAFE_1124,CC1=CN=C(C(=C1OC)C)CS(=O)C2=NC3=C(N2)C=C(C=C3)OC,0
TOXIC_2611,c1ccccc1,1
TOXIC_312,CC(C)OP(=O)(C)F,1
TOXIC_3721,N#C,1
TOXIC_2005,C=O,1
SAFE_2362,C(C(=O)O)N,0
SAFE_490,C(C(CO)O)O,0
TOXIC_2505,N#C,1
SAFE_4163,C(C1C(C(C(C(O1)O)O)O)O)O,0
TOXIC_2480,ClC(Cl)(Cl)Cl,1
SAFE_951,CCO,0
TOXIC_1216,ClC(Cl)(Cl)Cl,1
SAFE_1603,C1CC(N(C1)C(=O)C(CC2=CC=CC=C2)NC(=O)C(CC3=CC=CC=C3)N)C(=O)O,0
TOXIC_4227,c1ccccc1,1
SAFE_3782,CC(C)CC1=CC=C(C=C1)C(C)C(=O)O,0
SAFE_1020,CC(=O)OC1=CC=CC=C1C(=O)O,0
SAFE_1935,CC(=O)OC1=CC=CC=C1C(=O)O,0
SAFE_3203,C(C1C(C(C(C(O1)O)O)O)O)O,0
TOXIC_2382,CC1=CC=C(C=C1)C(=O)NC2=CC=CC=C2,1
TOXIC_2233,N#C,1
TOXIC_488,CC(C)OP(=O)(C)F,1
SAFE_4723,C1CC(N(C1)C(=O)C(CC2=CC=CC=C2)NC(=O)C(CC3=CC=CC=C3)N)C(=O)O,0
SAFE_2612,CC(C)CC1=CC=C(C=C1)C(C)C(=O)O,0
TOXIC_4770,NN,1
TOXIC_4651,[Hg],1
SAFE_3563,C(C1C(C(C(C(O1)O)O)O)O)O,0
SAFE_4851,CCO,0
TOXIC_218,O=[As]O[As]=O,1
TOXIC_346,O=[As]O[As]=O,1
TOXIC_2521,N#C,1
TOXIC_665,N#C,1
SAFE_1865,CN(C)C(=N)N,0
TOXIC_4284,[Pb],1
SAFE_2863,C1CC(N(C1)C(=O)C(CC2=CC=CC=C2)NC(=O)C(CC3=CC=CC=C3)N)C(=O)O,0
TOXIC_2482,NN,1
TOXIC_4381,CC1=CC=C(C=C1)C2=CC(=NN2C3=CC=C(C=C3)S(=O)(=O)C)C(F)(F)F,1
SAFE_2471,C(=O)(N)N,0
SAFE_1478,C(C1C(C(C(C(O1)O)O)O)O)O,0
SAFE_4582,C(C(=O)O)N,0
SAFE_192,CC1(C(N2C(S1)C(C2=O)NC(=O)CC3=CC=CC=C3)C(=O)O)C,0
SAFE_465,CC(=O)OC1=CC=CC=C1C(=O)O,0
SAFE_1467,CC1(C(N2C(S1)C(C2=O)NC(=O)CC3=CC=CC=C3)C(=O)O)C,0
SAFE_3729,CC(=O)O,0
SAFE_396,CCO,0
TOXIC_448,ClC(Cl)(Cl)Cl,1
SAFE_2733,CN1C=NC2=C1C(=O)N(C(=O)N2C)C,0
TOXIC_799,CCN(CC)C(=S)SSC(=S)N(CC)CC,1
SAFE_1189,COC1=CC=C(C=C1)C(C)C(=O)O,0
TOXIC_563,c1ccccc1,1
TOXIC_334,CC1=CC=C(C=C1)C(=O)NC2=CC=CC=C2,1
TOXIC_471,CCOP(=S)(OCC)Oc1ccc(cc1)[N+](=O)[O-],1
SAFE_217,C(C(=O)O)N,0
SAFE_2737,C(C(=O)O)N,0
TOXIC_3825,ClC(Cl)Cl,1
SAFE_2962,C(C(=O)O)N,0
TOXIC_3051,[Hg],1
SAFE_1024,COC1=CC=C(C=C1)C(C)C(=O)O,0
SAFE_2400,CC(=O)OC1=CC=CC=C1C(=O)O,0
SAFE_4342,C(C(=O)O)N,0
TOXIC_4228,ClC=C,1
TOXIC_4263,CCOP(=S)(OCC)Oc1ccc(cc1)[N+](=O)[O-],1
TOXIC_2241,ClC(Cl)Cl,1
SAFE_161,C(=O)(N)N,0
TOXIC_3383,CCOP(=S)(OCC)Oc1ccc(cc1)[N+](=O)[O-],1
SAFE_4612,C(C(=O)O)N,0
SAFE_653,C(C1C(C(C(C(O1)O)O)O)O)O,0
SAFE_496,CC(=O)NC1=CC=C(O)C=C1,0
TOXIC_3235,c1ccccc1,1
SAFE_3825,CC(=O)OC1=CC=CC=C1C(=O)O,0
SAFE_2185,C(C(CO)O)O,0
SAFE_4995,CC(=O)OC1=CC=CC=C1C(=O)O,0
SAFE_2365,C(C(CO)O)O,0
SAFE_4220,CN(C)C(=N)N,0
TOXIC_2391,CCOP(=S)(OCC)Oc1ccc(cc1)[N+](=O)[O-],1
SAFE_1055,CN(C)C(=N)N,0
TOXIC_2417,ClC(Cl)Cl,1
TOXIC_10,O=[As]O[As]=O,1
SAFE_722,CC(C)CC1=CC=C(C=C1)C(C)C(=O)O,0
TOXIC_2491,[Hg],1
TOXIC_4628,ClC=C,1
TOXIC_394,O=[As]O[As]=O,1
TOXIC_1713,ClC(Cl)Cl,1
TOXIC_4768,ClC(Cl)(Cl)Cl,1
SAFE_4522,C(C(=O)O)N,0
SAFE_209,CC1=CN=C(C(=C1OC)C)CS(=O)C2=NC3=C(N2)C=C(C=C3)OC,0
TOXIC_2582,CN(N=O)C,1
SAFE_2835,CC(=O)OC1=CC=CC=C1C(=O)O,0
SAFE_2928,CN1C=NC2=C1C(=O)N(C(=O)N2C)C,0
SAFE_3223,C1CC(N(C1)C(=O)C(CC2=CC=CC=C2)NC(=O)C(CC3=CC=CC=C3)N)C(=O)O,0
TOXIC_234,O=[As]O[As]=O,1
TOXIC_559,CCN(CC)C(=S)SSC(=S)N(CC)CC,1
TOXIC_3989,C=O,1
TOXIC_3252,ClC=C,1
TOXIC_687,CCN(CC)C(=S)SSC(=S)N(CC)CC,1
TOXIC_4480,ClC(Cl)(Cl)Cl,1
TOXIC_4402,NN,1
SAFE_2210,CN(C)C(=N)N,0
TOXIC_1962,O=[As]O[As]=O,1
SAFE_904,COC1=CC=C(C=C1)C(C)C(=O)O,0
SAFE_2069,CC1=CN=C(C(=C1OC)C)CS(=O)C2=NC3=C(N2)C=C(C=C3)OC,0
SAFE_1841,C(=O)(N)N,0
TOXIC_2070,CN(N=O)C,1
SAFE_1040,CN(C)C(=N)N,0
TOXIC_926,CC1=CC=C(C=C1)C(=O)NC2=CC=CC=C2,1
SAFE_2167,C(C(=O)O)N,0
SAFE_4195,C(C(CO)O)O,0
TOXIC_2893,CC1=CC=C(C=C1)C2=CC(=NN2C3=CC=C(C=C3)S(=O)(=O)C)C(F)(F)F,1
TOXIC_2844,[Pb],1
TOXIC_3171,c1ccccc1,1
SAFE_2321,C(=O)(N)N,0
TOXIC_1966,CC1=CC=C(C=C1)C(=O)NC2=CC=CC=C2,1
TOXIC_2935,CCOP(=S)(OCC)Oc1ccc(cc1)[N+](=O)[O-],1
SAFE_4740,CC(=O)OC1=CC=CC=C1C(=O)O,0
SAFE_2636,C(=O)(N)N,0
SAFE_1802,CC(C)CC1=CC=C(C=C1)C(C)C(=O)O,0
SAFE_3721,CC(=O)NC1=CC=C(O)C=C1,0
SAFE_1754,CC1=CN=C(C(=C1OC)C)CS(=O)C2=NC3=C(N2)C=C(C=C3)OC,0
SAFE_2684,CC1=CN=C(C(=C1OC)C)CS(=O)C2=NC3=C(N2)C=C(C=C3)OC,0
TOXIC_4357,C=O,1
TOXIC_1298,NN,1
TOXIC_838,CN(N=O)C,1
TOXIC_3253,C=O,1
TOXIC_3059,c1ccccc1,1
TOXIC_1568,ClC(Cl)(Cl)Cl,1
TOXIC_4426,O=[As]O[As]=O,1
TOXIC_2899,c1ccccc1,1
SAFE_1570,C(C(CO)O)O,0
SAFE_3096,CCO,0
TOXIC_2497,ClC(Cl)Cl,1
TOXIC_4856,CC(C)OP(=O)(C)F,1
SAFE_3994,COC1=CC=C(C=C1)C(C)C(=O)O,0
SAFE_3498,CN1C=NC2=C1C(=O)N(C(=O)N2C)C,0
SAFE_2262,CC1(C(N2C(S1)C(C2=O)NC(=O)CC3=CC=CC=C3)C(=O)O)C,0
TOXIC_2399,CCN(CC)C(=S)SSC(=S)N(CC)CC,1
SAFE_1707,CC1(C(N2C(S1)C(C2=O)NC(=O)CC3=CC=CC=C3)C(=O)O)C,0
SAFE_1753,C1CC(N(C1)C(=O)C(CC2=CC=CC=C2)NC(=O)C(CC3=CC=CC=C3)N)C(=O)O,0
SAFE_1332,CC1(C(N2C(S1)C(C2=O)NC(=O)CC3=CC=CC=C3)C(=O)O)C,0
SAFE_3274,COC1=CC=C(C=C1)C(C)C(=O)O,0
TOXIC_3266,NN,1
TOXIC_3998,CC1=CC=C(C=C1)C(=O)NC2=CC=CC=C2,1
SAFE_3494,CC1=CN=C(C(=C1OC)C)CS(=O)C2=NC3=C(N2)C=C(C=C3)OC,0
TOXIC_4788,ClC=C,1
TOXIC_3411,c1ccccc1,1
TOXIC_2260,ClC=C,1
SAFE_3913,C1CC(N(C1)C(=O)C(CC2=CC=CC=C2)NC(=O)C(CC3=CC=CC=C3)N)C(=O)O,0
TOXIC_2174,CC1=CC=C(C=C1)C(=O)NC2=CC=CC=C2,1
TOXIC_231,CCOP(=S)(OCC)Oc1ccc(cc1)[N+](=O)[O-],1
TOXIC_1796,ClC=C,1
TOXIC_1406,CC1=CC=C(C=C1)C(=O)NC2=CC=CC=C2,1
TOXIC_1373,CC1=CC=C(C=C1)C2=CC(=NN2C3=CC=C(C=C3)S(=O)(=O)C)C(F)(F)F,1
SAFE_269,CC1=CN=C(C(=C1OC)C)CS(=O)C2=NC3=C(N2)C=C(C=C3)OC,0
TOXIC_3702,CN(N=O)C,1
TOXIC_4030,CC1=CC=C(C=C1)C(=O)NC2=CC=CC=C2,1
SAFE_4687,C(C(=O)O)N,0
TOXIC_4721,ClC(Cl)Cl,1
SAFE_117,CC1(C(N2C(S1)C(C2=O)NC(=O)CC3=CC=CC=C3)C(=O)O)C,0
SAFE_4941,CCO,0
TOXIC_521,N#C,1
TOXIC_2450,NN,1
TOXIC_4234,O=[As]O[As]=O,1
SAFE_1032,CC1(C(N2C(S1)C(C2=O)NC(=O)CC3=CC=CC=C3)C(=O)O)C,0
TOXIC_636,[Pb],1
TOXIC_3282,NN,1
TOXIC_1269,C=O,1
TOXIC_3824,ClC(Cl)(Cl)Cl,1
TOXIC_3455,CCN(CC)C(=S)SSC(=S)N(CC)CC,1
TOXIC_1020,[Pb],1
SAFE_3724,COC1=CC=C(C=C1)C(C)C(=O)O,0
SAFE_1813,C1CC(N(C1)C(=O)C(CC2=CC=CC=C2)NC(=O)C(CC3=CC=CC=C3)N)C(=O)O,0
TOXIC_872,CC(C)OP(=O)(C)F,1
SAFE_1158,CN1C=NC2=C1C(=O)N(C(=O)N2C)C,0
SAFE_1185,CC(=O)OC1=CC=CC=C1C(=O)O,0
SAFE_3860,CN(C)C(=N)N,0
TOXIC_1734,CN(N=O)C,1
TOXIC_3975,CCOP(=S)(OCC)Oc1ccc(cc1)[N+](=O)[O-],1
SAFE_813,CN1C=NC2=C1C(=O)N(C(=O)N2C)C,0
SAFE_3518,C(C1C(C(C(C(O1)O)O)O)O)O,0
TOXIC_3372,[Pb],1
TOXIC_4255,CCN(CC)C(=S)SSC(=S)N(CC)CC,1
SAFE_727,C(C(=O)O)N,0
SAFE_4572,CC1(C(N2C(S1)C(C2=O)NC(=O)CC3=CC=CC=C3)C(=O)O)C,0
SAFE_3545,CN(C)C(=N)N,0
TOXIC_4324,ClC=C,1
TOXIC_4053,C=O,1
TOXIC_347,[Hg],1
TOXIC_3793,ClC(Cl)Cl,1
SAFE_866,C(=O)(N)N,0
SAFE_3876,CCO,0
TOXIC_139,[Hg],1
SAFE_4549,COC1=CC=C(C=C1)C(C)C(=O)O,0
SAFE_2332,C(C(=O)O)N,0
TOXIC_2099,c1ccccc1,1
TOXIC_2558,CC1=CC=C(C=C1)C(=O)NC2=CC=CC=C2,1
SAFE_2996,C(=O)(N)N,0
SAFE_4226,C(=O)(N)N,0
SAFE_3040,C(C(CO)O)O,0
TOXIC_3263,CCN(CC)C(=S)SSC(=S)N(CC)CC,1
TOXIC_2648,CC(C)OP(=O)(C)F,1
SAFE_755,CN(C)C(=N)N,0
TOXIC_1848,CC(C)OP(=O)(C)F,1
TOXIC_4034,NN,1
SAFE_361,CC(=O)NC1=CC=C(O)C=C1,0
TOXIC_4812,[Pb],1
SAFE_1398,CN1C=NC2=C1C(=O)N(C(=O)N2C)C,0
SAFE_178,C1CC(N(C1)C(=O)C(CC2=CC=CC=C2)NC(=O)C(CC3=CC=CC=C3)N)C(=O)O,0
TOXIC_3238,CN(N=O)C,1
SAFE_529,COC1=CC=C(C=C1)C(C)C(=O)O,0
SAFE_74,CC1=CN=C(C(=C1OC)C)CS(=O)C2=NC3=C(N2)C=C(C=C3)OC,0
TOXIC_2263,CCOP(=S)(OCC)Oc1ccc(cc1)[N+](=O)[O-],1
TOXIC_1361,ClC(Cl)Cl,1
SAFE_3617,CC(C)CC1=CC=C(C=C1)C(C)C(=O)O,0
TOXIC_2629,C=O,1
SAFE_4733,C(C1C(C(C(C(O1)O)O)O)O)O,0
SAFE_4360,C(C(CO)O)O,0
SAFE_3001,CC(=O)NC1=CC=C(O)C=C1,0
TOXIC_3577,N#C,1
TOXIC_3367,CCOP(=S)(OCC)Oc1ccc(cc1)[N+](=O)[O-],1
SAFE_4399,COC1=CC=C(C=C1)C(C)C(=O)O,0
TOXIC_2306,NN,1
SAFE_3511,CC(=O)NC1=CC=C(O)C=C1,0
TOXIC_634,O=[As]O[As]=O,1
TOXIC_4641,ClC(Cl)Cl,1
SAFE_3199,COC1=CC=C(C=C1)C(C)C(=O)O,0
TOXIC_4197,C=O,1
TOXIC_916,ClC=C,1
SAFE_3157,C(C(=O)O)N,0
TOXIC_3459,c1ccccc1,1
SAFE_3145,C(C(CO)O)O,0
SAFE_4523,C(C1C(C(C(C(O1)O)O)O)O)O,0
SAFE_3938,C(C1C(C(C(C(O1)O)O)O)O)O,0
SAFE_830,CN(C)C(=N)N,0
SAFE_3766,CC(=O)NC1=CC=C(O)C=C1,0
TOXIC_200,CC(C)OP(=O)(C)F,1
TOXIC_4061,CC1=CC=C(C=C1)C2=CC(=NN2C3=CC=C(C=C3)S(=O)(=O)C)C(F)(F)F,1
SAFE_2343,CN1C=NC2=C1C(=O)N(C(=O)N2C)C,0
TOXIC_2832,ClC(Cl)(Cl)Cl,1
TOXIC_4758,CN(N=O)C,1
SAFE_1202,CC(C)CC1=CC=C(C=C1)C(C)C(=O)O,0
TOXIC_1063,CCOP(=S)(OCC)Oc1ccc(cc1)[N+](=O)[O-],1
TOXIC_2449,ClC(Cl)Cl,1
TOXIC_2436,ClC=C,1
SAFE_2308,C1CC(N(C1)C(=O)C(CC2=CC=CC=C2)NC(=O)C(CC3=CC=CC=C3)N)C(=O)O,0
TOXIC_3647,CCN(CC)C(=S)SSC(=S)N(CC)CC,1
TOXIC_3197,CC1=CC=C(C=C1)C2=CC(=NN2C3=CC=C(C=C3)S(=O)(=O)C)C(F)(F)F,1
TOXIC_1148,[Pb],1
TOXIC_4868,ClC=C,1
TOXIC_508,[Pb],1
SAFE_4598,C(C1C(C(C(C(O1)O)O)O)O)O,0
TOXIC_4335,CCN(CC)C(=S)SSC(=S)N(CC)CC,1
SAFE_305,CN(C)C(=N)N,0
SAFE_4866,CCO,0
SAFE_766,CC(=O)NC1=CC=C(O)C=C1,0
SAFE_1875,CC(=O)OC1=CC=CC=C1C(=O)O,0
SAFE_2188,C1CC(N(C1)C(=O)C(CC2=CC=CC=C2)NC(=O)C(CC3=CC=CC=C3)N)C(=O)O,0
SAFE_4408,C1CC(N(C1)C(=O)C(CC2=CC=CC=C2)NC(=O)C(CC3=CC=CC=C3)N)C(=O)O,0
TOXIC_2793,N#C,1
SAFE_794,CC1=CN=C(C(=C1OC)C)CS(=O)C2=NC3=C(N2)C=C(C=C3)OC,0
SAFE_3527,CC(C)CC1=CC=C(C=C1)C(C)C(=O)O,0
TOXIC_3627,[Hg],1
TOXIC_2830,CC1=CC=C(C=C1)C(=O)NC2=CC=CC=C2,1
SAFE_3267,CC1(C(N2C(S1)C(C2=O)NC(=O)CC3=CC=CC=C3)C(=O)O)C,0
SAFE_3193,C1CC(N(C1)C(=O)C(CC2=CC=CC=C2)NC(=O)C(CC3=CC=CC=C3)N)C(=O)O,0
TOXIC_1423,CCN(CC)C(=S)SSC(=S)N(CC)CC,1
SAFE_4322,CC(C)CC1=CC=C(C=C1)C(C)C(=O)O,0
TOXIC_654,CC1=CC=C(C=C1)C(=O)NC2=CC=CC=C2,1
TOXIC_2704,ClC(Cl)(Cl)Cl,1
TOXIC_3107,c1ccccc1,1
TOXIC_3056,ClC(Cl)(Cl)Cl,1
SAFE_1030,C(C(CO)O)O,0
TOXIC_2301,CC1=CC=C(C=C1)C2=CC(=NN2C3=CC=C(C=C3)S(=O)(=O)C)C(F)(F)F,1
TOXIC_3912,CC(C)OP(=O)(C)F,1
TOXIC_2778,O=[As]O[As]=O,1
SAFE_525,CC(=O)OC1=CC=CC=C1C(=O)O,0
TOXIC_3364,ClC=C,1
SAFE_4764,CC(=O)O,0
SAFE_2870,CN(C)C(=N)N,0
TOXIC_4334,CC1=CC=C(C=C1)C(=O)NC2=CC=CC=C2,1
SAFE_629,CC1=CN=C(C(=C1OC)C)CS(=O)C2=NC3=C(N2)C=C(C=C3)OC,0
SAFE_3907,C(C(=O)O)N,0
SAFE_2067,CC1(C(N2C(S1)C(C2=O)NC(=O)CC3=CC=CC=C3)C(=O)O)C,0
SAFE_1611,CCO,0
SAFE_2734,COC1=CC=C(C=C1)C(C)C(=O)O,0
TOXIC_1122,NN,1
SAFE_234,CC(=O)O,0
SAFE_4832,CC(C)CC1=CC=C(C=C1)C(C)C(=O)O,0
TOXIC_443,[Hg],1
SAFE_104,CC1=CN=C(C(=C1OC)C)CS(=O)C2=NC3=C(N2)C=C(C=C3)OC,0
TOXIC_894,CC1=CC=C(C=C1)C(=O)NC2=CC=CC=C2,1
TOXIC_1127,CCOP(=S)(OCC)Oc1ccc(cc1)[N+](=O)[O-],1
SAFE_4148,C(C1C(C(C(C(O1)O)O)O)O)O,0
SAFE_349,COC1=CC=C(C=C1)C(C)C(=O)O,0
TOXIC_2722,NN,1
TOXIC_4345,N#C,1
SAFE_1520,CN(C)C(=N)N,0
SAFE_493,C1CC(N(C1)C(=O)C(CC2=CC=CC=C2)NC(=O)C(CC3=CC=CC=C3)N)C(=O)O,0
TOXIC_615,CCOP(=S)(OCC)Oc1ccc(cc1)[N+](=O)[O-],1
TOXIC_2659,c1ccccc1,1
TOXIC_327,CCOP(=S)(OCC)Oc1ccc(cc1)[N+](=O)[O-],1
SAFE_1770,CC(=O)OC1=CC=CC=C1C(=O)O,0
TOXIC_1852,[Pb],1
TOXIC_4952,CC(C)OP(=O)(C)F,1
TOXIC_4406,CN(N=O)C,1
TOXIC_4029,CC1=CC=C(C=C1)C2=CC(=NN2C3=CC=C(C=C3)S(=O)(=O)C)C(F)(F)F,1
SAFE_2384,CC1=CN=C(C(=C1OC)C)CS(=O)C2=NC3=C(N2)C=C(C=C3)OC,0
SAFE_1879,COC1=CC=C(C=C1)C(C)C(=O)O,0
SAFE_4450,C(C(CO)O)O,0
SAFE_4216,CC(=O)NC1=CC=C(O)C=C1,0
TOXIC_509,CC1=CC=C(C=C1)C2=CC(=NN2C3=CC=C(C=C3)S(=O)(=O)C)C(F)(F)F,1
TOXIC_2184,CC(C)OP(=O)(C)F,1
TOXIC_1123,c1ccccc1,1
SAFE_2819,CC1=CN=C(C(=C1OC)C)CS(=O)C2=NC3=C(N2)C=C(C=C3)OC,0
SAFE_2076,CCO,0
SAFE_4662,CC1(C(N2C(S1)C(C2=O)NC(=O)CC3=CC=CC=C3)C(=O)O)C,0
TOXIC_413,CC1=CC=C(C=C1)C2=CC(=NN2C3=CC=C(C=C3)S(=O)(=O)C)C(F)(F)F,1
SAFE_2804,CC1=CN=C(C(=C1OC)C)CS(=O)C2=NC3=C(N2)C=C(C=C3)OC,0
TOXIC_2605,CC1=CC=C(C=C1)C2=CC(=NN2C3=CC=C(C=C3)S(=O)(=O)C)C(F)(F)F,1
TOXIC_2708,ClC=C,1
TOXIC_2916,ClC=C,1
TOXIC_3654,CN(N=O)C,1
TOXIC_533,C=O,1
TOXIC_1102,CC1=CC=C(C=C1)C(=O)NC2=CC=CC=C2,1
SAFE_958,C1CC(N(C1)C(=O)C(CC2=CC=CC=C2)NC(=O)C(CC3=CC=CC=C3)N)C(=O)O,0
TOXIC_1119,CCN(CC)C(=S)SSC(=S)N(CC)CC,1
SAFE_439,COC1=CC=C(C=C1)C(C)C(=O)O,0
TOXIC_1559,CCOP(=S)(OCC)Oc1ccc(cc1)[N+](=O)[O-],1
TOXIC_2037,C=O,1
SAFE_2912,CC(C)CC1=CC=C(C=C1)C(C)C(=O)O,0
TOXIC_1056,ClC(Cl)(Cl)Cl,1
SAFE_4464,CC(=O)O,0
TOXIC_1238,CN(N=O)C,1
TOXIC_4662,CN(N=O)C,1
TOXIC_2192,ClC(Cl)(Cl)Cl,1
SAFE_3138,CN1C=NC2=C1C(=O)N(C(=O)N2C)C,0
SAFE_4895,CN(C)C(=N)N,0
SAFE_1940,CN(C)C(=N)N,0
TOXIC_1176,CC(C)OP(=O)(C)F,1
TOXIC_3632,ClC(Cl)(Cl)Cl,1
SAFE_4192,C(C(=O)O)N,0
SAFE_1307,CC(C)CC1=CC=C(C=C1)C(C)C(=O)O,0
TOXIC_3321,N#C,1
SAFE_3270,CC(=O)OC1=CC=CC=C1C(=O)O,0
SAFE_4221,CCO,0
SAFE_4232,CC(C)CC1=CC=C(C=C1)C(C)C(=O)O,0
SAFE_742,C(C(=O)O)N,0
SAFE_2018,C(C1C(C(C(C(O1)O)O)O)O)O,0
TOXIC_842,O=[As]O[As]=O,1
SAFE_2336,C(=O)(N)N,0
SAFE_1273,C1CC(N(C1)C(=O)C(CC2=CC=CC=C2)NC(=O)C(CC3=CC=CC=C3)N)C(=O)O,0
SAFE_4483,C1CC(N(C1)C(=O)C(CC2=CC=CC=C2)NC(=O)C(CC3=CC=CC=C3)N)C(=O)O,0
SAFE_2524,COC1=CC=C(C=C1)C(C)C(=O)O,0
SAFE_4094,CC1=CN=C(C(=C1OC)C)CS(=O)C2=NC3=C(N2)C=C(C=C3)OC,0
SAFE_2457,CC1(C(N2C(S1)C(C2=O)NC(=O)CC3=CC=CC=C3)C(=O)O)C,0
TOXIC_4941,CC1=CC=C(C=C1)C2=CC(=NN2C3=CC=C(C=C3)S(=O)(=O)C)C(F)(F)F,1
SAFE_2779,COC1=CC=C(C=C1)C(C)C(=O)O,0
TOXIC_3103,CCN(CC)C(=S)SSC(=S)N(CC)CC,1
TOXIC_3611,[Hg],1
SAFE_1829,CC1=CN=C(C(=C1OC)C)CS(=O)C2=NC3=C(N2)C=C(C=C3)OC,0
TOXIC_932,ClC=C,1
SAFE_4430,CN(C)C(=N)N,0
SAFE_677,CC(C)CC1=CC=C(C=C1)C(C)C(=O)O,0
SAFE_3946,CC(=O)NC1=CC=C(O)C=C1,0
SAFE_1620,CC(=O)OC1=CC=CC=C1C(=O)O,0
TOXIC_51,c1ccccc1,1
SAFE_2541,CCO,0
SAFE_1669,COC1=CC=C(C=C1)C(C)C(=O)O,0
SAFE_4730,CN(C)C(=N)N,0
SAFE_3109,COC1=CC=C(C=C1)C(C)C(=O)O,0
SAFE_4636,CC(=O)NC1=CC=C(O)C=C1,0
TOXIC_2147,c1ccccc1,1
SAFE_4352,CC(C)CC1=CC=C(C=C1)C(C)C(=O)O,0
TOXIC_2644,ClC=C,1
TOXIC_3214,CC1=CC=C(C=C1)C(=O)NC2=CC=CC=C2,1
TOXIC_4811,[Hg],1
TOXIC_1356,[Pb],1
TOXIC_822,CN(N=O)C,1
SAFE_517,C(C(=O)O)N,0
TOXIC_2829,CC1=CC=C(C=C1)C2=CC(=NN2C3=CC=C(C=C3)S(=O)(=O)C)C(F)(F)F,1
SAFE_2964,CC(=O)O,0
TOXIC_810,O=[As]O[As]=O,1
SAFE_1230,CC(=O)OC1=CC=CC=C1C(=O)O,0
SAFE_4850,CN(C)C(=N)N,0
SAFE_1980,CC(=O)OC1=CC=CC=C1C(=O)O,0
SAFE_1303,C1CC(N(C1)C(=O)C(CC2=CC=CC=C2)NC(=O)C(CC3=CC=CC=C3)N)C(=O)O,0
TOXIC_2509,CC1=CC=C(C=C1)C2=CC(=NN2C3=CC=C(C=C3)S(=O)(=O)C)C(F)(F)F,1
SAFE_4749,CC(=O)O,0
SAFE_2037,CC1(C(N2C(S1)C(C2=O)NC(=O)CC3=CC=CC=C3)C(=O)O)C,0
TOXIC_4464,ClC(Cl)(Cl)Cl,1
TOXIC_2824,CC(C)OP(=O)(C)F,1
TOXIC_421,C=O,1
SAFE_2906,C(=O)(N)N,0
TOXIC_4441,N#C,1
TOXIC_3624,CC(C)OP(=O)(C)F,1
SAFE_4150,C(C(CO)O)O,0
TOXIC_3092,ClC=C,1
SAFE_1612,C(C(=O)O)N,0
SAFE_4706,C(=O)(N)N,0
TOXIC_2810,O=[As]O[As]=O,1
TOXIC_264,CC(C)OP(=O)(C)F,1
TOXIC_663,CCOP(=S)(OCC)Oc1ccc(cc1)[N+](=O)[O-],1
SAFE_3693,CN1C=NC2=C1C(=O)N(C(=O)N2C)C,0
TOXIC_3970,NN,1
TOXIC_3405,CC1=CC=C(C=C1)C2=CC(=NN2C3=CC=C(C=C3)S(=O)(=O)C)C(F)(F)F,1
SAFE_4245,CC(=O)OC1=CC=CC=C1C(=O)O,0
SAFE_4058,C(C1C(C(C(C(O1)O)O)O)O)O,0
SAFE_431,C(=O)(N)N,0
TOXIC_2804,ClC=C,1
SAFE_4455,CC(=O)OC1=CC=CC=C1C(=O)O,0
TOXIC_2442,O=[As]O[As]=O,1
TOXIC_3144,CC(C)OP(=O)(C)F,1
TOXIC_4200,CC(C)OP(=O)(C)F,1
SAFE_42,CC1(C(N2C(S1)C(C2=O)NC(=O)CC3=CC=CC=C3)C(=O)O)C,0
TOXIC_1831,CCOP(=S)(OCC)Oc1ccc(cc1)[N+](=O)[O-],1
SAFE_2062,C(C(=O)O)N,0
SAFE_3283,C1CC(N(C1)C(=O)C(CC2=CC=CC=C2)NC(=O)C(CC3=CC=CC=C3)N)C(=O)O,0
SAFE_2576,C(=O)(N)N,0
TOXIC_3375,CCN(CC)C(=S)SSC(=S)N(CC)CC,1
SAFE_4248,CN1C=NC2=C1C(=O)N(C(=O)N2C)C,0
TOXIC_4060,[Pb],1
TOXIC_3530,O=[As]O[As]=O,1
TOXIC_1819,[Hg],1
TOXIC_3270,CN(N=O)C,1
TOXIC_4735,CCN(CC)C(=S)SSC(=S)N(CC)CC,1
TOXIC_670,CC1=CC=C(C=C1)C(=O)NC2=CC=CC=C2,1
SAFE_2691,CCO,0
SAFE_111,CCO,0
SAFE_945,CC(=O)OC1=CC=CC=C1C(=O)O,0
TOXIC_1757,CC1=CC=C(C=C1)C2=CC(=NN2C3=CC=C(C=C3)S(=O)(=O)C)C(F)(F)F,1
SAFE_2828,C(C1C(C(C(C(O1)O)O)O)O)O,0
TOXIC_3695,CCN(CC)C(=S)SSC(=S)N(CC)CC,1
TOXIC_1816,CC(C)OP(=O)(C)F,1
TOXIC_4897,ClC(Cl)Cl,1
SAFE_441,CCO,0
TOXIC_4681,N#C,1
SAFE_1931,C(=O)(N)N,0
TOXIC_3061,C=O,1
TOXIC_544,ClC(Cl)(Cl)Cl,1
TOXIC_2194,NN,1
SAFE_1427,CC(C)CC1=CC=C(C=C1)C(C)C(=O)O,0
SAFE_4010,CN(C)C(=N)N,0
SAFE_3483,CN1C=NC2=C1C(=O)N(C(=O)N2C)C,0
TOXIC_4515,c1ccccc1,1
TOXIC_2709,C=O,1
TOXIC_3215,CCN(CC)C(=S)SSC(=S)N(CC)CC,1
TOXIC_1714,NN,1
SAFE_3695,CN(C)C(=N)N,0
SAFE_2144,CC1=CN=C(C(=C1OC)C)CS(=O)C2=NC3=C(N2)C=C(C=C3)OC,0
TOXIC_2017,ClC(Cl)Cl,1
SAFE_2229,CC(=O)O,0
SAFE_2644,COC1=CC=C(C=C1)C(C)C(=O)O,0
SAFE_3904,COC1=CC=C(C=C1)C(C)C(=O)O,0
TOXIC_2329,N#C,1
SAFE_2973,CN1C=NC2=C1C(=O)N(C(=O)N2C)C,0
TOXIC_1335,CCOP(=S)(OCC)Oc1ccc(cc1)[N+](=O)[O-],1
SAFE_1821,CCO,0
TOXIC_2544,ClC(Cl)(Cl)Cl,1
SAFE_770,CN(C)C(=N)N,0
SAFE_2545,C(C(CO)O)O,0
TOXIC_3292,[Pb],1
SAFE_903,CN1C=NC2=C1C(=O)N(C(=O)N2C)C,0
SAFE_389,CC1=CN=C(C(=C1OC)C)CS(=O)C2=NC3=C(N2)C=C(C=C3)OC,0
SAFE_2390,CN(C)C(=N)N,0
TOXIC_196,ClC=C,1
SAFE_4872,CC1(C(N2C(S1)C(C2=O)NC(=O)CC3=CC=CC=C3)C(=O)O)C,0
SAFE_1804,COC1=CC=C(C=C1)C(C)C(=O)O,0
TOXIC_2689,ClC(Cl)Cl,1
TOXIC_2121,N#C,1
SAFE_4239,CC(=O)O,0
SAFE_4874,CC1=CN=C(C(=C1OC)C)CS(=O)C2=NC3=C(N2)C=C(C=C3)OC,0
SAFE_3361,CC(=O)NC1=CC=C(O)C=C1,0
TOXIC_380,[Pb],1
SAFE_2525,CN(C)C(=N)N,0
SAFE_2821,CC(=O)NC1=CC=C(O)C=C1,0
TOXIC_803,c1ccccc1,1
TOXIC_2107,[Hg],1
TOXIC_1615,CCN(CC)C(=S)SSC(=S)N(CC)CC,1
TOXIC_3516,[Pb],1
TOXIC_1600,ClC(Cl)(Cl)Cl,1
TOXIC_1199,CCN(CC)C(=S)SSC(=S)N(CC)CC,1
TOXIC_1913,N#C,1
TOXIC_1282,NN,1
SAFE_4117,C(C(=O)O)N,0
SAFE_1370,CN(C)C(=N)N,0
TOXIC_2322,NN,1
SAFE_4531,CC(=O)NC1=CC=C(O)C=C1,0
TOXIC_4288,ClC(Cl)(Cl)Cl,1
SAFE_1339,COC1=CC=C(C=C1)C(C)C(=O)O,0
TOXIC_3023,CCN(CC)C(=S)SSC(=S)N(CC)CC,1
SAFE_2290,C(C(CO)O)O,0
SAFE_1117,C(C(=O)O)N,0
TOXIC_4393,N#C,1
TOXIC_3856,ClC(Cl)(Cl)Cl,1
SAFE_4969,COC1=CC=C(C=C1)C(C)C(=O)O,0
TOXIC_3098,O=[As]O[As]=O,1
TOXIC_4985,N#C,1
TOXIC_1453,CC1=CC=C(C=C1)C2=CC(=NN2C3=CC=C(C=C3)S(=O)(=O)C)C(F)(F)F,1
SAFE_3517,C(C(=O)O)N,0
SAFE_3127,C(C(=O)O)N,0
SAFE_588,CN1C=NC2=C1C(=O)N(C(=O)N2C)C,0
TOXIC_2578,NN,1
SAFE_4467,CC1(C(N2C(S1)C(C2=O)NC(=O)CC3=CC=CC=C3)C(=O)O)C,0
SAFE_1985,CN(C)C(=N)N,0
SAFE_4007,CC(C)CC1=CC=C(C=C1)C(C)C(=O)O,0
TOXIC_1488,ClC(Cl)(Cl)Cl,1
SAFE_382,C(C(=O)O)N,0
TOXIC_2594,NN,1
SAFE_1247,CC(C)CC1=CC=C(C=C1)C(C)C(=O)O,0
SAFE_940,C(C(CO)O)O,0
SAFE_1137,CC1(C(N2C(S1)C(C2=O)NC(=O)CC3=CC=CC=C3)C(=O)O)C,0
SAFE_4184,CC1=CN=C(C(=C1OC)C)CS(=O)C2=NC3=C(N2)C=C(C=C3)OC,0
SAFE_3492,CC1(C(N2C(S1)C(C2=O)NC(=O)CC3=CC=CC=C3)C(=O)O)C,0
SAFE_656,C(=O)(N)N,0
SAFE_204,CC(=O)O,0
TOXIC_4240,ClC(Cl)(Cl)Cl,1
SAFE_1630,C(C(CO)O)O,0
SAFE_4543,C1CC(N(C1)C(=O)C(CC2=CC=CC=C2)NC(=O)C(CC3=CC=CC=C3)N)C(=O)O,0
TOXIC_3327,CCN(CC)C(=S)SSC(=S)N(CC)CC,1
TOXIC_2154,O=[As]O[As]=O,1
SAFE_2021,C(=O)(N)N,0
TOXIC_1194,O=[As]O[As]=O,1
SAFE_823,C1CC(N(C1)C(=O)C(CC2=CC=CC=C2)NC(=O)C(CC3=CC=CC=C3)N)C(=O)O,0
TOXIC_4005,C=O,1
SAFE_4379,CC1=CN=C(C(=C1OC)C)CS(=O)C2=NC3=C(N2)C=C(C=C3)OC,0
TOXIC_886,CN(N=O)C,1
SAFE_3107,CC(C)CC1=CC=C(C=C1)C(C)C(=O)O,0
TOXIC_3660,[Pb],1
TOXIC_3045,C=O,1
SAFE_2129,CC1=CN=C(C(=C1OC)C)CS(=O)C2=NC3=C(N2)C=C(C=C3)OC,0
SAFE_2429,CC1=CN=C(C(=C1OC)C)CS(=O)C2=NC3=C(N2)C=C(C=C3)OC,0
TOXIC_4529,ClC(Cl)Cl,1
SAFE_4939,COC1=CC=C(C=C1)C(C)C(=O)O,0
SAFE_3996,CCO,0
TOXIC_4793,N#C,1
TOXIC_2030,CC1=CC=C(C=C1)C(=O)NC2=CC=CC=C2,1
SAFE_1759,COC1=CC=C(C=C1)C(C)C(=O)O,0
TOXIC_2958,CC1=CC=C(C=C1)C(=O)NC2=CC=CC=C2,1
SAFE_4057,C(C(=O)O)N,0
TOXIC_4124,[Pb],1
TOXIC_6,CN(N=O)C,1
SAFE_960,CC(=O)OC1=CC=CC=C1C(=O)O,0
SAFE_1327,C(C(=O)O)N,0
TOXIC_3065,N#C,1
TOXIC_3911,CCOP(=S)(OCC)Oc1ccc(cc1)[N+](=O)[O-],1
SAFE_4389,CC(=O)O,0
SAFE_4341,CCO,0
TOXIC_3046,CN(N=O)C,1
SAFE_4081,CC(=O)NC1=CC=C(O)C=C1,0
SAFE_1271,C(=O)(N)N,0
TOXIC_2516,ClC=C,1
TOXIC_361,N#C,1
SAFE_1760,CN(C)C(=N)N,0
SAFE_2707,C(C(=O)O)N,0
TOXIC_4259,c1ccccc1,1
SAFE_4406,C(=O)(N)N,0
TOXIC_1114,O=[As]O[As]=O,1
TOXIC_2678,CN(N=O)C,1
TOXIC_490,O=[As]O[As]=O,1
TOXIC_3358,CC1=CC=C(C=C1)C(=O)NC2=CC=CC=C2,1
TOXIC_2199,CCOP(=S)(OCC)Oc1ccc(cc1)[N+](=O)[O-],1
TOXIC_2065,ClC(Cl)Cl,1
TOXIC_4040,CC(C)OP(=O)(C)F,1
TOXIC_2885,C=O,1
SAFE_433,C1CC(N(C1)C(=O)C(CC2=CC=CC=C2)NC(=O)C(CC3=CC=CC=C3)N)C(=O)O,0
TOXIC_4852,ClC=C,1
SAFE_1742,CC(C)CC1=CC=C(C=C1)C(C)C(=O)O,0
TOXIC_2905,N#C,1
SAFE_4142,CC(C)CC1=CC=C(C=C1)C(C)C(=O)O,0
SAFE_4577,CC(C)CC1=CC=C(C=C1)C(C)C(=O)O,0
SAFE_2501,C(=O)(N)N,0
TOXIC_4808,CC(C)OP(=O)(C)F,1
SAFE_2919,CC(=O)O,0
TOXIC_742,CN(N=O)C,1
SAFE_620,CN(C)C(=N)N,0
SAFE_3814,COC1=CC=C(C=C1)C(C)C(=O)O,0
SAFE_3945,CC(=O)OC1=CC=CC=C1C(=O)O,0
TOXIC_4890,O=[As]O[As]=O,1
SAFE_3317,CC(C)CC1=CC=C(C=C1)C(C)C(=O)O,0
TOXIC_1525,C=O,1
SAFE_1556,C(=O)(N)N,0
SAFE_2089,COC1=CC=C(C=C1)C(C)C(=O)O,0
TOXIC_1300,ClC=C,1
TOXIC_1034,O=[As]O[As]=O,1
TOXIC_1667,c1ccccc1,1
SAFE_1268,C(C1C(C(C(C(O1)O)O)O)O)O,0
SAFE_789,CC(=O)O,0
TOXIC_2806,CN(N=O)C,1
SAFE_3844,COC1=CC=C(C=C1)C(C)C(=O)O,0
SAFE_4157,CC(C)CC1=CC=C(C=C1)C(C)C(=O)O,0
SAFE_461,C(=O)(N)N,0
SAFE_3611,C(=O)(N)N,0
SAFE_607,C(C(=O)O)N,0
TOXIC_1509,C=O,1
SAFE_412,C(C(=O)O)N,0
SAFE_581,C(=O)(N)N,0
TOXIC_4010,O=[As]O[As]=O,1
SAFE_4270,C(C(CO)O)O,0
TOXIC_1649,ClC(Cl)Cl,1
TOXIC_479,CCN(CC)C(=S)SSC(=S)N(CC)CC,1
TOXIC_4181,C=O,1
SAFE_3731,C(=O)(N)N,0
TOXIC_4281,N#C,1
SAFE_703,C1CC(N(C1)C(=O)C(CC2=CC=CC=C2)NC(=O)C(CC3=CC=CC=C3)N)C(=O)O,0
SAFE_1025,CN(C)C(=N)N,0
SAFE_88,C1CC(N(C1)C(=O)C(CC2=CC=CC=C2)NC(=O)C(CC3=CC=CC=C3)N)C(=O)O,0
TOXIC_2517,C=O,1
SAFE_1561,CC(=O)NC1=CC=C(O)C=C1,0
TOXIC_1018,O=[As]O[As]=O,1
SAFE_1410,CC(=O)OC1=CC=CC=C1C(=O)O,0
SAFE_270,CC(=O)OC1=CC=CC=C1C(=O)O,0
TOXIC_2892,[Pb],1
TOXIC_908,[Pb],1
TOXIC_2004,ClC=C,1
SAFE_1395,CC(=O)OC1=CC=CC=C1C(=O)O,0
SAFE_3428,C(C1C(C(C(C(O1)O)O)O)O)O,0
TOXIC_1619,c1ccccc1,1
SAFE_4566,CCO,0
TOXIC_3210,O=[As]O[As]=O,1
SAFE_3612,CC1(C(N2C(S1)C(C2=O)NC(=O)CC3=CC=CC=C3)C(=O)O)C,0
SAFE_1661,C(=O)(N)N,0
SAFE_3943,C1CC(N(C1)C(=O)C(CC2=CC=CC=C2)NC(=O)C(CC3=CC=CC=C3)N)C(=O)O,0
TOXIC_1277,CC1=CC=C(C=C1)C2=CC(=NN2C3=CC=C(C=C3)S(=O)(=O)C)C(F)(F)F,1
TOXIC_3331,c1ccccc1,1
SAFE_4821,CCO,0
TOXIC_1655,CCOP(=S)(OCC)Oc1ccc(cc1)[N+](=O)[O-],1
TOXIC_3831,CCOP(=S)(OCC)Oc1ccc(cc1)[N+](=O)[O-],1
SAFE_554,CC1=CN=C(C(=C1OC)C)CS(=O)C2=NC3=C(N2)C=C(C=C3)OC,0
SAFE_2954,CC1=CN=C(C(=C1OC)C)CS(=O)C2=NC3=C(N2)C=C(C=C3)OC,0
SAFE_4926,CCO,0
TOXIC_3567,CCN(CC)C(=S)SSC(=S)N(CC)CC,1
SAFE_4944,CC(=O)O,0
SAFE_2289,CC(=O)O,0
SAFE_4726,CC(=O)NC1=CC=C(O)C=C1,0
SAFE_175,C(C(CO)O)O,0
TOXIC_501,C=O,1
TOXIC_1725,CC1=CC=C(C=C1)C2=CC(=NN2C3=CC=C(C=C3)S(=O)(=O)C)C(F)(F)F,1
TOXIC_674,NN,1
SAFE_2705,CN(C)C(=N)N,0
SAFE_371,C(=O)(N)N,0
TOXIC_1898,O=[As]O[As]=O,1
SAFE_3122,CC(C)CC1=CC=C(C=C1)C(C)C(=O)O,0
TOXIC_1016,CC(C)OP(=O)(C)F,1
TOXIC_107,[Hg],1
TOXIC_1735,CCOP(=S)(OCC)Oc1ccc(cc1)[N+](=O)[O-],1
TOXIC_1369,N#C,1
SAFE_3256,CC(=O)NC1=CC=C(O)C=C1,0
SAFE_2608,C1CC(N(C1)C(=O)C(CC2=CC=CC=C2)NC(=O)C(CC3=CC=CC=C3)N)C(=O)O,0
TOXIC_3513,N#C,1
TOXIC_4871,CCOP(=S)(OCC)Oc1ccc(cc1)[N+](=O)[O-],1
SAFE_286,CC(=O)NC1=CC=C(O)C=C1,0
TOXIC_3229,CC1=CC=C(C=C1)C2=CC(=NN2C3=CC=C(C=C3)S(=O)(=O)C)C(F)(F)F,1
TOXIC_1047,CCOP(=S)(OCC)Oc1ccc(cc1)[N+](=O)[O-],1
TOXIC_3419,[Hg],1
SAFE_2773,C1CC(N(C1)C(=O)C(CC2=CC=CC=C2)NC(=O)C(CC3=CC=CC=C3)N)C(=O)O,0
SAFE_248,C(C1C(C(C(C(O1)O)O)O)O)O,0
TOXIC_431,CCN(CC)C(=S)SSC(=S)N(CC)CC,1
SAFE_4758,CN1C=NC2=C1C(=O)N(C(=O)N2C)C,0
TOXIC_728,CC(C)OP(=O)(C)F,1
TOXIC_928,ClC(Cl)(Cl)Cl,1
SAFE_1550,CN(C)C(=N)N,0
SAFE_194,CC1=CN=C(C(=C1OC)C)CS(=O)C2=NC3=C(N2)C=C(C=C3)OC,0
SAFE_1690,C(C(CO)O)O,0
TOXIC_2092,[Pb],1
TOXIC_2091,[Hg],1
TOXIC_2407,CCOP(=S)(OCC)Oc1ccc(cc1)[N+](=O)[O-],1
SAFE_5,CN(C)C(=N)N,0
SAFE_905,CN(C)C(=N)N,0
SAFE_4138,C1CC(N(C1)C(=O)C(CC2=CC=CC=C2)NC(=O)C(CC3=CC=CC=C3)N)C(=O)O,0
TOXIC_1079,CCOP(=S)(OCC)Oc1ccc(cc1)[N+](=O)[O-],1
TOXIC_289,ClC(Cl)Cl,1
TOXIC_2538,O=[As]O[As]=O,1
SAFE_2652,CC1(C(N2C(S1)C(C2=O)NC(=O)CC3=CC=CC=C3)C(=O)O)C,0
SAFE_2766,CCO,0
TOXIC_3665,ClC(Cl)Cl,1
SAFE_2383,C1CC(N(C1)C(=O)C(CC2=CC=CC=C2)NC(=O)C(CC3=CC=CC=C3)N)C(=O)O,0
TOXIC_4625,ClC(Cl)Cl,1
TOXIC_3910,CN(N=O)C,1
SAFE_2864,CC1=CN=C(C(=C1OC)C)CS(=O)C2=NC3=C(N2)C=C(C=C3)OC,0
SAFE_4579,COC1=CC=C(C=C1)C(C)C(=O)O,0
SAFE_162,CC1(C(N2C(S1)C(C2=O)NC(=O)CC3=CC=CC=C3)C(=O)O)C,0
TOXIC_28,[Pb],1
SAFE_4262,CC(C)CC1=CC=C(C=C1)C(C)C(=O)O,0
SAFE_2105,CN(C)C(=N)N,0
TOXIC_2311,CCOP(=S)(OCC)Oc1ccc(cc1)[N+](=O)[O-],1
SAFE_3262,C(C(=O)O)N,0
TOXIC_4676,ClC=C,1
TOXIC_2682,O=[As]O[As]=O,1
SAFE_920,CN(C)C(=N)N,0
TOXIC_3772,[Pb],1
TOXIC_4056,CC(C)OP(=O)(C)F,1
SAFE_2777,CC(C)CC1=CC=C(C=C1)C(C)C(=O)O,0
TOXIC_4534,CN(N=O)C,1
SAFE_3970,C(C(CO)O)O,0
TOXIC_3137,ClC(Cl)Cl,1
SAFE_3689,CC1=CN=C(C(=C1OC)C)CS(=O)C2=NC3=C(N2)C=C(C=C3)OC,0
TOXIC_4733,CC1=CC=C(C=C1)C2=CC(=NN2C3=CC=C(C=C3)S(=O)(=O)C)C(F)(F)F,1
SAFE_2426,C(=O)(N)N,0
TOXIC_1068,[Pb],1
SAFE_2603,C(C1C(C(C(C(O1)O)O)O)O)O,0
SAFE_516,CCO,0
TOXIC_405,C=O,1
SAFE_492,CC1(C(N2C(S1)C(C2=O)NC(=O)CC3=CC=CC=C3)C(=O)O)C,0
TOXIC_3483,[Hg],1
TOXIC_4073,N#C,1
TOXIC_2352,ClC(Cl)(Cl)Cl,1
TOXIC_2580,ClC=C,1
TOXIC_1384,CC(C)OP(=O)(C)F,1
TOXIC_3489,ClC(Cl)Cl,1
TOXIC_3595,[Hg],1
SAFE_2824,COC1=CC=C(C=C1)C(C)C(=O)O,0
SAFE_4961,C(=O)(N)N,0
TOXIC_3396,ClC=C,1
SAFE_1936,CC(=O)NC1=CC=C(O)C=C1,0
TOXIC_4450,NN,1
TOXIC_4592,ClC(Cl)(Cl)Cl,1
SAFE_424,COC1=CC=C(C=C1)C(C)C(=O)O,0
TOXIC_3916,[Pb],1
SAFE_1035,CC(=O)OC1=CC=CC=C1C(=O)O,0
SAFE_1578,CN1C=NC2=C1C(=O)N(C(=O)N2C)C,0
TOXIC_1466,O=[As]O[As]=O,1
SAFE_1064,CC1=CN=C(C(=C1OC)C)CS(=O)C2=NC3=C(N2)C=C(C=C3)OC,0
TOXIC_4229,C=O,1
TOXIC_3802,O=[As]O[As]=O,1
TOXIC_925,CC1=CC=C(C=C1)C2=CC(=NN2C3=CC=C(C=C3)S(=O)(=O)C)C(F)(F)F,1
SAFE_1136,C(=O)(N)N,0
SAFE_397,C(C(=O)O)N,0
SAFE_2699,CC1=CN=C(C(=C1OC)C)CS(=O)C2=NC3=C(N2)C=C(C=C3)OC,0
TOXIC_2911,CCN(CC)C(=S)SSC(=S)N(CC)CC,1
SAFE_4209,CC(=O)O,0
SAFE_422,CC(C)CC1=CC=C(C=C1)C(C)C(=O)O,0
TOXIC_151,CCOP(=S)(OCC)Oc1ccc(cc1)[N+](=O)[O-],1
SAFE_4044,CC(=O)O,0
TOXIC_2217,N#C,1
TOXIC_1236,ClC=C,1
TOXIC_3954,NN,1
TOXIC_66,NN,1
TOXIC_809,N#C,1
TOXIC_836,ClC=C,1
TOXIC_3430,CN(N=O)C,1
SAFE_3524,CC1=CN=C(C(=C1OC)C)CS(=O)C2=NC3=C(N2)C=C(C=C3)OC,0
SAFE_4949,CC1=CN=C(C(=C1OC)C)CS(=O)C2=NC3=C(N2)C=C(C=C3)OC,0
TOXIC_2294,CN(N=O)C,1
TOXIC_498,NN,1
SAFE_1527,CC1(C(N2C(S1)C(C2=O)NC(=O)CC3=CC=CC=C3)C(=O)O)C,0
TOXIC_1716,ClC=C,1
SAFE_2248,C1CC(N(C1)C(=O)C(CC2=CC=CC=C2)NC(=O)C(CC3=CC=CC=C3)N)C(=O)O,0
TOXIC_2733,CC1=CC=C(C=C1)C2=CC(=NN2C3=CC=C(C=C3)S(=O)(=O)C)C(F)(F)F,1
TOXIC_2230,CN(N=O)C,1
SAFE_1199,CC1=CN=C(C(=C1OC)C)CS(=O)C2=NC3=C(N2)C=C(C=C3)OC,0
SAFE_3304,COC1=CC=C(C=C1)C(C)C(=O)O,0
SAFE_1387,C(C(=O)O)N,0
TOXIC_1173,C=O,1
SAFE_332,CC(C)CC1=CC=C(C=C1)C(C)C(=O)O,0
SAFE_3582,CC1(C(N2C(S1)C(C2=O)NC(=O)CC3=CC=CC=C3)C(=O)O)C,0
SAFE_4035,CC(=O)OC1=CC=CC=C1C(=O)O,0
TOXIC_1871,CCN(CC)C(=S)SSC(=S)N(CC)CC,1
TOXIC_3571,c1ccccc1,1
TOXIC_762,O=[As]O[As]=O,1
TOXIC_2125,CC1=CC=C(C=C1)C2=CC(=NN2C3=CC=C(C=C3)S(=O)(=O)C)C(F)(F)F,1
TOXIC_78,CC1=CC=C(C=C1)C(=O)NC2=CC=CC=C2,1
SAFE_959,CC1=CN=C(C(=C1OC)C)CS(=O)C2=NC3=C(N2)C=C(C=C3)OC,0
SAFE_3826,CC(=O)NC1=CC=C(O)C=C1,0
TOXIC_4433,ClC(Cl)Cl,1
SAFE_1815,CC(=O)OC1=CC=CC=C1C(=O)O,0
SAFE_3311,C(=O)(N)N,0
SAFE_3777,CC1(C(N2C(S1)C(C2=O)NC(=O)CC3=CC=CC=C3)C(=O)O)C,0
TOXIC_3398,CN(N=O)C,1
TOXIC_3864,CC(C)OP(=O)(C)F,1
TOXIC_3645,CC1=CC=C(C=C1)C2=CC(=NN2C3=CC=C(C=C3)S(=O)(=O)C)C(F)(F)F,1
SAFE_3682,C(C(=O)O)N,0
TOXIC_748,[Pb],1
SAFE_3347,CC(C)CC1=CC=C(C=C1)C(C)C(=O)O,0
SAFE_1775,CN(C)C(=N)N,0
SAFE_2879,CC1=CN=C(C(=C1OC)C)CS(=O)C2=NC3=C(N2)C=C(C=C3)OC,0
TOXIC_3413,C=O,1
TOXIC_1688,CC(C)OP(=O)(C)F,1
TOXIC_1941,C=O,1
SAFE_2668,C1CC(N(C1)C(=O)C(CC2=CC=CC=C2)NC(=O)C(CC3=CC=CC=C3)N)C(=O)O,0
TOXIC_2798,CC1=CC=C(C=C1)C(=O)NC2=CC=CC=C2,1
TOXIC_141,CC1=CC=C(C=C1)C2=CC(=NN2C3=CC=C(C=C3)S(=O)(=O)C)C(F)(F)F,1
SAFE_2960,CN(C)C(=N)N,0
TOXIC_4549,C=O,1
TOXIC_2721,ClC(Cl)Cl,1
TOXIC_2573,CC1=CC=C(C=C1)C2=CC(=NN2C3=CC=C(C=C3)S(=O)(=O)C)C(F)(F)F,1
SAFE_3387,CC1(C(N2C(S1)C(C2=O)NC(=O)CC3=CC=CC=C3)C(=O)O)C,0
TOXIC_1915,[Hg],1
TOXIC_22,CN(N=O)C,1
TOXIC_4901,C=O,1
SAFE_4892,CC(C)CC1=CC=C(C=C1)C(C)C(=O)O,0
SAFE_4292,CC(C)CC1=CC=C(C=C1)C(C)C(=O)O,0
SAFE_2682,CC1(C(N2C(S1)C(C2=O)NC(=O)CC3=CC=CC=C3)C(=O)O)C,0
SAFE_280,C(C(CO)O)O,0
TOXIC_3820,[Pb],1
SAFE_4617,CC1(C(N2C(S1)C(C2=O)NC(=O)CC3=CC=CC=C3)C(=O)O)C,0
TOXIC_1882,O=[As]O[As]=O,1
TOXIC_3572,ClC=C,1
SAFE_3665,CN(C)C(=N)N,0
SAFE_4843,C1CC(N(C1)C(=O)C(CC2=CC=CC=C2)NC(=O)C(CC3=CC=CC=C3)N)C(=O)O,0
SAFE_2660,CN(C)C(=N)N,0
TOXIC_244,ClC=C,1
TOXIC_1086,CC1=CC=C(C=C1)C(=O)NC2=CC=CC=C2,1
SAFE_1368,CN1C=NC2=C1C(=O)N(C(=O)N2C)C,0
SAFE_1552,C(C(=O)O)N,0
SAFE_4539,CC(=O)O,0
SAFE_2833,C1CC(N(C1)C(=O)C(CC2=CC=CC=C2)NC(=O)C(CC3=CC=CC=C3)N)C(=O)O,0
SAFE_2679,CC(=O)O,0
SAFE_2440,C(C(CO)O)O,0
TOXIC_2567,CCOP(=S)(OCC)Oc1ccc(cc1)[N+](=O)[O-],1
TOXIC_2044,[Pb],1
TOXIC_2496,ClC(Cl)(Cl)Cl,1
SAFE_3895,C(C(CO)O)O,0
TOXIC_2109,CC1=CC=C(C=C1)C2=CC(=NN2C3=CC=C(C=C3)S(=O)(=O)C)C(F)(F)F,1
TOXIC_1552,ClC(Cl)(Cl)Cl,1
TOXIC_4712,CC(C)OP(=O)(C)F,1
TOXIC_3800,CC(C)OP(=O)(C)F,1
TOXIC_2937,N#C,1
SAFE_2969,CC1=CN=C(C(=C1OC)C)CS(=O)C2=NC3=C(N2)C=C(C=C3)OC,0
TOXIC_2779,[Hg],1
SAFE_3115,C(C(CO)O)O,0
TOXIC_4107,[Hg],1
SAFE_4906,CC(=O)NC1=CC=C(O)C=C1,0
TOXIC_590,CC1=CC=C(C=C1)C(=O)NC2=CC=CC=C2,1
TOXIC_171,[Hg],1
TOXIC_4165,C=O,1
SAFE_505,C(C(CO)O)O,0
TOXIC_1088,ClC(Cl)(Cl)Cl,1
TOXIC_3001,N#C,1
SAFE_3275,CN(C)C(=N)N,0
TOXIC_3104,ClC(Cl)(Cl)Cl,1
TOXIC_3344,ClC(Cl)(Cl)Cl,1
SAFE_3701,C(=O)(N)N,0
SAFE_2983,C1CC(N(C1)C(=O)C(CC2=CC=CC=C2)NC(=O)C(CC3=CC=CC=C3)N)C(=O)O,0
SAFE_3355,C(C(CO)O)O,0
SAFE_2646,CCO,0
SAFE_307,C(C(=O)O)N,0
TOXIC_2035,c1ccccc1,1
TOXIC_4714,O=[As]O[As]=O,1
SAFE_551,C(=O)(N)N,0
TOXIC_50,NN,1
TOXIC_422,CN(N=O)C,1
SAFE_3102,CC1(C(N2C(S1)C(C2=O)NC(=O)CC3=CC=CC=C3)C(=O)O)C,0
SAFE_1422,CC1(C(N2C(S1)C(C2=O)NC(=O)CC3=CC=CC=C3)C(=O)O)C,0
TOXIC_2807,CCOP(=S)(OCC)Oc1ccc(cc1)[N+](=O)[O-],1
SAFE_4891,CC(=O)NC1=CC=C(O)C=C1,0
SAFE_1747,C(C(=O)O)N,0
SAFE_1489,COC1=CC=C(C=C1)C(C)C(=O)O,0
TOXIC_360,CC(C)OP(=O)(C)F,1
SAFE_2176,CC(=O)NC1=CC=C(O)C=C1,0
SAFE_3491,C(=O)(N)N,0
TOXIC_3870,CC1=CC=C(C=C1)C(=O)NC2=CC=CC=C2,1
TOXIC_71,CCOP(=S)(OCC)Oc1ccc(cc1)[N+](=O)[O-],1
TOXIC_2873,N#C,1
SAFE_3332,CC(C)CC1=CC=C(C=C1)C(C)C(=O)O,0
SAFE_4789,COC1=CC=C(C=C1)C(C)C(=O)O,0
TOXIC_2102,CN(N=O)C,1
TOXIC_2597,C=O,1
SAFE_616,CC(=O)NC1=CC=C(O)C=C1,0
SAFE_2552,CC(C)CC1=CC=C(C=C1)C(C)C(=O)O,0
SAFE_2616,CCO,0
SAFE_3325,C(C(CO)O)O,0
TOXIC_4749,CC1=CC=C(C=C1)C2=CC(=NN2C3=CC=C(C=C3)S(=O)(=O)C)C(F)(F)F,1
TOXIC_510,CC1=CC=C(C=C1)C(=O)NC2=CC=CC=C2,1
SAFE_2778,CN1C=NC2=C1C(=O)N(C(=O)N2C)C,0
SAFE_4665,CC(=O)OC1=CC=CC=C1C(=O)O,0
TOXIC_277,C=O,1
TOXIC_3287,CCOP(=S)(OCC)Oc1ccc(cc1)[N+](=O)[O-],1
SAFE_293,C(C1C(C(C(C(O1)O)O)O)O)O,0
TOXIC_4604,[Pb],1
SAFE_339,CC(=O)O,0
SAFE_622,C(C(=O)O)N,0
SAFE_3704,CC1=CN=C(C(=C1OC)C)CS(=O)C2=NC3=C(N2)C=C(C=C3)OC,0
SAFE_4989,CC(=O)O,0
SAFE_140,CN(C)C(=N)N,0
TOXIC_4096,ClC(Cl)(Cl)Cl,1
TOXIC_3469,CC1=CC=C(C=C1)C2=CC(=NN2C3=CC=C(C=C3)S(=O)(=O)C)C(F)(F)F,1
TOXIC_4360,CC(C)OP(=O)(C)F,1
SAFE_1907,CC(C)CC1=CC=C(C=C1)C(C)C(=O)O,0
TOXIC_212,ClC=C,1
SAFE_2268,CN1C=NC2=C1C(=O)N(C(=O)N2C)C,0
TOXIC_4280,CC(C)OP(=O)(C)F,1
TOXIC_242,NN,1
TOXIC_734,CC1=CC=C(C=C1)C(=O)NC2=CC=CC=C2,1
SAFE_2496,CCO,0
TOXIC_3553,ClC(Cl)Cl,1
SAFE_2488,C1CC(N(C1)C(=O)C(CC2=CC=CC=C2)NC(=O)C(CC3=CC=CC=C3)N)C(=O)O,0
SAFE_3515,CN(C)C(=N)N,0
TOXIC_1379,c1ccccc1,1
SAFE_2094,CC(=O)O,0
SAFE_3139,COC1=CC=C(C=C1)C(C)C(=O)O,0
TOXIC_1197,CC1=CC=C(C=C1)C2=CC(=NN2C3=CC=C(C=C3)S(=O)(=O)C)C(F)(F)F,1
SAFE_1091,C(=O)(N)N,0
TOXIC_1459,c1ccccc1,1
SAFE_3452,CC(C)CC1=CC=C(C=C1)C(C)C(=O)O,0
TOXIC_1473,ClC(Cl)Cl,1
TOXIC_3247,CCN(CC)C(=S)SSC(=S)N(CC)CC,1
SAFE_3880,C(C(CO)O)O,0
TOXIC_3672,CC(C)OP(=O)(C)F,1
SAFE_4738,C1CC(N(C1)C(=O)C(CC2=CC=CC=C2)NC(=O)C(CC3=CC=CC=C3)N)C(=O)O,0
TOXIC_4350,CC1=CC=C(C=C1)C(=O)NC2=CC=CC=C2,1
TOXIC_3643,[Hg],1
TOXIC_2164,ClC=C,1
TOXIC_3177,N#C,1
TOXIC_3453,CC1=CC=C(C=C1)C2=CC(=NN2C3=CC=C(C=C3)S(=O)(=O)C)C(F)(F)F,1
TOXIC_3334,CN(N=O)C,1
SAFE_10,C(C(CO)O)O,0
TOXIC_1340,[Pb],1
SAFE_1957,C(C(=O)O)N,0
TOXIC_288,ClC(Cl)(Cl)Cl,1
SAFE_3878,C(C1C(C(C(C(O1)O)O)O)O)O,0
SAFE_2097,CC1(C(N2C(S1)C(C2=O)NC(=O)CC3=CC=CC=C3)C(=O)O)C,0
TOXIC_408,CC(C)OP(=O)(C)F,1
SAFE_4856,C(=O)(N)N,0
SAFE_4991,C(=O)(N)N,0
TOXIC_164,ClC=C,1
TOXIC_2843,[Hg],1
SAFE_1537,C(C(=O)O)N,0
TOXIC_4542,CC1=CC=C(C=C1)C(=O)NC2=CC=CC=C2,1
TOXIC_1821,CC1=CC=C(C=C1)C2=CC(=NN2C3=CC=C(C=C3)S(=O)(=O)C)C(F)(F)F,1
SAFE_2314,COC1=CC=C(C=C1)C(C)C(=O)O,0
SAFE_1926,CCO,0
TOXIC_1208,CC(C)OP(=O)(C)F,1
TOXIC_1737,N#C,1
TOXIC_3875,c1ccccc1,1
TOXIC_735,CCN(CC)C(=S)SSC(=S)N(CC)CC,1
SAFE_3241,CC(=O)NC1=CC=C(O)C=C1,0
TOXIC_3848,CC(C)OP(=O)(C)F,1
TOXIC_4932,ClC=C,1
SAFE_605,CN(C)C(=N)N,0
SAFE_1338,CN1C=NC2=C1C(=O)N(C(=O)N2C)C,0
TOXIC_4766,CC1=CC=C(C=C1)C(=O)NC2=CC=CC=C2,1
SAFE_62,CC(C)CC1=CC=C(C=C1)C(C)C(=O)O,0
SAFE_636,CCO,0
TOXIC_1847,CCOP(=S)(OCC)Oc1ccc(cc1)[N+](=O)[O-],1
TOXIC_807,CCOP(=S)(OCC)Oc1ccc(cc1)[N+](=O)[O-],1
SAFE_1072,C(C(=O)O)N,0
TOXIC_1179,[Hg],1
TOXIC_1660,[Pb],1
TOXIC_1339,[Hg],1
TOXIC_1012,ClC=C,1
SAFE_3790,C(C(CO)O)O,0
SAFE_71,C(=O)(N)N,0
TOXIC_4445,CC1=CC=C(C=C1)C2=CC(=NN2C3=CC=C(C=C3)S(=O)(=O)C)C(F)(F)F,1
TOXIC_1354,O=[As]O[As]=O,1
SAFE_4570,C(C(CO)O)O,0
SAFE_4929,CC(=O)O,0
SAFE_3732,CC1(C(N2C(S1)C(C2=O)NC(=O)CC3=CC=CC=C3)C(=O)O)C,0
TOXIC_2364,[Pb],1
TOXIC_1556,ClC=C,1
TOXIC_3173,C=O,1
TOXIC_480,ClC(Cl)(Cl)Cl,1
SAFE_1592,CC(C)CC1=CC=C(C=C1)C(C)C(=O)O,0
SAFE_4798,C1CC(N(C1)C(=O)C(CC2=CC=CC=C2)NC(=O)C(CC3=CC=CC=C3)N)C(=O)O,0
TOXIC_4580,ClC=C,1
SAFE_3468,CN1C=NC2=C1C(=O)N(C(=O)N2C)C,0
SAFE_2586,CCO,0
SAFE_4951,CC(=O)NC1=CC=C(O)C=C1,0
TOXIC_2142,CC1=CC=C(C=C1)C(=O)NC2=CC=CC=C2,1
TOXIC_3447,CCOP(=S)(OCC)Oc1ccc(cc1)[N+](=O)[O-],1
SAFE_4013,C(C1C(C(C(C(O1)O)O)O)O)O,0
TOXIC_4500,ClC=C,1
TOXIC_1371,[Hg],1
SAFE_23,C(C1C(C(C(C(O1)O)O)O)O)O,0
TOXIC_4267,[Hg],1
SAFE_2866,CC(=O)NC1=CC=C(O)C=C1,0
SAFE_3709,COC1=CC=C(C=C1)C(C)C(=O)O,0
TOXIC_1749,C=O,1
TOXIC_2995,c1ccccc1,1
TOXIC_2248,CC(C)OP(=O)(C)F,1
TOXIC_4936,CC(C)OP(=O)(C)F,1
TOXIC_3729,ClC(Cl)Cl,1
TOXIC_2007,CCOP(=S)(OCC)Oc1ccc(cc1)[N+](=O)[O-],1
SAFE_1983,CN1C=NC2=C1C(=O)N(C(=O)N2C)C,0
TOXIC_4203,[Hg],1
TOXIC_2427,[Hg],1
SAFE_2904,CC(=O)O,0
SAFE_1906,CC(=O)NC1=CC=C(O)C=C1,0
TOXIC_4590,CC1=CC=C(C=C1)C(=O)NC2=CC=CC=C2,1
TOXIC_868,ClC=C,1
TOXIC_179,c1ccccc1,1
SAFE_3958,C1CC(N(C1)C(=O)C(CC2=CC=CC=C2)NC(=O)C(CC3=CC=CC=C3)N)C(=O)O,0
TOXIC_4521,N#C,1
SAFE_4097,CC(C)CC1=CC=C(C=C1)C(C)C(=O)O,0
TOXIC_846,CC1=CC=C(C=C1)C(=O)NC2=CC=CC=C2,1
SAFE_3048,CN1C=NC2=C1C(=O)N(C(=O)N2C)C,0
TOXIC_1903,CCN(CC)C(=S)SSC(=S)N(CC)CC,1
TOXIC_862,CC1=CC=C(C=C1)C(=O)NC2=CC=CC=C2,1
TOXIC_4243,c1ccccc1,1
SAFE_4233,CN1C=NC2=C1C(=O)N(C(=O)N2C)C,0
TOXIC_1456,ClC(Cl)(Cl)Cl,1
TOXIC_2635,[Hg],1
TOXIC_4469,C=O,1
SAFE_3561,CCO,0
TOXIC_947,c1ccccc1,1
SAFE_4914,CC(=O)O,0
SAFE_2392,C(C(=O)O)N,0
SAFE_3497,CC(C)CC1=CC=C(C=C1)C(C)C(=O)O,0
TOXIC_1167,CCN(CC)C(=S)SSC(=S)N(CC)CC,1
TOXIC_3816,CC(C)OP(=O)(C)F,1
TOXIC_2315,[Hg],1
SAFE_2381,C(=O)(N)N,0
TOXIC_933,C=O,1
SAFE_785,CN(C)C(=N)N,0
TOXIC_2541,CC1=CC=C(C=C1)C2=CC(=NN2C3=CC=C(C=C3)S(=O)(=O)C)C(F)(F)F,1
SAFE_863,C(C1C(C(C(C(O1)O)O)O)O)O,0
SAFE_2800,C(C(CO)O)O,0
TOXIC_779,[Hg],1
TOXIC_4777,N#C,1
TOXIC_3676,[Pb],1
SAFE_2981,C(=O)(N)N,0
SAFE_472,C(C(=O)O)N,0
SAFE_4417,C(C(=O)O)N,0
TOXIC_2225,ClC(Cl)Cl,1
TOXIC_3228,[Pb],1
TOXIC_2196,ClC=C,1
TOXIC_4340,ClC=C,1
SAFE_732,CC1(C(N2C(S1)C(C2=O)NC(=O)CC3=CC=CC=C3)C(=O)O)C,0
SAFE_1608,CN1C=NC2=C1C(=O)N(C(=O)N2C)C,0
TOXIC_305,ClC(Cl)Cl,1
TOXIC_254,CC1=CC=C(C=C1)C(=O)NC2=CC=CC=C2,1
SAFE_1330,C(C(CO)O)O,0
TOXIC_3510,CN(N=O)C,1
SAFE_3691,CC(=O)NC1=CC=C(O)C=C1,0
SAFE_143,C(C1C(C(C(C(O1)O)O)O)O)O,0
SAFE_1547,CC(C)CC1=CC=C(C=C1)C(C)C(=O)O,0
SAFE_4178,C(C1C(C(C(C(O1)O)O)O)O)O,0
TOXIC_2546,NN,1
TOXIC_4254,CC1=CC=C(C=C1)C(=O)NC2=CC=CC=C2,1
SAFE_1540,C(C(CO)O)O,0
TOXIC_2969,N#C,1
SAFE_1134,CC(=O)O,0
TOXIC_4307,c1ccccc1,1
SAFE_1099,COC1=CC=C(C=C1)C(C)C(=O)O,0
SAFE_1123,C1CC(N(C1)C(=O)C(CC2=CC=CC=C2)NC(=O)C(CC3=CC=CC=C3)N)C(=O)O,0
TOXIC_1232,ClC(Cl)(Cl)Cl,1
TOXIC_1972,ClC=C,1
TOXIC_4098,NN,1
TOXIC_336,ClC(Cl)(Cl)Cl,1
TOXIC_2784,ClC(Cl)(Cl)Cl,1
TOXIC_40,CC(C)OP(=O)(C)F,1
SAFE_3740,CN(C)C(=N)N,0
SAFE_807,CC1(C(N2C(S1)C(C2=O)NC(=O)CC3=CC=CC=C3)C(=O)O)C,0
TOXIC_3865,N#C,1
TOXIC_2720,ClC(Cl)(Cl)Cl,1
TOXIC_318,CC1=CC=C(C=C1)C(=O)NC2=CC=CC=C2,1
SAFE_4230,CC(=O)OC1=CC=CC=C1C(=O)O,0
TOXIC_3673,N#C,1
TOXIC_469,C=O,1
TOXIC_3351,CCOP(=S)(OCC)Oc1ccc(cc1)[N+](=O)[O-],1
SAFE_2592,CC1(C(N2C(S1)C(C2=O)NC(=O)CC3=CC=CC=C3)C(=O)O)C,0
TOXIC_1662,CC1=CC=C(C=C1)C(=O)NC2=CC=CC=C2,1
TOXIC_4734,CC1=CC=C(C=C1)C(=O)NC2=CC=CC=C2,1
TOXIC_3304,CC(C)OP(=O)(C)F,1
TOXIC_1665,ClC(Cl)Cl,1
TOXIC_3787,[Hg],1
SAFE_2199,CC(=O)O,0
SAFE_407,CC(C)CC1=CC=C(C=C1)C(C)C(=O)O,0
SAFE_929,CC1=CN=C(C(=C1OC)C)CS(=O)C2=NC3=C(N2)C=C(C=C3)OC,0
SAFE_499,COC1=CC=C(C=C1)C(C)C(=O)O,0
TOXIC_859,[Hg],1
SAFE_2868,CN1C=NC2=C1C(=O)N(C(=O)N2C)C,0
TOXIC_3994,O=[As]O[As]=O,1
SAFE_2110,C(C(CO)O)O,0
TOXIC_761,N#C,1
SAFE_2407,C(C(=O)O)N,0
TOXIC_4192,ClC(Cl)(Cl)Cl,1
TOXIC_707,c1ccccc1,1
SAFE_2553,CN1C=NC2=C1C(=O)N(C(=O)N2C)C,0
SAFE_420,CC(=O)OC1=CC=CC=C1C(=O)O,0
TOXIC_2169,N#C,1
TOXIC_2739,c1ccccc1,1
SAFE_4684,COC1=CC=C(C=C1)C(C)C(=O)O,0
TOXIC_4205,CC1=CC=C(C=C1)C2=CC(=NN2C3=CC=C(C=C3)S(=O)(=O)C)C(F)(F)F,1
SAFE_4275,CC(=O)OC1=CC=CC=C1C(=O)O,0
SAFE_3340,C(C(CO)O)O,0
SAFE_2253,CN1C=NC2=C1C(=O)N(C(=O)N2C)C,0
TOXIC_2366,CC1=CC=C(C=C1)C(=O)NC2=CC=CC=C2,1
TOXIC_398,CC1=CC=C(C=C1)C(=O)NC2=CC=CC=C2,1
SAFE_2609,CC1=CN=C(C(=C1OC)C)CS(=O)C2=NC3=C(N2)C=C(C=C3)OC,0
TOXIC_626,NN,1
TOXIC_1108,ClC=C,1
SAFE_3557,CC(C)CC1=CC=C(C=C1)C(C)C(=O)O,0
TOXIC_1811,c1ccccc1,1
TOXIC_4323,c1ccccc1,1
SAFE_3271,CC(=O)NC1=CC=C(O)C=C1,0
TOXIC_1154,NN,1
TOXIC_2507,[Hg],1
SAFE_324,CC(=O)O,0
TOXIC_4548,ClC=C,1
SAFE_1144,COC1=CC=C(C=C1)C(C)C(=O)O,0
SAFE_2999,CC1=CN=C(C(=C1OC)C)CS(=O)C2=NC3=C(N2)C=C(C=C3)OC,0
TOXIC_2560,ClC(Cl)(Cl)Cl,1
TOXIC_1501,CC1=CC=C(C=C1)C2=CC(=NN2C3=CC=C(C=C3)S(=O)(=O)C)C(F)(F)F,1
TOXIC_705,ClC(Cl)Cl,1
TOXIC_3952,ClC(Cl)(Cl)Cl,1
TOXIC_1481,N#C,1
TOXIC_3789,CC1=CC=C(C=C1)C2=CC(=NN2C3=CC=C(C=C3)S(=O)(=O)C)C(F)(F)F,1
TOXIC_1196,[Pb],1
SAFE_481,CC(=O)NC1=CC=C(O)C=C1,0
TOXIC_3993,N#C,1
SAFE_1785,CC(=O)OC1=CC=CC=C1C(=O)O,0
SAFE_1290,CC(=O)OC1=CC=CC=C1C(=O)O,0
TOXIC_4796,[Pb],1
TOXIC_3189,C=O,1
SAFE_2379,CC(=O)O,0
TOXIC_656,ClC(Cl)(Cl)Cl,1
TOXIC_2236,[Pb],1
TOXIC_3894,CN(N=O)C,1
TOXIC_419,c1ccccc1,1
SAFE_4714,COC1=CC=C(C=C1)C(C)C(=O)O,0
SAFE_1700,CN(C)C(=N)N,0
TOXIC_1825,ClC(Cl)Cl,1
SAFE_373,C1CC(N(C1)C(=O)C(CC2=CC=CC=C2)NC(=O)C(CC3=CC=CC=C3)N)C(=O)O,0
TOXIC_4756,ClC=C,1
TOXIC_4850,NN,1
TOXIC_4916,ClC=C,1
SAFE_1484,CC1=CN=C(C(=C1OC)C)CS(=O)C2=NC3=C(N2)C=C(C=C3)OC,0
TOXIC_4437,C=O,1
SAFE_3916,CC(=O)NC1=CC=C(O)C=C1,0
TOXIC_4390,CN(N=O)C,1
SAFE_3920,CN(C)C(=N)N,0
SAFE_2310,CC(=O)OC1=CC=CC=C1C(=O)O,0
SAFE_1006,CC(=O)NC1=CC=C(O)C=C1,0
TOXIC_4698,O=[As]O[As]=O,1
SAFE_355,C(C(CO)O)O,0
SAFE_998,C(C1C(C(C(C(O1)O)O)O)O)O,0
SAFE_1675,C(C(CO)O)O,0
TOXIC_2787,c1ccccc1,1
TOXIC_2182,CN(N=O)C,1
SAFE_4338,CN1C=NC2=C1C(=O)N(C(=O)N2C)C,0
SAFE_762,CC1(C(N2C(S1)C(C2=O)NC(=O)CC3=CC=CC=C3)C(=O)O)C,0
TOXIC_2915,c1ccccc1,1
SAFE_3727,C(C(=O)O)N,0
SAFE_1744,COC1=CC=C(C=C1)C(C)C(=O)O,0
SAFE_3891,CCO,0
TOXIC_4742,CN(N=O)C,1
SAFE_1071,CCO,0
TOXIC_4023,CCOP(=S)(OCC)Oc1ccc(cc1)[N+](=O)[O-],1
TOXIC_3366,CN(N=O)C,1
TOXIC_2235,[Hg],1
TOXIC_43,[Hg],1
SAFE_4174,COC1=CC=C(C=C1)C(C)C(=O)O,0
SAFE_3675,CC(=O)OC1=CC=CC=C1C(=O)O,0
TOXIC_390,CN(N=O)C,1
SAFE_78,CN1C=NC2=C1C(=O)N(C(=O)N2C)C,0
SAFE_4544,CC1=CN=C(C(=C1OC)C)CS(=O)C2=NC3=C(N2)C=C(C=C3)OC,0
SAFE_4181,C(=O)(N)N,0
TOXIC_44,[Pb],1
SAFE_4107,CC1(C(N2C(S1)C(C2=O)NC(=O)CC3=CC=CC=C3)C(=O)O)C,0
TOXIC_281,N#C,1
SAFE_4387,C(C(=O)O)N,0
TOXIC_85,C=O,1
TOXIC_4589,CC1=CC=C(C=C1)C2=CC(=NN2C3=CC=C(C=C3)S(=O)(=O)C)C(F)(F)F,1
TOXIC_3500,[Pb],1
TOXIC_1989,C=O,1
SAFE_2042,CC(C)CC1=CC=C(C=C1)C(C)C(=O)O,0
SAFE_735,CC(=O)OC1=CC=CC=C1C(=O)O,0
SAFE_3548,C(C1C(C(C(C(O1)O)O)O)O)O,0
SAFE_1252,C(C(=O)O)N,0
TOXIC_3746,NN,1
TOXIC_1134,CC1=CC=C(C=C1)C(=O)NC2=CC=CC=C2,1
TOXIC_3193,N#C,1
TOXIC_2939,[Hg],1
SAFE_1141,CC(=O)NC1=CC=C(O)C=C1,0
TOXIC_2006,CN(N=O)C,1
TOXIC_1651,c1ccccc1,1
TOXIC_2441,N#C,1
TOXIC_935,CCOP(=S)(OCC)Oc1ccc(cc1)[N+](=O)[O-],1
SAFE_3339,CC(=O)O,0
SAFE_1101,CCO,0
SAFE_3110,CN(C)C(=N)N,0
TOXIC_2865,ClC(Cl)Cl,1
SAFE_1918,C1CC(N(C1)C(=O)C(CC2=CC=CC=C2)NC(=O)C(CC3=CC=CC=C3)N)C(=O)O,0
SAFE_934,COC1=CC=C(C=C1)C(C)C(=O)O,0
TOXIC_4904,CC(C)OP(=O)(C)F,1
TOXIC_3094,CN(N=O)C,1
TOXIC_4136,CC(C)OP(=O)(C)F,1
SAFE_3474,CC(=O)O,0
SAFE_1166,C(=O)(N)N,0
SAFE_30,CC(=O)OC1=CC=CC=C1C(=O)O,0
TOXIC_3033,N#C,1
TOXIC_4576,ClC(Cl)(Cl)Cl,1
TOXIC_763,[Hg],1
SAFE_1993,C1CC(N(C1)C(=O)C(CC2=CC=CC=C2)NC(=O)C(CC3=CC=CC=C3)N)C(=O)O,0
SAFE_32,CC(C)CC1=CC=C(C=C1)C(C)C(=O)O,0
SAFE_2405,CN(C)C(=N)N,0
SAFE_2769,CC(=O)O,0
SAFE_2510,CN(C)C(=N)N,0
TOXIC_885,C=O,1
SAFE_2842,C(C(=O)O)N,0
TOXIC_2637,CC1=CC=C(C=C1)C2=CC(=NN2C3=CC=C(C=C3)S(=O)(=O)C)C(F)(F)F,1
SAFE_3850,C(C(CO)O)O,0
SAFE_2850,CC(=O)OC1=CC=CC=C1C(=O)O,0
SAFE_3743,C(C1C(C(C(C(O1)O)O)O)O)O,0
TOXIC_1715,c1ccccc1,1
TOXIC_703,CCN(CC)C(=S)SSC(=S)N(CC)CC,1
SAFE_1063,C1CC(N(C1)C(=O)C(CC2=CC=CC=C2)NC(=O)C(CC3=CC=CC=C3)N)C(=O)O,0
SAFE_1371,CCO,0
TOXIC_3785,N#C,1
TOXIC_1327,CCN(CC)C(=S)SSC(=S)N(CC)CC,1
SAFE_526,CC(=O)NC1=CC=C(O)C=C1,0
SAFE_3173,C(C1C(C(C(C(O1)O)O)O)O)O,0
TOXIC_4881,ClC(Cl)Cl,1
TOXIC_4420,ClC=C,1
TOXIC_1914,O=[As]O[As]=O,1
TOXIC_3057,ClC(Cl)Cl,1
SAFE_2970,CC(=O)OC1=CC=CC=C1C(=O)O,0
SAFE_897,CC1(C(N2C(S1)C(C2=O)NC(=O)CC3=CC=CC=C3)C(=O)O)C,0
TOXIC_1044,ClC=C,1
TOXIC_2458,O=[As]O[As]=O,1
TOXIC_2745,N#C,1
TOXIC_2663,CCOP(=S)(OCC)Oc1ccc(cc1)[N+](=O)[O-],1
SAFE_1250,CN(C)C(=N)N,0
TOXIC_4974,CC1=CC=C(C=C1)C(=O)NC2=CC=CC=C2,1
TOXIC_3196,[Pb],1
TOXIC_522,O=[As]O[As]=O,1
TOXIC_1165,CC1=CC=C(C=C1)C2=CC(=NN2C3=CC=C(C=C3)S(=O)(=O)C)C(F)(F)F,1
TOXIC_2156,[Pb],1
SAFE_170,CN(C)C(=N)N,0
SAFE_1756,CC(=O)NC1=CC=C(O)C=C1,0
TOXIC_1107,c1ccccc1,1
SAFE_83,C(C1C(C(C(C(O1)O)O)O)O)O,0
TOXIC_2672,ClC(Cl)(Cl)Cl,1
SAFE_4440,CC(=O)OC1=CC=CC=C1C(=O)O,0
SAFE_2278,C1CC(N(C1)C(=O)C(CC2=CC=CC=C2)NC(=O)C(CC3=CC=CC=C3)N)C(=O)O,0
TOXIC_447,CCN(CC)C(=S)SSC(=S)N(CC)CC,1
SAFE_1704,CC(=O)O,0
SAFE_2349,CC(=O)O,0
SAFE_4795,C(C(CO)O)O,0
SAFE_411,CCO,0
TOXIC_375,CCOP(=S)(OCC)Oc1ccc(cc1)[N+](=O)[O-],1
SAFE_832,C(C(=O)O)N,0
SAFE_2571,CCO,0
SAFE_1333,C1CC(N(C1)C(=O)C(CC2=CC=CC=C2)NC(=O)C(CC3=CC=CC=C3)N)C(=O)O,0
TOXIC_537,N#C,1
TOXIC_3736,CC(C)OP(=O)(C)F,1
TOXIC_3832,CC(C)OP(=O)(C)F,1
TOXIC_2812,[Pb],1
SAFE_2538,CN1C=NC2=C1C(=O)N(C(=O)N2C)C,0
SAFE_2721,CCO,0
SAFE_376,CC(=O)NC1=CC=C(O)C=C1,0
TOXIC_3633,ClC(Cl)Cl,1
TOXIC_4195,c1ccccc1,1
SAFE_2421,CCO,0
SAFE_1313,C(C1C(C(C(C(O1)O)O)O)O)O,0
TOXIC_3861,C=O,1
TOXIC_4631,CCOP(=S)(OCC)Oc1ccc(cc1)[N+](=O)[O-],1
TOXIC_1023,CCN(CC)C(=S)SSC(=S)N(CC)CC,1
TOXIC_4533,C=O,1
TOXIC_2257,ClC(Cl)Cl,1
SAFE_2881,CC(=O)NC1=CC=C(O)C=C1,0
TOXIC_2293,C=O,1
SAFE_4064,CC1=CN=C(C(=C1OC)C)CS(=O)C2=NC3=C(N2)C=C(C=C3)OC,0
TOXIC_3002,O=[As]O[As]=O,1
TOXIC_4300,[Pb],1
TOXIC_3639,CCOP(=S)(OCC)Oc1ccc(cc1)[N+](=O)[O-],1
TOXIC_60,[Pb],1
TOXIC_2439,CCOP(=S)(OCC)Oc1ccc(cc1)[N+](=O)[O-],1
SAFE_4354,COC1=CC=C(C=C1)C(C)C(=O)O,0
SAFE_852,CC1(C(N2C(S1)C(C2=O)NC(=O)CC3=CC=CC=C3)C(=O)O)C,0
SAFE_1575,CC(=O)OC1=CC=CC=C1C(=O)O,0
TOXIC_4587,[Hg],1
SAFE_2216,C(=O)(N)N,0
SAFE_4558,C1CC(N(C1)C(=O)C(CC2=CC=CC=C2)NC(=O)C(CC3=CC=CC=C3)N)C(=O)O,0
TOXIC_1959,CCOP(=S)(OCC)Oc1ccc(cc1)[N+](=O)[O-],1
TOXIC_4379,[Hg],1
SAFE_1432,C(C(=O)O)N,0
SAFE_478,C1CC(N(C1)C(=O)C(CC2=CC=CC=C2)NC(=O)C(CC3=CC=CC=C3)N)C(=O)O,0
SAFE_3478,C1CC(N(C1)C(=O)C(CC2=CC=CC=C2)NC(=O)C(CC3=CC=CC=C3)N)C(=O)O,0
SAFE_4049,CC1=CN=C(C(=C1OC)C)CS(=O)C2=NC3=C(N2)C=C(C=C3)OC,0
TOXIC_3224,CC(C)OP(=O)(C)F,1
TOXIC_2053,C=O,1
TOXIC_3724,[Pb],1
SAFE_1982,CC(C)CC1=CC=C(C=C1)C(C)C(=O)O,0
SAFE_1969,COC1=CC=C(C=C1)C(C)C(=O)O,0
TOXIC_1041,ClC(Cl)Cl,1
SAFE_2297,CC(C)CC1=CC=C(C=C1)C(C)C(=O)O,0
TOXIC_4475,[Hg],1
SAFE_1019,CC1=CN=C(C(=C1OC)C)CS(=O)C2=NC3=C(N2)C=C(C=C3)OC,0
SAFE_2829,CC(=O)O,0
TOXIC_3417,N#C,1
TOXIC_2378,O=[As]O[As]=O,1
TOXIC_315,[Hg],1
TOXIC_4246,CN(N=O)C,1
SAFE_3076,CC(=O)NC1=CC=C(O)C=C1,0
SAFE_2944,COC1=CC=C(C=C1)C(C)C(=O)O,0
SAFE_1861,CC(=O)NC1=CC=C(O)C=C1,0
SAFE_17,CC(C)CC1=CC=C(C=C1)C(C)C(=O)O,0
TOXIC_2386,NN,1
TOXIC_4343,CCOP(=S)(OCC)Oc1ccc(cc1)[N+](=O)[O-],1
TOXIC_2206,CC1=CC=C(C=C1)C(=O)NC2=CC=CC=C2,1
TOXIC_3231,CCN(CC)C(=S)SSC(=S)N(CC)CC,1
SAFE_3960,CC(=O)OC1=CC=CC=C1C(=O)O,0
TOXIC_1747,c1ccccc1,1
SAFE_4038,CN1C=NC2=C1C(=O)N(C(=O)N2C)C,0
TOXIC_3768,CC(C)OP(=O)(C)F,1
SAFE_4571,C(=O)(N)N,0
SAFE_696,CCO,0
TOXIC_3844,ClC=C,1
SAFE_651,CCO,0
SAFE_1846,CC(=O)NC1=CC=C(O)C=C1,0
TOXIC_1632,ClC(Cl)(Cl)Cl,1
SAFE_2770,C(C(CO)O)O,0
SAFE_2554,COC1=CC=C(C=C1)C(C)C(=O)O,0
TOXIC_1289,N#C,1
SAFE_2614,COC1=CC=C(C=C1)C(C)C(=O)O,0
TOXIC_4142,CC1=CC=C(C=C1)C(=O)NC2=CC=CC=C2,1
TOXIC_3535,CCN(CC)C(=S)SSC(=S)N(CC)CC,1
SAFE_4625,CN(C)C(=N)N,0
TOXIC_4632,CC(C)OP(=O)(C)F,1
SAFE_3479,CC1=CN=C(C(=C1OC)C)CS(=O)C2=NC3=C(N2)C=C(C=C3)OC,0
SAFE_1446,CCO,0
SAFE_2257,C(C(=O)O)N,0
TOXIC_1097,N#C,1
TOXIC_1266,NN,1
SAFE_2099,CC1=CN=C(C(=C1OC)C)CS(=O)C2=NC3=C(N2)C=C(C=C3)OC,0
TOXIC_4986,O=[As]O[As]=O,1
TOXIC_4329,N#C,1
SAFE_1596,CCO,0
TOXIC_4547,c1ccccc1,1
TOXIC_602,O=[As]O[As]=O,1
TOXIC_4791,CCOP(=S)(OCC)Oc1ccc(cc1)[N+](=O)[O-],1
SAFE_2693,C(C1C(C(C(C(O1)O)O)O)O)O,0
SAFE_1849,COC1=CC=C(C=C1)C(C)C(=O)O,0
TOXIC_553,N#C,1
SAFE_1454,CC1=CN=C(C(=C1OC)C)CS(=O)C2=NC3=C(N2)C=C(C=C3)OC,0
TOXIC_1505,ClC(Cl)Cl,1
SAFE_597,CC1(C(N2C(S1)C(C2=O)NC(=O)CC3=CC=CC=C3)C(=O)O)C,0
SAFE_1833,CN1C=NC2=C1C(=O)N(C(=O)N2C)C,0
TOXIC_4130,NN,1
TOXIC_2940,[Pb],1
SAFE_4556,C(=O)(N)N,0
SAFE_3269,CC1=CN=C(C(=C1OC)C)CS(=O)C2=NC3=C(N2)C=C(C=C3)OC,0
TOXIC_3515,[Hg],1
SAFE_3723,CN1C=NC2=C1C(=O)N(C(=O)N2C)C,0
TOXIC_556,[Pb],1
SAFE_1053,CN1C=NC2=C1C(=O)N(C(=O)N2C)C,0
SAFE_3463,C1CC(N(C1)C(=O)C(CC2=CC=CC=C2)NC(=O)C(CC3=CC=CC=C3)N)C(=O)O,0
SAFE_4679,CC1=CN=C(C(=C1OC)C)CS(=O)C2=NC3=C(N2)C=C(C=C3)OC,0
SAFE_4433,C(C1C(C(C(C(O1)O)O)O)O)O,0
TOXIC_4443,[Hg],1
TOXIC_4416,ClC(Cl)(Cl)Cl,1
TOXIC_4577,ClC(Cl)Cl,1
SAFE_1637,CC(C)CC1=CC=C(C=C1)C(C)C(=O)O,0
SAFE_4085,CN(C)C(=N)N,0
SAFE_2459,CC1=CN=C(C(=C1OC)C)CS(=O)C2=NC3=C(N2)C=C(C=C3)OC,0
TOXIC_101,C=O,1
SAFE_1043,C(C1C(C(C(C(O1)O)O)O)O)O,0
SAFE_4403,C(C1C(C(C(C(O1)O)O)O)O)O,0
TOXIC_851,c1ccccc1,1
SAFE_3118,C1CC(N(C1)C(=O)C(CC2=CC=CC=C2)NC(=O)C(CC3=CC=CC=C3)N)C(=O)O,0
SAFE_148,C1CC(N(C1)C(=O)C(CC2=CC=CC=C2)NC(=O)C(CC3=CC=CC=C3)N)C(=O)O,0
TOXIC_3795,c1ccccc1,1
TOXIC_4105,N#C,1
SAFE_2940,CC(=O)OC1=CC=CC=C1C(=O)O,0
TOXIC_989,CC1=CC=C(C=C1)C2=CC(=NN2C3=CC=C(C=C3)S(=O)(=O)C)C(F)(F)F,1
SAFE_1350,CC(=O)OC1=CC=CC=C1C(=O)O,0
TOXIC_4369,ClC(Cl)Cl,1
TOXIC_1358,CC1=CC=C(C=C1)C(=O)NC2=CC=CC=C2,1
TOXIC_3089,ClC(Cl)Cl,1
TOXIC_954,O=[As]O[As]=O,1
SAFE_2526,CCO,0
SAFE_3634,COC1=CC=C(C=C1)C(C)C(=O)O,0
TOXIC_417,ClC(Cl)Cl,1
TOXIC_4573,CC1=CC=C(C=C1)C2=CC(=NN2C3=CC=C(C=C3)S(=O)(=O)C)C(F)(F)F,1
TOXIC_1550,CC1=CC=C(C=C1)C(=O)NC2=CC=CC=C2,1
SAFE_4372,C(C(=O)O)N,0
SAFE_4809,CC(=O)O,0
SAFE_3604,COC1=CC=C(C=C1)C(C)C(=O)O,0
SAFE_36,CCO,0
TOXIC_2367,CCN(CC)C(=S)SSC(=S)N(CC)CC,1
TOXIC_3079,CCOP(=S)(OCC)Oc1ccc(cc1)[N+](=O)[O-],1
SAFE_4583,C(C1C(C(C(C(O1)O)O)O)O)O,0
TOXIC_2023,CCOP(=S)(OCC)Oc1ccc(cc1)[N+](=O)[O-],1
TOXIC_202,O=[As]O[As]=O,1
SAFE_4804,COC1=CC=C(C=C1)C(C)C(=O)O,0
SAFE_4912,C(C(=O)O)N,0
TOXIC_2809,N#C,1
SAFE_2808,CN1C=NC2=C1C(=O)N(C(=O)N2C)C,0
SAFE_4400,CN(C)C(=N)N,0
TOXIC_1799,CCOP(=S)(OCC)Oc1ccc(cc1)[N+](=O)[O-],1
TOXIC_4189,CC1=CC=C(C=C1)C2=CC(=NN2C3=CC=C(C=C3)S(=O)(=O)C)C(F)(F)F,1
SAFE_1840,C(C(CO)O)O,0
TOXIC_3969,ClC(Cl)Cl,1
TOXIC_3082,O=[As]O[As]=O,1
TOXIC_4618,O=[As]O[As]=O,1
TOXIC_2661,C=O,1
TOXIC_38,CN(N=O)C,1
SAFE_4277,CC(C)CC1=CC=C(C=C1)C(C)C(=O)O,0
SAFE_4130,CN(C)C(=N)N,0
SAFE_3866,C(=O)(N)N,0
SAFE_2500,C(C(CO)O)O,0
TOXIC_547,c1ccccc1,1
SAFE_4504,COC1=CC=C(C=C1)C(C)C(=O)O,0
TOXIC_4035,c1ccccc1,1
TOXIC_2919,CCOP(=S)(OCC)Oc1ccc(cc1)[N+](=O)[O-],1
SAFE_3906,CCO,0
TOXIC_3527,CCOP(=S)(OCC)Oc1ccc(cc1)[N+](=O)[O-],1
TOXIC_2569,N#C,1
SAFE_482,CC(C)CC1=CC=C(C=C1)C(C)C(=O)O,0
TOXIC_3562,O=[As]O[As]=O,1
SAFE_2567,CC(C)CC1=CC=C(C=C1)C(C)C(=O)O,0
TOXIC_1541,C=O,1
TOXIC_4902,CN(N=O)C,1
SAFE_4720,C(C(CO)O)O,0
TOXIC_2205,CC1=CC=C(C=C1)C2=CC(=NN2C3=CC=C(C=C3)S(=O)(=O)C)C(F)(F)F,1
SAFE_4141,CC(=O)NC1=CC=C(O)C=C1,0
SAFE_2422,C(C(=O)O)N,0
TOXIC_2946,NN,1
SAFE_4977,CC1(C(N2C(S1)C(C2=O)NC(=O)CC3=CC=CC=C3)C(=O)O)C,0
SAFE_3791,C(=O)(N)N,0
SAFE_779,CC1=CN=C(C(=C1OC)C)CS(=O)C2=NC3=C(N2)C=C(C=C3)OC,0
TOXIC_2488,CC(C)OP(=O)(C)F,1
SAFE_1662,CC1(C(N2C(S1)C(C2=O)NC(=O)CC3=CC=CC=C3)C(=O)O)C,0
SAFE_887,CC(C)CC1=CC=C(C=C1)C(C)C(=O)O,0
TOXIC_1808,ClC(Cl)(Cl)Cl,1
SAFE_1311,CCO,0
SAFE_4735,C(C(CO)O)O,0
SAFE_2305,C(C(CO)O)O,0
TOXIC_1964,[Pb],1
TOXIC_1193,N#C,1
SAFE_2723,C(C1C(C(C(C(O1)O)O)O)O)O,0
SAFE_254,CC1=CN=C(C(=C1OC)C)CS(=O)C2=NC3=C(N2)C=C(C=C3)OC,0
TOXIC_2953,N#C,1
SAFE_1524,CC(=O)O,0
SAFE_2420,CN(C)C(=N)N,0
SAFE_674,CC1=CN=C(C(=C1OC)C)CS(=O)C2=NC3=C(N2)C=C(C=C3)OC,0
TOXIC_2177,ClC(Cl)Cl,1
TOXIC_377,N#C,1
SAFE_583,C1CC(N(C1)C(=O)C(CC2=CC=CC=C2)NC(=O)C(CC3=CC=CC=C3)N)C(=O)O,0
SAFE_3630,CC(=O)OC1=CC=CC=C1C(=O)O,0
SAFE_3750,CC(=O)OC1=CC=CC=C1C(=O)O,0
SAFE_2754,CC(=O)O,0
SAFE_1456,CC(=O)NC1=CC=C(O)C=C1,0
SAFE_2002,C(C(=O)O)N,0
SAFE_907,C(C(=O)O)N,0
TOXIC_4958,CC1=CC=C(C=C1)C(=O)NC2=CC=CC=C2,1
TOXIC_2227,c1ccccc1,1
SAFE_3733,C1CC(N(C1)C(=O)C(CC2=CC=CC=C2)NC(=O)C(CC3=CC=CC=C3)N)C(=O)O,0
TOXIC_1171,c1ccccc1,1
SAFE_4041,CCO,0
SAFE_4225,C(C(CO)O)O,0
TOXIC_2922,O=[As]O[As]=O,1
TOXIC_611,c1ccccc1,1
TOXIC_4992,ClC(Cl)(Cl)Cl,1
SAFE_4022,CC(C)CC1=CC=C(C=C1)C(C)C(=O)O,0
TOXIC_4983,CCOP(=S)(OCC)Oc1ccc(cc1)[N+](=O)[O-],1
TOXIC_4358,CN(N=O)C,1
TOXIC_2957,CC1=CC=C(C=C1)C2=CC(=NN2C3=CC=C(C=C3)S(=O)(=O)C)C(F)(F)F,1
TOXIC_3775,CCN(CC)C(=S)SSC(=S)N(CC)CC,1
SAFE_3852,CC1(C(N2C(S1)C(C2=O)NC(=O)CC3=CC=CC=C3)C(=O)O)C,0
SAFE_1824,CC(=O)O,0
SAFE_4973,C(C1C(C(C(C(O1)O)O)O)O)O,0
TOXIC_3269,C=O,1
SAFE_219,CC(=O)O,0
TOXIC_2576,ClC(Cl)(Cl)Cl,1
SAFE_4620,CC(=O)OC1=CC=CC=C1C(=O)O,0
TOXIC_26,O=[As]O[As]=O,1
SAFE_2643,CN1C=NC2=C1C(=O)N(C(=O)N2C)C,0
SAFE_1473,CN1C=NC2=C1C(=O)N(C(=O)N2C)C,0
SAFE_1981,CC(=O)NC1=CC=C(O)C=C1,0
TOXIC_4942,CC1=CC=C(C=C1)C(=O)NC2=CC=CC=C2,1
TOXIC_306,NN,1
TOXIC_2033,ClC(Cl)Cl,1
SAFE_2442,CC1(C(N2C(S1)C(C2=O)NC(=O)CC3=CC=CC=C3)C(=O)O)C,0
TOXIC_1965,CC1=CC=C(C=C1)C2=CC(=NN2C3=CC=C(C=C3)S(=O)(=O)C)C(F)(F)F,1
TOXIC_4987,[Hg],1
TOXIC_478,CC1=CC=C(C=C1)C(=O)NC2=CC=CC=C2,1
TOXIC_4046,CC1=CC=C(C=C1)C(=O)NC2=CC=CC=C2,1
SAFE_1896,CCO,0
TOXIC_1446,CN(N=O)C,1
TOXIC_4894,CC1=CC=C(C=C1)C(=O)NC2=CC=CC=C2,1
SAFE_726,CCO,0
SAFE_7,C(C(=O)O)N,0
SAFE_630,CC(=O)OC1=CC=CC=C1C(=O)O,0
TOXIC_2821,C=O,1
SAFE_3803,C(C1C(C(C(C(O1)O)O)O)O)O,0
SAFE_3155,CN(C)C(=N)N,0
SAFE_2370,CC(=O)OC1=CC=CC=C1C(=O)O,0
SAFE_3783,CN1C=NC2=C1C(=O)N(C(=O)N2C)C,0
SAFE_2670,CC(=O)OC1=CC=CC=C1C(=O)O,0
TOXIC_1814,CN(N=O)C,1
TOXIC_4493,CC1=CC=C(C=C1)C2=CC(=NN2C3=CC=C(C=C3)S(=O)(=O)C)C(F)(F)F,1
TOXIC_1387,[Hg],1
SAFE_1717,C(C(=O)O)N,0
SAFE_1323,CN1C=NC2=C1C(=O)N(C(=O)N2C)C,0
SAFE_1495,C(C(CO)O)O,0
SAFE_935,CN(C)C(=N)N,0
SAFE_3619,COC1=CC=C(C=C1)C(C)C(=O)O,0
TOXIC_4236,[Pb],1
SAFE_1933,C1CC(N(C1)C(=O)C(CC2=CC=CC=C2)NC(=O)C(CC3=CC=CC=C3)N)C(=O)O,0
TOXIC_775,CCOP(=S)(OCC)Oc1ccc(cc1)[N+](=O)[O-],1
TOXIC_2264,CC(C)OP(=O)(C)F,1
TOXIC_3845,C=O,1
TOXIC_2302,CC1=CC=C(C=C1)C(=O)NC2=CC=CC=C2,1
TOXIC_4591,CCN(CC)C(=S)SSC(=S)N(CC)CC,1
SAFE_741,CCO,0
TOXIC_1192,CC(C)OP(=O)(C)F,1
SAFE_1404,CC(=O)O,0
SAFE_4491,CCO,0
TOXIC_4002,NN,1
TOXIC_1960,CC(C)OP(=O)(C)F,1
TOXIC_1426,NN,1
SAFE_4842,CC1(C(N2C(S1)C(C2=O)NC(=O)CC3=CC=CC=C3)C(=O)O)C,0
SAFE_2004,CC(=O)O,0
TOXIC_3699,c1ccccc1,1
SAFE_4316,C(=O)(N)N,0
SAFE_1582,C(C(=O)O)N,0
SAFE_4072,C(C(=O)O)N,0
TOXIC_3136,ClC(Cl)(Cl)Cl,1
SAFE_4605,CC(=O)OC1=CC=CC=C1C(=O)O,0
SAFE_2230,C(C(CO)O)O,0
SAFE_859,COC1=CC=C(C=C1)C(C)C(=O)O,0
TOXIC_3690,O=[As]O[As]=O,1
TOXIC_3183,CCN(CC)C(=S)SSC(=S)N(CC)CC,1
TOXIC_1051,[Hg],1
SAFE_1954,COC1=CC=C(C=C1)C(C)C(=O)O,0
TOXIC_2980,ClC=C,1
TOXIC_2396,[Pb],1
SAFE_1949,CC1=CN=C(C(=C1OC)C)CS(=O)C2=NC3=C(N2)C=C(C=C3)OC,0
TOXIC_2512,ClC(Cl)(Cl)Cl,1
SAFE_3606,CCO,0
TOXIC_4810,O=[As]O[As]=O,1
SAFE_3372,CC1(C(N2C(S1)C(C2=O)NC(=O)CC3=CC=CC=C3)C(=O)O)C,0
SAFE_3451,CC(=O)NC1=CC=C(O)C=C1,0
SAFE_3603,CN1C=NC2=C1C(=O)N(C(=O)N2C)C,0
TOXIC_877,CC1=CC=C(C=C1)C2=CC(=NN2C3=CC=C(C=C3)S(=O)(=O)C)C(F)(F)F,1
TOXIC_883,c1ccccc1,1
TOXIC_4980,ClC=C,1
TOXIC_3241,N#C,1
SAFE_4359,CC(=O)O,0
TOXIC_3859,c1ccccc1,1
TOXIC_1000,CC(C)OP(=O)(C)F,1
SAFE_893,C(C1C(C(C(C(O1)O)O)O)O)O,0
TOXIC_365,CC1=CC=C(C=C1)C2=CC(=NN2C3=CC=C(C=C3)S(=O)(=O)C)C(F)(F)F,1
SAFE_462,CC1(C(N2C(S1)C(C2=O)NC(=O)CC3=CC=CC=C3)C(=O)O)C,0
SAFE_3264,CC(=O)O,0
TOXIC_698,O=[As]O[As]=O,1
TOXIC_887,CCOP(=S)(OCC)Oc1ccc(cc1)[N+](=O)[O-],1
SAFE_2832,CC1(C(N2C(S1)C(C2=O)NC(=O)CC3=CC=CC=C3)C(=O)O)C,0
TOXIC_1366,CN(N=O)C,1
SAFE_2109,CC(=O)O,0
SAFE_912,CC1(C(N2C(S1)C(C2=O)NC(=O)CC3=CC=CC=C3)C(=O)O)C,0
TOXIC_4173,CC1=CC=C(C=C1)C2=CC(=NN2C3=CC=C(C=C3)S(=O)(=O)C)C(F)(F)F,1
TOXIC_1489,ClC(Cl)Cl,1
TOXIC_2075,[Hg],1
TOXIC_1166,CC1=CC=C(C=C1)C(=O)NC2=CC=CC=C2,1
SAFE_4054,COC1=CC=C(C=C1)C(C)C(=O)O,0
TOXIC_2884,ClC=C,1
SAFE_2330,CN(C)C(=N)N,0
TOXIC_3009,ClC(Cl)Cl,1
TOXIC_2079,CCN(CC)C(=S)SSC(=S)N(CC)CC,1
SAFE_2562,CC1(C(N2C(S1)C(C2=O)NC(=O)CC3=CC=CC=C3)C(=O)O)C,0
TOXIC_3855,CCN(CC)C(=S)SSC(=S)N(CC)CC,1
SAFE_737,CC(C)CC1=CC=C(C=C1)C(C)C(=O)O,0
TOXIC_4294,CN(N=O)C,1
TOXIC_1143,CCOP(=S)(OCC)Oc1ccc(cc1)[N+](=O)[O-],1
TOXIC_4924,[Pb],1
SAFE_4168,C1CC(N(C1)C(=O)C(CC2=CC=CC=C2)NC(=O)C(CC3=CC=CC=C3)N)C(=O)O,0
TOXIC_2962,NN,1
SAFE_937,C(C(=O)O)N,0
TOXIC_3581,CC1=CC=C(C=C1)C2=CC(=NN2C3=CC=C(C=C3)S(=O)(=O)C)C(F)(F)F,1
SAFE_4911,CCO,0
TOXIC_1462,CN(N=O)C,1
SAFE_4940,CN(C)C(=N)N,0
SAFE_4371,CCO,0
TOXIC_4097,ClC(Cl)Cl,1
TOXIC_4019,c1ccccc1,1
TOXIC_2913,ClC(Cl)Cl,1
SAFE_3440,CN(C)C(=N)N,0
TOXIC_616,CC(C)OP(=O)(C)F,1
TOXIC_3621,C=O,1
TOXIC_895,CCN(CC)C(=S)SSC(=S)N(CC)CC,1
TOXIC_3204,ClC=C,1
TOXIC_2193,ClC(Cl)Cl,1
SAFE_1853,C(C1C(C(C(C(O1)O)O)O)O)O,0
TOXIC_4149,C=O,1
SAFE_3801,CCO,0
SAFE_2195,CN(C)C(=N)N,0
TOXIC_3074,NN,1
TOXIC_2581,C=O,1
TOXIC_2837,C=O,1
SAFE_1352,CC(C)CC1=CC=C(C=C1)C(C)C(=O)O,0
SAFE_2087,CC(C)CC1=CC=C(C=C1)C(C)C(=O)O,0
TOXIC_2732,[Pb],1
SAFE_4103,C(C1C(C(C(C(O1)O)O)O)O)O,0
TOXIC_1621,C=O,1
SAFE_2690,CN(C)C(=N)N,0
TOXIC_4861,CC1=CC=C(C=C1)C2=CC(=NN2C3=CC=C(C=C3)S(=O)(=O)C)C(F)(F)F,1
TOXIC_4167,CCOP(=S)(OCC)Oc1ccc(cc1)[N+](=O)[O-],1
TOXIC_492,[Pb],1
TOXIC_2173,CC1=CC=C(C=C1)C2=CC(=NN2C3=CC=C(C=C3)S(=O)(=O)C)C(F)(F)F,1
SAFE_3084,CC(=O)O,0
SAFE_4637,CC(C)CC1=CC=C(C=C1)C(C)C(=O)O,0
SAFE_3781,CC(=O)NC1=CC=C(O)C=C1,0
SAFE_4331,C(=O)(N)N,0
TOXIC_4078,CC1=CC=C(C=C1)C(=O)NC2=CC=CC=C2,1
TOXIC_1308,[Pb],1
TOXIC_4499,c1ccccc1,1
TOXIC_4262,CN(N=O)C,1
TOXIC_3490,NN,1
SAFE_575,CN(C)C(=N)N,0
SAFE_3218,C(C1C(C(C(C(O1)O)O)O)O)O,0
SAFE_2486,C(=O)(N)N,0
SAFE_3955,C(C(CO)O)O,0
TOXIC_251,[Hg],1
TOXIC_1450,O=[As]O[As]=O,1
SAFE_716,C(=O)(N)N,0
SAFE_2480,CN(C)C(=N)N,0
SAFE_1283,C(C1C(C(C(C(O1)O)O)O)O)O,0
SAFE_3430,C(C(CO)O)O,0
TOXIC_255,CCN(CC)C(=S)SSC(=S)N(CC)CC,1
SAFE_3023,C(C1C(C(C(C(O1)O)O)O)O)O,0
SAFE_1544,CC1=CN=C(C(=C1OC)C)CS(=O)C2=NC3=C(N2)C=C(C=C3)OC,0
TOXIC_815,CCN(CC)C(=S)SSC(=S)N(CC)CC,1
SAFE_1590,CC(=O)OC1=CC=CC=C1C(=O)O,0
SAFE_2736,CCO,0
SAFE_4039,COC1=CC=C(C=C1)C(C)C(=O)O,0
TOXIC_1106,NN,1
SAFE_1593,CN1C=NC2=C1C(=O)N(C(=O)N2C)C,0
TOXIC_108,[Pb],1
TOXIC_3857,ClC(Cl)Cl,1
TOXIC_2494,CC1=CC=C(C=C1)C(=O)NC2=CC=CC=C2,1
TOXIC_4137,N#C,1
SAFE_4159,COC1=CC=C(C=C1)C(C)C(=O)O,0
SAFE_3864,CC(=O)O,0
SAFE_1445,CN(C)C(=N)N,0
SAFE_3377,CC(C)CC1=CC=C(C=C1)C(C)C(=O)O,0
TOXIC_114,NN,1
SAFE_2444,CC1=CN=C(C(=C1OC)C)CS(=O)C2=NC3=C(N2)C=C(C=C3)OC,0
SAFE_4862,CC(C)CC1=CC=C(C=C1)C(C)C(=O)O,0
TOXIC_2425,N#C,1
TOXIC_2266,O=[As]O[As]=O,1
SAFE_3540,CC(=O)OC1=CC=CC=C1C(=O)O,0
SAFE_688,C1CC(N(C1)C(=O)C(CC2=CC=CC=C2)NC(=O)C(CC3=CC=CC=C3)N)C(=O)O,0
TOXIC_4637,CC1=CC=C(C=C1)C2=CC(=NN2C3=CC=C(C=C3)S(=O)(=O)C)C(F)(F)F,1
TOXIC_4326,CN(N=O)C,1
SAFE_3205,C(C(CO)O)O,0
SAFE_2631,CCO,0
TOXIC_2868,ClC=C,1
SAFE_591,CCO,0
TOXIC_4492,[Pb],1
SAFE_2411,C(=O)(N)N,0
SAFE_3885,CC(=O)OC1=CC=CC=C1C(=O)O,0
TOXIC_4187,[Hg],1
TOXIC_3814,CN(N=O)C,1
TOXIC_4801,ClC(Cl)Cl,1
SAFE_1263,CN1C=NC2=C1C(=O)N(C(=O)N2C)C,0
SAFE_1536,CCO,0
SAFE_3735,CC(=O)OC1=CC=CC=C1C(=O)O,0
SAFE_1334,CC1=CN=C(C(=C1OC)C)CS(=O)C2=NC3=C(N2)C=C(C=C3)OC,0
SAFE_918,CN1C=NC2=C1C(=O)N(C(=O)N2C)C,0
SAFE_936,CCO,0
TOXIC_1093,C=O,1
SAFE_4597,C(C(=O)O)N,0
SAFE_351,CCO,0
TOXIC_539,[Hg],1
SAFE_2629,COC1=CC=C(C=C1)C(C)C(=O)O,0
TOXIC_4230,CN(N=O)C,1
TOXIC_2712,CC(C)OP(=O)(C)F,1
SAFE_4189,COC1=CC=C(C=C1)C(C)C(=O)O,0
TOXIC_4451,c1ccccc1,1
SAFE_4672,C(C(=O)O)N,0
SAFE_3053,C(C1C(C(C(C(O1)O)O)O)O)O,0
TOXIC_1815,CCOP(=S)(OCC)Oc1ccc(cc1)[N+](=O)[O-],1
SAFE_1421,C(=O)(N)N,0
SAFE_3644,CC1=CN=C(C(=C1OC)C)CS(=O)C2=NC3=C(N2)C=C(C=C3)OC,0
SAFE_2859,CC(=O)O,0
TOXIC_3664,ClC(Cl)(Cl)Cl,1
TOXIC_4621,CC1=CC=C(C=C1)C2=CC(=NN2C3=CC=C(C=C3)S(=O)(=O)C)C(F)(F)F,1
TOXIC_939,[Hg],1
TOXIC_1221,C=O,1
SAFE_2590,C(C(CO)O)O,0
TOXIC_1364,ClC=C,1
SAFE_2333,C(C1C(C(C(C(O1)O)O)O)O)O,0
TOXIC_640,ClC(Cl)(Cl)Cl,1
SAFE_4436,C(=O)(N)N,0
SAFE_3455,CN(C)C(=N)N,0
TOXIC_1849,N#C,1
SAFE_3093,CN1C=NC2=C1C(=O)N(C(=O)N2C)C,0
TOXIC_1854,CC1=CC=C(C=C1)C(=O)NC2=CC=CC=C2,1
SAFE_100,C(C(CO)O)O,0
TOXIC_328,CC(C)OP(=O)(C)F,1
SAFE_2344,COC1=CC=C(C=C1)C(C)C(=O)O,0
SAFE_435,CC(=O)OC1=CC=CC=C1C(=O)O,0
SAFE_4223,C(C1C(C(C(C(O1)O)O)O)O)O,0
TOXIC_1255,CCOP(=S)(OCC)Oc1ccc(cc1)[N+](=O)[O-],1
SAFE_2326,CC(=O)NC1=CC=C(O)C=C1,0
TOXIC_3991,CCOP(=S)(OCC)Oc1ccc(cc1)[N+](=O)[O-],1
TOXIC_1296,ClC(Cl)(Cl)Cl,1
TOXIC_4772,ClC=C,1
TOXIC_3803,[Hg],1
SAFE_3398,C(C1C(C(C(C(O1)O)O)O)O)O,0
TOXIC_4080,ClC(Cl)(Cl)Cl,1
SAFE_1519,COC1=CC=C(C=C1)C(C)C(=O)O,0
TOXIC_586,O=[As]O[As]=O,1
SAFE_450,CC(=O)OC1=CC=CC=C1C(=O)O,0
TOXIC_3909,C=O,1
SAFE_2950,C(C(CO)O)O,0
TOXIC_1045,C=O,1
TOXIC_3336,CC(C)OP(=O)(C)F,1
SAFE_1705,C(C(CO)O)O,0
SAFE_1210,C(C(CO)O)O,0
TOXIC_769,ClC(Cl)Cl,1
TOXIC_1606,CN(N=O)C,1
SAFE_2417,CC(C)CC1=CC=C(C=C1)C(C)C(=O)O,0
TOXIC_4888,CC(C)OP(=O)(C)F,1
SAFE_2003,C(C1C(C(C(C(O1)O)O)O)O)O,0
TOXIC_1024,ClC(Cl)(Cl)Cl,1
TOXIC_376,CC(C)OP(=O)(C)F,1
TOXIC_711,CCOP(=S)(OCC)Oc1ccc(cc1)[N+](=O)[O-],1
SAFE_2364,CC(=O)O,0
SAFE_3633,CN1C=NC2=C1C(=O)N(C(=O)N2C)C,0
TOXIC_55,CCOP(=S)(OCC)Oc1ccc(cc1)[N+](=O)[O-],1
TOXIC_3165,CC1=CC=C(C=C1)C2=CC(=NN2C3=CC=C(C=C3)S(=O)(=O)C)C(F)(F)F,1
TOXIC_358,CN(N=O)C,1
TOXIC_3176,CC(C)OP(=O)(C)F,1
SAFE_4622,CC(C)CC1=CC=C(C=C1)C(C)C(=O)O,0
SAFE_2689,COC1=CC=C(C=C1)C(C)C(=O)O,0
TOXIC_2697,N#C,1
TOXIC_4843,[Hg],1
TOXIC_4291,c1ccccc1,1
TOXIC_2095,CCN(CC)C(=S)SSC(=S)N(CC)CC,1
TOXIC_2350,CC1=CC=C(C=C1)C(=O)NC2=CC=CC=C2,1
TOXIC_4376,CC(C)OP(=O)(C)F,1
TOXIC_472,CC(C)OP(=O)(C)F,1
SAFE_82,C(C(=O)O)N,0
TOXIC_4845,CC1=CC=C(C=C1)C2=CC(=NN2C3=CC=C(C=C3)S(=O)(=O)C)C(F)(F)F,1
TOXIC_2866,NN,1
TOXIC_2977,ClC(Cl)Cl,1
TOXIC_1795,c1ccccc1,1
SAFE_2072,CC(C)CC1=CC=C(C=C1)C(C)C(=O)O,0
SAFE_4631,C(=O)(N)N,0
TOXIC_1920,ClC(Cl)(Cl)Cl,1
TOXIC_4550,CN(N=O)C,1
TOXIC_1382,CN(N=O)C,1
SAFE_231,CCO,0
SAFE_1426,CC(=O)NC1=CC=C(O)C=C1,0
TOXIC_514,NN,1
TOXIC_497,ClC(Cl)Cl,1
TOXIC_4694,CN(N=O)C,1
TOXIC_2181,C=O,1
SAFE_4199,CC1=CN=C(C(=C1OC)C)CS(=O)C2=NC3=C(N2)C=C(C=C3)OC,0
TOXIC_4927,CCN(CC)C(=S)SSC(=S)N(CC)CC,1
SAFE_2251,CC(=O)NC1=CC=C(O)C=C1,0
SAFE_3438,CN1C=NC2=C1C(=O)N(C(=O)N2C)C,0
TOXIC_1235,c1ccccc1,1
SAFE_3130,C(C(CO)O)O,0
SAFE_306,CCO,0
SAFE_3268,C1CC(N(C1)C(=O)C(CC2=CC=CC=C2)NC(=O)C(CC3=CC=CC=C3)N)C(=O)O,0
TOXIC_2484,ClC=C,1
TOXIC_1283,c1ccccc1,1
TOXIC_2607,CCN(CC)C(=S)SSC(=S)N(CC)CC,1
SAFE_1659,CC(=O)O,0
TOXIC_4764,[Pb],1
SAFE_3292,C(C(=O)O)N,0
TOXIC_2025,N#C,1
TOXIC_3597,CC1=CC=C(C=C1)C2=CC(=NN2C3=CC=C(C=C3)S(=O)(=O)C)C(F)(F)F,1
SAFE_2240,CN(C)C(=N)N,0
TOXIC_2409,N#C,1
TOXIC_3361,ClC(Cl)Cl,1
TOXIC_2631,CCOP(=S)(OCC)Oc1ccc(cc1)[N+](=O)[O-],1
TOXIC_1380,ClC=C,1
SAFE_3708,CN1C=NC2=C1C(=O)N(C(=O)N2C)C,0
TOXIC_2920,CC(C)OP(=O)(C)F,1
SAFE_2493,CN1C=NC2=C1C(=O)N(C(=O)N2C)C,0
TOXIC_2499,c1ccccc1,1
SAFE_2727,CC1(C(N2C(S1)C(C2=O)NC(=O)CC3=CC=CC=C3)C(=O)O)C,0
SAFE_1428,CN1C=NC2=C1C(=O)N(C(=O)N2C)C,0
TOXIC_1259,[Hg],1
SAFE_337,C(C(=O)O)N,0
SAFE_1412,CC(C)CC1=CC=C(C=C1)C(C)C(=O)O,0
SAFE_3458,C(C1C(C(C(C(O1)O)O)O)O)O,0
SAFE_2626,CC(=O)NC1=CC=C(O)C=C1,0
TOXIC_2428,[Pb],1
TOXIC_2285,CC1=CC=C(C=C1)C2=CC(=NN2C3=CC=C(C=C3)S(=O)(=O)C)C(F)(F)F,1
TOXIC_329,N#C,1
TOXIC_2847,CCN(CC)C(=S)SSC(=S)N(CC)CC,1
TOXIC_2833,ClC(Cl)Cl,1
TOXIC_4538,O=[As]O[As]=O,1
TOXIC_3526,CN(N=O)C,1
SAFE_3824,CC1=CN=C(C(=C1OC)C)CS(=O)C2=NC3=C(N2)C=C(C=C3)OC,0
SAFE_1308,CN1C=NC2=C1C(=O)N(C(=O)N2C)C,0
TOXIC_1875,c1ccccc1,1
TOXIC_3067,[Hg],1
SAFE_239,CC1=CN=C(C(=C1OC)C)CS(=O)C2=NC3=C(N2)C=C(C=C3)OC,0
SAFE_4111,CC(=O)NC1=CC=C(O)C=C1,0
SAFE_1217,CC(C)CC1=CC=C(C=C1)C(C)C(=O)O,0
SAFE_4878,CN1C=NC2=C1C(=O)N(C(=O)N2C)C,0
SAFE_1095,CC(=O)OC1=CC=CC=C1C(=O)O,0
TOXIC_366,CC1=CC=C(C=C1)C(=O)NC2=CC=CC=C2,1
TOXIC_1111,CCOP(=S)(OCC)Oc1ccc(cc1)[N+](=O)[O-],1
TOXIC_945,ClC(Cl)Cl,1
TOXIC_2267,[Hg],1
SAFE_803,C(C1C(C(C(C(O1)O)O)O)O)O,0
SAFE_2016,CCO,0
SAFE_4569,CC(=O)O,0
SAFE_3949,COC1=CC=C(C=C1)C(C)C(=O)O,0
TOXIC_1608,CC(C)OP(=O)(C)F,1
SAFE_1007,CC(C)CC1=CC=C(C=C1)C(C)C(=O)O,0
SAFE_665,CN(C)C(=N)N,0
TOXIC_1674,O=[As]O[As]=O,1
SAFE_2090,CN(C)C(=N)N,0
TOXIC_2685,CC1=CC=C(C=C1)C2=CC(=NN2C3=CC=C(C=C3)S(=O)(=O)C)C(F)(F)F,1
SAFE_1739,CC1=CN=C(C(=C1OC)C)CS(=O)C2=NC3=C(N2)C=C(C=C3)OC,0
SAFE_941,C(=O)(N)N,0
TOXIC_1084,[Pb],1
SAFE_1329,CC(=O)O,0
TOXIC_3926,CN(N=O)C,1
TOXIC_4720,ClC(Cl)(Cl)Cl,1
TOXIC_2565,C=O,1
SAFE_3135,CC(=O)OC1=CC=CC=C1C(=O)O,0
SAFE_4561,CC(=O)NC1=CC=C(O)C=C1,0
SAFE_1234,COC1=CC=C(C=C1)C(C)C(=O)O,0
SAFE_1321,CC(=O)NC1=CC=C(O)C=C1,0
TOXIC_565,C=O,1
SAFE_262,C(C(=O)O)N,0
SAFE_52,C(C(=O)O)N,0
TOXIC_4378,O=[As]O[As]=O,1
SAFE_4559,CC1=CN=C(C(=C1OC)C)CS(=O)C2=NC3=C(N2)C=C(C=C3)OC,0
TOXIC_1414,CN(N=O)C,1
TOXIC_3923,c1ccccc1,1
SAFE_2454,CC(=O)O,0
TOXIC_1864,CC(C)OP(=O)(C)F,1
SAFE_2953,C1CC(N(C1)C(=O)C(CC2=CC=CC=C2)NC(=O)C(CC3=CC=CC=C3)N)C(=O)O,0
SAFE_543,CN1C=NC2=C1C(=O)N(C(=O)N2C)C,0
SAFE_3816,CCO,0
SAFE_3697,C(C(=O)O)N,0
SAFE_508,C1CC(N(C1)C(=O)C(CC2=CC=CC=C2)NC(=O)C(CC3=CC=CC=C3)N)C(=O)O,0
SAFE_2056,CC(=O)NC1=CC=C(O)C=C1,0
SAFE_2396,C(=O)(N)N,0
TOXIC_1900,[Pb],1
TOXIC_1291,[Hg],1
TOXIC_3570,NN,1
SAFE_3988,C1CC(N(C1)C(=O)C(CC2=CC=CC=C2)NC(=O)C(CC3=CC=CC=C3)N)C(=O)O,0
TOXIC_175,CCN(CC)C(=S)SSC(=S)N(CC)CC,1
SAFE_509,CC1=CN=C(C(=C1OC)C)CS(=O)C2=NC3=C(N2)C=C(C=C3)OC,0
SAFE_1353,CN1C=NC2=C1C(=O)N(C(=O)N2C)C,0
TOXIC_1797,C=O,1
TOXIC_3211,[Hg],1
SAFE_95,CN(C)C(=N)N,0
SAFE_1204,COC1=CC=C(C=C1)C(C)C(=O)O,0
SAFE_1693,C1CC(N(C1)C(=O)C(CC2=CC=CC=C2)NC(=O)C(CC3=CC=CC=C3)N)C(=O)O,0
TOXIC_4163,c1ccccc1,1
TOXIC_2976,ClC(Cl)(Cl)Cl,1
TOXIC_2134,CN(N=O)C,1
SAFE_4593,CN1C=NC2=C1C(=O)N(C(=O)N2C)C,0
TOXIC_2767,CCN(CC)C(=S)SSC(=S)N(CC)CC,1
TOXIC_3569,ClC(Cl)Cl,1
SAFE_956,C(=O)(N)N,0
TOXIC_4113,ClC(Cl)Cl,1
TOXIC_3439,CCN(CC)C(=S)SSC(=S)N(CC)CC,1
SAFE_251,C(=O)(N)N,0
SAFE_158,C(C1C(C(C(C(O1)O)O)O)O)O,0
SAFE_1912,C(C(=O)O)N,0
TOXIC_3251,c1ccccc1,1
TOXIC_1070,CC1=CC=C(C=C1)C(=O)NC2=CC=CC=C2,1
SAFE_1766,C(=O)(N)N,0
SAFE_1945,C(C(CO)O)O,0
SAFE_1129,COC1=CC=C(C=C1)C(C)C(=O)O,0
TOXIC_538,O=[As]O[As]=O,1
TOXIC_4397,CC1=CC=C(C=C1)C2=CC(=NN2C3=CC=C(C=C3)S(=O)(=O)C)C(F)(F)F,1
TOXIC_1529,N#C,1
TOXIC_67,c1ccccc1,1
SAFE_1078,C1CC(N(C1)C(=O)C(CC2=CC=CC=C2)NC(=O)C(CC3=CC=CC=C3)N)C(=O)O,0
SAFE_4762,C(C(=O)O)N,0
TOXIC_2336,ClC(Cl)(Cl)Cl,1
TOXIC_1325,CC1=CC=C(C=C1)C2=CC(=NN2C3=CC=C(C=C3)S(=O)(=O)C)C(F)(F)F,1
TOXIC_426,O=[As]O[As]=O,1
SAFE_4845,CC(=O)OC1=CC=CC=C1C(=O)O,0
TOXIC_483,c1ccccc1,1
TOXIC_3487,CCN(CC)C(=S)SSC(=S)N(CC)CC,1
TOXIC_3315,c1ccccc1,1
SAFE_3117,CC1(C(N2C(S1)C(C2=O)NC(=O)CC3=CC=CC=C3)C(=O)O)C,0
SAFE_1459,COC1=CC=C(C=C1)C(C)C(=O)O,0
SAFE_4040,CN(C)C(=N)N,0
SAFE_1609,COC1=CC=C(C=C1)C(C)C(=O)O,0
TOXIC_1089,ClC(Cl)Cl,1
TOXIC_527,CCN(CC)C(=S)SSC(=S)N(CC)CC,1
TOXIC_3006,CC1=CC=C(C=C1)C(=O)NC2=CC=CC=C2,1
SAFE_996,CCO,0
SAFE_4711,CC(=O)NC1=CC=C(O)C=C1,0
SAFE_1036,CC(=O)NC1=CC=C(O)C=C1,0
TOXIC_482,NN,1
TOXIC_4616,CC(C)OP(=O)(C)F,1
SAFE_3620,CN(C)C(=N)N,0
SAFE_1225,C(C(CO)O)O,0
SAFE_1545,CC(=O)OC1=CC=CC=C1C(=O)O,0
TOXIC_476,[Pb],1
SAFE_4412,CC(C)CC1=CC=C(C=C1)C(C)C(=O)O,0
TOXIC_2394,O=[As]O[As]=O,1
SAFE_1898,C(C1C(C(C(C(O1)O)O)O)O)O,0
TOXIC_3390,CC1=CC=C(C=C1)C(=O)NC2=CC=CC=C2,1
TOXIC_4038,CN(N=O)C,1
TOXIC_4353,ClC(Cl)Cl,1
TOXIC_4171,[Hg],1
SAFE_2584,COC1=CC=C(C=C1)C(C)C(=O)O,0
TOXIC_4052,ClC=C,1
SAFE_44,CC1=CN=C(C(=C1OC)C)CS(=O)C2=NC3=C(N2)C=C(C=C3)OC,0
TOXIC_3502,CC1=CC=C(C=C1)C(=O)NC2=CC=CC=C2,1
SAFE_213,CN1C=NC2=C1C(=O)N(C(=O)N2C)C,0
TOXIC_3406,CC1=CC=C(C=C1)C(=O)NC2=CC=CC=C2,1
TOXIC_623,CCN(CC)C(=S)SSC(=S)N(CC)CC,1
TOXIC_2131,c1ccccc1,1
TOXIC_2655,CCN(CC)C(=S)SSC(=S)N(CC)CC,1
TOXIC_2692,ClC=C,1
SAFE_2712,CC1(C(N2C(S1)C(C2=O)NC(=O)CC3=CC=CC=C3)C(=O)O)C,0
SAFE_1653,CN1C=NC2=C1C(=O)N(C(=O)N2C)C,0
SAFE_4647,CC1(C(N2C(S1)C(C2=O)NC(=O)CC3=CC=CC=C3)C(=O)O)C,0
TOXIC_1594,O=[As]O[As]=O,1
TOXIC_3084,[Pb],1
SAFE_159,CC(=O)O,0
TOXIC_2229,C=O,1
SAFE_4793,C(C1C(C(C(C(O1)O)O)O)O)O,0
SAFE_1577,CC(C)CC1=CC=C(C=C1)C(C)C(=O)O,0
TOXIC_1242,O=[As]O[As]=O,1
SAFE_3899,CC1=CN=C(C(=C1OC)C)CS(=O)C2=NC3=C(N2)C=C(C=C3)OC,0
SAFE_1409,CC1=CN=C(C(=C1OC)C)CS(=O)C2=NC3=C(N2)C=C(C=C3)OC,0
SAFE_454,COC1=CC=C(C=C1)C(C)C(=O)O,0
TOXIC_609,ClC(Cl)Cl,1
TOXIC_3797,C=O,1
SAFE_2347,C(C(=O)O)N,0
SAFE_4903,C1CC(N(C1)C(=O)C(CC2=CC=CC=C2)NC(=O)C(CC3=CC=CC=C3)N)C(=O)O,0
SAFE_3820,C(C(CO)O)O,0
TOXIC_2168,CC(C)OP(=O)(C)F,1
SAFE_3926,C(=O)(N)N,0
TOXIC_1169,ClC(Cl)Cl,1
SAFE_1146,CCO,0
TOXIC_4458,O=[As]O[As]=O,1
SAFE_3226,CC(=O)NC1=CC=C(O)C=C1,0
TOXIC_3409,ClC(Cl)Cl,1
TOXIC_1228,[Pb],1
TOXIC_747,[Hg],1
TOXIC_4757,C=O,1
TOXIC_1780,ClC=C,1
TOXIC_1334,CN(N=O)C,1
SAFE_545,CN(C)C(=N)N,0
SAFE_3167,CC(C)CC1=CC=C(C=C1)C(C)C(=O)O,0
TOXIC_3668,ClC=C,1
TOXIC_4127,CCN(CC)C(=S)SSC(=S)N(CC)CC,1
SAFE_1850,CN(C)C(=N)N,0
TOXIC_4695,CCOP(=S)(OCC)Oc1ccc(cc1)[N+](=O)[O-],1
TOXIC_1704,CC(C)OP(=O)(C)F,1
SAFE_1798,C1CC(N(C1)C(=O)C(CC2=CC=CC=C2)NC(=O)C(CC3=CC=CC=C3)N)C(=O)O,0
SAFE_348,CN1C=NC2=C1C(=O)N(C(=O)N2C)C,0
SAFE_970,C(C(CO)O)O,0
SAFE_3788,C(C1C(C(C(C(O1)O)O)O)O)O,0
SAFE_4755,CC(=O)OC1=CC=CC=C1C(=O)O,0
TOXIC_4129,ClC(Cl)Cl,1
TOXIC_1592,CC(C)OP(=O)(C)F,1
SAFE_4201,CC(=O)NC1=CC=C(O)C=C1,0
TOXIC_3716,ClC=C,1
TOXIC_3903,CCN(CC)C(=S)SSC(=S)N(CC)CC,1
SAFE_3232,C(C(=O)O)N,0
TOXIC_172,[Pb],1
SAFE_2005,C(C(CO)O)O,0
TOXIC_2860,[Pb],1
TOXIC_808,CC(C)OP(=O)(C)F,1
SAFE_3575,CN(C)C(=N)N,0
TOXIC_919,CCOP(=S)(OCC)Oc1ccc(cc1)[N+](=O)[O-],1
SAFE_3477,CC1(C(N2C(S1)C(C2=O)NC(=O)CC3=CC=CC=C3)C(=O)O)C,0
TOXIC_4609,ClC(Cl)Cl,1
SAFE_668,C(C1C(C(C(C(O1)O)O)O)O)O,0
TOXIC_2471,CCOP(=S)(OCC)Oc1ccc(cc1)[N+](=O)[O-],1
SAFE_3836,C(=O)(N)N,0
SAFE_2043,CN1C=NC2=C1C(=O)N(C(=O)N2C)C,0
TOXIC_4238,CC1=CC=C(C=C1)C(=O)NC2=CC=CC=C2,1
TOXIC_2579,c1ccccc1,1
TOXIC_4400,ClC(Cl)(Cl)Cl,1
TOXIC_4537,N#C,1
TOXIC_4020,ClC=C,1
TOXIC_1022,CC1=CC=C(C=C1)C(=O)NC2=CC=CC=C2,1
TOXIC_4388,ClC=C,1
TOXIC_2730,O=[As]O[As]=O,1
TOXIC_3101,CC1=CC=C(C=C1)C2=CC(=NN2C3=CC=C(C=C3)S(=O)(=O)C)C(F)(F)F,1
TOXIC_4790,CN(N=O)C,1
SAFE_3045,CC(=O)OC1=CC=CC=C1C(=O)O,0
TOXIC_1516,[Pb],1
SAFE_4143,CN1C=NC2=C1C(=O)N(C(=O)N2C)C,0
TOXIC_391,CCOP(=S)(OCC)Oc1ccc(cc1)[N+](=O)[O-],1
TOXIC_341,C=O,1
SAFE_2558,C(C1C(C(C(C(O1)O)O)O)O)O,0
TOXIC_2421,C=O,1
SAFE_3136,CC(=O)NC1=CC=C(O)C=C1,0
TOXIC_3186,NN,1
SAFE_2986,CC(=O)NC1=CC=C(O)C=C1,0
SAFE_405,CC(=O)OC1=CC=CC=C1C(=O)O,0
TOXIC_75,[Hg],1
TOXIC_2742,CN(N=O)C,1
TOXIC_1083,[Hg],1
TOXIC_913,ClC(Cl)Cl,1
TOXIC_1270,CN(N=O)C,1
SAFE_4301,C(=O)(N)N,0
SAFE_4825,C(C(CO)O)O,0
TOXIC_651,[Hg],1
TOXIC_136,CC(C)OP(=O)(C)F,1
SAFE_1579,COC1=CC=C(C=C1)C(C)C(=O)O,0
SAFE_2910,CC(=O)OC1=CC=CC=C1C(=O)O,0
SAFE_4731,CCO,0
SAFE_2060,CN(C)C(=N)N,0
SAFE_2252,CC(C)CC1=CC=C(C=C1)C(C)C(=O)O,0
TOXIC_1449,N#C,1
TOXIC_3685,C=O,1
TOXIC_1754,O=[As]O[As]=O,1
TOXIC_4042,O=[As]O[As]=O,1
SAFE_330,CC(=O)OC1=CC=CC=C1C(=O)O,0
SAFE_2719,COC1=CC=C(C=C1)C(C)C(=O)O,0
SAFE_2761,CC(=O)NC1=CC=C(O)C=C1,0
TOXIC_2705,ClC(Cl)Cl,1
SAFE_3112,C(C(=O)O)N,0
SAFE_3911,C(=O)(N)N,0
TOXIC_2769,ClC(Cl)Cl,1
TOXIC_118,CN(N=O)C,1
SAFE_2449,COC1=CC=C(C=C1)C(C)C(=O)O,0
TOXIC_1634,NN,1
TOXIC_2288,ClC(Cl)(Cl)Cl,1
TOXIC_1742,CC1=CC=C(C=C1)C(=O)NC2=CC=CC=C2,1
TOXIC_1810,NN,1
TOXIC_3254,CN(N=O)C,1
TOXIC_2247,CCOP(=S)(OCC)Oc1ccc(cc1)[N+](=O)[O-],1
SAFE_988,C1CC(N(C1)C(=O)C(CC2=CC=CC=C2)NC(=O)C(CC3=CC=CC=C3)N)C(=O)O,0
TOXIC_2433,ClC(Cl)Cl,1
TOXIC_1495,CCOP(=S)(OCC)Oc1ccc(cc1)[N+](=O)[O-],1
TOXIC_2706,NN,1
SAFE_3516,CCO,0
TOXIC_1818,O=[As]O[As]=O,1
TOXIC_2608,ClC(Cl)(Cl)Cl,1
TOXIC_920,CC(C)OP(=O)(C)F,1
TOXIC_4664,CC(C)OP(=O)(C)F,1
SAFE_4102,C(C(=O)O)N,0
SAFE_1735,C(C(CO)O)O,0
TOXIC_434,NN,1
SAFE_1255,C(C(CO)O)O,0
SAFE_1392,CC1(C(N2C(S1)C(C2=O)NC(=O)CC3=CC=CC=C3)C(=O)O)C,0
SAFE_2409,CC(=O)O,0
SAFE_1731,CCO,0
TOXIC_1019,[Hg],1
TOXIC_1888,ClC(Cl)(Cl)Cl,1
TOXIC_4996,ClC=C,1
TOXIC_1191,CCOP(=S)(OCC)Oc1ccc(cc1)[N+](=O)[O-],1
TOXIC_1494,CN(N=O)C,1
TOXIC_92,[Pb],1
SAFE_2666,C(=O)(N)N,0
SAFE_2103,CN1C=NC2=C1C(=O)N(C(=O)N2C)C,0
SAFE_176,C(=O)(N)N,0
TOXIC_4926,CC1=CC=C(C=C1)C(=O)NC2=CC=CC=C2,1
SAFE_1088,C(C1C(C(C(C(O1)O)O)O)O)O,0
SAFE_3382,C(C(=O)O)N,0
SAFE_739,COC1=CC=C(C=C1)C(C)C(=O)O,0
SAFE_4272,CC1(C(N2C(S1)C(C2=O)NC(=O)CC3=CC=CC=C3)C(=O)O)C,0
SAFE_311,C(=O)(N)N,0
SAFE_3433,C1CC(N(C1)C(=O)C(CC2=CC=CC=C2)NC(=O)C(CC3=CC=CC=C3)N)C(=O)O,0
TOXIC_440,CC(C)OP(=O)(C)F,1
TOXIC_3133,CC1=CC=C(C=C1)C2=CC(=NN2C3=CC=C(C=C3)S(=O)(=O)C)C(F)(F)F,1
TOXIC_4318,CC1=CC=C(C=C1)C(=O)NC2=CC=CC=C2,1
SAFE_1284,CC(=O)O,0
TOXIC_2298,O=[As]O[As]=O,1
SAFE_2452,C(C(=O)O)N,0
TOXIC_2535,CCOP(=S)(OCC)Oc1ccc(cc1)[N+](=O)[O-],1
SAFE_2729,CC1=CN=C(C(=C1OC)C)CS(=O)C2=NC3=C(N2)C=C(C=C3)OC,0
TOXIC_3558,CN(N=O)C,1
SAFE_989,CC1=CN=C(C(=C1OC)C)CS(=O)C2=NC3=C(N2)C=C(C=C3)OC,0
SAFE_2550,CC(=O)OC1=CC=CC=C1C(=O)O,0
TOXIC_4751,CCN(CC)C(=S)SSC(=S)N(CC)CC,1
SAFE_3466,CC(=O)NC1=CC=C(O)C=C1,0
TOXIC_3264,ClC(Cl)(Cl)Cl,1
TOXIC_595,c1ccccc1,1
TOXIC_2438,CN(N=O)C,1
TOXIC_3723,[Hg],1
SAFE_4680,CC(=O)OC1=CC=CC=C1C(=O)O,0
TOXIC_3437,CC1=CC=C(C=C1)C2=CC(=NN2C3=CC=C(C=C3)S(=O)(=O)C)C(F)(F)F,1
SAFE_2079,CC(=O)O,0
TOXIC_2638,CC1=CC=C(C=C1)C(=O)NC2=CC=CC=C2,1
TOXIC_338,NN,1
SAFE_2587,C(C(=O)O)N,0
TOXIC_4701,CC1=CC=C(C=C1)C2=CC(=NN2C3=CC=C(C=C3)S(=O)(=O)C)C(F)(F)F,1
SAFE_2892,CC1(C(N2C(S1)C(C2=O)NC(=O)CC3=CC=CC=C3)C(=O)O)C,0
SAFE_853,C1CC(N(C1)C(=O)C(CC2=CC=CC=C2)NC(=O)C(CC3=CC=CC=C3)N)C(=O)O,0
SAFE_3233,C(C1C(C(C(C(O1)O)O)O)O)O,0
TOXIC_1383,CCOP(=S)(OCC)Oc1ccc(cc1)[N+](=O)[O-],1
SAFE_221,C(=O)(N)N,0
TOXIC_2456,CC(C)OP(=O)(C)F,1
SAFE_1468,C1CC(N(C1)C(=O)C(CC2=CC=CC=C2)NC(=O)C(CC3=CC=CC=C3)N)C(=O)O,0
SAFE_1418,C(C1C(C(C(C(O1)O)O)O)O)O,0
TOXIC_1932,[Pb],1
TOXIC_1975,CCOP(=S)(OCC)Oc1ccc(cc1)[N+](=O)[O-],1
TOXIC_423,CCOP(=S)(OCC)Oc1ccc(cc1)[N+](=O)[O-],1
TOXIC_4710,CN(N=O)C,1
SAFE_1325,CN(C)C(=N)N,0
TOXIC_4520,CC(C)OP(=O)(C)F,1
SAFE_3017,CC(C)CC1=CC=C(C=C1)C(C)C(=O)O,0
TOXIC_3347,c1ccccc1,1
SAFE_3981,CCO,0
TOXIC_3036,[Pb],1
TOXIC_1891,c1ccccc1,1
TOXIC_1138,NN,1
TOXIC_2408,CC(C)OP(=O)(C)F,1
TOXIC_3435,[Hg],1
SAFE_3408,CN1C=NC2=C1C(=O)N(C(=O)N2C)C,0
TOXIC_676,ClC=C,1
SAFE_188,C(C1C(C(C(C(O1)O)O)O)O)O,0
TOXIC_4666,O=[As]O[As]=O,1
TOXIC_574,CC1=CC=C(C=C1)C(=O)NC2=CC=CC=C2,1
SAFE_580,C(C(CO)O)O,0
SAFE_1143,CN1C=NC2=C1C(=O)N(C(=O)N2C)C,0
SAFE_4414,COC1=CC=C(C=C1)C(C)C(=O)O,0
TOXIC_3313,ClC(Cl)Cl,1
SAFE_1031,C(=O)(N)N,0
TOXIC_2113,ClC(Cl)Cl,1
TOXIC_1316,ClC=C,1
TOXIC_4830,CC1=CC=C(C=C1)C(=O)NC2=CC=CC=C2,1
TOXIC_1862,CN(N=O)C,1
TOXIC_813,CC1=CC=C(C=C1)C2=CC(=NN2C3=CC=C(C=C3)S(=O)(=O)C)C(F)(F)F,1
TOXIC_3843,c1ccccc1,1
SAFE_4952,CC(C)CC1=CC=C(C=C1)C(C)C(=O)O,0
SAFE_458,C(C1C(C(C(C(O1)O)O)O)O)O,0
TOXIC_726,CN(N=O)C,1
TOXIC_4079,CCN(CC)C(=S)SSC(=S)N(CC)CC,1
TOXIC_1245,CC1=CC=C(C=C1)C2=CC(=NN2C3=CC=C(C=C3)S(=O)(=O)C)C(F)(F)F,1
SAFE_1606,CC(=O)NC1=CC=C(O)C=C1,0
SAFE_1066,CC(=O)NC1=CC=C(O)C=C1,0
TOXIC_1820,[Pb],1
SAFE_909,CC(=O)O,0
TOXIC_4111,CCN(CC)C(=S)SSC(=S)N(CC)CC,1
TOXIC_3827,c1ccccc1,1
TOXIC_2486,CN(N=O)C,1
SAFE_3410,CN(C)C(=N)N,0
SAFE_224,CC1=CN=C(C(=C1OC)C)CS(=O)C2=NC3=C(N2)C=C(C=C3)OC,0
SAFE_1077,CC1(C(N2C(S1)C(C2=O)NC(=O)CC3=CC=CC=C3)C(=O)O)C,0
SAFE_4585,C(C(CO)O)O,0
SAFE_3874,COC1=CC=C(C=C1)C(C)C(=O)O,0
TOXIC_238,CC1=CC=C(C=C1)C(=O)NC2=CC=CC=C2,1
TOXIC_3615,CCN(CC)C(=S)SSC(=S)N(CC)CC,1
TOXIC_2138,O=[As]O[As]=O,1
SAFE_3984,CC(=O)O,0
TOXIC_1765,C=O,1
SAFE_1676,C(=O)(N)N,0
TOXIC_1052,[Pb],1
SAFE_108,CN1C=NC2=C1C(=O)N(C(=O)N2C)C,0
SAFE_867,CC1(C(N2C(S1)C(C2=O)NC(=O)CC3=CC=CC=C3)C(=O)O)C,0
TOXIC_3559,CCOP(=S)(OCC)Oc1ccc(cc1)[N+](=O)[O-],1
SAFE_4323,CN1C=NC2=C1C(=O)N(C(=O)N2C)C,0
SAFE_185,CN(C)C(=N)N,0
SAFE_4652,CC(C)CC1=CC=C(C=C1)C(C)C(=O)O,0
SAFE_1226,C(=O)(N)N,0
SAFE_440,CN(C)C(=N)N,0
TOXIC_3707,[Hg],1
SAFE_468,CN1C=NC2=C1C(=O)N(C(=O)N2C)C,0
TOXIC_32,ClC(Cl)(Cl)Cl,1
SAFE_4383,CN1C=NC2=C1C(=O)N(C(=O)N2C)C,0
TOXIC_2412,[Pb],1
TOXIC_2317,CC1=CC=C(C=C1)C2=CC(=NN2C3=CC=C(C=C3)S(=O)(=O)C)C(F)(F)F,1
SAFE_2232,CC1(C(N2C(S1)C(C2=O)NC(=O)CC3=CC=CC=C3)C(=O)O)C,0
SAFE_310,C(C(CO)O)O,0
SAFE_3146,C(=O)(N)N,0
TOXIC_3542,CN(N=O)C,1
SAFE_2204,CC1=CN=C(C(=C1OC)C)CS(=O)C2=NC3=C(N2)C=C(C=C3)OC,0
SAFE_2467,C(C(=O)O)N,0
TOXIC_543,CCN(CC)C(=S)SSC(=S)N(CC)CC,1
TOXIC_4505,N#C,1
SAFE_4797,CC1(C(N2C(S1)C(C2=O)NC(=O)CC3=CC=CC=C3)C(=O)O)C,0
SAFE_308,C(C1C(C(C(C(O1)O)O)O)O)O,0
SAFE_4488,CN1C=NC2=C1C(=O)N(C(=O)N2C)C,0
SAFE_2642,CC(C)CC1=CC=C(C=C1)C(C)C(=O)O,0
TOXIC_3529,N#C,1
TOXIC_3830,CN(N=O)C,1
TOXIC_1046,CN(N=O)C,1
SAFE_3902,CC(C)CC1=CC=C(C=C1)C(C)C(=O)O,0
SAFE_666,CCO,0
TOXIC_3290,O=[As]O[As]=O,1
SAFE_4935,CC(=O)OC1=CC=CC=C1C(=O)O,0
TOXIC_4739,c1ccccc1,1
TOXIC_4836,ClC=C,1
SAFE_136,CC(=O)NC1=CC=C(O)C=C1,0
SAFE_417,CC1(C(N2C(S1)C(C2=O)NC(=O)CC3=CC=CC=C3)C(=O)O)C,0
TOXIC_4563,c1ccccc1,1
TOXIC_3776,ClC(Cl)(Cl)Cl,1
TOXIC_2731,[Hg],1
SAFE_4913,C(C1C(C(C(C(O1)O)O)O)O)O,0
SAFE_1522,C(C(=O)O)N,0
SAFE_4391,C(=O)(N)N,0
TOXIC_1141,C=O,1
SAFE_449,CC1=CN=C(C(=C1OC)C)CS(=O)C2=NC3=C(N2)C=C(C=C3)OC,0
TOXIC_4724,ClC=C,1
SAFE_2731,CC(=O)NC1=CC=C(O)C=C1,0
TOXIC_4125,CC1=CC=C(C=C1)C2=CC(=NN2C3=CC=C(C=C3)S(=O)(=O)C)C(F)(F)F,1
SAFE_3344,CC1=CN=C(C(=C1OC)C)CS(=O)C2=NC3=C(N2)C=C(C=C3)OC,0
TOXIC_4207,CCN(CC)C(=S)SSC(=S)N(CC)CC,1
SAFE_4120,C(C(CO)O)O,0
TOXIC_869,C=O,1
TOXIC_4484,ClC=C,1
TOXIC_489,N#C,1
SAFE_812,CC(C)CC1=CC=C(C=C1)C(C)C(=O)O,0
TOXIC_2096,ClC(Cl)(Cl)Cl,1
SAFE_4134,CC(=O)O,0
SAFE_2956,CC(=O)NC1=CC=C(O)C=C1,0
TOXIC_4170,O=[As]O[As]=O,1
TOXIC_209,ClC(Cl)Cl,1
SAFE_2485,C(C(CO)O)O,0
TOXIC_1342,CC1=CC=C(C=C1)C(=O)NC2=CC=CC=C2,1
SAFE_3129,CC(=O)O,0
TOXIC_1690,O=[As]O[As]=O,1
SAFE_4353,CN1C=NC2=C1C(=O)N(C(=O)N2C)C,0
SAFE_1190,CN(C)C(=N)N,0
SAFE_916,CC(=O)NC1=CC=C(O)C=C1,0
TOXIC_39,CCOP(=S)(OCC)Oc1ccc(cc1)[N+](=O)[O-],1
SAFE_1962,CC1(C(N2C(S1)C(C2=O)NC(=O)CC3=CC=CC=C3)C(=O)O)C,0
SAFE_3087,CC1(C(N2C(S1)C(C2=O)NC(=O)CC3=CC=CC=C3)C(=O)O)C,0
TOXIC_49,ClC(Cl)Cl,1
TOXIC_73,N#C,1
TOXIC_3216,ClC(Cl)(Cl)Cl,1
TOXIC_2650,O=[As]O[As]=O,1
TOXIC_3725,CC1=CC=C(C=C1)C2=CC(=NN2C3=CC=C(C=C3)S(=O)(=O)C)C(F)(F)F,1
SAFE_4948,C1CC(N(C1)C(=O)C(CC2=CC=CC=C2)NC(=O)C(CC3=CC=CC=C3)N)C(=O)O,0
SAFE_3813,CN1C=NC2=C1C(=O)N(C(=O)N2C)C,0
TOXIC_3120,ClC(Cl)(Cl)Cl,1
TOXIC_2518,CN(N=O)C,1
SAFE_1650,CC(=O)OC1=CC=CC=C1C(=O)O,0
SAFE_532,C(C(=O)O)N,0
TOXIC_2534,CN(N=O)C,1
SAFE_3424,COC1=CC=C(C=C1)C(C)C(=O)O,0
SAFE_1126,CC(=O)NC1=CC=C(O)C=C1,0
TOXIC_1758,CC1=CC=C(C=C1)C(=O)NC2=CC=CC=C2,1
SAFE_116,C(=O)(N)N,0
TOXIC_1995,[Hg],1
SAFE_3969,CC(=O)O,0
TOXIC_2325,C=O,1
SAFE_2114,CC1=CN=C(C(=C1OC)C)CS(=O)C2=NC3=C(N2)C=C(C=C3)OC,0
SAFE_4954,COC1=CC=C(C=C1)C(C)C(=O)O,0
SAFE_1347,CC1(C(N2C(S1)C(C2=O)NC(=O)CC3=CC=CC=C3)C(=O)O)C,0
TOXIC_3512,CC(C)OP(=O)(C)F,1
SAFE_1921,CC(=O)NC1=CC=C(O)C=C1,0
TOXIC_2170,O=[As]O[As]=O,1
TOXIC_74,O=[As]O[As]=O,1
TOXIC_832,ClC(Cl)(Cl)Cl,1
TOXIC_944,ClC(Cl)(Cl)Cl,1
SAFE_2368,C1CC(N(C1)C(=O)C(CC2=CC=CC=C2)NC(=O)C(CC3=CC=CC=C3)N)C(=O)O,0
TOXIC_4737,ClC(Cl)Cl,1
TOXIC_2376,CC(C)OP(=O)(C)F,1
TOXIC_445,CC1=CC=C(C=C1)C2=CC(=NN2C3=CC=C(C=C3)S(=O)(=O)C)C(F)(F)F,1
SAFE_4781,C(=O)(N)N,0
TOXIC_3921,ClC(Cl)Cl,1
SAFE_4224,CC(=O)O,0
SAFE_723,CN1C=NC2=C1C(=O)N(C(=O)N2C)C,0
SAFE_4024,COC1=CC=C(C=C1)C(C)C(=O)O,0
SAFE_2767,C(C(=O)O)N,0
TOXIC_1091,c1ccccc1,1
TOXIC_2522,O=[As]O[As]=O,1
SAFE_4228,C1CC(N(C1)C(=O)C(CC2=CC=CC=C2)NC(=O)C(CC3=CC=CC=C3)N)C(=O)O,0
SAFE_2998,C1CC(N(C1)C(=O)C(CC2=CC=CC=C2)NC(=O)C(CC3=CC=CC=C3)N)C(=O)O,0
SAFE_222,CC1(C(N2C(S1)C(C2=O)NC(=O)CC3=CC=CC=C3)C(=O)O)C,0
SAFE_227,CC(C)CC1=CC=C(C=C1)C(C)C(=O)O,0
SAFE_3599,CC1=CN=C(C(=C1OC)C)CS(=O)C2=NC3=C(N2)C=C(C=C3)OC,0
TOXIC_4156,[Pb],1
TOXIC_4044,[Pb],1
TOXIC_155,[Hg],1
TOXIC_3744,ClC(Cl)(Cl)Cl,1
SAFE_4302,CC1(C(N2C(S1)C(C2=O)NC(=O)CC3=CC=CC=C3)C(=O)O)C,0
SAFE_3353,C(C1C(C(C(C(O1)O)O)O)O)O,0
TOXIC_2564,ClC=C,1
SAFE_2982,CC1(C(N2C(S1)C(C2=O)NC(=O)CC3=CC=CC=C3)C(=O)O)C,0
TOXIC_42,O=[As]O[As]=O,1
SAFE_1618,C1CC(N(C1)C(=O)C(CC2=CC=CC=C2)NC(=O)C(CC3=CC=CC=C3)N)C(=O)O,0
TOXIC_157,CC1=CC=C(C=C1)C2=CC(=NN2C3=CC=C(C=C3)S(=O)(=O)C)C(F)(F)F,1
TOXIC_1523,c1ccccc1,1
SAFE_1623,CN1C=NC2=C1C(=O)N(C(=O)N2C)C,0
SAFE_2822,CC(C)CC1=CC=C(C=C1)C(C)C(=O)O,0
SAFE_3819,CC(=O)O,0
SAFE_2873,C(C1C(C(C(C(O1)O)O)O)O)O,0
TOXIC_3015,CCOP(=S)(OCC)Oc1ccc(cc1)[N+](=O)[O-],1
SAFE_2000,CN(C)C(=N)N,0
TOXIC_4575,CCN(CC)C(=S)SSC(=S)N(CC)CC,1
TOXIC_1904,ClC(Cl)(Cl)Cl,1
TOXIC_4884,ClC=C,1
SAFE_2656,CC(=O)NC1=CC=C(O)C=C1,0
SAFE_4002,CC1(C(N2C(S1)C(C2=O)NC(=O)CC3=CC=CC=C3)C(=O)O)C,0
SAFE_2431,CC(=O)NC1=CC=C(O)C=C1,0
TOXIC_283,[Hg],1
TOXIC_2907,[Hg],1
TOXIC_4398,CC1=CC=C(C=C1)C(=O)NC2=CC=CC=C2,1
SAFE_1181,C(=O)(N)N,0
SAFE_2170,C(C(CO)O)O,0
TOXIC_199,CCOP(=S)(OCC)Oc1ccc(cc1)[N+](=O)[O-],1
TOXIC_4870,CN(N=O)C,1
SAFE_329,CC1=CN=C(C(=C1OC)C)CS(=O)C2=NC3=C(N2)C=C(C=C3)OC,0
TOXIC_4874,O=[As]O[As]=O,1
TOXIC_4554,O=[As]O[As]=O,1
TOXIC_3914,O=[As]O[As]=O,1
SAFE_2325,CC(=O)OC1=CC=CC=C1C(=O)O,0
SAFE_197,CC(C)CC1=CC=C(C=C1)C(C)C(=O)O,0
SAFE_3354,CC(=O)O,0
TOXIC_873,N#C,1
TOXIC_1771,[Hg],1
TOXIC_3443,c1ccccc1,1
TOXIC_4699,[Hg],1
TOXIC_3942,CN(N=O)C,1
SAFE_1895,CN(C)C(=N)N,0
SAFE_2385,CC(=O)OC1=CC=CC=C1C(=O)O,0
SAFE_1246,CC(=O)NC1=CC=C(O)C=C1,0
SAFE_791,C(=O)(N)N,0
TOXIC_1778,NN,1
SAFE_786,CCO,0
SAFE_3100,C(C(CO)O)O,0
TOXIC_4891,[Hg],1
SAFE_1872,CC1(C(N2C(S1)C(C2=O)NC(=O)CC3=CC=CC=C3)C(=O)O)C,0
TOXIC_3466,O=[As]O[As]=O,1
TOXIC_2468,ClC=C,1
TOXIC_3697,ClC(Cl)Cl,1
TOXIC_588,[Pb],1
SAFE_1528,C1CC(N(C1)C(=O)C(CC2=CC=CC=C2)NC(=O)C(CC3=CC=CC=C3)N)C(=O)O,0
SAFE_1591,CC(=O)NC1=CC=C(O)C=C1,0
TOXIC_1475,c1ccccc1,1
TOXIC_3093,C=O,1
SAFE_4529,CC1=CN=C(C(=C1OC)C)CS(=O)C2=NC3=C(N2)C=C(C=C3)OC,0
TOXIC_1812,ClC=C,1
TOXIC_2042,O=[As]O[As]=O,1
TOXIC_847,CCN(CC)C(=S)SSC(=S)N(CC)CC,1
TOXIC_1953,ClC(Cl)Cl,1
SAFE_3763,C1CC(N(C1)C(=O)C(CC2=CC=CC=C2)NC(=O)C(CC3=CC=CC=C3)N)C(=O)O,0
TOXIC_2552,CC(C)OP(=O)(C)F,1
TOXIC_649,N#C,1
SAFE_4268,C(C1C(C(C(C(O1)O)O)O)O)O,0
SAFE_4122,CC1(C(N2C(S1)C(C2=O)NC(=O)CC3=CC=CC=C3)C(=O)O)C,0
TOXIC_3200,ClC(Cl)(Cl)Cl,1
SAFE_3121,CC(=O)NC1=CC=C(O)C=C1,0
SAFE_2339,CC1=CN=C(C(=C1OC)C)CS(=O)C2=NC3=C(N2)C=C(C=C3)OC,0
SAFE_447,CC1(C(N2C(S1)C(C2=O)NC(=O)CC3=CC=CC=C3)C(=O)O)C,0
TOXIC_4649,N#C,1
TOXIC_2390,CN(N=O)C,1
SAFE_2203,C1CC(N(C1)C(=O)C(CC2=CC=CC=C2)NC(=O)C(CC3=CC=CC=C3)N)C(=O)O,0
TOXIC_286,CC1=CC=C(C=C1)C(=O)NC2=CC=CC=C2,1
SAFE_820,C(C(CO)O)O,0
SAFE_3879,CC(=O)O,0
SAFE_4761,CCO,0
SAFE_574,COC1=CC=C(C=C1)C(C)C(=O)O,0
TOXIC_3395,c1ccccc1,1
SAFE_4441,CC(=O)NC1=CC=C(O)C=C1,0
SAFE_4364,CC1=CN=C(C(=C1OC)C)CS(=O)C2=NC3=C(N2)C=C(C=C3)OC,0
TOXIC_126,CC1=CC=C(C=C1)C(=O)NC2=CC=CC=C2,1
TOXIC_3757,CC1=CC=C(C=C1)C2=CC(=NN2C3=CC=C(C=C3)S(=O)(=O)C)C(F)(F)F,1
SAFE_3457,C(C(=O)O)N,0
SAFE_3505,C(C(CO)O)O,0
TOXIC_308,ClC=C,1
SAFE_1272,CC1(C(N2C(S1)C(C2=O)NC(=O)CC3=CC=CC=C3)C(=O)O)C,0
TOXIC_2774,CN(N=O)C,1
SAFE_4078,C1CC(N(C1)C(=O)C(CC2=CC=CC=C2)NC(=O)C(CC3=CC=CC=C3)N)C(=O)O,0
SAFE_4032,CC1(C(N2C(S1)C(C2=O)NC(=O)CC3=CC=CC=C3)C(=O)O)C,0
SAFE_3265,C(C(CO)O)O,0
TOXIC_683,[Hg],1
SAFE_3213,CN1C=NC2=C1C(=O)N(C(=O)N2C)C,0
SAFE_3314,CC1=CN=C(C(=C1OC)C)CS(=O)C2=NC3=C(N2)C=C(C=C3)OC,0
SAFE_1847,CC(C)CC1=CC=C(C=C1)C(C)C(=O)O,0
TOXIC_45,CC1=CC=C(C=C1)C2=CC(=NN2C3=CC=C(C=C3)S(=O)(=O)C)C(F)(F)F,1
SAFE_4885,C(C(CO)O)O,0
SAFE_401,C(=O)(N)N,0
TOXIC_2718,CC1=CC=C(C=C1)C(=O)NC2=CC=CC=C2,1
SAFE_999,CC(=O)O,0
TOXIC_2556,[Pb],1
SAFE_276,CCO,0
SAFE_793,C1CC(N(C1)C(=O)C(CC2=CC=CC=C2)NC(=O)C(CC3=CC=CC=C3)N)C(=O)O,0
TOXIC_2515,c1ccccc1,1
TOXIC_3496,CC(C)OP(=O)(C)F,1
SAFE_4541,C(=O)(N)N,0
SAFE_3228,CN1C=NC2=C1C(=O)N(C(=O)N2C)C,0
TOXIC_53,C=O,1
TOXIC_1362,NN,1
TOXIC_2726,CN(N=O)C,1
TOXIC_4296,CC(C)OP(=O)(C)F,1
TOXIC_2209,ClC(Cl)Cl,1
TOXIC_3928,CC(C)OP(=O)(C)F,1
SAFE_1155,CC(=O)OC1=CC=CC=C1C(=O)O,0
TOXIC_2195,c1ccccc1,1
TOXIC_2622,CC1=CC=C(C=C1)C(=O)NC2=CC=CC=C2,1
SAFE_1732,C(C(=O)O)N,0
SAFE_2785,C(C(CO)O)O,0
TOXIC_456,CC(C)OP(=O)(C)F,1
TOXIC_4652,[Pb],1
TOXIC_2941,CC1=CC=C(C=C1)C2=CC(=NN2C3=CC=C(C=C3)S(=O)(=O)C)C(F)(F)F,1
SAFE_4621,CC(=O)NC1=CC=C(O)C=C1,0
TOXIC_2019,c1ccccc1,1
TOXIC_3828,ClC=C,1
TOXIC_4527,CCN(CC)C(=S)SSC(=S)N(CC)CC,1
TOXIC_2242,NN,1
TOXIC_3939,c1ccccc1,1
SAFE_1843,C1CC(N(C1)C(=O)C(CC2=CC=CC=C2)NC(=O)C(CC3=CC=CC=C3)N)C(=O)O,0
TOXIC_4384,ClC(Cl)(Cl)Cl,1
SAFE_1694,CC1=CN=C(C(=C1OC)C)CS(=O)C2=NC3=C(N2)C=C(C=C3)OC,0
TOXIC_1299,c1ccccc1,1
TOXIC_4831,CCN(CC)C(=S)SSC(=S)N(CC)CC,1
SAFE_4328,C(C1C(C(C(C(O1)O)O)O)O)O,0
TOXIC_3933,CC1=CC=C(C=C1)C2=CC(=NN2C3=CC=C(C=C3)S(=O)(=O)C)C(F)(F)F,1
TOXIC_4792,CC(C)OP(=O)(C)F,1
TOXIC_2093,CC1=CC=C(C=C1)C2=CC(=NN2C3=CC=C(C=C3)S(=O)(=O)C)C(F)(F)F,1
TOXIC_11,[Hg],1
TOXIC_2508,[Pb],1
TOXIC_4202,O=[As]O[As]=O,1
SAFE_1443,CN1C=NC2=C1C(=O)N(C(=O)N2C)C,0
TOXIC_3929,N#C,1
TOXIC_4448,ClC(Cl)(Cl)Cl,1
TOXIC_811,[Hg],1
TOXIC_2349,CC1=CC=C(C=C1)C2=CC(=NN2C3=CC=C(C=C3)S(=O)(=O)C)C(F)(F)F,1
SAFE_1600,C(C(CO)O)O,0
SAFE_4449,CC(=O)O,0
TOXIC_416,ClC(Cl)(Cl)Cl,1
SAFE_4838,C(C1C(C(C(C(O1)O)O)O)O)O,0
TOXIC_2997,C=O,1
TOXIC_88,CC(C)OP(=O)(C)F,1
SAFE_3614,CC1=CN=C(C(=C1OC)C)CS(=O)C2=NC3=C(N2)C=C(C=C3)OC,0
TOXIC_3503,CCN(CC)C(=S)SSC(=S)N(CC)CC,1
SAFE_1774,COC1=CC=C(C=C1)C(C)C(=O)O,0
TOXIC_4359,CCOP(=S)(OCC)Oc1ccc(cc1)[N+](=O)[O-],1
TOXIC_4154,O=[As]O[As]=O,1
TOXIC_3619,c1ccccc1,1
SAFE_2758,C1CC(N(C1)C(=O)C(CC2=CC=CC=C2)NC(=O)C(CC3=CC=CC=C3)N)C(=O)O,0
TOXIC_4131,c1ccccc1,1
SAFE_1132,C(C(=O)O)N,0
SAFE_4210,C(C(CO)O)O,0
SAFE_1379,CC1=CN=C(C(=C1OC)C)CS(=O)C2=NC3=C(N2)C=C(C=C3)OC,0
TOXIC_3719,CCOP(=S)(OCC)Oc1ccc(cc1)[N+](=O)[O-],1
TOXIC_2150,CN(N=O)C,1
TOXIC_2335,CCN(CC)C(=S)SSC(=S)N(CC)CC,1
SAFE_147,CC1(C(N2C(S1)C(C2=O)NC(=O)CC3=CC=CC=C3)C(=O)O)C,0
SAFE_1927,C(C(=O)O)N,0
SAFE_4611,CCO,0
SAFE_3255,CC(=O)OC1=CC=CC=C1C(=O)O,0
TOXIC_349,CC1=CC=C(C=C1)C2=CC(=NN2C3=CC=C(C=C3)S(=O)(=O)C)C(F)(F)F,1
SAFE_3615,CC(=O)OC1=CC=CC=C1C(=O)O,0
SAFE_4335,CC(=O)OC1=CC=CC=C1C(=O)O,0
TOXIC_2670,CC1=CC=C(C=C1)C(=O)NC2=CC=CC=C2,1
TOXIC_1124,ClC=C,1
SAFE_2624,CC1=CN=C(C(=C1OC)C)CS(=O)C2=NC3=C(N2)C=C(C=C3)OC,0
SAFE_3998,C(C1C(C(C(C(O1)O)O)O)O)O,0
TOXIC_3407,CCN(CC)C(=S)SSC(=S)N(CC)CC,1
SAFE_1790,CN(C)C(=N)N,0
SAFE_2675,CN(C)C(=N)N,0
TOXIC_3,c1ccccc1,1
SAFE_4602,CC1(C(N2C(S1)C(C2=O)NC(=O)CC3=CC=CC=C3)C(=O)O)C,0
SAFE_522,CC1(C(N2C(S1)C(C2=O)NC(=O)CC3=CC=CC=C3)C(=O)O)C,0
TOXIC_4967,CCOP(=S)(OCC)Oc1ccc(cc1)[N+](=O)[O-],1
SAFE_2460,CC(=O)OC1=CC=CC=C1C(=O)O,0
TOXIC_3031,CCOP(=S)(OCC)Oc1ccc(cc1)[N+](=O)[O-],1
TOXIC_352,ClC(Cl)(Cl)Cl,1
TOXIC_5,C=O,1
TOXIC_1472,ClC(Cl)(Cl)Cl,1
SAFE_621,CCO,0
TOXIC_135,CCOP(=S)(OCC)Oc1ccc(cc1)[N+](=O)[O-],1
TOXIC_4119,CCOP(=S)(OCC)Oc1ccc(cc1)[N+](=O)[O-],1
SAFE_4337,CC(C)CC1=CC=C(C=C1)C(C)C(=O)O,0
TOXIC_1791,CCN(CC)C(=S)SSC(=S)N(CC)CC,1
SAFE_2095,C(C(CO)O)O,0
TOXIC_4754,NN,1
TOXIC_2024,CC(C)OP(=O)(C)F,1
TOXIC_3557,C=O,1
SAFE_1293,CN1C=NC2=C1C(=O)N(C(=O)N2C)C,0
SAFE_3046,CC(=O)NC1=CC=C(O)C=C1,0
TOXIC_4655,CCN(CC)C(=S)SSC(=S)N(CC)CC,1
TOXIC_3715,c1ccccc1,1
SAFE_3180,CC(=O)OC1=CC=CC=C1C(=O)O,0
TOXIC_184,CC(C)OP(=O)(C)F,1
SAFE_2546,C(=O)(N)N,0
SAFE_2946,CCO,0
TOXIC_2782,CC1=CC=C(C=C1)C(=O)NC2=CC=CC=C2,1
SAFE_3108,CN1C=NC2=C1C(=O)N(C(=O)N2C)C,0
SAFE_3510,CC(=O)OC1=CC=CC=C1C(=O)O,0
SAFE_4169,CC1=CN=C(C(=C1OC)C)CS(=O)C2=NC3=C(N2)C=C(C=C3)OC,0
TOXIC_995,c1ccccc1,1
SAFE_2438,C(C1C(C(C(C(O1)O)O)O)O)O,0
SAFE_2014,COC1=CC=C(C=C1)C(C)C(=O)O,0
TOXIC_4461,CC1=CC=C(C=C1)C2=CC(=NN2C3=CC=C(C=C3)S(=O)(=O)C)C(F)(F)F,1
SAFE_3859,COC1=CC=C(C=C1)C(C)C(=O)O,0
SAFE_4600,C(C(CO)O)O,0
SAFE_4934,CC1=CN=C(C(=C1OC)C)CS(=O)C2=NC3=C(N2)C=C(C=C3)OC,0
SAFE_1516,CC(=O)NC1=CC=C(O)C=C1,0
TOXIC_1161,N#C,1
SAFE_2132,CC(C)CC1=CC=C(C=C1)C(C)C(=O)O,0
TOXIC_1303,CCOP(=S)(OCC)Oc1ccc(cc1)[N+](=O)[O-],1
TOXIC_34,NN,1
SAFE_295,C(C(CO)O)O,0
SAFE_4846,CC(=O)NC1=CC=C(O)C=C1,0
TOXIC_561,ClC(Cl)Cl,1
SAFE_4311,CCO,0
SAFE_4970,CN(C)C(=N)N,0
SAFE_658,C1CC(N(C1)C(=O)C(CC2=CC=CC=C2)NC(=O)C(CC3=CC=CC=C3)N)C(=O)O,0
SAFE_4082,CC(C)CC1=CC=C(C=C1)C(C)C(=O)O,0
SAFE_288,CN1C=NC2=C1C(=O)N(C(=O)N2C)C,0
TOXIC_137,N#C,1
TOXIC_3062,CN(N=O)C,1
SAFE_4695,CC(=O)OC1=CC=CC=C1C(=O)O,0
SAFE_1120,C(C(CO)O)O,0
TOXIC_3882,O=[As]O[As]=O,1
SAFE_3503,C(C1C(C(C(C(O1)O)O)O)O)O,0
TOXIC_62,CC1=CC=C(C=C1)C(=O)NC2=CC=CC=C2,1
SAFE_2556,CCO,0
TOXIC_9,N#C,1
SAFE_3765,CC(=O)OC1=CC=CC=C1C(=O)O,0
TOXIC_1798,CN(N=O)C,1
SAFE_2917,C(C(=O)O)N,0
SAFE_3287,CC(C)CC1=CC=C(C=C1)C(C)C(=O)O,0
SAFE_2476,CC(=O)NC1=CC=C(O)C=C1,0
TOXIC_1203,c1ccccc1,1
TOXIC_4823,CCOP(=S)(OCC)Oc1ccc(cc1)[N+](=O)[O-],1
SAFE_283,C1CC(N(C1)C(=O)C(CC2=CC=CC=C2)NC(=O)C(CC3=CC=CC=C3)N)C(=O)O,0
TOXIC_2974,CC1=CC=C(C=C1)C(=O)NC2=CC=CC=C2,1
TOXIC_1573,C=O,1
TOXIC_4033,ClC(Cl)Cl,1
TOXIC_526,CC1=CC=C(C=C1)C(=O)NC2=CC=CC=C2,1
SAFE_2667,CC1(C(N2C(S1)C(C2=O)NC(=O)CC3=CC=CC=C3)C(=O)O)C,0
SAFE_3444,CC(=O)O,0
SAFE_4291,CC(=O)NC1=CC=C(O)C=C1,0
TOXIC_3198,CC1=CC=C(C=C1)C(=O)NC2=CC=CC=C2,1
TOXIC_1095,CCOP(=S)(OCC)Oc1ccc(cc1)[N+](=O)[O-],1
TOXIC_3328,ClC(Cl)(Cl)Cl,1
SAFE_1208,C(C1C(C(C(C(O1)O)O)O)O)O,0
TOXIC_3648,ClC(Cl)(Cl)Cl,1
TOXIC_727,CCOP(=S)(OCC)Oc1ccc(cc1)[N+](=O)[O-],1
SAFE_1317,CC1(C(N2C(S1)C(C2=O)NC(=O)CC3=CC=CC=C3)C(=O)O)C,0
SAFE_173,C(C1C(C(C(C(O1)O)O)O)O)O,0
TOXIC_2250,O=[As]O[As]=O,1
SAFE_350,CN(C)C(=N)N,0
SAFE_2130,CC(=O)OC1=CC=CC=C1C(=O)O,0
TOXIC_2211,c1ccccc1,1
TOXIC_399,CCN(CC)C(=S)SSC(=S)N(CC)CC,1
TOXIC_1981,CC1=CC=C(C=C1)C2=CC(=NN2C3=CC=C(C=C3)S(=O)(=O)C)C(F)(F)F,1
TOXIC_2796,[Pb],1
SAFE_4,COC1=CC=C(C=C1)C(C)C(=O)O,0
TOXIC_2384,ClC(Cl)(Cl)Cl,1
TOXIC_3014,CN(N=O)C,1
TOXIC_4348,[Pb],1
TOXIC_3114,O=[As]O[As]=O,1
TOXIC_4607,CCN(CC)C(=S)SSC(=S)N(CC)CC,1
SAFE_1059,CC(=O)O,0
TOXIC_3780,ClC=C,1
SAFE_4011,CCO,0
SAFE_662,CC(C)CC1=CC=C(C=C1)C(C)C(=O)O,0
SAFE_1074,CC(=O)O,0
TOXIC_1180,[Pb],1
TOXIC_2636,[Pb],1
SAFE_4813,C1CC(N(C1)C(=O)C(CC2=CC=CC=C2)NC(=O)C(CC3=CC=CC=C3)N)C(=O)O,0
TOXIC_1206,CN(N=O)C,1
SAFE_3842,CC(C)CC1=CC=C(C=C1)C(C)C(=O)O,0
SAFE_4283,C(C1C(C(C(C(O1)O)O)O)O)O,0
TOXIC_0,ClC(Cl)(Cl)Cl,1
TOXIC_3222,CN(N=O)C,1
SAFE_2899,COC1=CC=C(C=C1)C(C)C(=O)O,0
SAFE_1666,CC(=O)NC1=CC=C(O)C=C1,0
SAFE_1178,C(C1C(C(C(C(O1)O)O)O)O)O,0
TOXIC_3258,O=[As]O[As]=O,1
SAFE_1944,CC(=O)O,0
TOXIC_2143,CCN(CC)C(=S)SSC(=S)N(CC)CC,1
TOXIC_258,NN,1
TOXIC_252,[Pb],1
TOXIC_2129,ClC(Cl)Cl,1
SAFE_3288,CN1C=NC2=C1C(=O)N(C(=O)N2C)C,0
SAFE_697,C(C(=O)O)N,0
SAFE_2578,C1CC(N(C1)C(=O)C(CC2=CC=CC=C2)NC(=O)C(CC3=CC=CC=C3)N)C(=O)O,0
TOXIC_4961,ClC(Cl)Cl,1
SAFE_1394,CC1=CN=C(C(=C1OC)C)CS(=O)C2=NC3=C(N2)C=C(C=C3)OC,0
SAFE_4099,COC1=CC=C(C=C1)C(C)C(=O)O,0
TOXIC_1315,c1ccccc1,1
SAFE_1213,C1CC(N(C1)C(=O)C(CC2=CC=CC=C2)NC(=O)C(CC3=CC=CC=C3)N)C(=O)O,0
TOXIC_709,C=O,1
TOXIC_1958,CN(N=O)C,1
SAFE_1029,CC(=O)O,0
TOXIC_1645,CC1=CC=C(C=C1)C2=CC(=NN2C3=CC=C(C=C3)S(=O)(=O)C)C(F)(F)F,1
TOXIC_77,CC1=CC=C(C=C1)C2=CC(=NN2C3=CC=C(C=C3)S(=O)(=O)C)C(F)(F)F,1
SAFE_3000,CC(=O)OC1=CC=CC=C1C(=O)O,0
SAFE_4893,CN1C=NC2=C1C(=O)N(C(=O)N2C)C,0
TOXIC_4866,NN,1
TOXIC_4217,N#C,1
SAFE_1972,C(C(=O)O)N,0
SAFE_3420,CC(=O)OC1=CC=CC=C1C(=O)O,0
TOXIC_4223,CCN(CC)C(=S)SSC(=S)N(CC)CC,1
TOXIC_3683,c1ccccc1,1
SAFE_2181,CCO,0
TOXIC_400,ClC(Cl)(Cl)Cl,1
TOXIC_2626,NN,1
SAFE_1058,C(C1C(C(C(C(O1)O)O)O)O)O,0
TOXIC_3712,ClC(Cl)(Cl)Cl,1
SAFE_4278,CN1C=NC2=C1C(=O)N(C(=O)N2C)C,0
SAFE_3979,COC1=CC=C(C=C1)C(C)C(=O)O,0
TOXIC_1471,CCN(CC)C(=S)SSC(=S)N(CC)CC,1
TOXIC_1664,ClC(Cl)(Cl)Cl,1
SAFE_2951,C(=O)(N)N,0
TOXIC_3090,NN,1
TOXIC_4414,CC1=CC=C(C=C1)C(=O)NC2=CC=CC=C2,1
TOXIC_951,CCOP(=S)(OCC)Oc1ccc(cc1)[N+](=O)[O-],1
TOXIC_4328,CC(C)OP(=O)(C)F,1
TOXIC_3840,ClC(Cl)(Cl)Cl,1
TOXIC_1595,[Hg],1
TOXIC_610,NN,1
SAFE_2972,CC(C)CC1=CC=C(C=C1)C(C)C(=O)O,0
SAFE_4447,C(C(=O)O)N,0
TOXIC_4099,c1ccccc1,1
SAFE_4324,COC1=CC=C(C=C1)C(C)C(=O)O,0
SAFE_546,CCO,0
SAFE_1172,CC(C)CC1=CC=C(C=C1)C(C)C(=O)O,0
SAFE_75,CC(=O)OC1=CC=CC=C1C(=O)O,0
TOXIC_3710,CC1=CC=C(C=C1)C(=O)NC2=CC=CC=C2,1
SAFE_130,C(C(CO)O)O,0
SAFE_4334,CC1=CN=C(C(=C1OC)C)CS(=O)C2=NC3=C(N2)C=C(C=C3)OC,0
TOXIC_2711,CCOP(=S)(OCC)Oc1ccc(cc1)[N+](=O)[O-],1
SAFE_4196,C(=O)(N)N,0
TOXIC_2741,C=O,1
TOXIC_2262,CN(N=O)C,1
SAFE_2965,C(C(CO)O)O,0
TOXIC_159,CCN(CC)C(=S)SSC(=S)N(CC)CC,1
SAFE_2451,CCO,0
TOXIC_2526,CC1=CC=C(C=C1)C(=O)NC2=CC=CC=C2,1
TOXIC_2406,CN(N=O)C,1
SAFE_2096,C(=O)(N)N,0
TOXIC_150,CN(N=O)C,1
SAFE_41,C(=O)(N)N,0
SAFE_109,COC1=CC=C(C=C1)C(C)C(=O)O,0
TOXIC_890,O=[As]O[As]=O,1
TOXIC_3983,CCN(CC)C(=S)SSC(=S)N(CC)CC,1
TOXIC_2287,CCN(CC)C(=S)SSC(=S)N(CC)CC,1
TOXIC_3243,[Hg],1
TOXIC_3742,CC1=CC=C(C=C1)C(=O)NC2=CC=CC=C2,1
TOXIC_548,ClC=C,1
SAFE_3322,C(C(=O)O)N,0
SAFE_2265,CC(=O)OC1=CC=CC=C1C(=O)O,0
TOXIC_4719,CCN(CC)C(=S)SSC(=S)N(CC)CC,1
SAFE_1822,C(C(=O)O)N,0
SAFE_4206,CCO,0
SAFE_3421,CC(=O)NC1=CC=C(O)C=C1,0
SAFE_3747,CC1(C(N2C(S1)C(C2=O)NC(=O)CC3=CC=CC=C3)C(=O)O)C,0
SAFE_320,CN(C)C(=N)N,0
TOXIC_3868,[Pb],1
TOXIC_2841,N#C,1
TOXIC_1678,CC1=CC=C(C=C1)C(=O)NC2=CC=CC=C2,1
SAFE_2286,CCO,0
TOXIC_1851,[Hg],1
SAFE_3079,COC1=CC=C(C=C1)C(C)C(=O)O,0
TOXIC_2489,N#C,1
SAFE_1629,CC(=O)O,0
SAFE_4489,COC1=CC=C(C=C1)C(C)C(=O)O,0
SAFE_81,CCO,0
SAFE_1975,C(C(CO)O)O,0
SAFE_4014,CC(=O)O,0
SAFE_4860,CC(=O)OC1=CC=CC=C1C(=O)O,0
TOXIC_1628,[Pb],1
TOXIC_3743,CCN(CC)C(=S)SSC(=S)N(CC)CC,1
SAFE_3195,CC(=O)OC1=CC=CC=C1C(=O)O,0
TOXIC_221,CC1=CC=C(C=C1)C2=CC(=NN2C3=CC=C(C=C3)S(=O)(=O)C)C(F)(F)F,1
SAFE_2484,CC(=O)O,0
SAFE_896,C(=O)(N)N,0
TOXIC_1597,CC1=CC=C(C=C1)C2=CC(=NN2C3=CC=C(C=C3)S(=O)(=O)C)C(F)(F)F,1
TOXIC_4963,c1ccccc1,1
SAFE_924,CC(=O)O,0
SAFE_3959,CC1=CN=C(C(=C1OC)C)CS(=O)C2=NC3=C(N2)C=C(C=C3)OC,0
SAFE_2316,CCO,0
SAFE_2394,CC(=O)O,0
SAFE_1719,CC(=O)O,0
SAFE_1781,C(=O)(N)N,0
TOXIC_301,CC1=CC=C(C=C1)C2=CC(=NN2C3=CC=C(C=C3)S(=O)(=O)C)C(F)(F)F,1
TOXIC_4747,[Hg],1
SAFE_2254,COC1=CC=C(C=C1)C(C)C(=O)O,0
SAFE_1673,C(C1C(C(C(C(O1)O)O)O)O)O,0
SAFE_474,CC(=O)O,0
SAFE_2630,CN(C)C(=N)N,0
SAFE_3742,C(C(=O)O)N,0
TOXIC_3936,ClC(Cl)(Cl)Cl,1
SAFE_3297,CC1(C(N2C(S1)C(C2=O)NC(=O)CC3=CC=CC=C3)C(=O)O)C,0
TOXIC_3275,[Hg],1
TOXIC_3087,CCN(CC)C(=S)SSC(=S)N(CC)CC,1
TOXIC_4988,[Pb],1
SAFE_819,CC(=O)O,0
SAFE_3526,CC(=O)NC1=CC=C(O)C=C1,0
TOXIC_736,ClC(Cl)(Cl)Cl,1
SAFE_3578,C(C1C(C(C(C(O1)O)O)O)O)O,0
SAFE_1613,C(C1C(C(C(C(O1)O)O)O)O)O,0
TOXIC_3118,CC1=CC=C(C=C1)C(=O)NC2=CC=CC=C2,1
TOXIC_3965,CC1=CC=C(C=C1)C2=CC(=NN2C3=CC=C(C=C3)S(=O)(=O)C)C(F)(F)F,1
SAFE_2279,CC1=CN=C(C(=C1OC)C)CS(=O)C2=NC3=C(N2)C=C(C=C3)OC,0
TOXIC_80,ClC(Cl)(Cl)Cl,1
TOXIC_3349,C=O,1
SAFE_639,CC(=O)O,0
TOXIC_2589,CC1=CC=C(C=C1)C2=CC(=NN2C3=CC=C(C=C3)S(=O)(=O)C)C(F)(F)F,1
TOXIC_3901,CC1=CC=C(C=C1)C2=CC(=NN2C3=CC=C(C=C3)S(=O)(=O)C)C(F)(F)F,1
SAFE_460,C(C(CO)O)O,0
SAFE_3908,C(C1C(C(C(C(O1)O)O)O)O)O,0
TOXIC_3679,CCN(CC)C(=S)SSC(=S)N(CC)CC,1
SAFE_4016,C(=O)(N)N,0
SAFE_4156,CC(=O)NC1=CC=C(O)C=C1,0
SAFE_1897,C(C(=O)O)N,0
SAFE_2551,CC(=O)NC1=CC=C(O)C=C1,0
SAFE_2539,COC1=CC=C(C=C1)C(C)C(=O)O,0
TOXIC_296,CC(C)OP(=O)(C)F,1
SAFE_2506,CC(=O)NC1=CC=C(O)C=C1,0
TOXIC_1794,NN,1
TOXIC_3389,CC1=CC=C(C=C1)C2=CC(=NN2C3=CC=C(C=C3)S(=O)(=O)C)C(F)(F)F,1
SAFE_3624,CC(=O)O,0
TOXIC_2146,NN,1
SAFE_2929,COC1=CC=C(C=C1)C(C)C(=O)O,0
TOXIC_3769,N#C,1
SAFE_2161,CC(=O)NC1=CC=C(O)C=C1,0
TOXIC_3941,C=O,1
SAFE_511,CC(=O)NC1=CC=C(O)C=C1,0
SAFE_657,CC1(C(N2C(S1)C(C2=O)NC(=O)CC3=CC=CC=C3)C(=O)O)C,0
SAFE_1079,CC1=CN=C(C(=C1OC)C)CS(=O)C2=NC3=C(N2)C=C(C=C3)OC,0
TOXIC_3748,ClC=C,1
TOXIC_4336,ClC(Cl)(Cl)Cl,1
SAFE_2334,CC(=O)O,0
TOXIC_2930,NN,1
TOXIC_4919,CCOP(=S)(OCC)Oc1ccc(cc1)[N+](=O)[O-],1
SAFE_4978,C1CC(N(C1)C(=O)C(CC2=CC=CC=C2)NC(=O)C(CC3=CC=CC=C3)N)C(=O)O,0
TOXIC_1870,CC1=CC=C(C=C1)C(=O)NC2=CC=CC=C2,1
SAFE_4624,COC1=CC=C(C=C1)C(C)C(=O)O,0
SAFE_1964,CC1=CN=C(C(=C1OC)C)CS(=O)C2=NC3=C(N2)C=C(C=C3)OC,0
TOXIC_4298,O=[As]O[As]=O,1
TOXIC_1103,CCN(CC)C(=S)SSC(=S)N(CC)CC,1
SAFE_4151,C(=O)(N)N,0
SAFE_2509,COC1=CC=C(C=C1)C(C)C(=O)O,0
TOXIC_280,CC(C)OP(=O)(C)F,1
SAFE_3631,CC(=O)NC1=CC=C(O)C=C1,0
SAFE_4180,C(C(CO)O)O,0
SAFE_3881,C(=O)(N)N,0
SAFE_4470,CC(=O)OC1=CC=CC=C1C(=O)O,0
SAFE_2112,CC1(C(N2C(S1)C(C2=O)NC(=O)CC3=CC=CC=C3)C(=O)O)C,0
TOXIC_3603,c1ccccc1,1
SAFE_4477,C(C(=O)O)N,0
SAFE_4132,C(C(=O)O)N,0
TOXIC_4241,ClC(Cl)Cl,1
TOXIC_4611,c1ccccc1,1
TOXIC_1039,CCN(CC)C(=S)SSC(=S)N(CC)CC,1
SAFE_578,C(C1C(C(C(C(O1)O)O)O)O)O,0
SAFE_3930,CC(=O)OC1=CC=CC=C1C(=O)O,0
SAFE_4753,C1CC(N(C1)C(=O)C(CC2=CC=CC=C2)NC(=O)C(CC3=CC=CC=C3)N)C(=O)O,0
SAFE_1295,CN(C)C(=N)N,0
TOXIC_2200,CC(C)OP(=O)(C)F,1
SAFE_1162,C(C(=O)O)N,0
SAFE_3436,CC(=O)NC1=CC=C(O)C=C1,0
TOXIC_2662,CN(N=O)C,1
SAFE_806,C(=O)(N)N,0
TOXIC_4048,ClC(Cl)(Cl)Cl,1
TOXIC_3346,NN,1
TOXIC_3556,ClC=C,1
SAFE_3999,CC(=O)O,0
SAFE_4560,CC(=O)OC1=CC=CC=C1C(=O)O,0
SAFE_4629,CC(=O)O,0
TOXIC_2855,CCOP(=S)(OCC)Oc1ccc(cc1)[N+](=O)[O-],1
SAFE_1733,C(C1C(C(C(C(O1)O)O)O)O)O,0
SAFE_4922,CC(C)CC1=CC=C(C=C1)C(C)C(=O)O,0
TOXIC_3740,[Pb],1
TOXIC_1368,CC(C)OP(=O)(C)F,1
SAFE_884,CC1=CN=C(C(=C1OC)C)CS(=O)C2=NC3=C(N2)C=C(C=C3)OC,0
TOXIC_359,CCOP(=S)(OCC)Oc1ccc(cc1)[N+](=O)[O-],1
SAFE_3064,COC1=CC=C(C=C1)C(C)C(=O)O,0
TOXIC_1889,ClC(Cl)Cl,1
SAFE_1344,CC(=O)O,0
TOXIC_2191,CCN(CC)C(=S)SSC(=S)N(CC)CC,1
SAFE_186,CCO,0
TOXIC_3154,NN,1
SAFE_2674,COC1=CC=C(C=C1)C(C)C(=O)O,0
TOXIC_4995,c1ccccc1,1
SAFE_1679,CC1=CN=C(C(=C1OC)C)CS(=O)C2=NC3=C(N2)C=C(C=C3)OC,0
TOXIC_2870,CN(N=O)C,1
TOXIC_4900,ClC=C,1
SAFE_2952,CC1(C(N2C(S1)C(C2=O)NC(=O)CC3=CC=CC=C3)C(=O)O)C,0
TOXIC_3227,[Hg],1
SAFE_65,CN(C)C(=N)N,0
TOXIC_1117,CC1=CC=C(C=C1)C2=CC(=NN2C3=CC=C(C=C3)S(=O)(=O)C)C(F)(F)F,1
TOXIC_905,N#C,1
SAFE_2128,C1CC(N(C1)C(=O)C(CC2=CC=CC=C2)NC(=O)C(CC3=CC=CC=C3)N)C(=O)O,0
TOXIC_1710,CC1=CC=C(C=C1)C(=O)NC2=CC=CC=C2,1
TOXIC_3711,CCN(CC)C(=S)SSC(=S)N(CC)CC,1
SAFE_3412,C(C(=O)O)N,0
SAFE_4402,C(C(=O)O)N,0
SAFE_1555,C(C(CO)O)O,0
TOXIC_1577,N#C,1
SAFE_3725,CN(C)C(=N)N,0
SAFE_4938,CN1C=NC2=C1C(=O)N(C(=O)N2C)C,0
SAFE_4321,CC(=O)NC1=CC=C(O)C=C1,0
TOXIC_2875,[Hg],1
TOXIC_1840,ClC(Cl)(Cl)Cl,1
TOXIC_2440,CC(C)OP(=O)(C)F,1
TOXIC_4959,CCN(CC)C(=S)SSC(=S)N(CC)CC,1
SAFE_3320,CN(C)C(=N)N,0
SAFE_1424,CC1=CN=C(C(=C1OC)C)CS(=O)C2=NC3=C(N2)C=C(C=C3)OC,0
TOXIC_3680,ClC(Cl)(Cl)Cl,1
SAFE_229,COC1=CC=C(C=C1)C(C)C(=O)O,0
TOXIC_938,O=[As]O[As]=O,1
TOXIC_910,CC1=CC=C(C=C1)C(=O)NC2=CC=CC=C2,1
TOXIC_3335,CCOP(=S)(OCC)Oc1ccc(cc1)[N+](=O)[O-],1
SAFE_255,CC(=O)OC1=CC=CC=C1C(=O)O,0
SAFE_2276,C(=O)(N)N,0
SAFE_3025,C(C(CO)O)O,0
TOXIC_969,N#C,1
TOXIC_3156,ClC=C,1
TOXIC_369,ClC(Cl)Cl,1
TOXIC_2880,ClC(Cl)(Cl)Cl,1
SAFE_3643,C1CC(N(C1)C(=O)C(CC2=CC=CC=C2)NC(=O)C(CC3=CC=CC=C3)N)C(=O)O,0
TOXIC_971,[Hg],1
TOXIC_3709,CC1=CC=C(C=C1)C2=CC(=NN2C3=CC=C(C=C3)S(=O)(=O)C)C(F)(F)F,1
TOXIC_2097,ClC(Cl)Cl,1
TOXIC_4041,N#C,1
SAFE_2896,CC(=O)NC1=CC=C(O)C=C1,0
SAFE_2749,COC1=CC=C(C=C1)C(C)C(=O)O,0
TOXIC_343,CCOP(=S)(OCC)Oc1ccc(cc1)[N+](=O)[O-],1
TOXIC_3932,[Pb],1
TOXIC_2503,CCOP(=S)(OCC)Oc1ccc(cc1)[N+](=O)[O-],1
SAFE_3385,C(C(CO)O)O,0
SAFE_2423,C(C1C(C(C(C(O1)O)O)O)O)O,0
SAFE_443,C(C1C(C(C(C(O1)O)O)O)O)O,0
SAFE_1619,CC1=CN=C(C(=C1OC)C)CS(=O)C2=NC3=C(N2)C=C(C=C3)OC,0
TOXIC_2901,C=O,1
TOXIC_4138,O=[As]O[As]=O,1
TOXIC_3713,ClC(Cl)Cl,1
SAFE_4603,C1CC(N(C1)C(=O)C(CC2=CC=CC=C2)NC(=O)C(CC3=CC=CC=C3)N)C(=O)O,0
SAFE_3668,C(C1C(C(C(C(O1)O)O)O)O)O,0
TOXIC_3431,CCOP(=S)(OCC)Oc1ccc(cc1)[N+](=O)[O-],1
TOXIC_786,NN,1
SAFE_4229,CC1=CN=C(C(=C1OC)C)CS(=O)C2=NC3=C(N2)C=C(C=C3)OC,0
SAFE_4607,CC(C)CC1=CC=C(C=C1)C(C)C(=O)O,0
SAFE_1599,CC(=O)O,0
TOXIC_95,CCN(CC)C(=S)SSC(=S)N(CC)CC,1
TOXIC_4626,NN,1
SAFE_4896,CCO,0
SAFE_2889,CC(=O)O,0
TOXIC_4687,CCN(CC)C(=S)SSC(=S)N(CC)CC,1
TOXIC_194,NN,1
SAFE_3456,CCO,0
SAFE_4750,C(C(CO)O)O,0
TOXIC_4209,ClC(Cl)Cl,1
SAFE_1870,C(C(CO)O)O,0
SAFE_2164,COC1=CC=C(C=C1)C(C)C(=O)O,0
SAFE_3810,CC(=O)OC1=CC=CC=C1C(=O)O,0
TOXIC_4558,CC1=CC=C(C=C1)C(=O)NC2=CC=CC=C2,1
SAFE_2277,CC1(C(N2C(S1)C(C2=O)NC(=O)CC3=CC=CC=C3)C(=O)O)C,0
SAFE_333,CN1C=NC2=C1C(=O)N(C(=O)N2C)C,0
SAFE_193,C1CC(N(C1)C(=O)C(CC2=CC=CC=C2)NC(=O)C(CC3=CC=CC=C3)N)C(=O)O,0
SAFE_4837,C(C(=O)O)N,0
SAFE_3564,CC(=O)O,0
SAFE_3057,CC1(C(N2C(S1)C(C2=O)NC(=O)CC3=CC=CC=C3)C(=O)O)C,0
TOXIC_1290,O=[As]O[As]=O,1
TOXIC_3561,N#C,1
TOXIC_840,CC(C)OP(=O)(C)F,1
TOXIC_393,N#C,1
TOXIC_3579,[Hg],1
SAFE_1135,C(C(CO)O)O,0
SAFE_4833,CN1C=NC2=C1C(=O)N(C(=O)N2C)C,0
SAFE_4654,COC1=CC=C(C=C1)C(C)C(=O)O,0
TOXIC_3988,ClC=C,1
SAFE_1867,C(C(=O)O)N,0
SAFE_2433,CN1C=NC2=C1C(=O)N(C(=O)N2C)C,0
TOXIC_3110,CN(N=O)C,1
TOXIC_2599,CCOP(=S)(OCC)Oc1ccc(cc1)[N+](=O)[O-],1
SAFE_3422,CC(C)CC1=CC=C(C=C1)C(C)C(=O)O,0
TOXIC_3623,CCOP(=S)(OCC)Oc1ccc(cc1)[N+](=O)[O-],1
TOXIC_2466,NN,1
SAFE_523,C1CC(N(C1)C(=O)C(CC2=CC=CC=C2)NC(=O)C(CC3=CC=CC=C3)N)C(=O)O,0
TOXIC_2771,c1ccccc1,1
TOXIC_2688,ClC(Cl)(Cl)Cl,1
SAFE_1788,CN1C=NC2=C1C(=O)N(C(=O)N2C)C,0
SAFE_981,CCO,0
SAFE_3809,CC1=CN=C(C(=C1OC)C)CS(=O)C2=NC3=C(N2)C=C(C=C3)OC,0
TOXIC_2703,CCN(CC)C(=S)SSC(=S)N(CC)CC,1
TOXIC_667,[Hg],1
SAFE_4381,CC(=O)NC1=CC=C(O)C=C1,0
TOXIC_4937,N#C,1
TOXIC_3032,CC(C)OP(=O)(C)F,1
TOXIC_3298,NN,1
SAFE_507,CC1(C(N2C(S1)C(C2=O)NC(=O)CC3=CC=CC=C3)C(=O)O)C,0
TOXIC_2333,CC1=CC=C(C=C1)C2=CC(=NN2C3=CC=C(C=C3)S(=O)(=O)C)C(F)(F)F,1
SAFE_3063,CN1C=NC2=C1C(=O)N(C(=O)N2C)C,0
SAFE_2190,CC(=O)OC1=CC=CC=C1C(=O)O,0
SAFE_4280,CN(C)C(=N)N,0
TOXIC_4827,[Hg],1
TOXIC_2280,CC(C)OP(=O)(C)F,1
SAFE_434,CC1=CN=C(C(=C1OC)C)CS(=O)C2=NC3=C(N2)C=C(C=C3)OC,0
TOXIC_3642,O=[As]O[As]=O,1
TOXIC_2826,O=[As]O[As]=O,1
SAFE_3966,CCO,0
TOXIC_4990,CC1=CC=C(C=C1)C(=O)NC2=CC=CC=C2,1
SAFE_3558,CN1C=NC2=C1C(=O)N(C(=O)N2C)C,0
TOXIC_3283,c1ccccc1,1
SAFE_451,CC(=O)NC1=CC=C(O)C=C1,0
SAFE_1776,CCO,0
SAFE_3888,CN1C=NC2=C1C(=O)N(C(=O)N2C)C,0
TOXIC_4956,[Pb],1
TOXIC_475,[Hg],1
SAFE_3449,CC1=CN=C(C(=C1OC)C)CS(=O)C2=NC3=C(N2)C=C(C=C3)OC,0
SAFE_1152,CC1(C(N2C(S1)C(C2=O)NC(=O)CC3=CC=CC=C3)C(=O)O)C,0
TOXIC_4555,[Hg],1
SAFE_800,CN(C)C(=N)N,0
TOXIC_730,O=[As]O[As]=O,1
TOXIC_2523,[Hg],1
SAFE_3600,CC(=O)OC1=CC=CC=C1C(=O)O,0
SAFE_264,CC(=O)O,0
TOXIC_4245,C=O,1
TOXIC_4224,ClC(Cl)(Cl)Cl,1
SAFE_1182,CC1(C(N2C(S1)C(C2=O)NC(=O)CC3=CC=CC=C3)C(=O)O)C,0
SAFE_2700,CC(=O)OC1=CC=CC=C1C(=O)O,0
TOXIC_3974,CN(N=O)C,1
SAFE_865,C(C(CO)O)O,0
SAFE_2992,C(C(=O)O)N,0
TOXIC_4415,CCN(CC)C(=S)SSC(=S)N(CC)CC,1
SAFE_3470,CN(C)C(=N)N,0
SAFE_2897,CC(C)CC1=CC=C(C=C1)C(C)C(=O)O,0
SAFE_4658,C(C1C(C(C(C(O1)O)O)O)O)O,0
SAFE_2091,CCO,0
SAFE_2101,CC(=O)NC1=CC=C(O)C=C1,0
SAFE_747,CC1(C(N2C(S1)C(C2=O)NC(=O)CC3=CC=CC=C3)C(=O)O)C,0
TOXIC_3601,ClC(Cl)Cl,1
TOXIC_682,O=[As]O[As]=O,1
TOXIC_4279,CCOP(=S)(OCC)Oc1ccc(cc1)[N+](=O)[O-],1
SAFE_1663,C1CC(N(C1)C(=O)C(CC2=CC=CC=C2)NC(=O)C(CC3=CC=CC=C3)N)C(=O)O,0
SAFE_64,COC1=CC=C(C=C1)C(C)C(=O)O,0
TOXIC_2316,[Pb],1
SAFE_1474,COC1=CC=C(C=C1)C(C)C(=O)O,0
SAFE_2607,CC1(C(N2C(S1)C(C2=O)NC(=O)CC3=CC=CC=C3)C(=O)O)C,0
TOXIC_3548,[Pb],1
TOXIC_3011,c1ccccc1,1
TOXIC_3869,CC1=CC=C(C=C1)C2=CC(=NN2C3=CC=C(C=C3)S(=O)(=O)C)C(F)(F)F,1
TOXIC_4975,CCN(CC)C(=S)SSC(=S)N(CC)CC,1
TOXIC_4875,[Hg],1
SAFE_4553,C(C1C(C(C(C(O1)O)O)O)O)O,0
TOXIC_631,CCOP(=S)(OCC)Oc1ccc(cc1)[N+](=O)[O-],1
TOXIC_3781,C=O,1
SAFE_4627,C(C(=O)O)N,0
SAFE_2055,CC(=O)OC1=CC=CC=C1C(=O)O,0
SAFE_4980,CC(=O)OC1=CC=CC=C1C(=O)O,0
SAFE_1565,CN(C)C(=N)N,0
TOXIC_4526,CC1=CC=C(C=C1)C(=O)NC2=CC=CC=C2,1
TOXIC_2816,ClC(Cl)(Cl)Cl,1
TOXIC_3429,C=O,1
TOXIC_929,ClC(Cl)Cl,1
SAFE_1407,CC1(C(N2C(S1)C(C2=O)NC(=O)CC3=CC=CC=C3)C(=O)O)C,0
TOXIC_2527,CCN(CC)C(=S)SSC(=S)N(CC)CC,1
SAFE_4628,C(C1C(C(C(C(O1)O)O)O)O)O,0
SAFE_3583,C1CC(N(C1)C(=O)C(CC2=CC=CC=C2)NC(=O)C(CC3=CC=CC=C3)N)C(=O)O,0
SAFE_2895,CC(=O)OC1=CC=CC=C1C(=O)O,0
TOXIC_3091,c1ccccc1,1
SAFE_386,C(=O)(N)N,0
SAFE_3688,C1CC(N(C1)C(=O)C(CC2=CC=CC=C2)NC(=O)C(CC3=CC=CC=C3)N)C(=O)O,0
SAFE_2258,C(C1C(C(C(C(O1)O)O)O)O)O,0
TOXIC_3691,[Hg],1
TOXIC_3242,O=[As]O[As]=O,1
TOXIC_2034,NN,1
SAFE_3736,CC(=O)NC1=CC=C(O)C=C1,0
SAFE_1967,CC(C)CC1=CC=C(C=C1)C(C)C(=O)O,0
SAFE_3847,C(C(=O)O)N,0
SAFE_1289,CC1=CN=C(C(=C1OC)C)CS(=O)C2=NC3=C(N2)C=C(C=C3)OC,0
SAFE_56,C(=O)(N)N,0
SAFE_3051,CCO,0
SAFE_3830,CN(C)C(=N)N,0
TOXIC_2904,CC(C)OP(=O)(C)F,1
SAFE_3638,C(C1C(C(C(C(O1)O)O)O)O)O,0
SAFE_3496,CC(=O)NC1=CC=C(O)C=C1,0
TOXIC_1684,ClC=C,1
TOXIC_4232,CC(C)OP(=O)(C)F,1
SAFE_4446,CCO,0
SAFE_3071,C(=O)(N)N,0
TOXIC_4610,NN,1
TOXIC_384,ClC(Cl)(Cl)Cl,1
SAFE_2788,C1CC(N(C1)C(=O)C(CC2=CC=CC=C2)NC(=O)C(CC3=CC=CC=C3)N)C(=O)O,0
SAFE_3352,C(C(=O)O)N,0
TOXIC_1557,C=O,1
TOXIC_1546,O=[As]O[As]=O,1
SAFE_3894,CC(=O)O,0
TOXIC_83,c1ccccc1,1
TOXIC_517,C=O,1
TOXIC_688,ClC(Cl)(Cl)Cl,1
SAFE_4545,CC(=O)OC1=CC=CC=C1C(=O)O,0
TOXIC_4572,[Pb],1
TOXIC_3310,CC1=CC=C(C=C1)C(=O)NC2=CC=CC=C2,1
TOXIC_1547,[Hg],1
TOXIC_4804,ClC=C,1
TOXIC_2155,[Hg],1
TOXIC_3934,CC1=CC=C(C=C1)C(=O)NC2=CC=CC=C2,1
TOXIC_2212,ClC=C,1
SAFE_3137,CC(C)CC1=CC=C(C=C1)C(C)C(=O)O,0
SAFE_2710,C(C(CO)O)O,0
SAFE_1441,CC(=O)NC1=CC=C(O)C=C1,0
TOXIC_1575,CCOP(=S)(OCC)Oc1ccc(cc1)[N+](=O)[O-],1
TOXIC_1827,c1ccccc1,1
SAFE_3161,C(=O)(N)N,0
SAFE_4638,CN1C=NC2=C1C(=O)N(C(=O)N2C)C,0
SAFE_784,COC1=CC=C(C=C1)C(C)C(=O)O,0
SAFE_360,CC(=O)OC1=CC=CC=C1C(=O)O,0
SAFE_1917,CC1(C(N2C(S1)C(C2=O)NC(=O)CC3=CC=CC=C3)C(=O)O)C,0
SAFE_2048,C(C1C(C(C(C(O1)O)O)O)O)O,0
SAFE_274,COC1=CC=C(C=C1)C(C)C(=O)O,0
TOXIC_2180,ClC=C,1
SAFE_4276,CC(=O)NC1=CC=C(O)C=C1,0
SAFE_2010,CC(=O)OC1=CC=CC=C1C(=O)O,0
TOXIC_4301,CC1=CC=C(C=C1)C2=CC(=NN2C3=CC=C(C=C3)S(=O)(=O)C)C(F)(F)F,1
SAFE_3914,CC1=CN=C(C(=C1OC)C)CS(=O)C2=NC3=C(N2)C=C(C=C3)OC,0
SAFE_72,CC1(C(N2C(S1)C(C2=O)NC(=O)CC3=CC=CC=C3)C(=O)O)C,0
TOXIC_1082,O=[As]O[As]=O,1
TOXIC_4330,O=[As]O[As]=O,1
TOXIC_2961,ClC(Cl)Cl,1
SAFE_3459,CC(=O)O,0
SAFE_2809,COC1=CC=C(C=C1)C(C)C(=O)O,0
TOXIC_2642,NN,1
TOXIC_4876,[Pb],1
TOXIC_3745,ClC(Cl)Cl,1
SAFE_542,CC(C)CC1=CC=C(C=C1)C(C)C(=O)O,0
SAFE_1062,CC1(C(N2C(S1)C(C2=O)NC(=O)CC3=CC=CC=C3)C(=O)O)C,0
SAFE_4303,C1CC(N(C1)C(=O)C(CC2=CC=CC=C2)NC(=O)C(CC3=CC=CC=C3)N)C(=O)O,0
TOXIC_2550,CN(N=O)C,1
SAFE_809,CC1=CN=C(C(=C1OC)C)CS(=O)C2=NC3=C(N2)C=C(C=C3)OC,0
SAFE_3523,C1CC(N(C1)C(=O)C(CC2=CC=CC=C2)NC(=O)C(CC3=CC=CC=C3)N)C(=O)O,0
SAFE_573,CN1C=NC2=C1C(=O)N(C(=O)N2C)C,0
SAFE_4815,CC(=O)OC1=CC=CC=C1C(=O)O,0
SAFE_2601,CCO,0
TOXIC_3470,CC1=CC=C(C=C1)C(=O)NC2=CC=CC=C2,1
TOXIC_2669,CC1=CC=C(C=C1)C2=CC(=NN2C3=CC=C(C=C3)S(=O)(=O)C)C(F)(F)F,1
SAFE_3010,C(C(CO)O)O,0
TOXIC_3913,N#C,1
SAFE_3335,CN(C)C(=N)N,0
TOXIC_2756,ClC=C,1
SAFE_4882,C(C(=O)O)N,0
TOXIC_2566,CN(N=O)C,1
TOXIC_3359,CCN(CC)C(=S)SSC(=S)N(CC)CC,1
SAFE_2862,CC1(C(N2C(S1)C(C2=O)NC(=O)CC3=CC=CC=C3)C(=O)O)C,0
SAFE_777,CC1(C(N2C(S1)C(C2=O)NC(=O)CC3=CC=CC=C3)C(=O)O)C,0
TOXIC_1861,C=O,1
TOXIC_1439,CCN(CC)C(=S)SSC(=S)N(CC)CC,1
TOXIC_3625,N#C,1
TOXIC_452,ClC=C,1
SAFE_2740,C(C(CO)O)O,0
TOXIC_1168,ClC(Cl)(Cl)Cl,1
SAFE_2412,CC1(C(N2C(S1)C(C2=O)NC(=O)CC3=CC=CC=C3)C(=O)O)C,0
SAFE_3593,C(C1C(C(C(C(O1)O)O)O)O)O,0
TOXIC_2063,CCN(CC)C(=S)SSC(=S)N(CC)CC,1
TOXIC_1440,ClC(Cl)(Cl)Cl,1
SAFE_4355,CN(C)C(=N)N,0
TOXIC_2455,CCOP(=S)(OCC)Oc1ccc(cc1)[N+](=O)[O-],1
SAFE_1888,C1CC(N(C1)C(=O)C(CC2=CC=CC=C2)NC(=O)C(CC3=CC=CC=C3)N)C(=O)O,0
SAFE_3217,C(C(=O)O)N,0
SAFE_2742,CC1(C(N2C(S1)C(C2=O)NC(=O)CC3=CC=CC=C3)C(=O)O)C,0
TOXIC_3551,CCN(CC)C(=S)SSC(=S)N(CC)CC,1
TOXIC_959,CCN(CC)C(=S)SSC(=S)N(CC)CC,1
TOXIC_2088,CC(C)OP(=O)(C)F,1
SAFE_2894,CC1=CN=C(C(=C1OC)C)CS(=O)C2=NC3=C(N2)C=C(C=C3)OC,0
TOXIC_268,[Pb],1
TOXIC_356,ClC=C,1
TOXIC_1836,[Pb],1
SAFE_4568,C(C1C(C(C(C(O1)O)O)O)O)O,0
TOXIC_4908,[Pb],1
TOXIC_3908,ClC=C,1
TOXIC_1602,NN,1
TOXIC_3464,CC(C)OP(=O)(C)F,1
TOXIC_4201,N#C,1
TOXIC_3279,CCN(CC)C(=S)SSC(=S)N(CC)CC,1
SAFE_3020,CN(C)C(=N)N,0
TOXIC_1739,[Hg],1
SAFE_2635,C(C(CO)O)O,0
TOXIC_3883,[Hg],1
SAFE_4295,CN(C)C(=N)N,0
SAFE_687,CC1(C(N2C(S1)C(C2=O)NC(=O)CC3=CC=CC=C3)C(=O)O)C,0
TOXIC_4352,ClC(Cl)(Cl)Cl,1
SAFE_4186,CC(=O)NC1=CC=C(O)C=C1,0
TOXIC_2691,c1ccccc1,1
SAFE_1153,C1CC(N(C1)C(=O)C(CC2=CC=CC=C2)NC(=O)C(CC3=CC=CC=C3)N)C(=O)O,0
TOXIC_428,[Pb],1
SAFE_2468,C(C1C(C(C(C(O1)O)O)O)O)O,0
TOXIC_1940,ClC=C,1
SAFE_2564,CC1=CN=C(C(=C1OC)C)CS(=O)C2=NC3=C(N2)C=C(C=C3)OC,0
TOXIC_898,NN,1
TOXIC_1131,[Hg],1
SAFE_3413,C(C1C(C(C(C(O1)O)O)O)O)O,0
TOXIC_2483,c1ccccc1,1
TOXIC_3148,[Pb],1
SAFE_3779,CC1=CN=C(C(=C1OC)C)CS(=O)C2=NC3=C(N2)C=C(C=C3)OC,0
TOXIC_1857,ClC(Cl)Cl,1
SAFE_4285,C(C(CO)O)O,0
SAFE_1232,CC(C)CC1=CC=C(C=C1)C(C)C(=O)O,0
TOXIC_1850,O=[As]O[As]=O,1
SAFE_4555,C(C(CO)O)O,0
SAFE_4153,C1CC(N(C1)C(=O)C(CC2=CC=CC=C2)NC(=O)C(CC3=CC=CC=C3)N)C(=O)O,0
TOXIC_37,C=O,1
SAFE_1864,COC1=CC=C(C=C1)C(C)C(=O)O,0
SAFE_730,C(C(CO)O)O,0
TOXIC_2148,ClC=C,1
TOXIC_2506,O=[As]O[As]=O,1
SAFE_2527,C(C(=O)O)N,0
SAFE_4502,CC(C)CC1=CC=C(C=C1)C(C)C(=O)O,0
TOXIC_4395,[Hg],1
SAFE_4830,CC(=O)OC1=CC=CC=C1C(=O)O,0
TOXIC_3047,CCOP(=S)(OCC)Oc1ccc(cc1)[N+](=O)[O-],1
SAFE_1950,CC(=O)OC1=CC=CC=C1C(=O)O,0
SAFE_1919,CC1=CN=C(C(=C1OC)C)CS(=O)C2=NC3=C(N2)C=C(C=C3)OC,0
TOXIC_4969,N#C,1
SAFE_4599,CC(=O)O,0
TOXIC_2076,[Pb],1
SAFE_1044,CC(=O)O,0
SAFE_868,C1CC(N(C1)C(=O)C(CC2=CC=CC=C2)NC(=O)C(CC3=CC=CC=C3)N)C(=O)O,0
TOXIC_2823,CCOP(=S)(OCC)Oc1ccc(cc1)[N+](=O)[O-],1
TOXIC_4568,CC(C)OP(=O)(C)F,1
SAFE_2058,CN1C=NC2=C1C(=O)N(C(=O)N2C)C,0
TOXIC_4669,CC1=CC=C(C=C1)C2=CC(=NN2C3=CC=C(C=C3)S(=O)(=O)C)C(F)(F)F,1
SAFE_1851,CCO,0
SAFE_1773,CN1C=NC2=C1C(=O)N(C(=O)N2C)C,0
SAFE_2760,CC(=O)OC1=CC=CC=C1C(=O)O,0
TOXIC_2724,ClC=C,1
SAFE_4610,CN(C)C(=N)N,0
SAFE_4865,CN(C)C(=N)N,0
SAFE_3680,CN(C)C(=N)N,0
SAFE_1995,CC(=O)OC1=CC=CC=C1C(=O)O,0
SAFE_978,CN1C=NC2=C1C(=O)N(C(=O)N2C)C,0
SAFE_3685,C(C(CO)O)O,0
SAFE_1168,C1CC(N(C1)C(=O)C(CC2=CC=CC=C2)NC(=O)C(CC3=CC=CC=C3)N)C(=O)O,0
SAFE_3609,CC(=O)O,0
SAFE_4547,CC(C)CC1=CC=C(C=C1)C(C)C(=O)O,0
TOXIC_830,CC1=CC=C(C=C1)C(=O)NC2=CC=CC=C2,1
TOXIC_752,ClC(Cl)(Cl)Cl,1
TOXIC_123,[Hg],1
SAFE_2323,C1CC(N(C1)C(=O)C(CC2=CC=CC=C2)NC(=O)C(CC3=CC=CC=C3)N)C(=O)O,0
SAFE_4803,CN1C=NC2=C1C(=O)N(C(=O)N2C)C,0
SAFE_2135,CN(C)C(=N)N,0
TOXIC_1726,CC1=CC=C(C=C1)C(=O)NC2=CC=CC=C2,1
TOXIC_3274,O=[As]O[As]=O,1
SAFE_4591,CC(=O)NC1=CC=C(O)C=C1,0
SAFE_3176,C(=O)(N)N,0
TOXIC_820,ClC=C,1
SAFE_3663,CN1C=NC2=C1C(=O)N(C(=O)N2C)C,0
TOXIC_2965,C=O,1
SAFE_2543,C(C1C(C(C(C(O1)O)O)O)O)O,0
TOXIC_2609,ClC(Cl)Cl,1
SAFE_2549,CC1=CN=C(C(=C1OC)C)CS(=O)C2=NC3=C(N2)C=C(C=C3)OC,0
TOXIC_692,ClC=C,1
SAFE_2300,CN(C)C(=N)N,0
SAFE_2126,C(=O)(N)N,0
TOXIC_4362,O=[As]O[As]=O,1
SAFE_3280,C(C(CO)O)O,0
SAFE_3757,C(C(=O)O)N,0
TOXIC_2157,CC1=CC=C(C=C1)C2=CC(=NN2C3=CC=C(C=C3)S(=O)(=O)C)C(F)(F)F,1
SAFE_1567,C(C(=O)O)N,0
TOXIC_2478,CC1=CC=C(C=C1)C(=O)NC2=CC=CC=C2,1
TOXIC_4602,O=[As]O[As]=O,1
SAFE_3021,CCO,0
SAFE_3799,COC1=CC=C(C=C1)C(C)C(=O)O,0
SAFE_2654,CC1=CN=C(C(=C1OC)C)CS(=O)C2=NC3=C(N2)C=C(C=C3)OC,0
SAFE_3953,C(C1C(C(C(C(O1)O)O)O)O)O,0
TOXIC_2357,C=O,1
TOXIC_4972,[Pb],1
SAFE_2923,C1CC(N(C1)C(=O)C(CC2=CC=CC=C2)NC(=O)C(CC3=CC=CC=C3)N)C(=O)O,0
SAFE_2858,C(C1C(C(C(C(O1)O)O)O)O)O,0
SAFE_3299,CC1=CN=C(C(=C1OC)C)CS(=O)C2=NC3=C(N2)C=C(C=C3)OC,0
SAFE_3326,C(=O)(N)N,0
SAFE_3829,COC1=CC=C(C=C1)C(C)C(=O)O,0
SAFE_3237,CC1(C(N2C(S1)C(C2=O)NC(=O)CC3=CC=CC=C3)C(=O)O)C,0
TOXIC_278,CN(N=O)C,1
SAFE_4567,C(C(=O)O)N,0
TOXIC_4431,CCN(CC)C(=S)SSC(=S)N(CC)CC,1
SAFE_3785,CN(C)C(=N)N,0
SAFE_1721,C(=O)(N)N,0
TOXIC_1227,[Hg],1
TOXIC_4514,NN,1
TOXIC_744,CC(C)OP(=O)(C)F,1
SAFE_2816,C(=O)(N)N,0
TOXIC_125,CC1=CC=C(C=C1)C2=CC(=NN2C3=CC=C(C=C3)S(=O)(=O)C)C(F)(F)F,1
TOXIC_3809,ClC(Cl)Cl,1
TOXIC_3946,O=[As]O[As]=O,1
SAFE_2596,CC(=O)NC1=CC=C(O)C=C1,0
TOXIC_3376,ClC(Cl)(Cl)Cl,1
TOXIC_1246,CC1=CC=C(C=C1)C(=O)NC2=CC=CC=C2,1
TOXIC_3906,NN,1
TOXIC_1705,N#C,1
SAFE_1715,CN(C)C(=N)N,0
TOXIC_826,O=[As]O[As]=O,1
TOXIC_1251,c1ccccc1,1
TOXIC_142,CC1=CC=C(C=C1)C(=O)NC2=CC=CC=C2,1
SAFE_1720,C(C(CO)O)O,0
TOXIC_532,ClC=C,1
SAFE_2598,CN1C=NC2=C1C(=O)N(C(=O)N2C)C,0
SAFE_4304,CC1=CN=C(C(=C1OC)C)CS(=O)C2=NC3=C(N2)C=C(C=C3)OC,0
SAFE_4509,CC(=O)O,0
TOXIC_1273,N#C,1
SAFE_8,C(C1C(C(C(C(O1)O)O)O)O)O,0
TOXIC_3962,O=[As]O[As]=O,1
SAFE_485,CN(C)C(=N)N,0
TOXIC_3100,[Pb],1
TOXIC_1209,N#C,1
TOXIC_4668,[Pb],1
TOXIC_3666,NN,1
SAFE_1309,COC1=CC=C(C=C1)C(C)C(=O)O,0
SAFE_4958,C(C1C(C(C(C(O1)O)O)O)O)O,0
TOXIC_3985,ClC(Cl)Cl,1
TOXIC_2687,CCN(CC)C(=S)SSC(=S)N(CC)CC,1
TOXIC_1879,CCOP(=S)(OCC)Oc1ccc(cc1)[N+](=O)[O-],1
SAFE_4137,CC1(C(N2C(S1)C(C2=O)NC(=O)CC3=CC=CC=C3)C(=O)O)C,0
SAFE_4071,CCO,0
TOXIC_1130,O=[As]O[As]=O,1
TOXIC_3739,[Hg],1
TOXIC_4237,CC1=CC=C(C=C1)C2=CC(=NN2C3=CC=C(C=C3)S(=O)(=O)C)C(F)(F)F,1
TOXIC_370,NN,1
TOXIC_1005,CC1=CC=C(C=C1)C2=CC(=NN2C3=CC=C(C=C3)S(=O)(=O)C)C(F)(F)F,1
SAFE_510,CC(=O)OC1=CC=CC=C1C(=O)O,0
SAFE_1085,CN(C)C(=N)N,0
SAFE_1768,C1CC(N(C1)C(=O)C(CC2=CC=CC=C2)NC(=O)C(CC3=CC=CC=C3)N)C(=O)O,0
TOXIC_701,CC1=CC=C(C=C1)C2=CC(=NN2C3=CC=C(C=C3)S(=O)(=O)C)C(F)(F)F,1
TOXIC_3545,N#C,1
TOXIC_867,c1ccccc1,1
SAFE_3744,CC(=O)O,0
SAFE_1902,CC1(C(N2C(S1)C(C2=O)NC(=O)CC3=CC=CC=C3)C(=O)O)C,0
TOXIC_1590,CN(N=O)C,1
TOXIC_4092,[Pb],1
TOXIC_4151,CCOP(=S)(OCC)Oc1ccc(cc1)[N+](=O)[O-],1
TOXIC_2284,[Pb],1
SAFE_4349,CC1=CN=C(C(=C1OC)C)CS(=O)C2=NC3=C(N2)C=C(C=C3)OC,0
TOXIC_491,[Hg],1
TOXIC_2472,CC(C)OP(=O)(C)F,1
SAFE_1728,CN1C=NC2=C1C(=O)N(C(=O)N2C)C,0
TOXIC_2392,CC(C)OP(=O)(C)F,1
SAFE_1929,CC(=O)O,0
SAFE_2498,C(C1C(C(C(C(O1)O)O)O)O)O,0
TOXIC_1240,CC(C)OP(=O)(C)F,1
SAFE_4060,C(C(CO)O)O,0
TOXIC_1500,[Pb],1
SAFE_4521,CCO,0
TOXIC_1322,O=[As]O[As]=O,1
TOXIC_1515,[Hg],1
SAFE_3013,C1CC(N(C1)C(=O)C(CC2=CC=CC=C2)NC(=O)C(CC3=CC=CC=C3)N)C(=O)O,0
TOXIC_2859,[Hg],1
TOXIC_2800,ClC(Cl)(Cl)Cl,1
TOXIC_1309,CC1=CC=C(C=C1)C2=CC(=NN2C3=CC=C(C=C3)S(=O)(=O)C)C(F)(F)F,1
SAFE_3411,CCO,0
SAFE_3149,CC1=CN=C(C(=C1OC)C)CS(=O)C2=NC3=C(N2)C=C(C=C3)OC,0
SAFE_2445,CC(=O)OC1=CC=CC=C1C(=O)O,0
TOXIC_1407,CCN(CC)C(=S)SSC(=S)N(CC)CC,1
SAFE_1916,C(=O)(N)N,0
TOXIC_4786,NN,1
SAFE_2219,CC1=CN=C(C(=C1OC)C)CS(=O)C2=NC3=C(N2)C=C(C=C3)OC,0
TOXIC_216,CC(C)OP(=O)(C)F,1
TOXIC_1673,N#C,1
TOXIC_4118,CN(N=O)C,1
TOXIC_4198,CN(N=O)C,1
SAFE_76,CC(=O)NC1=CC=C(O)C=C1,0
TOXIC_4578,NN,1
TOXIC_2012,[Pb],1
TOXIC_4162,NN,1
TOXIC_4561,ClC(Cl)Cl,1
SAFE_1097,CC(C)CC1=CC=C(C=C1)C(C)C(=O)O,0
TOXIC_2854,CN(N=O)C,1
TOXIC_1372,[Pb],1
TOXIC_4134,CN(N=O)C,1
TOXIC_3541,C=O,1
SAFE_2469,CC(=O)O,0
SAFE_3390,CC(=O)OC1=CC=CC=C1C(=O)O,0
TOXIC_162,NN,1
SAFE_1176,CCO,0
TOXIC_854,CN(N=O)C,1
TOXIC_2960,ClC(Cl)(Cl)Cl,1
TOXIC_1254,CN(N=O)C,1
SAFE_428,C(C1C(C(C(C(O1)O)O)O)O)O,0
SAFE_3808,C1CC(N(C1)C(=O)C(CC2=CC=CC=C2)NC(=O)C(CC3=CC=CC=C3)N)C(=O)O,0
TOXIC_2801,ClC(Cl)Cl,1
TOXIC_257,ClC(Cl)Cl,1
SAFE_4667,CC(C)CC1=CC=C(C=C1)C(C)C(=O)O,0
TOXIC_4835,c1ccccc1,1
TOXIC_2130,NN,1
TOXIC_4457,N#C,1
TOXIC_367,CCN(CC)C(=S)SSC(=S)N(CC)CC,1
SAFE_4661,C(=O)(N)N,0
TOXIC_4440,CC(C)OP(=O)(C)F,1
SAFE_624,CC(=O)O,0
SAFE_1214,CC1=CN=C(C(=C1OC)C)CS(=O)C2=NC3=C(N2)C=C(C=C3)OC,0
TOXIC_1314,NN,1
SAFE_4182,CC1(C(N2C(S1)C(C2=O)NC(=O)CC3=CC=CC=C3)C(=O)O)C,0
TOXIC_4773,C=O,1
SAFE_3197,CC(C)CC1=CC=C(C=C1)C(C)C(=O)O,0
SAFE_4306,CC(=O)NC1=CC=C(O)C=C1,0
TOXIC_1542,CN(N=O)C,1
TOXIC_2549,C=O,1
TOXIC_2789,C=O,1
SAFE_3796,CC(=O)NC1=CC=C(O)C=C1,0
SAFE_4320,CC(=O)OC1=CC=CC=C1C(=O)O,0
TOXIC_4913,ClC(Cl)Cl,1
SAFE_1180,C(C(CO)O)O,0
TOXIC_800,ClC(Cl)(Cl)Cl,1
TOXIC_1895,CCOP(=S)(OCC)Oc1ccc(cc1)[N+](=O)[O-],1
SAFE_1051,CC(=O)NC1=CC=C(O)C=C1,0
SAFE_3537,CC1(C(N2C(S1)C(C2=O)NC(=O)CC3=CC=CC=C3)C(=O)O)C,0
SAFE_4380,CC(=O)OC1=CC=CC=C1C(=O)O,0
TOXIC_1331,c1ccccc1,1
SAFE_3887,CC(C)CC1=CC=C(C=C1)C(C)C(=O)O,0
TOXIC_3070,CC1=CC=C(C=C1)C(=O)NC2=CC=CC=C2,1
SAFE_3915,CC(=O)OC1=CC=CC=C1C(=O)O,0
SAFE_2395,C(C(CO)O)O,0
SAFE_2134,COC1=CC=C(C=C1)C(C)C(=O)O,0
SAFE_4246,CC(=O)NC1=CC=C(O)C=C1,0
SAFE_3961,CC(=O)NC1=CC=C(O)C=C1,0
SAFE_590,CN(C)C(=N)N,0
SAFE_3402,CC1(C(N2C(S1)C(C2=O)NC(=O)CC3=CC=CC=C3)C(=O)O)C,0
SAFE_40,C(C(CO)O)O,0
TOXIC_4689,ClC(Cl)Cl,1
TOXIC_3735,CCOP(=S)(OCC)Oc1ccc(cc1)[N+](=O)[O-],1
SAFE_3481,CC(=O)NC1=CC=C(O)C=C1,0
TOXIC_2022,CN(N=O)C,1
TOXIC_2981,C=O,1
TOXIC_2485,C=O,1
SAFE_1315,C(C(CO)O)O,0
SAFE_364,COC1=CC=C(C=C1)C(C)C(=O)O,0
SAFE_559,COC1=CC=C(C=C1)C(C)C(=O)O,0
SAFE_1219,COC1=CC=C(C=C1)C(C)C(=O)O,0
TOXIC_100,ClC=C,1
TOXIC_2273,ClC(Cl)Cl,1
TOXIC_1887,CCN(CC)C(=S)SSC(=S)N(CC)CC,1
SAFE_206,C(=O)(N)N,0
SAFE_4645,C(C(CO)O)O,0
SAFE_4930,C(C(CO)O)O,0
TOXIC_3667,c1ccccc1,1
SAFE_977,CC(C)CC1=CC=C(C=C1)C(C)C(=O)O,0
SAFE_3502,C(C(=O)O)N,0
SAFE_4154,CC1=CN=C(C(=C1OC)C)CS(=O)C2=NC3=C(N2)C=C(C=C3)OC,0
TOXIC_4869,C=O,1
SAFE_1702,C(C(=O)O)N,0
SAFE_4274,CC1=CN=C(C(=C1OC)C)CS(=O)C2=NC3=C(N2)C=C(C=C3)OC,0
TOXIC_3885,CC1=CC=C(C=C1)C2=CC(=NN2C3=CC=C(C=C3)S(=O)(=O)C)C(F)(F)F,1
TOXIC_2115,c1ccccc1,1
SAFE_1628,C(C1C(C(C(C(O1)O)O)O)O)O,0
SAFE_4001,C(=O)(N)N,0
TOXIC_2694,CN(N=O)C,1
SAFE_1201,CC(=O)NC1=CC=C(O)C=C1,0
TOXIC_2968,CC(C)OP(=O)(C)F,1
SAFE_228,CN1C=NC2=C1C(=O)N(C(=O)N2C)C,0
TOXIC_1237,C=O,1
TOXIC_912,ClC(Cl)(Cl)Cl,1
TOXIC_673,ClC(Cl)Cl,1
TOXIC_4474,O=[As]O[As]=O,1
SAFE_4416,CCO,0
TOXIC_59,[Hg],1
TOXIC_3804,[Pb],1
SAFE_4077,CC1(C(N2C(S1)C(C2=O)NC(=O)CC3=CC=CC=C3)C(=O)O)C,0
TOXIC_4741,C=O,1
SAFE_4518,CN1C=NC2=C1C(=O)N(C(=O)N2C)C,0
SAFE_378,CN1C=NC2=C1C(=O)N(C(=O)N2C)C,0
SAFE_1839,CC(=O)O,0
SAFE_4487,CC(C)CC1=CC=C(C=C1)C(C)C(=O)O,0
TOXIC_2110,CC1=CC=C(C=C1)C(=O)NC2=CC=CC=C2,1
TOXIC_3329,ClC(Cl)Cl,1
TOXIC_2161,ClC(Cl)Cl,1
TOXIC_2047,CCN(CC)C(=S)SSC(=S)N(CC)CC,1
SAFE_1726,CC(=O)NC1=CC=C(O)C=C1,0
TOXIC_4462,CC1=CC=C(C=C1)C(=O)NC2=CC=CC=C2,1
TOXIC_3140,ClC=C,1
SAFE_2306,C(=O)(N)N,0
TOXIC_3027,c1ccccc1,1
SAFE_124,COC1=CC=C(C=C1)C(C)C(=O)O,0
TOXIC_1859,c1ccccc1,1
SAFE_804,CC(=O)O,0
SAFE_4183,C1CC(N(C1)C(=O)C(CC2=CC=CC=C2)NC(=O)C(CC3=CC=CC=C3)N)C(=O)O,0
TOXIC_1777,ClC(Cl)Cl,1
TOXIC_4283,[Hg],1
SAFE_3330,CC(=O)OC1=CC=CC=C1C(=O)O,0
SAFE_512,CC(C)CC1=CC=C(C=C1)C(C)C(=O)O,0
SAFE_1237,C(C(=O)O)N,0
TOXIC_1503,CCN(CC)C(=S)SSC(=S)N(CC)CC,1
TOXIC_1057,ClC(Cl)Cl,1
SAFE_1164,CC(=O)O,0
SAFE_430,C(C(CO)O)O,0
TOXIC_4973,CC1=CC=C(C=C1)C2=CC(=NN2C3=CC=C(C=C3)S(=O)(=O)C)C(F)(F)F,1
TOXIC_3116,[Pb],1
SAFE_3849,CC(=O)O,0
SAFE_2215,C(C(CO)O)O,0
TOXIC_2344,CC(C)OP(=O)(C)F,1
TOXIC_2539,[Hg],1
TOXIC_1676,[Pb],1
TOXIC_1258,O=[As]O[As]=O,1
SAFE_2909,CC1=CN=C(C(=C1OC)C)CS(=O)C2=NC3=C(N2)C=C(C=C3)OC,0
TOXIC_1080,CC(C)OP(=O)(C)F,1
TOXIC_451,c1ccccc1,1
TOXIC_3532,[Pb],1
TOXIC_4312,CC(C)OP(=O)(C)F,1
SAFE_3015,CC(=O)OC1=CC=CC=C1C(=O)O,0
SAFE_1498,C1CC(N(C1)C(=O)C(CC2=CC=CC=C2)NC(=O)C(CC3=CC=CC=C3)N)C(=O)O,0
TOXIC_4748,[Pb],1
SAFE_2348,C(C1C(C(C(C(O1)O)O)O)O)O,0
TOXIC_3588,ClC=C,1
TOXIC_4273,ClC(Cl)Cl,1
SAFE_2104,COC1=CC=C(C=C1)C(C)C(=O)O,0
TOXIC_4497,ClC(Cl)Cl,1
TOXIC_1896,CC(C)OP(=O)(C)F,1
SAFE_1306,CC(=O)NC1=CC=C(O)C=C1,0
SAFE_3024,CC(=O)O,0
TOXIC_4248,CC(C)OP(=O)(C)F,1
TOXIC_4076,[Pb],1
TOXIC_2089,N#C,1
TOXIC_317,CC1=CC=C(C=C1)C2=CC(=NN2C3=CC=C(C=C3)S(=O)(=O)C)C(F)(F)F,1
SAFE_1013,C(C1C(C(C(C(O1)O)O)O)O)O,0
SAFE_3658,C1CC(N(C1)C(=O)C(CC2=CC=CC=C2)NC(=O)C(CC3=CC=CC=C3)N)C(=O)O,0
SAFE_2439,CC(=O)O,0
TOXIC_321,ClC(Cl)Cl,1
SAFE_3166,CC(=O)NC1=CC=C(O)C=C1,0
SAFE_917,CC(C)CC1=CC=C(C=C1)C(C)C(=O)O,0
SAFE_208,C1CC(N(C1)C(=O)C(CC2=CC=CC=C2)NC(=O)C(CC3=CC=CC=C3)N)C(=O)O,0
TOXIC_4166,CN(N=O)C,1
SAFE_4678,C1CC(N(C1)C(=O)C(CC2=CC=CC=C2)NC(=O)C(CC3=CC=CC=C3)N)C(=O)O,0
SAFE_3567,CC1(C(N2C(S1)C(C2=O)NC(=O)CC3=CC=CC=C3)C(=O)O)C,0
TOXIC_4877,CC1=CC=C(C=C1)C2=CC(=NN2C3=CC=C(C=C3)S(=O)(=O)C)C(F)(F)F,1
SAFE_3939,CC(=O)O,0
TOXIC_4627,c1ccccc1,1
TOXIC_605,CC1=CC=C(C=C1)C2=CC(=NN2C3=CC=C(C=C3)S(=O)(=O)C)C(F)(F)F,1
TOXIC_3492,ClC=C,1
TOXIC_2377,N#C,1
SAFE_3114,CC(=O)O,0
TOXIC_3476,ClC=C,1
SAFE_4139,CC1=CN=C(C(=C1OC)C)CS(=O)C2=NC3=C(N2)C=C(C=C3)OC,0
TOXIC_4178,NN,1
SAFE_2933,C(C1C(C(C(C(O1)O)O)O)O)O,0
TOXIC_181,C=O,1
TOXIC_201,N#C,1
SAFE_3029,CC1=CN=C(C(=C1OC)C)CS(=O)C2=NC3=C(N2)C=C(C=C3)OC,0
TOXIC_3208,CC(C)OP(=O)(C)F,1
TOXIC_4569,N#C,1
SAFE_1385,CN(C)C(=N)N,0
SAFE_1712,CC(C)CC1=CC=C(C=C1)C(C)C(=O)O,0
SAFE_220,C(C(CO)O)O,0
TOXIC_115,c1ccccc1,1
TOXIC_170,O=[As]O[As]=O,1
SAFE_2410,C(C(CO)O)O,0
TOXIC_4708,ClC=C,1
TOXIC_941,CC1=CC=C(C=C1)C2=CC(=NN2C3=CC=C(C=C3)S(=O)(=O)C)C(F)(F)F,1
SAFE_4029,CC(=O)O,0
TOXIC_4864,ClC(Cl)(Cl)Cl,1
TOXIC_260,ClC=C,1
TOXIC_3382,CN(N=O)C,1
SAFE_3806,C(=O)(N)N,0
SAFE_2236,CC(=O)NC1=CC=C(O)C=C1,0
TOXIC_1689,N#C,1
TOXIC_331,[Hg],1
SAFE_1374,CC(=O)O,0
TOXIC_2677,C=O,1
TOXIC_2882,NN,1
SAFE_2372,CC(C)CC1=CC=C(C=C1)C(C)C(=O)O,0
TOXIC_4365,CC1=CC=C(C=C1)C2=CC(=NN2C3=CC=C(C=C3)S(=O)(=O)C)C(F)(F)F,1
SAFE_4550,CN(C)C(=N)N,0
SAFE_3165,CC(=O)OC1=CC=CC=C1C(=O)O,0
SAFE_3565,C(C(CO)O)O,0
SAFE_4640,CN(C)C(=N)N,0
SAFE_4754,CC1=CN=C(C(=C1OC)C)CS(=O)C2=NC3=C(N2)C=C(C=C3)OC,0
TOXIC_3237,C=O,1
SAFE_1365,CC(=O)OC1=CC=CC=C1C(=O)O,0
SAFE_4808,C(C1C(C(C(C(O1)O)O)O)O)O,0
SAFE_106,CC(=O)NC1=CC=C(O)C=C1,0
TOXIC_506,O=[As]O[As]=O,1
SAFE_479,CC1=CN=C(C(=C1OC)C)CS(=O)C2=NC3=C(N2)C=C(C=C3)OC,0
TOXIC_3640,CC(C)OP(=O)(C)F,1
SAFE_1494,CC(=O)O,0
TOXIC_3472,ClC(Cl)(Cl)Cl,1
SAFE_3443,C(C1C(C(C(C(O1)O)O)O)O)O,0
SAFE_1023,CN1C=NC2=C1C(=O)N(C(=O)N2C)C,0
TOXIC_3499,[Hg],1
TOXIC_2324,ClC=C,1
SAFE_771,CCO,0
TOXIC_2766,CC1=CC=C(C=C1)C(=O)NC2=CC=CC=C2,1
SAFE_3710,CN(C)C(=N)N,0
TOXIC_1996,[Pb],1
SAFE_3506,C(=O)(N)N,0
TOXIC_1204,ClC=C,1
SAFE_4015,C(C(CO)O)O,0
TOXIC_4839,CCOP(=S)(OCC)Oc1ccc(cc1)[N+](=O)[O-],1
SAFE_565,C(C(CO)O)O,0
SAFE_4768,C1CC(N(C1)C(=O)C(CC2=CC=CC=C2)NC(=O)C(CC3=CC=CC=C3)N)C(=O)O,0
TOXIC_2279,CCOP(=S)(OCC)Oc1ccc(cc1)[N+](=O)[O-],1
TOXIC_960,ClC(Cl)(Cl)Cl,1
SAFE_2989,COC1=CC=C(C=C1)C(C)C(=O)O,0
TOXIC_2773,C=O,1
TOXIC_2066,NN,1
TOXIC_3976,CC(C)OP(=O)(C)F,1
TOXIC_801,ClC(Cl)Cl,1
TOXIC_3987,c1ccccc1,1
TOXIC_4297,N#C,1
TOXIC_4489,N#C,1
TOXIC_1393,ClC(Cl)Cl,1
SAFE_1423,C1CC(N(C1)C(=O)C(CC2=CC=CC=C2)NC(=O)C(CC3=CC=CC=C3)N)C(=O)O,0
TOXIC_1145,N#C,1
SAFE_3168,CN1C=NC2=C1C(=O)N(C(=O)N2C)C,0
TOXIC_3053,CC1=CC=C(C=C1)C2=CC(=NN2C3=CC=C(C=C3)S(=O)(=O)C)C(F)(F)F,1
TOXIC_2117,C=O,1
TOXIC_1413,C=O,1
TOXIC_1320,CC(C)OP(=O)(C)F,1
SAFE_3026,C(=O)(N)N,0
TOXIC_4682,O=[As]O[As]=O,1
SAFE_4805,CN(C)C(=N)N,0
TOXIC_4208,ClC(Cl)(Cl)Cl,1
TOXIC_4857,N#C,1
SAFE_2886,CCO,0
SAFE_3086,C(=O)(N)N,0
TOXIC_1217,ClC(Cl)Cl,1
SAFE_763,C1CC(N(C1)C(=O)C(CC2=CC=CC=C2)NC(=O)C(CC3=CC=CC=C3)N)C(=O)O,0
TOXIC_870,CN(N=O)C,1
SAFE_562,C(C(=O)O)N,0
SAFE_1789,COC1=CC=C(C=C1)C(C)C(=O)O,0
SAFE_1373,C(C1C(C(C(C(O1)O)O)O)O)O,0
TOXIC_3478,CN(N=O)C,1
TOXIC_1980,[Pb],1
TOXIC_4822,CN(N=O)C,1
TOXIC_594,NN,1
TOXIC_3481,N#C,1
SAFE_35,CN(C)C(=N)N,0
TOXIC_4905,N#C,1
SAFE_4960,C(C(CO)O)O,0
SAFE_359,CC1=CN=C(C(=C1OC)C)CS(=O)C2=NC3=C(N2)C=C(C=C3)OC,0
TOXIC_323,c1ccccc1,1
SAFE_3752,CC(C)CC1=CC=C(C=C1)C(C)C(=O)O,0
TOXIC_190,CC1=CC=C(C=C1)C(=O)NC2=CC=CC=C2,1
TOXIC_3871,CCN(CC)C(=S)SSC(=S)N(CC)CC,1
SAFE_2884,COC1=CC=C(C=C1)C(C)C(=O)O,0
TOXIC_2103,CCOP(=S)(OCC)Oc1ccc(cc1)[N+](=O)[O-],1
TOXIC_4546,NN,1
TOXIC_3012,ClC=C,1
TOXIC_1376,ClC(Cl)(Cl)Cl,1
TOXIC_2426,O=[As]O[As]=O,1
SAFE_2202,CC1(C(N2C(S1)C(C2=O)NC(=O)CC3=CC=CC=C3)C(=O)O)C,0
TOXIC_831,CCN(CC)C(=S)SSC(=S)N(CC)CC,1
SAFE_503,C(C1C(C(C(C(O1)O)O)O)O)O,0
TOXIC_41,N#C,1
SAFE_660,CC(=O)OC1=CC=CC=C1C(=O)O,0
TOXIC_3749,C=O,1
SAFE_2382,CC1(C(N2C(S1)C(C2=O)NC(=O)CC3=CC=CC=C3)C(=O)O)C,0
SAFE_1453,C1CC(N(C1)C(=O)C(CC2=CC=CC=C2)NC(=O)C(CC3=CC=CC=C3)N)C(=O)O,0
TOXIC_1008,ClC(Cl)(Cl)Cl,1
TOXIC_4494,CC1=CC=C(C=C1)C(=O)NC2=CC=CC=C2,1
TOXIC_2584,CC(C)OP(=O)(C)F,1
SAFE_3375,CC(=O)OC1=CC=CC=C1C(=O)O,0
TOXIC_1977,N#C,1
TOXIC_3322,O=[As]O[As]=O,1
TOXIC_1207,CCOP(=S)(OCC)Oc1ccc(cc1)[N+](=O)[O-],1
TOXIC_309,C=O,1
TOXIC_1215,CCN(CC)C(=S)SSC(=S)N(CC)CC,1
TOXIC_1129,N#C,1
SAFE_3359,CC1=CN=C(C(=C1OC)C)CS(=O)C2=NC3=C(N2)C=C(C=C3)OC,0
TOXIC_931,c1ccccc1,1
SAFE_1752,CC1(C(N2C(S1)C(C2=O)NC(=O)CC3=CC=CC=C3)C(=O)O)C,0
SAFE_347,CC(C)CC1=CC=C(C=C1)C(C)C(=O)O,0
SAFE_2001,CCO,0
TOXIC_2623,CCN(CC)C(=S)SSC(=S)N(CC)CC,1
TOXIC_1377,ClC(Cl)Cl,1
TOXIC_232,CC(C)OP(=O)(C)F,1
TOXIC_3964,[Pb],1
SAFE_494,CC1=CN=C(C(=C1OC)C)CS(=O)C2=NC3=C(N2)C=C(C=C3)OC,0
SAFE_2086,CC(=O)NC1=CC=C(O)C=C1,0
TOXIC_1761,ClC(Cl)Cl,1
TOXIC_3167,CCN(CC)C(=S)SSC(=S)N(CC)CC,1
SAFE_4656,CCO,0
TOXIC_3225,N#C,1
SAFE_4997,CC(C)CC1=CC=C(C=C1)C(C)C(=O)O,0
SAFE_2165,CN(C)C(=N)N,0
SAFE_1946,C(=O)(N)N,0
SAFE_1049,CC1=CN=C(C(=C1OC)C)CS(=O)C2=NC3=C(N2)C=C(C=C3)OC,0
TOXIC_227,c1ccccc1,1
TOXIC_1484,[Pb],1
TOXIC_2902,CN(N=O)C,1
TOXIC_2348,[Pb],1
TOXIC_3097,N#C,1
TOXIC_2828,[Pb],1
SAFE_1604,CC1=CN=C(C(=C1OC)C)CS(=O)C2=NC3=C(N2)C=C(C=C3)OC,0
TOXIC_3108,ClC=C,1
SAFE_2177,CC(C)CC1=CC=C(C=C1)C(C)C(=O)O,0
SAFE_4051,CC(=O)NC1=CC=C(O)C=C1,0
TOXIC_833,ClC(Cl)Cl,1
TOXIC_3657,N#C,1
TOXIC_2232,CC(C)OP(=O)(C)F,1
SAFE_3890,CN(C)C(=N)N,0
SAFE_4115,CN(C)C(=N)N,0
TOXIC_4282,O=[As]O[As]=O,1
SAFE_135,CC(=O)OC1=CC=CC=C1C(=O)O,0
SAFE_3418,C1CC(N(C1)C(=O)C(CC2=CC=CC=C2)NC(=O)C(CC3=CC=CC=C3)N)C(=O)O,0
TOXIC_1647,CCN(CC)C(=S)SSC(=S)N(CC)CC,1
TOXIC_279,CCOP(=S)(OCC)Oc1ccc(cc1)[N+](=O)[O-],1
SAFE_1375,C(C(CO)O)O,0
SAFE_2275,C(C(CO)O)O,0
SAFE_891,CCO,0
SAFE_968,C(C1C(C(C(C(O1)O)O)O)O)O,0
TOXIC_4460,[Pb],1
TOXIC_3039,CCN(CC)C(=S)SSC(=S)N(CC)CC,1
TOXIC_661,C=O,1
SAFE_2118,CN1C=NC2=C1C(=O)N(C(=O)N2C)C,0
TOXIC_704,ClC(Cl)(Cl)Cl,1
SAFE_795,CC(=O)OC1=CC=CC=C1C(=O)O,0
TOXIC_1465,N#C,1
SAFE_926,C(=O)(N)N,0
TOXIC_373,C=O,1
TOXIC_2437,C=O,1
SAFE_2120,CN(C)C(=N)N,0
TOXIC_690,NN,1
TOXIC_2073,N#C,1
TOXIC_4320,ClC(Cl)(Cl)Cl,1
TOXIC_2116,ClC=C,1
SAFE_3054,CC(=O)O,0
TOXIC_2175,CCN(CC)C(=S)SSC(=S)N(CC)CC,1
TOXIC_4688,ClC(Cl)(Cl)Cl,1
SAFE_4465,C(C(CO)O)O,0
SAFE_2519,CC1=CN=C(C(=C1OC)C)CS(=O)C2=NC3=C(N2)C=C(C=C3)OC,0
TOXIC_3767,CCOP(=S)(OCC)Oc1ccc(cc1)[N+](=O)[O-],1
SAFE_4823,C(C1C(C(C(C(O1)O)O)O)O)O,0
TOXIC_239,CCN(CC)C(=S)SSC(=S)N(CC)CC,1
SAFE_2045,CN(C)C(=N)N,0
TOXIC_4007,CCOP(=S)(OCC)Oc1ccc(cc1)[N+](=O)[O-],1
SAFE_923,C(C1C(C(C(C(O1)O)O)O)O)O,0
SAFE_3828,CN1C=NC2=C1C(=O)N(C(=O)N2C)C,0
SAFE_1553,C(C1C(C(C(C(O1)O)O)O)O)O,0
TOXIC_3662,CC1=CC=C(C=C1)C(=O)NC2=CC=CC=C2,1
SAFE_290,CN(C)C(=N)N,0
SAFE_4586,C(=O)(N)N,0
TOXIC_1917,CC1=CC=C(C=C1)C2=CC(=NN2C3=CC=C(C=C3)S(=O)(=O)C)C(F)(F)F,1
TOXIC_784,ClC(Cl)(Cl)Cl,1
TOXIC_3522,NN,1
SAFE_3103,C1CC(N(C1)C(=O)C(CC2=CC=CC=C2)NC(=O)C(CC3=CC=CC=C3)N)C(=O)O,0
TOXIC_4218,O=[As]O[As]=O,1
TOXIC_3168,ClC(Cl)(Cl)Cl,1
SAFE_4673,C(C1C(C(C(C(O1)O)O)O)O)O,0
SAFE_675,CC(=O)OC1=CC=CC=C1C(=O)O,0
SAFE_2830,C(C(CO)O)O,0
TOXIC_511,CCN(CC)C(=S)SSC(=S)N(CC)CC,1
SAFE_2436,CCO,0
SAFE_4992,CC1(C(N2C(S1)C(C2=O)NC(=O)CC3=CC=CC=C3)C(=O)O)C,0
SAFE_1415,CN(C)C(=N)N,0
TOXIC_3135,CCN(CC)C(=S)SSC(=S)N(CC)CC,1
SAFE_2935,C(C(CO)O)O,0
TOXIC_557,CC1=CC=C(C=C1)C2=CC(=NN2C3=CC=C(C=C3)S(=O)(=O)C)C(F)(F)F,1
SAFE_357,CC1(C(N2C(S1)C(C2=O)NC(=O)CC3=CC=CC=C3)C(=O)O)C,0
SAFE_4595,CN(C)C(=N)N,0
TOXIC_566,CN(N=O)C,1
SAFE_1586,C(=O)(N)N,0
SAFE_4959,CC(=O)O,0
TOXIC_3518,CC1=CC=C(C=C1)C(=O)NC2=CC=CC=C2,1
SAFE_43,C1CC(N(C1)C(=O)C(CC2=CC=CC=C2)NC(=O)C(CC3=CC=CC=C3)N)C(=O)O,0
TOXIC_1510,CN(N=O)C,1
TOXIC_2185,N#C,1
TOXIC_3982,CC1=CC=C(C=C1)C(=O)NC2=CC=CC=C2,1
SAFE_4108,C1CC(N(C1)C(=O)C(CC2=CC=CC=C2)NC(=O)C(CC3=CC=CC=C3)N)C(=O)O,0
TOXIC_4087,CCOP(=S)(OCC)Oc1ccc(cc1)[N+](=O)[O-],1
TOXIC_2339,c1ccccc1,1
SAFE_279,CC(=O)O,0
TOXIC_2524,[Pb],1
SAFE_1148,C(C1C(C(C(C(O1)O)O)O)O)O,0
SAFE_773,C(C1C(C(C(C(O1)O)O)O)O)O,0
TOXIC_601,N#C,1
TOXIC_3192,CC(C)OP(=O)(C)F,1
SAFE_4511,C(=O)(N)N,0
TOXIC_4847,CCN(CC)C(=S)SSC(=S)N(CC)CC,1
SAFE_4516,CC(=O)NC1=CC=C(O)C=C1,0
SAFE_1488,CN1C=NC2=C1C(=O)N(C(=O)N2C)C,0
SAFE_2032,C(C(=O)O)N,0
TOXIC_592,ClC(Cl)(Cl)Cl,1
SAFE_3014,CC1=CN=C(C(=C1OC)C)CS(=O)C2=NC3=C(N2)C=C(C=C3)OC,0
SAFE_2172,CC1(C(N2C(S1)C(C2=O)NC(=O)CC3=CC=CC=C3)C(=O)O)C,0
TOXIC_3307,[Hg],1
TOXIC_33,ClC(Cl)Cl,1
SAFE_669,CC(=O)O,0
TOXIC_4304,ClC(Cl)(Cl)Cl,1
TOXIC_3153,ClC(Cl)Cl,1
TOXIC_311,CCOP(=S)(OCC)Oc1ccc(cc1)[N+](=O)[O-],1
SAFE_2583,CN1C=NC2=C1C(=O)N(C(=O)N2C)C,0
SAFE_4724,CC1=CN=C(C(=C1OC)C)CS(=O)C2=NC3=C(N2)C=C(C=C3)OC,0
SAFE_4494,CC(=O)O,0
SAFE_4931,C(=O)(N)N,0
TOXIC_528,ClC(Cl)(Cl)Cl,1
TOXIC_4140,[Pb],1
SAFE_1471,CC(=O)NC1=CC=C(O)C=C1,0
SAFE_4266,CCO,0
SAFE_1211,C(=O)(N)N,0
TOXIC_2876,[Pb],1
TOXIC_937,N#C,1
SAFE_3080,CN(C)C(=N)N,0
TOXIC_973,CC1=CC=C(C=C1)C2=CC(=NN2C3=CC=C(C=C3)S(=O)(=O)C)C(F)(F)F,1
TOXIC_1890,NN,1
SAFE_3442,C(C(=O)O)N,0
SAFE_4100,CN(C)C(=N)N,0
SAFE_975,CC(=O)OC1=CC=CC=C1C(=O)O,0
SAFE_1627,C(C(=O)O)N,0
TOXIC_669,CC1=CC=C(C=C1)C2=CC(=NN2C3=CC=C(C=C3)S(=O)(=O)C)C(F)(F)F,1
SAFE_1002,CC1(C(N2C(S1)C(C2=O)NC(=O)CC3=CC=CC=C3)C(=O)O)C,0
SAFE_4655,CN(C)C(=N)N,0
TOXIC_1486,CC1=CC=C(C=C1)C(=O)NC2=CC=CC=C2,1
TOXIC_1526,CN(N=O)C,1
TOXIC_861,CC1=CC=C(C=C1)C2=CC(=NN2C3=CC=C(C=C3)S(=O)(=O)C)C(F)(F)F,1
TOXIC_1694,CC1=CC=C(C=C1)C(=O)NC2=CC=CC=C2,1
TOXIC_2698,O=[As]O[As]=O,1
TOXIC_2045,CC1=CC=C(C=C1)C2=CC(=NN2C3=CC=C(C=C3)S(=O)(=O)C)C(F)(F)F,1
SAFE_2261,C(=O)(N)N,0
TOXIC_1769,N#C,1
TOXIC_1183,CCN(CC)C(=S)SSC(=S)N(CC)CC,1
SAFE_2354,CC1=CN=C(C(=C1OC)C)CS(=O)C2=NC3=C(N2)C=C(C=C3)OC,0
TOXIC_4991,CCN(CC)C(=S)SSC(=S)N(CC)CC,1
SAFE_3465,CC(=O)OC1=CC=CC=C1C(=O)O,0
SAFE_1764,CC(=O)O,0
TOXIC_4068,ClC=C,1
SAFE_1300,C(C(CO)O)O,0
SAFE_4849,COC1=CC=C(C=C1)C(C)C(=O)O,0
TOXIC_3158,CN(N=O)C,1
TOXIC_3381,C=O,1
SAFE_1994,CC1=CN=C(C(=C1OC)C)CS(=O)C2=NC3=C(N2)C=C(C=C3)OC,0
SAFE_4020,CC(=O)OC1=CC=CC=C1C(=O)O,0
SAFE_3159,CC(=O)O,0
TOXIC_3506,NN,1
SAFE_3641,C(=O)(N)N,0
SAFE_4067,CC(C)CC1=CC=C(C=C1)C(C)C(=O)O,0
SAFE_1093,C1CC(N(C1)C(=O)C(CC2=CC=CC=C2)NC(=O)C(CC3=CC=CC=C3)N)C(=O)O,0
TOXIC_691,c1ccccc1,1
TOXIC_2021,C=O,1
TOXIC_2487,CCOP(=S)(OCC)Oc1ccc(cc1)[N+](=O)[O-],1
TOXIC_3048,CC(C)OP(=O)(C)F,1
TOXIC_152,CC(C)OP(=O)(C)F,1
TOXIC_1803,[Hg],1
SAFE_4405,C(C(CO)O)O,0
SAFE_2968,C1CC(N(C1)C(=O)C(CC2=CC=CC=C2)NC(=O)C(CC3=CC=CC=C3)N)C(=O)O,0
TOXIC_3655,CCOP(=S)(OCC)Oc1ccc(cc1)[N+](=O)[O-],1
SAFE_3396,CCO,0
TOXIC_3821,CC1=CC=C(C=C1)C2=CC(=NN2C3=CC=C(C=C3)S(=O)(=O)C)C(F)(F)F,1
SAFE_4052,CC(C)CC1=CC=C(C=C1)C(C)C(=O)O,0
TOXIC_230,CN(N=O)C,1
TOXIC_4567,CCOP(=S)(OCC)Oc1ccc(cc1)[N+](=O)[O-],1
TOXIC_1912,CC(C)OP(=O)(C)F,1
SAFE_1746,CCO,0
SAFE_2462,CC(C)CC1=CC=C(C=C1)C(C)C(=O)O,0
SAFE_2597,CC(C)CC1=CC=C(C=C1)C(C)C(=O)O,0
SAFE_3968,C(C1C(C(C(C(O1)O)O)O)O)O,0
SAFE_3883,C1CC(N(C1)C(=O)C(CC2=CC=CC=C2)NC(=O)C(CC3=CC=CC=C3)N)C(=O)O,0
SAFE_2921,C(=O)(N)N,0
TOXIC_4613,C=O,1
SAFE_805,C(C(CO)O)O,0
TOXIC_410,O=[As]O[As]=O,1
TOXIC_4630,CN(N=O)C,1
TOXIC_4763,[Hg],1
SAFE_1644,CC(=O)O,0
SAFE_1186,CC(=O)NC1=CC=C(O)C=C1,0
TOXIC_1448,CC(C)OP(=O)(C)F,1
TOXIC_3684,ClC=C,1
SAFE_3776,C(=O)(N)N,0
TOXIC_1663,CCN(CC)C(=S)SSC(=S)N(CC)CC,1
TOXIC_1656,CC(C)OP(=O)(C)F,1
SAFE_4530,CC(=O)OC1=CC=CC=C1C(=O)O,0
TOXIC_464,ClC(Cl)(Cl)Cl,1
TOXIC_4261,C=O,1
TOXIC_3080,CC(C)OP(=O)(C)F,1
TOXIC_2585,N#C,1
SAFE_3476,C(=O)(N)N,0
TOXIC_446,CC1=CC=C(C=C1)C(=O)NC2=CC=CC=C2,1
TOXIC_2765,CC1=CC=C(C=C1)C2=CC(=NN2C3=CC=C(C=C3)S(=O)(=O)C)C(F)(F)F,1
TOXIC_2246,CN(N=O)C,1
SAFE_4297,C(C(=O)O)N,0
TOXIC_3044,ClC=C,1
TOXIC_2370,NN,1
SAFE_314,CC1=CN=C(C(=C1OC)C)CS(=O)C2=NC3=C(N2)C=C(C=C3)OC,0
TOXIC_3180,[Pb],1
SAFE_2197,C(C(=O)O)N,0
SAFE_772,C(C(=O)O)N,0
TOXIC_1137,ClC(Cl)Cl,1
TOXIC_2568,CC(C)OP(=O)(C)F,1
SAFE_1832,CC(C)CC1=CC=C(C=C1)C(C)C(=O)O,0
TOXIC_2162,NN,1
SAFE_3185,CN(C)C(=N)N,0
SAFE_3142,C(C(=O)O)N,0
SAFE_4193,C(C1C(C(C(C(O1)O)O)O)O)O,0
TOXIC_907,[Hg],1
SAFE_9,CC(=O)O,0
TOXIC_4270,CC1=CC=C(C=C1)C(=O)NC2=CC=CC=C2,1
SAFE_1559,CC1=CN=C(C(=C1OC)C)CS(=O)C2=NC3=C(N2)C=C(C=C3)OC,0
TOXIC_3230,CC1=CC=C(C=C1)C(=O)NC2=CC=CC=C2,1
SAFE_3091,CC(=O)NC1=CC=C(O)C=C1,0
TOXIC_2925,CC1=CC=C(C=C1)C2=CC(=NN2C3=CC=C(C=C3)S(=O)(=O)C)C(F)(F)F,1
TOXIC_2749,CC1=CC=C(C=C1)C2=CC(=NN2C3=CC=C(C=C3)S(=O)(=O)C)C(F)(F)F,1
TOXIC_3218,NN,1
TOXIC_2851,c1ccccc1,1
TOXIC_2842,O=[As]O[As]=O,1
TOXIC_2059,[Hg],1
SAFE_1011,CCO,0
TOXIC_176,ClC(Cl)(Cl)Cl,1
SAFE_1842,CC1(C(N2C(S1)C(C2=O)NC(=O)CC3=CC=CC=C3)C(=O)O)C,0
SAFE_1057,C(C(=O)O)N,0
SAFE_2249,CC1=CN=C(C(=C1OC)C)CS(=O)C2=NC3=C(N2)C=C(C=C3)OC,0
TOXIC_2791,CCOP(=S)(OCC)Oc1ccc(cc1)[N+](=O)[O-],1
SAFE_2801,C(=O)(N)N,0
SAFE_3219,CC(=O)O,0
SAFE_957,CC1(C(N2C(S1)C(C2=O)NC(=O)CC3=CC=CC=C3)C(=O)O)C,0
SAFE_3333,CN1C=NC2=C1C(=O)N(C(=O)N2C)C,0
TOXIC_4363,[Hg],1
TOXIC_516,ClC=C,1
TOXIC_802,NN,1
SAFE_2640,CC(=O)OC1=CC=CC=C1C(=O)O,0
TOXIC_621,CC1=CC=C(C=C1)C2=CC(=NN2C3=CC=C(C=C3)S(=O)(=O)C)C(F)(F)F,1
TOXIC_1386,O=[As]O[As]=O,1
SAFE_1655,CN(C)C(=N)N,0
SAFE_4806,CCO,0
SAFE_210,CC(=O)OC1=CC=CC=C1C(=O)O,0
SAFE_3089,CC1=CN=C(C(=C1OC)C)CS(=O)C2=NC3=C(N2)C=C(C=C3)OC,0
SAFE_1179,CC(=O)O,0
TOXIC_4518,CN(N=O)C,1
SAFE_2073,CN1C=NC2=C1C(=O)N(C(=O)N2C)C,0
SAFE_3800,CN(C)C(=N)N,0
TOXIC_4595,c1ccccc1,1
SAFE_3673,C1CC(N(C1)C(=O)C(CC2=CC=CC=C2)NC(=O)C(CC3=CC=CC=C3)N)C(=O)O,0
SAFE_3956,C(=O)(N)N,0
SAFE_2836,CC(=O)NC1=CC=C(O)C=C1,0
SAFE_851,C(=O)(N)N,0
TOXIC_4964,ClC=C,1
TOXIC_4094,CC1=CC=C(C=C1)C(=O)NC2=CC=CC=C2,1
TOXIC_2414,CC1=CC=C(C=C1)C(=O)NC2=CC=CC=C2,1
TOXIC_2700,[Pb],1
SAFE_2221,CC(=O)NC1=CC=C(O)C=C1,0
TOXIC_386,NN,1
SAFE_4727,CC(C)CC1=CC=C(C=C1)C(C)C(=O)O,0
TOXIC_3441,ClC(Cl)Cl,1
TOXIC_1428,ClC=C,1
TOXIC_76,[Pb],1
TOXIC_3689,N#C,1
SAFE_3745,C(C(CO)O)O,0
SAFE_4623,CN1C=NC2=C1C(=O)N(C(=O)N2C)C,0
TOXIC_1262,CC1=CC=C(C=C1)C(=O)NC2=CC=CC=C2,1
SAFE_1244,CC1=CN=C(C(=C1OC)C)CS(=O)C2=NC3=C(N2)C=C(C=C3)OC,0
TOXIC_1776,ClC(Cl)(Cl)Cl,1
TOXIC_31,CCN(CC)C(=S)SSC(=S)N(CC)CC,1
SAFE_3192,CC1(C(N2C(S1)C(C2=O)NC(=O)CC3=CC=CC=C3)C(=O)O)C,0
SAFE_4863,CN1C=NC2=C1C(=O)N(C(=O)N2C)C,0
SAFE_4994,CC1=CN=C(C(=C1OC)C)CS(=O)C2=NC3=C(N2)C=C(C=C3)OC,0
TOXIC_4017,ClC(Cl)Cl,1
TOXIC_3232,ClC(Cl)(Cl)Cl,1
SAFE_4722,CC1(C(N2C(S1)C(C2=O)NC(=O)CC3=CC=CC=C3)C(=O)O)C,0
TOXIC_2283,[Hg],1
TOXIC_437,C=O,1
TOXIC_192,ClC(Cl)(Cl)Cl,1
SAFE_4542,CC1(C(N2C(S1)C(C2=O)NC(=O)CC3=CC=CC=C3)C(=O)O)C,0
TOXIC_439,CCOP(=S)(OCC)Oc1ccc(cc1)[N+](=O)[O-],1
TOXIC_225,ClC(Cl)Cl,1
SAFE_2617,C(C(=O)O)N,0
TOXIC_3963,[Hg],1
SAFE_892,C(C(=O)O)N,0
TOXIC_797,CC1=CC=C(C=C1)C2=CC(=NN2C3=CC=C(C=C3)S(=O)(=O)C)C(F)(F)F,1
SAFE_261,CCO,0
SAFE_3748,C1CC(N(C1)C(=O)C(CC2=CC=CC=C2)NC(=O)C(CC3=CC=CC=C3)N)C(=O)O,0
TOXIC_429,CC1=CC=C(C=C1)C2=CC(=NN2C3=CC=C(C=C3)S(=O)(=O)C)C(F)(F)F,1
TOXIC_197,C=O,1
SAFE_1557,CC1(C(N2C(S1)C(C2=O)NC(=O)CC3=CC=CC=C3)C(=O)O)C,0
TOXIC_2761,N#C,1
SAFE_2483,C(C1C(C(C(C(O1)O)O)O)O)O,0
SAFE_2159,CC1=CN=C(C(=C1OC)C)CS(=O)C2=NC3=C(N2)C=C(C=C3)OC,0
SAFE_120,CC(=O)OC1=CC=CC=C1C(=O)O,0
SAFE_1795,C(C(CO)O)O,0
SAFE_4721,C(=O)(N)N,0
SAFE_3461,C(=O)(N)N,0
TOXIC_1627,[Hg],1
TOXIC_2673,ClC(Cl)Cl,1
TOXIC_1071,CCN(CC)C(=S)SSC(=S)N(CC)CC,1
TOXIC_4907,[Hg],1
SAFE_2113,C1CC(N(C1)C(=O)C(CC2=CC=CC=C2)NC(=O)C(CC3=CC=CC=C3)N)C(=O)O,0
TOXIC_2570,O=[As]O[As]=O,1
TOXIC_2989,CC1=CC=C(C=C1)C2=CC(=NN2C3=CC=C(C=C3)S(=O)(=O)C)C(F)(F)F,1
SAFE_325,C(C(CO)O)O,0
SAFE_1769,CC1=CN=C(C(=C1OC)C)CS(=O)C2=NC3=C(N2)C=C(C=C3)OC,0
TOXIC_2018,NN,1
TOXIC_4519,CCOP(=S)(OCC)Oc1ccc(cc1)[N+](=O)[O-],1
TOXIC_2046,CC1=CC=C(C=C1)C(=O)NC2=CC=CC=C2,1
SAFE_1890,CC(=O)OC1=CC=CC=C1C(=O)O,0
SAFE_1828,C1CC(N(C1)C(=O)C(CC2=CC=CC=C2)NC(=O)C(CC3=CC=CC=C3)N)C(=O)O,0
SAFE_3598,C1CC(N(C1)C(=O)C(CC2=CC=CC=C2)NC(=O)C(CC3=CC=CC=C3)N)C(=O)O,0
SAFE_94,COC1=CC=C(C=C1)C(C)C(=O)O,0
SAFE_2427,CC1(C(N2C(S1)C(C2=O)NC(=O)CC3=CC=CC=C3)C(=O)O)C,0
TOXIC_2272,ClC(Cl)(Cl)Cl,1
SAFE_273,CN1C=NC2=C1C(=O)N(C(=O)N2C)C,0
TOXIC_1443,c1ccccc1,1
TOXIC_1177,N#C,1
TOXIC_2256,ClC(Cl)(Cl)Cl,1
TOXIC_4375,CCOP(=S)(OCC)Oc1ccc(cc1)[N+](=O)[O-],1
TOXIC_4265,N#C,1
SAFE_1711,CC(=O)NC1=CC=C(O)C=C1,0
TOXIC_1844,ClC=C,1
TOXIC_1458,NN,1
SAFE_4782,CC1(C(N2C(S1)C(C2=O)NC(=O)CC3=CC=CC=C3)C(=O)O)C,0
SAFE_3775,C(C(CO)O)O,0
TOXIC_1035,[Hg],1
TOXIC_86,CN(N=O)C,1
TOXIC_2270,CC1=CC=C(C=C1)C(=O)NC2=CC=CC=C2,1
TOXIC_1880,CC(C)OP(=O)(C)F,1
TOXIC_2532,ClC=C,1
SAFE_2772,CC1(C(N2C(S1)C(C2=O)NC(=O)CC3=CC=CC=C3)C(=O)O)C,0
TOXIC_1344,ClC(Cl)(Cl)Cl,1
SAFE_768,CN1C=NC2=C1C(=O)N(C(=O)N2C)C,0
TOXIC_4732,[Pb],1
SAFE_1988,C(C1C(C(C(C(O1)O)O)O)O)O,0
TOXIC_4726,CN(N=O)C,1
TOXIC_1078,CN(N=O)C,1
TOXIC_23,CCOP(=S)(OCC)Oc1ccc(cc1)[N+](=O)[O-],1
SAFE_2359,COC1=CC=C(C=C1)C(C)C(=O)O,0
SAFE_4769,CC1=CN=C(C(=C1OC)C)CS(=O)C2=NC3=C(N2)C=C(C=C3)OC,0
SAFE_4824,CC(=O)O,0
SAFE_1183,C1CC(N(C1)C(=O)C(CC2=CC=CC=C2)NC(=O)C(CC3=CC=CC=C3)N)C(=O)O,0
TOXIC_2734,CC1=CC=C(C=C1)C(=O)NC2=CC=CC=C2,1
TOXIC_1059,c1ccccc1,1
TOXIC_1429,C=O,1
TOXIC_2055,CCOP(=S)(OCC)Oc1ccc(cc1)[N+](=O)[O-],1
TOXIC_666,O=[As]O[As]=O,1
SAFE_1948,C1CC(N(C1)C(=O)C(CC2=CC=CC=C2)NC(=O)C(CC3=CC=CC=C3)N)C(=O)O,0
TOXIC_848,ClC(Cl)(Cl)Cl,1
SAFE_3246,CCO,0
TOXIC_4177,ClC(Cl)Cl,1
SAFE_2588,C(C1C(C(C(C(O1)O)O)O)O)O,0
SAFE_3512,CC(C)CC1=CC=C(C=C1)C(C)C(=O)O,0
SAFE_3717,CC1(C(N2C(S1)C(C2=O)NC(=O)CC3=CC=CC=C3)C(=O)O)C,0
SAFE_4358,C(C1C(C(C(C(O1)O)O)O)O)O,0
SAFE_4650,CC(=O)OC1=CC=CC=C1C(=O)O,0
SAFE_2638,C1CC(N(C1)C(=O)C(CC2=CC=CC=C2)NC(=O)C(CC3=CC=CC=C3)N)C(=O)O,0
TOXIC_3239,CCOP(=S)(OCC)Oc1ccc(cc1)[N+](=O)[O-],1
TOXIC_1164,[Pb],1
TOXIC_495,CCN(CC)C(=S)SSC(=S)N(CC)CC,1
SAFE_2823,CN1C=NC2=C1C(=O)N(C(=O)N2C)C,0
SAFE_2147,CC(C)CC1=CC=C(C=C1)C(C)C(=O)O,0
SAFE_4828,C1CC(N(C1)C(=O)C(CC2=CC=CC=C2)NC(=O)C(CC3=CC=CC=C3)N)C(=O)O,0
SAFE_1686,CCO,0
SAFE_3684,CC(=O)O,0
TOXIC_1824,ClC(Cl)(Cl)Cl,1
TOXIC_2431,CCN(CC)C(=S)SSC(=S)N(CC)CC,1
SAFE_2716,CC(=O)NC1=CC=C(O)C=C1,0
TOXIC_2952,CC(C)OP(=O)(C)F,1
TOXIC_2543,CCN(CC)C(=S)SSC(=S)N(CC)CC,1
SAFE_4942,C(C(=O)O)N,0
TOXIC_4043,[Hg],1
SAFE_4634,CC1=CN=C(C(=C1OC)C)CS(=O)C2=NC3=C(N2)C=C(C=C3)OC,0
SAFE_1651,CC(=O)NC1=CC=C(O)C=C1,0
TOXIC_425,N#C,1
SAFE_4604,CC1=CN=C(C(=C1OC)C)CS(=O)C2=NC3=C(N2)C=C(C=C3)OC,0
SAFE_3692,CC(C)CC1=CC=C(C=C1)C(C)C(=O)O,0
TOXIC_1345,ClC(Cl)Cl,1
SAFE_4966,CC(=O)NC1=CC=C(O)C=C1,0
TOXIC_2606,CC1=CC=C(C=C1)C(=O)NC2=CC=CC=C2,1
SAFE_2115,CC(=O)OC1=CC=CC=C1C(=O)O,0
TOXIC_3414,CN(N=O)C,1
SAFE_1942,C(C(=O)O)N,0
SAFE_4551,CCO,0
TOXIC_2783,CCN(CC)C(=S)SSC(=S)N(CC)CC,1
SAFE_3016,CC(=O)NC1=CC=C(O)C=C1,0
SAFE_1716,CCO,0
SAFE_1509,CC(=O)O,0
TOXIC_3687,CCOP(=S)(OCC)Oc1ccc(cc1)[N+](=O)[O-],1
TOXIC_3536,ClC(Cl)(Cl)Cl,1
TOXIC_554,O=[As]O[As]=O,1
SAFE_4484,CC1=CN=C(C(=C1OC)C)CS(=O)C2=NC3=C(N2)C=C(C=C3)OC,0
TOXIC_3159,CCOP(=S)(OCC)Oc1ccc(cc1)[N+](=O)[O-],1
SAFE_1816,CC(=O)NC1=CC=C(O)C=C1,0
SAFE_3277,C(C(=O)O)N,0
TOXIC_2926,CC1=CC=C(C=C1)C(=O)NC2=CC=CC=C2,1
TOXIC_1723,[Hg],1
SAFE_757,C(C(=O)O)N,0
SAFE_4263,CN1C=NC2=C1C(=O)N(C(=O)N2C)C,0
TOXIC_1214,CC1=CC=C(C=C1)C(=O)NC2=CC=CC=C2,1
TOXIC_1094,CN(N=O)C,1
TOXIC_2189,CC1=CC=C(C=C1)C2=CC(=NN2C3=CC=C(C=C3)S(=O)(=O)C)C(F)(F)F,1
TOXIC_2586,O=[As]O[As]=O,1
TOXIC_1293,CC1=CC=C(C=C1)C2=CC(=NN2C3=CC=C(C=C3)S(=O)(=O)C)C(F)(F)F,1
TOXIC_2243,c1ccccc1,1
SAFE_470,CN(C)C(=N)N,0
TOXIC_4158,CC1=CC=C(C=C1)C(=O)NC2=CC=CC=C2,1
TOXIC_229,C=O,1
TOXIC_3826,NN,1
SAFE_1778,C(C1C(C(C(C(O1)O)O)O)O)O,0
SAFE_2393,C(C1C(C(C(C(O1)O)O)O)O)O,0
SAFE_1466,C(=O)(N)N,0
TOXIC_906,O=[As]O[As]=O,1
TOXIC_36,ClC=C,1
TOXIC_3240,CC(C)OP(=O)(C)F,1
TOXIC_3520,ClC(Cl)(Cl)Cl,1
TOXIC_4361,N#C,1
TOXIC_778,O=[As]O[As]=O,1
SAFE_4034,CC1=CN=C(C(=C1OC)C)CS(=O)C2=NC3=C(N2)C=C(C=C3)OC,0
SAFE_1021,CC(=O)NC1=CC=C(O)C=C1,0
TOXIC_1666,NN,1
TOXIC_4316,[Pb],1
TOXIC_4498,NN,1
TOXIC_731,[Hg],1
TOXIC_3878,CN(N=O)C,1
SAFE_2322,CC1(C(N2C(S1)C(C2=O)NC(=O)CC3=CC=CC=C3)C(=O)O)C,0
TOXIC_2470,CN(N=O)C,1
SAFE_2803,C1CC(N(C1)C(=O)C(CC2=CC=CC=C2)NC(=O)C(CC3=CC=CC=C3)N)C(=O)O,0
SAFE_1791,CCO,0
TOXIC_2602,O=[As]O[As]=O,1
SAFE_2530,C(C(CO)O)O,0
SAFE_4742,CC(C)CC1=CC=C(C=C1)C(C)C(=O)O,0
TOXIC_4143,CCN(CC)C(=S)SSC(=S)N(CC)CC,1
TOXIC_4069,C=O,1
SAFE_4025,CN(C)C(=N)N,0
TOXIC_4045,CC1=CC=C(C=C1)C2=CC(=NN2C3=CC=C(C=C3)S(=O)(=O)C)C(F)(F)F,1
TOXIC_1170,NN,1
SAFE_4674,CC(=O)O,0
TOXIC_4516,ClC=C,1
SAFE_2142,CC1(C(N2C(S1)C(C2=O)NC(=O)CC3=CC=CC=C3)C(=O)O)C,0
SAFE_3134,CC1=CN=C(C(=C1OC)C)CS(=O)C2=NC3=C(N2)C=C(C=C3)OC,0
TOXIC_1305,N#C,1
TOXIC_263,CCOP(=S)(OCC)Oc1ccc(cc1)[N+](=O)[O-],1
SAFE_38,C(C1C(C(C(C(O1)O)O)O)O)O,0
TOXIC_2889,N#C,1
SAFE_1034,CC1=CN=C(C(=C1OC)C)CS(=O)C2=NC3=C(N2)C=C(C=C3)OC,0
TOXIC_2849,ClC(Cl)Cl,1
SAFE_2799,CC(=O)O,0
TOXIC_1584,ClC(Cl)(Cl)Cl,1
SAFE_710,CN(C)C(=N)N,0
SAFE_4432,C(C(=O)O)N,0
TOXIC_4100,ClC=C,1
SAFE_2081,C(=O)(N)N,0
TOXIC_1872,ClC(Cl)(Cl)Cl,1
SAFE_2465,CN(C)C(=N)N,0
TOXIC_3917,CC1=CC=C(C=C1)C2=CC(=NN2C3=CC=C(C=C3)S(=O)(=O)C)C(F)(F)F,1
TOXIC_3415,CCOP(=S)(OCC)Oc1ccc(cc1)[N+](=O)[O-],1
SAFE_1589,CC1=CN=C(C(=C1OC)C)CS(=O)C2=NC3=C(N2)C=C(C=C3)OC,0
SAFE_538,C1CC(N(C1)C(=O)C(CC2=CC=CC=C2)NC(=O)C(CC3=CC=CC=C3)N)C(=O)O,0
SAFE_3912,CC1(C(N2C(S1)C(C2=O)NC(=O)CC3=CC=CC=C3)C(=O)O)C,0
SAFE_1706,C(=O)(N)N,0
TOXIC_2201,N#C,1
TOXIC_1521,ClC(Cl)Cl,1
TOXIC_3650,NN,1
TOXIC_3179,[Hg],1
TOXIC_3902,CC1=CC=C(C=C1)C(=O)NC2=CC=CC=C2,1
TOXIC_1140,ClC=C,1
TOXIC_1580,[Pb],1
SAFE_3706,CC(=O)NC1=CC=C(O)C=C1,0
TOXIC_1025,ClC(Cl)Cl,1
SAFE_980,CN(C)C(=N)N,0
TOXIC_122,O=[As]O[As]=O,1
SAFE_4643,C(C1C(C(C(C(O1)O)O)O)O)O,0
TOXIC_2353,ClC(Cl)Cl,1
TOXIC_4545,ClC(Cl)Cl,1
SAFE_2512,C(C(=O)O)N,0
TOXIC_4809,N#C,1
SAFE_1818,CN1C=NC2=C1C(=O)N(C(=O)N2C)C,0
TOXIC_144,ClC(Cl)(Cl)Cl,1
TOXIC_4938,O=[As]O[As]=O,1
SAFE_3409,COC1=CC=C(C=C1)C(C)C(=O)O,0
TOXIC_1636,ClC=C,1
SAFE_1358,C(C1C(C(C(C(O1)O)O)O)O)O,0
TOXIC_1834,O=[As]O[As]=O,1
TOXIC_3698,NN,1
SAFE_1885,C(C(CO)O)O,0
TOXIC_2152,CC(C)OP(=O)(C)F,1
TOXIC_706,NN,1
SAFE_3686,C(=O)(N)N,0
SAFE_3321,CCO,0
SAFE_3718,C1CC(N(C1)C(=O)C(CC2=CC=CC=C2)NC(=O)C(CC3=CC=CC=C3)N)C(=O)O,0
SAFE_4493,C(C1C(C(C(C(O1)O)O)O)O)O,0
TOXIC_220,[Pb],1
TOXIC_4210,NN,1
TOXIC_1802,O=[As]O[As]=O,1
TOXIC_1253,C=O,1
TOXIC_1910,CN(N=O)C,1
TOXIC_4638,CC1=CC=C(C=C1)C(=O)NC2=CC=CC=C2,1
TOXIC_1939,c1ccccc1,1
SAFE_1657,C(C(=O)O)N,0
TOXIC_637,CC1=CC=C(C=C1)C2=CC(=NN2C3=CC=C(C=C3)S(=O)(=O)C)C(F)(F)F,1
TOXIC_2803,c1ccccc1,1
TOXIC_1003,[Hg],1
SAFE_4819,COC1=CC=C(C=C1)C(C)C(=O)O,0
TOXIC_855,CCOP(=S)(OCC)Oc1ccc(cc1)[N+](=O)[O-],1
SAFE_3229,COC1=CC=C(C=C1)C(C)C(=O)O,0
TOXIC_2291,c1ccccc1,1
TOXIC_3678,CC1=CC=C(C=C1)C(=O)NC2=CC=CC=C2,1
TOXIC_3564,[Pb],1
TOXIC_856,CC(C)OP(=O)(C)F,1
TOXIC_1839,CCN(CC)C(=S)SSC(=S)N(CC)CC,1
SAFE_530,CN(C)C(=N)N,0
TOXIC_1732,ClC=C,1
TOXIC_65,ClC(Cl)Cl,1
TOXIC_1181,CC1=CC=C(C=C1)C2=CC(=NN2C3=CC=C(C=C3)S(=O)(=O)C)C(F)(F)F,1
SAFE_4924,COC1=CC=C(C=C1)C(C)C(=O)O,0
SAFE_2780,CN(C)C(=N)N,0
SAFE_1431,CCO,0
SAFE_346,CC(=O)NC1=CC=C(O)C=C1,0
TOXIC_1753,N#C,1
TOXIC_1582,CC1=CC=C(C=C1)C(=O)NC2=CC=CC=C2,1
SAFE_4836,CCO,0
SAFE_4170,CC(=O)OC1=CC=CC=C1C(=O)O,0
SAFE_2309,CC1=CN=C(C(=C1OC)C)CS(=O)C2=NC3=C(N2)C=C(C=C3)OC,0
SAFE_3133,C1CC(N(C1)C(=O)C(CC2=CC=CC=C2)NC(=O)C(CC3=CC=CC=C3)N)C(=O)O,0
SAFE_3266,C(=O)(N)N,0
TOXIC_4672,ClC(Cl)(Cl)Cl,1
TOXIC_1599,CCN(CC)C(=S)SSC(=S)N(CC)CC,1
TOXIC_2346,O=[As]O[As]=O,1
SAFE_1891,CC(=O)NC1=CC=C(O)C=C1,0
SAFE_690,CC(=O)OC1=CC=CC=C1C(=O)O,0
SAFE_86,C(=O)(N)N,0
SAFE_1521,CCO,0
TOXIC_1764,ClC=C,1
TOXIC_2151,CCOP(=S)(OCC)Oc1ccc(cc1)[N+](=O)[O-],1
TOXIC_2699,[Hg],1
TOXIC_1243,[Hg],1
TOXIC_558,CC1=CC=C(C=C1)C(=O)NC2=CC=CC=C2,1
SAFE_4998,CN1C=NC2=C1C(=O)N(C(=O)N2C)C,0
SAFE_3327,CC1(C(N2C(S1)C(C2=O)NC(=O)CC3=CC=CC=C3)C(=O)O)C,0
SAFE_1533,CN1C=NC2=C1C(=O)N(C(=O)N2C)C,0
SAFE_2548,C1CC(N(C1)C(=O)C(CC2=CC=CC=C2)NC(=O)C(CC3=CC=CC=C3)N)C(=O)O,0
SAFE_3597,CC1(C(N2C(S1)C(C2=O)NC(=O)CC3=CC=CC=C3)C(=O)O)C,0
TOXIC_4915,c1ccccc1,1
SAFE_731,C(=O)(N)N,0
SAFE_2028,CN1C=NC2=C1C(=O)N(C(=O)N2C)C,0
SAFE_4576,CC(=O)NC1=CC=C(O)C=C1,0
TOXIC_4401,ClC(Cl)Cl,1
SAFE_2532,CC1(C(N2C(S1)C(C2=O)NC(=O)CC3=CC=CC=C3)C(=O)O)C,0
TOXIC_401,ClC(Cl)Cl,1
SAFE_2547,CC1(C(N2C(S1)C(C2=O)NC(=O)CC3=CC=CC=C3)C(=O)O)C,0
TOXIC_291,c1ccccc1,1
TOXIC_3981,CC1=CC=C(C=C1)C2=CC(=NN2C3=CC=C(C=C3)S(=O)(=O)C)C(F)(F)F,1
SAFE_3832,C(C(=O)O)N,0
SAFE_2542,C(C(=O)O)N,0
TOXIC_708,ClC=C,1
TOXIC_4453,C=O,1
SAFE_1812,CC1(C(N2C(S1)C(C2=O)NC(=O)CC3=CC=CC=C3)C(=O)O)C,0
TOXIC_3961,N#C,1
TOXIC_4249,N#C,1
SAFE_4791,CCO,0
SAFE_2573,C(C1C(C(C(C(O1)O)O)O)O)O,0
TOXIC_48,ClC(Cl)(Cl)Cl,1
SAFE_3160,C(C(CO)O)O,0
TOXIC_3649,ClC(Cl)Cl,1
SAFE_2166,CCO,0
TOXIC_3634,NN,1
TOXIC_4715,[Hg],1
SAFE_4104,CC(=O)O,0
TOXIC_4222,CC1=CC=C(C=C1)C(=O)NC2=CC=CC=C2,1
TOXIC_686,CC1=CC=C(C=C1)C(=O)NC2=CC=CC=C2,1
SAFE_388,C1CC(N(C1)C(=O)C(CC2=CC=CC=C2)NC(=O)C(CC3=CC=CC=C3)N)C(=O)O,0
SAFE_1388,C(C1C(C(C(C(O1)O)O)O)O)O,0
SAFE_1475,CN(C)C(=N)N,0
TOXIC_3475,c1ccccc1,1
TOXIC_191,CCN(CC)C(=S)SSC(=S)N(CC)CC,1
TOXIC_1679,CCN(CC)C(=S)SSC(=S)N(CC)CC,1
SAFE_2867,CC(C)CC1=CC=C(C=C1)C(C)C(=O)O,0
SAFE_4778,C(C1C(C(C(C(O1)O)O)O)O)O,0
TOXIC_350,CC1=CC=C(C=C1)C(=O)NC2=CC=CC=C2,1
TOXIC_737,ClC(Cl)Cl,1
SAFE_3188,C(C1C(C(C(C(O1)O)O)O)O)O,0
SAFE_2931,CCO,0
TOXIC_1233,ClC(Cl)Cl,1
TOXIC_4438,CN(N=O)C,1
TOXIC_677,C=O,1
SAFE_4867,C(C(=O)O)N,0
SAFE_880,C(C(CO)O)O,0
TOXIC_1867,[Hg],1
SAFE_391,CC(=O)NC1=CC=C(O)C=C1,0
SAFE_3555,CC(=O)OC1=CC=CC=C1C(=O)O,0
SAFE_1004,CC1=CN=C(C(=C1OC)C)CS(=O)C2=NC3=C(N2)C=C(C=C3)OC,0
SAFE_504,CC(=O)O,0
TOXIC_2714,O=[As]O[As]=O,1
SAFE_1291,CC(=O)NC1=CC=C(O)C=C1,0
TOXIC_2381,CC1=CC=C(C=C1)C2=CC(=NN2C3=CC=C(C=C3)S(=O)(=O)C)C(F)(F)F,1
TOXIC_124,[Pb],1
SAFE_483,CN1C=NC2=C1C(=O)N(C(=O)N2C)C,0
SAFE_4084,COC1=CC=C(C=C1)C(C)C(=O)O,0
SAFE_2040,CC(=O)OC1=CC=CC=C1C(=O)O,0
SAFE_2116,CC(=O)NC1=CC=C(O)C=C1,0
TOXIC_1109,C=O,1
SAFE_738,CN1C=NC2=C1C(=O)N(C(=O)N2C)C,0
SAFE_1396,CC(=O)NC1=CC=C(O)C=C1,0
TOXIC_4776,CC(C)OP(=O)(C)F,1
SAFE_1915,C(C(CO)O)O,0
SAFE_595,C(C(CO)O)O,0
SAFE_883,C1CC(N(C1)C(=O)C(CC2=CC=CC=C2)NC(=O)C(CC3=CC=CC=C3)N)C(=O)O,0
TOXIC_1646,CC1=CC=C(C=C1)C(=O)NC2=CC=CC=C2,1
TOXIC_2592,ClC(Cl)(Cl)Cl,1
SAFE_34,COC1=CC=C(C=C1)C(C)C(=O)O,0
SAFE_2544,CC(=O)O,0
TOXIC_3766,CN(N=O)C,1
TOXIC_958,CC1=CC=C(C=C1)C(=O)NC2=CC=CC=C2,1
SAFE_2621,C(=O)(N)N,0
TOXIC_756,ClC=C,1
SAFE_4703,C(C1C(C(C(C(O1)O)O)O)O)O,0
TOXIC_927,CCN(CC)C(=S)SSC(=S)N(CC)CC,1
SAFE_2189,CC1=CN=C(C(=C1OC)C)CS(=O)C2=NC3=C(N2)C=C(C=C3)OC,0
TOXIC_4392,CC(C)OP(=O)(C)F,1
TOXIC_29,CC1=CC=C(C=C1)C2=CC(=NN2C3=CC=C(C=C3)S(=O)(=O)C)C(F)(F)F,1
SAFE_1749,CC(=O)O,0
TOXIC_2179,c1ccccc1,1
SAFE_2669,CC1=CN=C(C(=C1OC)C)CS(=O)C2=NC3=C(N2)C=C(C=C3)OC,0
TOXIC_880,ClC(Cl)(Cl)Cl,1
SAFE_3419,CC1=CN=C(C(=C1OC)C)CS(=O)C2=NC3=C(N2)C=C(C=C3)OC,0
SAFE_4336,CC(=O)NC1=CC=C(O)C=C1,0
SAFE_3607,C(C(=O)O)N,0
TOXIC_2763,[Hg],1
TOXIC_3973,C=O,1
SAFE_1928,C(C1C(C(C(C(O1)O)O)O)O)O,0
SAFE_1647,CC1(C(N2C(S1)C(C2=O)NC(=O)CC3=CC=CC=C3)C(=O)O)C,0
SAFE_3152,CC(C)CC1=CC=C(C=C1)C(C)C(=O)O,0
TOXIC_4185,N#C,1
TOXIC_3073,ClC(Cl)Cl,1
SAFE_2027,CC(C)CC1=CC=C(C=C1)C(C)C(=O)O,0
SAFE_2329,COC1=CC=C(C=C1)C(C)C(=O)O,0
TOXIC_2028,[Pb],1
TOXIC_4071,CCOP(=S)(OCC)Oc1ccc(cc1)[N+](=O)[O-],1
TOXIC_3761,ClC(Cl)Cl,1
TOXIC_4370,NN,1
TOXIC_3312,ClC(Cl)(Cl)Cl,1
SAFE_4317,CC1(C(N2C(S1)C(C2=O)NC(=O)CC3=CC=CC=C3)C(=O)O)C,0
SAFE_4609,COC1=CC=C(C=C1)C(C)C(=O)O,0
SAFE_163,C1CC(N(C1)C(=O)C(CC2=CC=CC=C2)NC(=O)C(CC3=CC=CC=C3)N)C(=O)O,0
TOXIC_4981,C=O,1
SAFE_3645,CC(=O)OC1=CC=CC=C1C(=O)O,0
SAFE_2160,CC(=O)OC1=CC=CC=C1C(=O)O,0
TOXIC_174,CC1=CC=C(C=C1)C(=O)NC2=CC=CC=C2,1
TOXIC_2369,ClC(Cl)Cl,1
TOXIC_3474,NN,1
TOXIC_946,NN,1
TOXIC_2845,CC1=CC=C(C=C1)C2=CC(=NN2C3=CC=C(C=C3)S(=O)(=O)C)C(F)(F)F,1
TOXIC_3142,CN(N=O)C,1
TOXIC_1877,C=O,1
SAFE_4366,CC(=O)NC1=CC=C(O)C=C1,0
SAFE_3308,C(C1C(C(C(C(O1)O)O)O)O)O,0
SAFE_1649,CC1=CN=C(C(=C1OC)C)CS(=O)C2=NC3=C(N2)C=C(C=C3)OC,0
TOXIC_633,N#C,1
TOXIC_3457,ClC(Cl)Cl,1
SAFE_3312,CC1(C(N2C(S1)C(C2=O)NC(=O)CC3=CC=CC=C3)C(=O)O)C,0
SAFE_1243,C1CC(N(C1)C(=O)C(CC2=CC=CC=C2)NC(=O)C(CC3=CC=CC=C3)N)C(=O)O,0
SAFE_1616,C(=O)(N)N,0
SAFE_4968,CN1C=NC2=C1C(=O)N(C(=O)N2C)C,0
SAFE_3259,COC1=CC=C(C=C1)C(C)C(=O)O,0
SAFE_4581,CCO,0
SAFE_1326,CCO,0
TOXIC_550,CN(N=O)C,1
TOXIC_4743,CCOP(=S)(OCC)Oc1ccc(cc1)[N+](=O)[O-],1
TOXIC_3938,NN,1
TOXIC_4509,CC1=CC=C(C=C1)C2=CC(=NN2C3=CC=C(C=C3)S(=O)(=O)C)C(F)(F)F,1
TOXIC_1202,NN,1
SAFE_627,CC1(C(N2C(S1)C(C2=O)NC(=O)CC3=CC=CC=C3)C(=O)O)C,0
SAFE_1111,CC(=O)NC1=CC=C(O)C=C1,0
SAFE_1235,CN(C)C(=N)N,0
SAFE_122,CC(C)CC1=CC=C(C=C1)C(C)C(=O)O,0
SAFE_2676,CCO,0
SAFE_3574,COC1=CC=C(C=C1)C(C)C(=O)O,0
TOXIC_1104,ClC(Cl)(Cl)Cl,1
SAFE_237,CC1(C(N2C(S1)C(C2=O)NC(=O)CC3=CC=CC=C3)C(=O)O)C,0
TOXIC_494,CC1=CC=C(C=C1)C(=O)NC2=CC=CC=C2,1
SAFE_3258,CN1C=NC2=C1C(=O)N(C(=O)N2C)C,0
SAFE_4471,CC(=O)NC1=CC=C(O)C=C1,0
TOXIC_160,ClC(Cl)(Cl)Cl,1
TOXIC_1506,NN,1
SAFE_2926,CC(=O)NC1=CC=C(O)C=C1,0
SAFE_3858,CN1C=NC2=C1C(=O)N(C(=O)N2C)C,0
TOXIC_4242,NN,1
SAFE_2458,C1CC(N(C1)C(=O)C(CC2=CC=CC=C2)NC(=O)C(CC3=CC=CC=C3)N)C(=O)O,0
TOXIC_4755,c1ccccc1,1
TOXIC_2445,CC1=CC=C(C=C1)C2=CC(=NN2C3=CC=C(C=C3)S(=O)(=O)C)C(F)(F)F,1
TOXIC_326,CN(N=O)C,1
TOXIC_2295,CCOP(=S)(OCC)Oc1ccc(cc1)[N+](=O)[O-],1
SAFE_3928,C1CC(N(C1)C(=O)C(CC2=CC=CC=C2)NC(=O)C(CC3=CC=CC=C3)N)C(=O)O,0
TOXIC_4703,CCN(CC)C(=S)SSC(=S)N(CC)CC,1
SAFE_2851,CC(=O)NC1=CC=C(O)C=C1,0
SAFE_1082,CC(C)CC1=CC=C(C=C1)C(C)C(=O)O,0
SAFE_2282,CC(C)CC1=CC=C(C=C1)C(C)C(=O)O,0
TOXIC_668,[Pb],1
SAFE_403,C1CC(N(C1)C(=O)C(CC2=CC=CC=C2)NC(=O)C(CC3=CC=CC=C3)N)C(=O)O,0
TOXIC_2137,N#C,1
SAFE_3490,C(C(CO)O)O,0
TOXIC_4277,C=O,1
SAFE_1959,CC(=O)O,0
SAFE_177,CC1(C(N2C(S1)C(C2=O)NC(=O)CC3=CC=CC=C3)C(=O)O)C,0
TOXIC_2268,[Pb],1
SAFE_1595,CN(C)C(=N)N,0
SAFE_1017,CC1(C(N2C(S1)C(C2=O)NC(=O)CC3=CC=CC=C3)C(=O)O)C,0
TOXIC_2223,CCN(CC)C(=S)SSC(=S)N(CC)CC,1
SAFE_1065,CC(=O)OC1=CC=CC=C1C(=O)O,0
SAFE_2413,C1CC(N(C1)C(=O)C(CC2=CC=CC=C2)NC(=O)C(CC3=CC=CC=C3)N)C(=O)O,0
TOXIC_1307,[Hg],1
SAFE_778,C1CC(N(C1)C(=O)C(CC2=CC=CC=C2)NC(=O)C(CC3=CC=CC=C3)N)C(=O)O,0
TOXIC_1250,NN,1
SAFE_252,CC1(C(N2C(S1)C(C2=O)NC(=O)CC3=CC=CC=C3)C(=O)O)C,0
TOXIC_1610,O=[As]O[As]=O,1
SAFE_3301,CC(=O)NC1=CC=C(O)C=C1,0
SAFE_1400,CN(C)C(=N)N,0
SAFE_1469,CC1=CN=C(C(=C1OC)C)CS(=O)C2=NC3=C(N2)C=C(C=C3)OC,0
TOXIC_2094,CC1=CC=C(C=C1)C(=O)NC2=CC=CC=C2,1
TOXIC_882,NN,1
SAFE_3962,CC(C)CC1=CC=C(C=C1)C(C)C(=O)O,0
TOXIC_1969,ClC(Cl)Cl,1
TOXIC_2337,ClC(Cl)Cl,1
TOXIC_2533,C=O,1
TOXIC_3862,CN(N=O)C,1
SAFE_3687,CC1(C(N2C(S1)C(C2=O)NC(=O)CC3=CC=CC=C3)C(=O)O)C,0
SAFE_2619,CC(=O)O,0
TOXIC_3586,NN,1
SAFE_1877,CC(C)CC1=CC=C(C=C1)C(C)C(=O)O,0
TOXIC_1013,C=O,1
TOXIC_2462,CC1=CC=C(C=C1)C(=O)NC2=CC=CC=C2,1
SAFE_1430,CN(C)C(=N)N,0
TOXIC_2218,O=[As]O[As]=O,1
SAFE_134,CC1=CN=C(C(=C1OC)C)CS(=O)C2=NC3=C(N2)C=C(C=C3)OC,0
SAFE_4018,C1CC(N(C1)C(=O)C(CC2=CC=CC=C2)NC(=O)C(CC3=CC=CC=C3)N)C(=O)O,0
SAFE_4247,CC(C)CC1=CC=C(C=C1)C(C)C(=O)O,0
SAFE_4215,CC(=O)OC1=CC=CC=C1C(=O)O,0
SAFE_3252,CC1(C(N2C(S1)C(C2=O)NC(=O)CC3=CC=CC=C3)C(=O)O)C,0
SAFE_955,C(C(CO)O)O,0
SAFE_2632,C(C(=O)O)N,0
TOXIC_3762,NN,1
SAFE_1170,CC(=O)OC1=CC=CC=C1C(=O)O,0
TOXIC_3394,NN,1
SAFE_3151,CC(=O)NC1=CC=C(O)C=C1,0
TOXIC_2934,CN(N=O)C,1
TOXIC_3813,C=O,1
SAFE_1656,CCO,0
TOXIC_3319,CCOP(=S)(OCC)Oc1ccc(cc1)[N+](=O)[O-],1
TOXIC_3837,CC1=CC=C(C=C1)C2=CC(=NN2C3=CC=C(C=C3)S(=O)(=O)C)C(F)(F)F,1
SAFE_817,C(C(=O)O)N,0
SAFE_2730,CC(=O)OC1=CC=CC=C1C(=O)O,0
TOXIC_1404,[Pb],1
SAFE_1793,C(C1C(C(C(C(O1)O)O)O)O)O,0
SAFE_1727,CC(C)CC1=CC=C(C=C1)C(C)C(=O)O,0
SAFE_888,CN1C=NC2=C1C(=O)N(C(=O)N2C)C,0
SAFE_57,CC1(C(N2C(S1)C(C2=O)NC(=O)CC3=CC=CC=C3)C(=O)O)C,0
TOXIC_1350,CN(N=O)C,1
TOXIC_3289,N#C,1
TOXIC_2405,C=O,1
SAFE_1439,CC1=CN=C(C(=C1OC)C)CS(=O)C2=NC3=C(N2)C=C(C=C3)OC,0
SAFE_1541,C(=O)(N)N,0
TOXIC_2513,ClC(Cl)Cl,1
TOXIC_4031,CCN(CC)C(=S)SSC(=S)N(CC)CC,1
TOXIC_4424,CC(C)OP(=O)(C)F,1
TOXIC_620,[Pb],1
SAFE_4990,C(C(CO)O)O,0
SAFE_2698,C1CC(N(C1)C(=O)C(CC2=CC=CC=C2)NC(=O)C(CC3=CC=CC=C3)N)C(=O)O,0
SAFE_28,C1CC(N(C1)C(=O)C(CC2=CC=CC=C2)NC(=O)C(CC3=CC=CC=C3)N)C(=O)O,0
TOXIC_4338,NN,1
SAFE_342,CC1(C(N2C(S1)C(C2=O)NC(=O)CC3=CC=CC=C3)C(=O)O)C,0
TOXIC_4386,NN,1
SAFE_1242,CC1(C(N2C(S1)C(C2=O)NC(=O)CC3=CC=CC=C3)C(=O)O)C,0
TOXIC_1403,[Hg],1
TOXIC_1609,N#C,1
SAFE_567,CC1(C(N2C(S1)C(C2=O)NC(=O)CC3=CC=CC=C3)C(=O)O)C,0
TOXIC_4834,NN,1
TOXIC_4909,CC1=CC=C(C=C1)C2=CC(=NN2C3=CC=C(C=C3)S(=O)(=O)C)C(F)(F)F,1
TOXIC_2819,c1ccccc1,1
TOXIC_1990,CN(N=O)C,1
TOXIC_1454,CC1=CC=C(C=C1)C(=O)NC2=CC=CC=C2,1
TOXIC_2978,NN,1
SAFE_4055,CN(C)C(=N)N,0
TOXIC_3504,ClC(Cl)(Cl)Cl,1
SAFE_3008,C(C1C(C(C(C(O1)O)O)O)O)O,0
SAFE_2284,COC1=CC=C(C=C1)C(C)C(=O)O,0
TOXIC_396,[Pb],1
TOXIC_2838,CN(N=O)C,1
TOXIC_1370,O=[As]O[As]=O,1
TOXIC_3758,CC1=CC=C(C=C1)C(=O)NC2=CC=CC=C2,1
SAFE_1583,C(C1C(C(C(C(O1)O)O)O)O)O,0
SAFE_2157,CC1(C(N2C(S1)C(C2=O)NC(=O)CC3=CC=CC=C3)C(=O)O)C,0
SAFE_617,CC(C)CC1=CC=C(C=C1)C(C)C(=O)O,0
SAFE_3386,C(=O)(N)N,0
TOXIC_2432,ClC(Cl)(Cl)Cl,1
TOXIC_1389,CC1=CC=C(C=C1)C2=CC(=NN2C3=CC=C(C=C3)S(=O)(=O)C)C(F)(F)F,1
SAFE_2149,COC1=CC=C(C=C1)C(C)C(=O)O,0
SAFE_4271,C(=O)(N)N,0
TOXIC_4824,CC(C)OP(=O)(C)F,1
TOXIC_4055,CCOP(=S)(OCC)Oc1ccc(cc1)[N+](=O)[O-],1
TOXIC_1487,CCN(CC)C(=S)SSC(=S)N(CC)CC,1
TOXIC_3271,CCOP(=S)(OCC)Oc1ccc(cc1)[N+](=O)[O-],1
SAFE_336,CCO,0
SAFE_855,CC(=O)OC1=CC=CC=C1C(=O)O,0
SAFE_4606,CC(=O)NC1=CC=C(O)C=C1,0
SAFE_2489,CC1=CN=C(C(=C1OC)C)CS(=O)C2=NC3=C(N2)C=C(C=C3)OC,0
SAFE_2958,CN1C=NC2=C1C(=O)N(C(=O)N2C)C,0
SAFE_1447,C(C(=O)O)N,0
TOXIC_3608,CC(C)OP(=O)(C)F,1
SAFE_409,COC1=CC=C(C=C1)C(C)C(=O)O,0
SAFE_3618,CN1C=NC2=C1C(=O)N(C(=O)N2C)C,0
TOXIC_664,CC(C)OP(=O)(C)F,1
SAFE_3976,CC(=O)NC1=CC=C(O)C=C1,0
SAFE_3550,C(C(CO)O)O,0
SAFE_3992,CC(C)CC1=CC=C(C=C1)C(C)C(=O)O,0
SAFE_2517,CC1(C(N2C(S1)C(C2=O)NC(=O)CC3=CC=CC=C3)C(=O)O)C,0
SAFE_841,CC(=O)NC1=CC=C(O)C=C1,0
TOXIC_3966,CC1=CC=C(C=C1)C(=O)NC2=CC=CC=C2,1
TOXIC_2128,ClC(Cl)(Cl)Cl,1
SAFE_2771,C(=O)(N)N,0
SAFE_1238,C(C1C(C(C(C(O1)O)O)O)O)O,0
TOXIC_274,NN,1
TOXIC_755,c1ccccc1,1
SAFE_477,CC1(C(N2C(S1)C(C2=O)NC(=O)CC3=CC=CC=C3)C(=O)O)C,0
TOXIC_2839,CCOP(=S)(OCC)Oc1ccc(cc1)[N+](=O)[O-],1
SAFE_4870,C(C(CO)O)O,0
TOXIC_2751,CCN(CC)C(=S)SSC(=S)N(CC)CC,1
TOXIC_1638,CN(N=O)C,1
TOXIC_4923,[Hg],1
TOXIC_1329,ClC(Cl)Cl,1
TOXIC_1752,CC(C)OP(=O)(C)F,1
TOXIC_1639,CCOP(=S)(OCC)Oc1ccc(cc1)[N+](=O)[O-],1
TOXIC_725,C=O,1
SAFE_2039,CC1=CN=C(C(=C1OC)C)CS(=O)C2=NC3=C(N2)C=C(C=C3)OC,0
TOXIC_4940,[Pb],1
TOXIC_4191,CCN(CC)C(=S)SSC(=S)N(CC)CC,1
SAFE_603,CN1C=NC2=C1C(=O)N(C(=O)N2C)C,0
TOXIC_4740,ClC=C,1
SAFE_4519,COC1=CC=C(C=C1)C(C)C(=O)O,0
TOXIC_2330,O=[As]O[As]=O,1
TOXIC_1115,[Hg],1
SAFE_3032,CC(C)CC1=CC=C(C=C1)C(C)C(=O)O,0
TOXIC_964,ClC=C,1
SAFE_2317,C(C(=O)O)N,0
SAFE_3954,CC(=O)O,0
TOXIC_2835,c1ccccc1,1
TOXIC_2525,CC1=CC=C(C=C1)C2=CC(=NN2C3=CC=C(C=C3)S(=O)(=O)C)C(F)(F)F,1
SAFE_3209,CC1=CN=C(C(=C1OC)C)CS(=O)C2=NC3=C(N2)C=C(C=C3)OC,0
TOXIC_2003,c1ccccc1,1
SAFE_278,C(C1C(C(C(C(O1)O)O)O)O)O,0
TOXIC_1971,c1ccccc1,1
SAFE_3393,CN1C=NC2=C1C(=O)N(C(=O)N2C)C,0
TOXIC_3055,CCN(CC)C(=S)SSC(=S)N(CC)CC,1
TOXIC_1653,C=O,1
TOXIC_1304,CC(C)OP(=O)(C)F,1
TOXIC_4879,CCN(CC)C(=S)SSC(=S)N(CC)CC,1
TOXIC_1782,CN(N=O)C,1
TOXIC_4906,O=[As]O[As]=O,1
SAFE_169,COC1=CC=C(C=C1)C(C)C(=O)O,0
SAFE_1868,C(C1C(C(C(C(O1)O)O)O)O)O,0
SAFE_913,C1CC(N(C1)C(=O)C(CC2=CC=CC=C2)NC(=O)C(CC3=CC=CC=C3)N)C(=O)O,0
SAFE_2764,COC1=CC=C(C=C1)C(C)C(=O)O,0
SAFE_4534,COC1=CC=C(C=C1)C(C)C(=O)O,0
SAFE_2540,CN(C)C(=N)N,0
SAFE_467,CC(C)CC1=CC=C(C=C1)C(C)C(=O)O,0
SAFE_4480,C(C(CO)O)O,0
TOXIC_4382,CC1=CC=C(C=C1)C(=O)NC2=CC=CC=C2,1
SAFE_4883,C(C1C(C(C(C(O1)O)O)O)O)O,0
SAFE_211,CC(=O)NC1=CC=C(O)C=C1,0
SAFE_291,CCO,0
SAFE_966,CCO,0
TOXIC_2792,CC(C)OP(=O)(C)F,1
SAFE_2352,CC1(C(N2C(S1)C(C2=O)NC(=O)CC3=CC=CC=C3)C(=O)O)C,0
SAFE_1830,CC(=O)OC1=CC=CC=C1C(=O)O,0
SAFE_3471,CCO,0
SAFE_427,C(C(=O)O)N,0
SAFE_2313,CN1C=NC2=C1C(=O)N(C(=O)N2C)C,0
TOXIC_2963,c1ccccc1,1
SAFE_201,CCO,0
TOXIC_1605,C=O,1
SAFE_3204,CC(=O)O,0
TOXIC_1618,NN,1
TOXIC_3096,CC(C)OP(=O)(C)F,1
TOXIC_4553,N#C,1
SAFE_2011,CC(=O)NC1=CC=C(O)C=C1,0
TOXIC_817,ClC(Cl)Cl,1
SAFE_2818,C1CC(N(C1)C(=O)C(CC2=CC=CC=C2)NC(=O)C(CC3=CC=CC=C3)N)C(=O)O,0
TOXIC_715,[Hg],1
TOXIC_4921,N#C,1
SAFE_3650,CN(C)C(=N)N,0
SAFE_613,C1CC(N(C1)C(=O)C(CC2=CC=CC=C2)NC(=O)C(CC3=CC=CC=C3)N)C(=O)O,0
SAFE_2428,C1CC(N(C1)C(=O)C(CC2=CC=CC=C2)NC(=O)C(CC3=CC=CC=C3)N)C(=O)O,0
SAFE_3711,CCO,0
TOXIC_4583,CCOP(=S)(OCC)Oc1ccc(cc1)[N+](=O)[O-],1
SAFE_2020,C(C(CO)O)O,0
SAFE_3605,CN(C)C(=N)N,0
SAFE_4125,CC(=O)OC1=CC=CC=C1C(=O)O,0
SAFE_2373,CN1C=NC2=C1C(=O)N(C(=O)N2C)C,0
TOXIC_863,CCN(CC)C(=S)SSC(=S)N(CC)CC,1
TOXIC_198,CN(N=O)C,1
TOXIC_679,CCOP(=S)(OCC)Oc1ccc(cc1)[N+](=O)[O-],1
SAFE_3181,CC(=O)NC1=CC=C(O)C=C1,0
SAFE_1580,CN(C)C(=N)N,0
SAFE_2810,CN(C)C(=N)N,0
SAFE_3485,CN(C)C(=N)N,0
TOXIC_2840,CC(C)OP(=O)(C)F,1
TOXIC_4605,CC1=CC=C(C=C1)C2=CC(=NN2C3=CC=C(C=C3)S(=O)(=O)C)C(F)(F)F,1
SAFE_3543,CN1C=NC2=C1C(=O)N(C(=O)N2C)C,0
TOXIC_3893,C=O,1
SAFE_2350,C(C(CO)O)O,0
TOXIC_1420,[Pb],1
SAFE_4771,CC(=O)NC1=CC=C(O)C=C1,0
SAFE_673,C1CC(N(C1)C(=O)C(CC2=CC=CC=C2)NC(=O)C(CC3=CC=CC=C3)N)C(=O)O,0
SAFE_860,CN(C)C(=N)N,0
TOXIC_3891,c1ccccc1,1
SAFE_271,CC(=O)NC1=CC=C(O)C=C1,0
TOXIC_4858,O=[As]O[As]=O,1
SAFE_2745,CC(=O)OC1=CC=CC=C1C(=O)O,0
TOXIC_4825,N#C,1
TOXIC_4310,CN(N=O)C,1
TOXIC_835,c1ccccc1,1
TOXIC_2822,CN(N=O)C,1
TOXIC_1234,NN,1
SAFE_4507,C(C(=O)O)N,0
TOXIC_1907,c1ccccc1,1
TOXIC_3078,CN(N=O)C,1
TOXIC_4771,c1ccccc1,1
TOXIC_1302,CN(N=O)C,1
SAFE_1951,CC(=O)NC1=CC=C(O)C=C1,0
TOXIC_3485,CC1=CC=C(C=C1)C2=CC(=NN2C3=CC=C(C=C3)S(=O)(=O)C)C(F)(F)F,1
SAFE_3990,CC(=O)OC1=CC=CC=C1C(=O)O,0
SAFE_3903,CN1C=NC2=C1C(=O)N(C(=O)N2C)C,0
SAFE_1696,CC(=O)NC1=CC=C(O)C=C1,0
TOXIC_2299,[Hg],1
TOXIC_787,c1ccccc1,1
SAFE_2,CC(C)CC1=CC=C(C=C1)C(C)C(=O)O,0
TOXIC_117,C=O,1
TOXIC_3438,CC1=CC=C(C=C1)C(=O)NC2=CC=CC=C2,1
TOXIC_3356,[Pb],1
TOXIC_2216,CC(C)OP(=O)(C)F,1
SAFE_2783,C(C1C(C(C(C(O1)O)O)O)O)O,0
TOXIC_4006,CN(N=O)C,1
SAFE_232,C(C(=O)O)N,0
SAFE_2741,C(=O)(N)N,0
SAFE_824,CC1=CN=C(C(=C1OC)C)CS(=O)C2=NC3=C(N2)C=C(C=C3)OC,0
TOXIC_1424,ClC(Cl)(Cl)Cl,1
SAFE_2270,CN(C)C(=N)N,0
SAFE_1874,CC1=CN=C(C(=C1OC)C)CS(=O)C2=NC3=C(N2)C=C(C=C3)OC,0
SAFE_3655,C(C(CO)O)O,0
TOXIC_226,NN,1
TOXIC_1427,c1ccccc1,1
SAFE_1154,CC1=CN=C(C(=C1OC)C)CS(=O)C2=NC3=C(N2)C=C(C=C3)OC,0
TOXIC_4523,[Hg],1
SAFE_944,CC1=CN=C(C(=C1OC)C)CS(=O)C2=NC3=C(N2)C=C(C=C3)OC,0
SAFE_2662,C(C(=O)O)N,0
TOXIC_2846,CC1=CC=C(C=C1)C(=O)NC2=CC=CC=C2,1
SAFE_2574,CC(=O)O,0
SAFE_549,CC(=O)O,0
TOXIC_3201,ClC(Cl)Cl,1
TOXIC_3456,ClC(Cl)(Cl)Cl,1
SAFE_47,CC(C)CC1=CC=C(C=C1)C(C)C(=O)O,0
SAFE_4027,C(C(=O)O)N,0
SAFE_1009,COC1=CC=C(C=C1)C(C)C(=O)O,0
SAFE_4258,C1CC(N(C1)C(=O)C(CC2=CC=CC=C2)NC(=O)C(CC3=CC=CC=C3)N)C(=O)O,0
TOXIC_604,[Pb],1
TOXIC_188,[Pb],1
SAFE_207,CC1(C(N2C(S1)C(C2=O)NC(=O)CC3=CC=CC=C3)C(=O)O)C,0
SAFE_3869,CC1=CN=C(C(=C1OC)C)CS(=O)C2=NC3=C(N2)C=C(C=C3)OC,0
SAFE_4161,CCO,0
TOXIC_316,[Pb],1
SAFE_268,C1CC(N(C1)C(=O)C(CC2=CC=CC=C2)NC(=O)C(CC3=CC=CC=C3)N)C(=O)O,0
SAFE_2208,CN1C=NC2=C1C(=O)N(C(=O)N2C)C,0
SAFE_475,C(C(CO)O)O,0
TOXIC_699,[Hg],1
SAFE_4101,CCO,0
TOXIC_3584,ClC(Cl)(Cl)Cl,1
SAFE_4861,CC(=O)NC1=CC=C(O)C=C1,0
TOXIC_4994,NN,1
SAFE_2871,CCO,0
SAFE_3795,CC(=O)OC1=CC=CC=C1C(=O)O,0
SAFE_1504,COC1=CC=C(C=C1)C(C)C(=O)O,0
SAFE_3206,C(=O)(N)N,0
TOXIC_4620,[Pb],1
TOXIC_772,ClC=C,1
SAFE_4875,CC(=O)OC1=CC=CC=C1C(=O)O,0
SAFE_717,CC1(C(N2C(S1)C(C2=O)NC(=O)CC3=CC=CC=C3)C(=O)O)C,0
SAFE_2606,C(=O)(N)N,0
TOXIC_3043,c1ccccc1,1
TOXIC_1346,NN,1
TOXIC_2255,CCN(CC)C(=S)SSC(=S)N(CC)CC,1
TOXIC_4653,CC1=CC=C(C=C1)C2=CC(=NN2C3=CC=C(C=C3)S(=O)(=O)C)C(F)(F)F,1
SAFE_4756,CC(=O)NC1=CC=C(O)C=C1,0
SAFE_4901,C(=O)(N)N,0
TOXIC_412,[Pb],1
SAFE_4751,C(=O)(N)N,0
TOXIC_4026,O=[As]O[As]=O,1
SAFE_1366,CC(=O)NC1=CC=C(O)C=C1,0
SAFE_2978,C(C1C(C(C(C(O1)O)O)O)O)O,0
TOXIC_304,ClC(Cl)(Cl)Cl,1
TOXIC_3920,ClC(Cl)(Cl)Cl,1
TOXIC_2355,c1ccccc1,1
TOXIC_3629,CC1=CC=C(C=C1)C2=CC(=NN2C3=CC=C(C=C3)S(=O)(=O)C)C(F)(F)F,1
TOXIC_1908,ClC=C,1
SAFE_4660,C(C(CO)O)O,0
TOXIC_2304,ClC(Cl)(Cl)Cl,1
TOXIC_4584,CC(C)OP(=O)(C)F,1
TOXIC_1400,CC(C)OP(=O)(C)F,1
TOXIC_567,CCOP(=S)(OCC)Oc1ccc(cc1)[N+](=O)[O-],1
SAFE_4963,C1CC(N(C1)C(=O)C(CC2=CC=CC=C2)NC(=O)C(CC3=CC=CC=C3)N)C(=O)O,0
TOXIC_3418,O=[As]O[As]=O,1
SAFE_1256,C(=O)(N)N,0
SAFE_1068,CN1C=NC2=C1C(=O)N(C(=O)N2C)C,0
TOXIC_3823,CCN(CC)C(=S)SSC(=S)N(CC)CC,1
SAFE_1401,CCO,0
SAFE_118,C1CC(N(C1)C(=O)C(CC2=CC=CC=C2)NC(=O)C(CC3=CC=CC=C3)N)C(=O)O,0
SAFE_2877,CC1(C(N2C(S1)C(C2=O)NC(=O)CC3=CC=CC=C3)C(=O)O)C,0
TOXIC_3596,[Pb],1
TOXIC_1150,CC1=CC=C(C=C1)C(=O)NC2=CC=CC=C2,1
SAFE_4715,CN(C)C(=N)N,0
TOXIC_276,ClC=C,1
SAFE_1112,CC(C)CC1=CC=C(C=C1)C(C)C(=O)O,0
SAFE_4590,CC(=O)OC1=CC=CC=C1C(=O)O,0
SAFE_253,C1CC(N(C1)C(=O)C(CC2=CC=CC=C2)NC(=O)C(CC3=CC=CC=C3)N)C(=O)O,0
SAFE_4198,C1CC(N(C1)C(=O)C(CC2=CC=CC=C2)NC(=O)C(CC3=CC=CC=C3)N)C(=O)O,0
TOXIC_4931,c1ccccc1,1
SAFE_596,C(=O)(N)N,0
SAFE_3841,CC(=O)NC1=CC=C(O)C=C1,0
TOXIC_1625,N#C,1
TOXIC_1496,CC(C)OP(=O)(C)F,1
TOXIC_2435,c1ccccc1,1
TOXIC_1775,CCN(CC)C(=S)SSC(=S)N(CC)CC,1
TOXIC_354,NN,1
TOXIC_844,[Pb],1
TOXIC_4723,c1ccccc1,1
SAFE_2520,CC(=O)OC1=CC=CC=C1C(=O)O,0
TOXIC_4436,ClC=C,1
TOXIC_4091,[Hg],1
TOXIC_3886,CC1=CC=C(C=C1)C(=O)NC2=CC=CC=C2,1
TOXIC_1772,[Pb],1
TOXIC_1360,ClC(Cl)(Cl)Cl,1
SAFE_561,CCO,0
SAFE_1200,CC(=O)OC1=CC=CC=C1C(=O)O,0
SAFE_4080,CC(=O)OC1=CC=CC=C1C(=O)O,0
SAFE_4807,C(C(=O)O)N,0
SAFE_356,C(=O)(N)N,0
TOXIC_4172,[Pb],1
SAFE_4908,CN1C=NC2=C1C(=O)N(C(=O)N2C)C,0
SAFE_2717,CC(C)CC1=CC=C(C=C1)C(C)C(=O)O,0
SAFE_2814,CC(=O)O,0
SAFE_2930,CN(C)C(=N)N,0
SAFE_1125,CC(=O)OC1=CC=CC=C1C(=O)O,0
SAFE_4314,CC(=O)O,0
TOXIC_2307,c1ccccc1,1
SAFE_3131,C(=O)(N)N,0
TOXIC_3543,CCOP(=S)(OCC)Oc1ccc(cc1)[N+](=O)[O-],1
SAFE_2083,C1CC(N(C1)C(=O)C(CC2=CC=CC=C2)NC(=O)C(CC3=CC=CC=C3)N)C(=O)O,0
TOXIC_4783,CCN(CC)C(=S)SSC(=S)N(CC)CC,1
TOXIC_4179,c1ccccc1,1
SAFE_3530,CN(C)C(=N)N,0
SAFE_4037,CC(C)CC1=CC=C(C=C1)C(C)C(=O)O,0
TOXIC_4404,ClC=C,1
SAFE_3677,CC(C)CC1=CC=C(C=C1)C(C)C(=O)O,0
SAFE_2335,C(C(CO)O)O,0
TOXIC_4003,c1ccccc1,1
TOXIC_4560,ClC(Cl)(Cl)Cl,1
SAFE_1376,C(=O)(N)N,0
SAFE_2947,C(C(=O)O)N,0
TOXIC_1310,CC1=CC=C(C=C1)C(=O)NC2=CC=CC=C2,1
TOXIC_4665,N#C,1
SAFE_3140,CN(C)C(=N)N,0
SAFE_4975,C(C(CO)O)O,0
SAFE_90,CC(=O)OC1=CC=CC=C1C(=O)O,0
TOXIC_3141,C=O,1
SAFE_1597,C(C(=O)O)N,0
SAFE_2715,CC(=O)OC1=CC=CC=C1C(=O)O,0
SAFE_1216,CC(=O)NC1=CC=C(O)C=C1,0
TOXIC_757,C=O,1
SAFE_520,C(C(CO)O)O,0
SAFE_3581,C(=O)(N)N,0
TOXIC_1355,[Hg],1
TOXIC_504,CC(C)OP(=O)(C)F,1
SAFE_3669,CC(=O)O,0
SAFE_27,CC1(C(N2C(S1)C(C2=O)NC(=O)CC3=CC=CC=C3)C(=O)O)C,0
TOXIC_282,O=[As]O[As]=O,1
TOXIC_1951,CCN(CC)C(=S)SSC(=S)N(CC)CC,1
SAFE_4729,COC1=CC=C(C=C1)C(C)C(=O)O,0
SAFE_1573,C1CC(N(C1)C(=O)C(CC2=CC=CC=C2)NC(=O)C(CC3=CC=CC=C3)N)C(=O)O,0
TOXIC_4344,CC(C)OP(=O)(C)F,1
SAFE_615,CC(=O)OC1=CC=CC=C1C(=O)O,0
TOXIC_1793,ClC(Cl)Cl,1
SAFE_2843,C(C1C(C(C(C(O1)O)O)O)O)O,0
TOXIC_2588,[Pb],1
TOXIC_4643,c1ccccc1,1
TOXIC_2657,ClC(Cl)Cl,1
SAFE_1381,CC(=O)NC1=CC=C(O)C=C1,0
TOXIC_3217,ClC(Cl)Cl,1
SAFE_4252,C(C(=O)O)N,0
SAFE_84,CC(=O)O,0
SAFE_3623,C(C1C(C(C(C(O1)O)O)O)O)O,0
TOXIC_1957,C=O,1
TOXIC_1125,C=O,1
TOXIC_112,ClC(Cl)(Cl)Cl,1
TOXIC_2737,ClC(Cl)Cl,1
SAFE_2750,CN(C)C(=N)N,0
SAFE_1384,COC1=CC=C(C=C1)C(C)C(=O)O,0
SAFE_4236,CCO,0
TOXIC_1001,N#C,1
SAFE_1501,CC(=O)NC1=CC=C(O)C=C1,0
TOXIC_546,NN,1
SAFE_4374,CC(=O)O,0
SAFE_4646,C(=O)(N)N,0
TOXIC_1719,CCOP(=S)(OCC)Oc1ccc(cc1)[N+](=O)[O-],1
TOXIC_2874,O=[As]O[As]=O,1
TOXIC_2649,N#C,1
SAFE_1538,C(C1C(C(C(C(O1)O)O)O)O)O,0
SAFE_799,COC1=CC=C(C=C1)C(C)C(=O)O,0
SAFE_4451,C(=O)(N)N,0
SAFE_1674,CC(=O)O,0
SAFE_2380,C(C(CO)O)O,0
TOXIC_1949,CC1=CC=C(C=C1)C2=CC(=NN2C3=CC=C(C=C3)S(=O)(=O)C)C(F)(F)F,1
TOXIC_729,N#C,1
TOXIC_1405,CC1=CC=C(C=C1)C2=CC(=NN2C3=CC=C(C=C3)S(=O)(=O)C)C(F)(F)F,1
TOXIC_4314,O=[As]O[As]=O,1
SAFE_3786,CCO,0
SAFE_4140,CC(=O)OC1=CC=CC=C1C(=O)O,0
TOXIC_4795,[Hg],1
SAFE_2206,CC(=O)NC1=CC=C(O)C=C1,0
SAFE_4525,C(C(CO)O)O,0
TOXIC_2853,C=O,1
SAFE_3397,C(C(=O)O)N,0
TOXIC_1695,CCN(CC)C(=S)SSC(=S)N(CC)CC,1
TOXIC_2069,C=O,1
SAFE_2222,CC(C)CC1=CC=C(C=C1)C(C)C(=O)O,0
SAFE_4746,CCO,0
TOXIC_1261,CC1=CC=C(C=C1)C2=CC(=NN2C3=CC=C(C=C3)S(=O)(=O)C)C(F)(F)F,1
SAFE_1056,CCO,0
SAFE_3707,CC(C)CC1=CC=C(C=C1)C(C)C(=O)O,0
TOXIC_1886,CC1=CC=C(C=C1)C(=O)NC2=CC=CC=C2,1
TOXIC_2274,NN,1
SAFE_3061,CC(=O)NC1=CC=C(O)C=C1,0
SAFE_3964,COC1=CC=C(C=C1)C(C)C(=O)O,0
TOXIC_1033,N#C,1
SAFE_2074,COC1=CC=C(C=C1)C(C)C(=O)O,0
SAFE_686,C(=O)(N)N,0
SAFE_1455,CC(=O)OC1=CC=CC=C1C(=O)O,0
TOXIC_4468,ClC=C,1
SAFE_1229,CC1=CN=C(C(=C1OC)C)CS(=O)C2=NC3=C(N2)C=C(C=C3)OC,0
TOXIC_3444,ClC=C,1
SAFE_2403,CN1C=NC2=C1C(=O)N(C(=O)N2C)C,0
TOXIC_4846,CC1=CC=C(C=C1)C(=O)NC2=CC=CC=C2,1
SAFE_4009,COC1=CC=C(C=C1)C(C)C(=O)O,0
SAFE_1277,CC(C)CC1=CC=C(C=C1)C(C)C(=O)O,0
TOXIC_2719,CCN(CC)C(=S)SSC(=S)N(CC)CC,1
SAFE_643,C1CC(N(C1)C(=O)C(CC2=CC=CC=C2)NC(=O)C(CC3=CC=CC=C3)N)C(=O)O,0
SAFE_1751,C(=O)(N)N,0
TOXIC_2542,CC1=CC=C(C=C1)C(=O)NC2=CC=CC=C2,1
TOXIC_1267,c1ccccc1,1
TOXIC_3953,ClC(Cl)Cl,1
TOXIC_529,ClC(Cl)Cl,1
TOXIC_4366,CC1=CC=C(C=C1)C(=O)NC2=CC=CC=C2,1
SAFE_2453,C(C1C(C(C(C(O1)O)O)O)O)O,0
TOXIC_646,CN(N=O)C,1
TOXIC_235,[Hg],1
SAFE_1359,CC(=O)O,0
SAFE_1282,C(C(=O)O)N,0
TOXIC_1263,CCN(CC)C(=S)SSC(=S)N(CC)CC,1
SAFE_2175,CC(=O)OC1=CC=CC=C1C(=O)O,0
SAFE_121,CC(=O)NC1=CC=C(O)C=C1,0
TOXIC_1185,ClC(Cl)Cl,1
TOXIC_1352,CC(C)OP(=O)(C)F,1
TOXIC_7,CCOP(=S)(OCC)Oc1ccc(cc1)[N+](=O)[O-],1
TOXIC_694,CN(N=O)C,1
SAFE_3544,COC1=CC=C(C=C1)C(C)C(=O)O,0
TOXIC_4434,NN,1
TOXIC_4239,CCN(CC)C(=S)SSC(=S)N(CC)CC,1
TOXIC_1587,c1ccccc1,1
TOXIC_496,ClC(Cl)(Cl)Cl,1
TOXIC_4889,N#C,1
TOXIC_3607,CCOP(=S)(OCC)Oc1ccc(cc1)[N+](=O)[O-],1
TOXIC_3221,C=O,1
SAFE_2955,CC(=O)OC1=CC=CC=C1C(=O)O,0
SAFE_196,CC(=O)NC1=CC=C(O)C=C1,0
SAFE_2019,CC(=O)O,0
TOXIC_1435,[Hg],1
SAFE_297,CC1(C(N2C(S1)C(C2=O)NC(=O)CC3=CC=CC=C3)C(=O)O)C,0
TOXIC_858,O=[As]O[As]=O,1
SAFE_68,C(C1C(C(C(C(O1)O)O)O)O)O,0
SAFE_4810,C(C(CO)O)O,0
TOXIC_2954,O=[As]O[As]=O,1
SAFE_4241,C(=O)(N)N,0
SAFE_2044,COC1=CC=C(C=C1)C(C)C(=O)O,0
SAFE_550,C(C(CO)O)O,0
TOXIC_265,N#C,1
TOXIC_21,C=O,1
SAFE_2196,CCO,0
SAFE_1734,CC(=O)O,0
SAFE_705,CC(=O)OC1=CC=CC=C1C(=O)O,0
SAFE_3248,C(C1C(C(C(C(O1)O)O)O)O)O,0
TOXIC_1182,CC1=CC=C(C=C1)C(=O)NC2=CC=CC=C2,1
SAFE_1408,C1CC(N(C1)C(=O)C(CC2=CC=CC=C2)NC(=O)C(CC3=CC=CC=C3)N)C(=O)O,0
SAFE_1930,C(C(CO)O)O,0
TOXIC_899,c1ccccc1,1
TOXIC_1285,C=O,1
TOXIC_1480,CC(C)OP(=O)(C)F,1
TOXIC_2970,O=[As]O[As]=O,1
SAFE_3052,C(C(=O)O)N,0
TOXIC_2660,ClC=C,1
TOXIC_1806,CC1=CC=C(C=C1)C(=O)NC2=CC=CC=C2,1
TOXIC_2132,ClC=C,1
SAFE_1198,C1CC(N(C1)C(=O)C(CC2=CC=CC=C2)NC(=O)C(CC3=CC=CC=C3)N)C(=O)O,0
TOXIC_4150,CN(N=O)C,1
SAFE_4799,CC1=CN=C(C(=C1OC)C)CS(=O)C2=NC3=C(N2)C=C(C=C3)OC,0
TOXIC_4746,O=[As]O[As]=O,1
TOXIC_1801,N#C,1
SAFE_1514,CC1=CN=C(C(=C1OC)C)CS(=O)C2=NC3=C(N2)C=C(C=C3)OC,0
SAFE_952,C(C(=O)O)N,0
SAFE_3963,CN1C=NC2=C1C(=O)N(C(=O)N2C)C,0
SAFE_4584,CC(=O)O,0
TOXIC_2278,CN(N=O)C,1
SAFE_149,CC1=CN=C(C(=C1OC)C)CS(=O)C2=NC3=C(N2)C=C(C=C3)OC,0
SAFE_1192,C(C(=O)O)N,0
TOXIC_2671,CCN(CC)C(=S)SSC(=S)N(CC)CC,1
TOXIC_2078,CC1=CC=C(C=C1)C(=O)NC2=CC=CC=C2,1
SAFE_473,C(C1C(C(C(C(O1)O)O)O)O)O,0
SAFE_1450,C(C(CO)O)O,0
TOXIC_3538,NN,1
SAFE_3214,COC1=CC=C(C=C1)C(C)C(=O)O,0
TOXIC_3812,ClC=C,1
SAFE_244,COC1=CC=C(C=C1)C(C)C(=O)O,0
SAFE_1643,C(C1C(C(C(C(O1)O)O)O)O)O,0
SAFE_4390,C(C(CO)O)O,0
SAFE_3448,C1CC(N(C1)C(=O)C(CC2=CC=CC=C2)NC(=O)C(CC3=CC=CC=C3)N)C(=O)O,0
SAFE_758,C(C1C(C(C(C(O1)O)O)O)O)O,0
TOXIC_2062,CC1=CC=C(C=C1)C(=O)NC2=CC=CC=C2,1
SAFE_2572,C(C(=O)O)N,0
SAFE_1015,C(C(CO)O)O,0
TOXIC_3373,CC1=CC=C(C=C1)C2=CC(=NN2C3=CC=C(C=C3)S(=O)(=O)C)C(F)(F)F,1
SAFE_2672,CC(C)CC1=CC=C(C=C1)C(C)C(=O)O,0
TOXIC_3696,ClC(Cl)(Cl)Cl,1
SAFE_3656,C(=O)(N)N,0
SAFE_933,CN1C=NC2=C1C(=O)N(C(=O)N2C)C,0
TOXIC_3984,ClC(Cl)(Cl)Cl,1
TOXIC_379,[Hg],1
TOXIC_1524,ClC=C,1
SAFE_3851,C(=O)(N)N,0
TOXIC_3309,CC1=CC=C(C=C1)C2=CC(=NN2C3=CC=C(C=C3)S(=O)(=O)C)C(F)(F)F,1
SAFE_4812,CC1(C(N2C(S1)C(C2=O)NC(=O)CC3=CC=CC=C3)C(=O)O)C,0
SAFE_4086,CCO,0
TOXIC_2545,ClC(Cl)Cl,1
SAFE_3846,CCO,0
SAFE_953,C(C1C(C(C(C(O1)O)O)O)O)O,0
SAFE_3553,C1CC(N(C1)C(=O)C(CC2=CC=CC=C2)NC(=O)C(CC3=CC=CC=C3)N)C(=O)O,0
TOXIC_3539,c1ccccc1,1
SAFE_4129,COC1=CC=C(C=C1)C(C)C(=O)O,0
TOXIC_3482,O=[As]O[As]=O,1
SAFE_2106,CCO,0
TOXIC_512,ClC(Cl)(Cl)Cl,1
TOXIC_3686,CN(N=O)C,1
SAFE_3187,C(C(=O)O)N,0
SAFE_257,CC(C)CC1=CC=C(C=C1)C(C)C(=O)O,0
TOXIC_2251,[Hg],1
TOXIC_1683,c1ccccc1,1
SAFE_2237,CC(C)CC1=CC=C(C=C1)C(C)C(=O)O,0
TOXIC_982,CN(N=O)C,1
SAFE_4858,C1CC(N(C1)C(=O)C(CC2=CC=CC=C2)NC(=O)C(CC3=CC=CC=C3)N)C(=O)O,0
SAFE_3855,CC(=O)OC1=CC=CC=C1C(=O)O,0
TOXIC_1986,NN,1
SAFE_377,CC(C)CC1=CC=C(C=C1)C(C)C(=O)O,0
SAFE_2922,CC1(C(N2C(S1)C(C2=O)NC(=O)CC3=CC=CC=C3)C(=O)O)C,0
SAFE_1503,CN1C=NC2=C1C(=O)N(C(=O)N2C)C,0
SAFE_1893,CN1C=NC2=C1C(=O)N(C(=O)N2C)C,0
TOXIC_1507,c1ccccc1,1
SAFE_1699,COC1=CC=C(C=C1)C(C)C(=O)O,0
TOXIC_3202,NN,1
SAFE_1882,C(C(=O)O)N,0
TOXIC_2308,ClC=C,1
TOXIC_2231,CCOP(=S)(OCC)Oc1ccc(cc1)[N+](=O)[O-],1
TOXIC_4278,CN(N=O)C,1
SAFE_18,CN1C=NC2=C1C(=O)N(C(=O)N2C)C,0
TOXIC_2894,CC1=CC=C(C=C1)C(=O)NC2=CC=CC=C2,1
TOXIC_4269,CC1=CC=C(C=C1)C2=CC(=NN2C3=CC=C(C=C3)S(=O)(=O)C)C(F)(F)F,1
SAFE_2418,CN1C=NC2=C1C(=O)N(C(=O)N2C)C,0
SAFE_2398,C1CC(N(C1)C(=O)C(CC2=CC=CC=C2)NC(=O)C(CC3=CC=CC=C3)N)C(=O)O,0
SAFE_4537,C(C(=O)O)N,0
SAFE_4971,CCO,0
SAFE_631,CC(=O)NC1=CC=C(O)C=C1,0
SAFE_141,CCO,0
SAFE_548,C(C1C(C(C(C(O1)O)O)O)O)O,0
TOXIC_1081,N#C,1
SAFE_4088,C(C1C(C(C(C(O1)O)O)O)O)O,0
SAFE_2241,CCO,0
SAFE_3982,C(C(=O)O)N,0
SAFE_379,COC1=CC=C(C=C1)C(C)C(=O)O,0
SAFE_982,C(C(=O)O)N,0
SAFE_3666,CCO,0
TOXIC_4047,CCN(CC)C(=S)SSC(=S)N(CC)CC,1
SAFE_2677,C(C(=O)O)N,0
SAFE_1196,C(=O)(N)N,0
TOXIC_1566,CC1=CC=C(C=C1)C(=O)NC2=CC=CC=C2,1
TOXIC_3422,CC1=CC=C(C=C1)C(=O)NC2=CC=CC=C2,1
SAFE_1328,C(C1C(C(C(C(O1)O)O)O)O)O,0
SAFE_1355,CN(C)C(=N)N,0
TOXIC_1147,[Hg],1
SAFE_4779,CC(=O)O,0
SAFE_1569,CC(=O)O,0
TOXIC_1724,[Pb],1
SAFE_4191,CCO,0
TOXIC_2610,NN,1
SAFE_328,C1CC(N(C1)C(=O)C(CC2=CC=CC=C2)NC(=O)C(CC3=CC=CC=C3)N)C(=O)O,0
TOXIC_3877,C=O,1
SAFE_1765,C(C(CO)O)O,0
SAFE_2649,CC(=O)O,0
TOXIC_2077,CC1=CC=C(C=C1)C2=CC(=NN2C3=CC=C(C=C3)S(=O)(=O)C)C(F)(F)F,1
SAFE_599,CC1=CN=C(C(=C1OC)C)CS(=O)C2=NC3=C(N2)C=C(C=C3)OC,0
SAFE_1922,CC(C)CC1=CC=C(C=C1)C(C)C(=O)O,0
SAFE_1811,C(=O)(N)N,0
TOXIC_3314,NN,1
SAFE_1076,C(=O)(N)N,0
TOXIC_1128,CC(C)OP(=O)(C)F,1
SAFE_524,CC1=CN=C(C(=C1OC)C)CS(=O)C2=NC3=C(N2)C=C(C=C3)OC,0
SAFE_3447,CC1(C(N2C(S1)C(C2=O)NC(=O)CC3=CC=CC=C3)C(=O)O)C,0
SAFE_2595,CC(=O)OC1=CC=CC=C1C(=O)O,0
SAFE_3495,CC(=O)OC1=CC=CC=C1C(=O)O,0
SAFE_1602,CC1(C(N2C(S1)C(C2=O)NC(=O)CC3=CC=CC=C3)C(=O)O)C,0
TOXIC_1691,[Hg],1
SAFE_4907,CC(C)CC1=CC=C(C=C1)C(C)C(=O)O,0
SAFE_3756,CCO,0
TOXIC_4685,CC1=CC=C(C=C1)C2=CC(=NN2C3=CC=C(C=C3)S(=O)(=O)C)C(F)(F)F,1
SAFE_3116,C(=O)(N)N,0
SAFE_1492,C(C(=O)O)N,0
SAFE_2748,CN1C=NC2=C1C(=O)N(C(=O)N2C)C,0
TOXIC_1499,[Hg],1
TOXIC_2942,CC1=CC=C(C=C1)C(=O)NC2=CC=CC=C2,1
TOXIC_4423,CCOP(=S)(OCC)Oc1ccc(cc1)[N+](=O)[O-],1
TOXIC_2032,ClC(Cl)(Cl)Cl,1
TOXIC_433,ClC(Cl)Cl,1
TOXIC_647,CCOP(=S)(OCC)Oc1ccc(cc1)[N+](=O)[O-],1
SAFE_1297,C(C(=O)O)N,0
SAFE_4356,CCO,0
TOXIC_4517,C=O,1
SAFE_1052,CC(C)CC1=CC=C(C=C1)C(C)C(=O)O,0
SAFE_4023,CN1C=NC2=C1C(=O)N(C(=O)N2C)C,0
SAFE_646,CC(=O)NC1=CC=C(O)C=C1,0
TOXIC_3170,NN,1
TOXIC_1544,CC(C)OP(=O)(C)F,1
SAFE_1976,C(=O)(N)N,0
SAFE_1383,CN1C=NC2=C1C(=O)N(C(=O)N2C)C,0
SAFE_1098,CN1C=NC2=C1C(=O)N(C(=O)N2C)C,0
SAFE_2695,C(C(CO)O)O,0
SAFE_2901,CCO,0
TOXIC_585,N#C,1
TOXIC_1933,CC1=CC=C(C=C1)C2=CC(=NN2C3=CC=C(C=C3)S(=O)(=O)C)C(F)(F)F,1
SAFE_1435,C(C(CO)O)O,0
TOXIC_2755,c1ccccc1,1
TOXIC_1988,ClC=C,1
SAFE_3568,C1CC(N(C1)C(=O)C(CC2=CC=CC=C2)NC(=O)C(CC3=CC=CC=C3)N)C(=O)O,0
SAFE_2295,CC(=O)OC1=CC=CC=C1C(=O)O,0
TOXIC_1828,ClC=C,1
SAFE_2887,C(C(=O)O)N,0
SAFE_3404,CC1=CN=C(C(=C1OC)C)CS(=O)C2=NC3=C(N2)C=C(C=C3)OC,0
TOXIC_4623,CCN(CC)C(=S)SSC(=S)N(CC)CC,1
TOXIC_4752,ClC(Cl)(Cl)Cl,1
SAFE_3068,C(C1C(C(C(C(O1)O)O)O)O)O,0
SAFE_4927,C(C(=O)O)N,0
TOXIC_454,CN(N=O)C,1
SAFE_3977,CC(C)CC1=CC=C(C=C1)C(C)C(=O)O,0
SAFE_3499,COC1=CC=C(C=C1)C(C)C(=O)O,0
TOXIC_1409,ClC(Cl)Cl,1
SAFE_4396,CC(=O)NC1=CC=C(O)C=C1,0
TOXIC_3446,CN(N=O)C,1
SAFE_3862,C(C(=O)O)N,0
SAFE_3437,CC(C)CC1=CC=C(C=C1)C(C)C(=O)O,0
SAFE_1116,CCO,0
SAFE_497,CC(C)CC1=CC=C(C=C1)C(C)C(=O)O,0
SAFE_4890,CC(=O)OC1=CC=CC=C1C(=O)O,0
TOXIC_1015,CCOP(=S)(OCC)Oc1ccc(cc1)[N+](=O)[O-],1
SAFE_2891,C(=O)(N)N,0
SAFE_3307,C(C(=O)O)N,0
TOXIC_1401,N#C,1
SAFE_2528,C(C1C(C(C(C(O1)O)O)O)O)O,0
TOXIC_3129,N#C,1
TOXIC_1421,CC1=CC=C(C=C1)C2=CC(=NN2C3=CC=C(C=C3)S(=O)(=O)C)C(F)(F)F,1
SAFE_258,CN1C=NC2=C1C(=O)N(C(=O)N2C)C,0
TOXIC_3753,N#C,1
SAFE_429,CC(=O)O,0
TOXIC_14,CC1=CC=C(C=C1)C(=O)NC2=CC=CC=C2,1
SAFE_4692,CC1(C(N2C(S1)C(C2=O)NC(=O)CC3=CC=CC=C3)C(=O)O)C,0
SAFE_4444,COC1=CC=C(C=C1)C(C)C(=O)O,0
SAFE_358,C1CC(N(C1)C(=O)C(CC2=CC=CC=C2)NC(=O)C(CC3=CC=CC=C3)N)C(=O)O,0
SAFE_655,C(C(CO)O)O,0
TOXIC_4157,CC1=CC=C(C=C1)C2=CC(=NN2C3=CC=C(C=C3)S(=O)(=O)C)C(F)(F)F,1
SAFE_366,CCO,0
SAFE_4418,C(C1C(C(C(C(O1)O)O)O)O)O,0
SAFE_1513,C1CC(N(C1)C(=O)C(CC2=CC=CC=C2)NC(=O)C(CC3=CC=CC=C3)N)C(=O)O,0
TOXIC_1278,CC1=CC=C(C=C1)C(=O)NC2=CC=CC=C2,1
SAFE_3822,CC1(C(N2C(S1)C(C2=O)NC(=O)CC3=CC=CC=C3)C(=O)O)C,0
TOXIC_4968,CC(C)OP(=O)(C)F,1
TOXIC_2717,CC1=CC=C(C=C1)C2=CC(=NN2C3=CC=C(C=C3)S(=O)(=O)C)C(F)(F)F,1
SAFE_3934,COC1=CC=C(C=C1)C(C)C(=O)O,0
TOXIC_2031,CCN(CC)C(=S)SSC(=S)N(CC)CC,1
TOXIC_614,CN(N=O)C,1
TOXIC_2966,CN(N=O)C,1
TOXIC_739,c1ccccc1,1
SAFE_2100,CC(=O)OC1=CC=CC=C1C(=O)O,0
TOXIC_3460,ClC=C,1
TOXIC_2988,[Pb],1
SAFE_2811,CCO,0
TOXIC_684,[Pb],1
SAFE_4256,C(=O)(N)N,0
SAFE_2327,CC(C)CC1=CC=C(C=C1)C(C)C(=O)O,0
SAFE_4411,CC(=O)NC1=CC=C(O)C=C1,0
TOXIC_2723,c1ccccc1,1
SAFE_1067,CC(C)CC1=CC=C(C=C1)C(C)C(=O)O,0
TOXIC_2715,[Hg],1
TOXIC_3354,O=[As]O[As]=O,1
TOXIC_4025,N#C,1
SAFE_2450,CN(C)C(=N)N,0
TOXIC_2072,CC(C)OP(=O)(C)F,1
TOXIC_3471,CCN(CC)C(=S)SSC(=S)N(CC)CC,1
TOXIC_1336,CC(C)OP(=O)(C)F,1
SAFE_3730,C(C(CO)O)O,0
TOXIC_2775,CCOP(=S)(OCC)Oc1ccc(cc1)[N+](=O)[O-],1
SAFE_974,CC1=CN=C(C(=C1OC)C)CS(=O)C2=NC3=C(N2)C=C(C=C3)OC,0
TOXIC_133,C=O,1
TOXIC_2460,[Pb],1
TOXIC_3967,CCN(CC)C(=S)SSC(=S)N(CC)CC,1
SAFE_4251,CCO,0
TOXIC_2949,C=O,1
TOXIC_3622,CN(N=O)C,1
TOXIC_4639,CCN(CC)C(=S)SSC(=S)N(CC)CC,1
TOXIC_4351,CCN(CC)C(=S)SSC(=S)N(CC)CC,1
TOXIC_4435,c1ccccc1,1
TOXIC_746,O=[As]O[As]=O,1
SAFE_2017,C(C(=O)O)N,0
SAFE_1814,CC1=CN=C(C(=C1OC)C)CS(=O)C2=NC3=C(N2)C=C(C=C3)OC,0
SAFE_4737,CC1(C(N2C(S1)C(C2=O)NC(=O)CC3=CC=CC=C3)C(=O)O)C,0
TOXIC_1750,CN(N=O)C,1
TOXIC_1622,CN(N=O)C,1
SAFE_2080,C(C(CO)O)O,0
TOXIC_1832,CC(C)OP(=O)(C)F,1
SAFE_4589,CC1=CN=C(C(=C1OC)C)CS(=O)C2=NC3=C(N2)C=C(C=C3)OC,0
SAFE_3577,C(C(=O)O)N,0
SAFE_1551,CCO,0
TOXIC_1560,CC(C)OP(=O)(C)F,1
TOXIC_256,ClC(Cl)(Cl)Cl,1
SAFE_2665,C(C(CO)O)O,0
TOXIC_4717,CC1=CC=C(C=C1)C2=CC(=NN2C3=CC=C(C=C3)S(=O)(=O)C)C(F)(F)F,1
TOXIC_641,ClC(Cl)Cl,1
TOXIC_4309,C=O,1
SAFE_4475,CN(C)C(=N)N,0
TOXIC_1763,c1ccccc1,1
TOXIC_1874,NN,1
TOXIC_1893,C=O,1
TOXIC_3777,ClC(Cl)Cl,1
TOXIC_4220,[Pb],1
SAFE_2225,CN(C)C(=N)N,0
TOXIC_2713,N#C,1
TOXIC_562,NN,1
TOXIC_4121,N#C,1
SAFE_3909,CC(=O)O,0
SAFE_4626,CCO,0
TOXIC_4146,NN,1
SAFE_1529,CC1=CN=C(C(=C1OC)C)CS(=O)C2=NC3=C(N2)C=C(C=C3)OC,0
SAFE_4710,CC(=O)OC1=CC=CC=C1C(=O)O,0
TOXIC_3035,[Hg],1
SAFE_3368,C(C1C(C(C(C(O1)O)O)O)O)O,0
SAFE_931,CC(=O)NC1=CC=C(O)C=C1,0
TOXIC_675,c1ccccc1,1
SAFE_3078,CN1C=NC2=C1C(=O)N(C(=O)N2C)C,0
TOXIC_2651,[Hg],1
SAFE_4208,C(C1C(C(C(C(O1)O)O)O)O)O,0
TOXIC_2867,c1ccccc1,1
SAFE_1437,CC1(C(N2C(S1)C(C2=O)NC(=O)CC3=CC=CC=C3)C(=O)O)C,0
TOXIC_1731,c1ccccc1,1
SAFE_4826,C(=O)(N)N,0
TOXIC_3573,C=O,1
TOXIC_693,C=O,1
TOXIC_3249,ClC(Cl)Cl,1
TOXIC_3693,CC1=CC=C(C=C1)C2=CC(=NN2C3=CC=C(C=C3)S(=O)(=O)C)C(F)(F)F,1
TOXIC_1098,O=[As]O[As]=O,1
TOXIC_3995,[Hg],1
SAFE_3141,CCO,0
SAFE_2979,CC(=O)O,0
SAFE_1476,CCO,0
TOXIC_4331,[Hg],1
TOXIC_1596,[Pb],1
TOXIC_406,CN(N=O)C,1
SAFE_4121,C(=O)(N)N,0
TOXIC_4957,CC1=CC=C(C=C1)C2=CC(=NN2C3=CC=C(C=C3)S(=O)(=O)C)C(F)(F)F,1
TOXIC_4760,CC(C)OP(=O)(C)F,1
SAFE_3871,CC(=O)NC1=CC=C(O)C=C1,0
SAFE_4227,CC1(C(N2C(S1)C(C2=O)NC(=O)CC3=CC=CC=C3)C(=O)O)C,0
SAFE_2936,C(=O)(N)N,0
SAFE_281,C(=O)(N)N,0
TOXIC_4490,O=[As]O[As]=O,1
SAFE_1220,CN(C)C(=N)N,0
TOXIC_4471,CCOP(=S)(OCC)Oc1ccc(cc1)[N+](=O)[O-],1
TOXIC_1944,CC(C)OP(=O)(C)F,1
SAFE_1005,CC(=O)OC1=CC=CC=C1C(=O)O,0
SAFE_3602,CC(C)CC1=CC=C(C=C1)C(C)C(=O)O,0
SAFE_1086,CCO,0
SAFE_392,CC(C)CC1=CC=C(C=C1)C(C)C(=O)O,0
TOXIC_4447,CCN(CC)C(=S)SSC(=S)N(CC)CC,1
SAFE_4042,C(C(=O)O)N,0
TOXIC_2202,O=[As]O[As]=O,1
TOXIC_825,N#C,1
SAFE_1372,C(C(=O)O)N,0
SAFE_2022,CC1(C(N2C(S1)C(C2=O)NC(=O)CC3=CC=CC=C3)C(=O)O)C,0
TOXIC_3626,O=[As]O[As]=O,1
SAFE_372,CC1(C(N2C(S1)C(C2=O)NC(=O)CC3=CC=CC=C3)C(=O)O)C,0
SAFE_2031,CCO,0
SAFE_3236,C(=O)(N)N,0
TOXIC_4266,O=[As]O[As]=O,1
SAFE_2623,C1CC(N(C1)C(=O)C(CC2=CC=CC=C2)NC(=O)C(CC3=CC=CC=C3)N)C(=O)O,0
SAFE_4508,C(C1C(C(C(C(O1)O)O)O)O)O,0
SAFE_3751,CC(=O)NC1=CC=C(O)C=C1,0
SAFE_1691,C(=O)(N)N,0
SAFE_1184,CC1=CN=C(C(=C1OC)C)CS(=O)C2=NC3=C(N2)C=C(C=C3)OC,0
TOXIC_4530,NN,1
SAFE_3676,CC(=O)NC1=CC=C(O)C=C1,0
TOXIC_1842,NN,1
TOXIC_3384,CC(C)OP(=O)(C)F,1
SAFE_4461,CCO,0
SAFE_647,CC(C)CC1=CC=C(C=C1)C(C)C(=O)O,0
SAFE_4036,CC(=O)NC1=CC=C(O)C=C1,0
SAFE_2029,COC1=CC=C(C=C1)C(C)C(=O)O,0
TOXIC_1162,O=[As]O[As]=O,1
SAFE_670,C(C(CO)O)O,0
SAFE_4000,C(C(CO)O)O,0
TOXIC_4821,C=O,1
TOXIC_888,CC(C)OP(=O)(C)F,1
TOXIC_206,CC1=CC=C(C=C1)C(=O)NC2=CC=CC=C2,1
TOXIC_652,[Pb],1
TOXIC_1579,[Hg],1
SAFE_3350,CN(C)C(=N)N,0
TOXIC_999,CCOP(=S)(OCC)Oc1ccc(cc1)[N+](=O)[O-],1
SAFE_3950,CN(C)C(=N)N,0
SAFE_1549,COC1=CC=C(C=C1)C(C)C(=O)O,0
TOXIC_1518,CC1=CC=C(C=C1)C(=O)NC2=CC=CC=C2,1
TOXIC_1225,N#C,1
TOXIC_3755,[Hg],1
SAFE_2152,C(C(=O)O)N,0
TOXIC_4408,CC(C)OP(=O)(C)F,1
TOXIC_208,ClC(Cl)(Cl)Cl,1
SAFE_1274,CC1=CN=C(C(=C1OC)C)CS(=O)C2=NC3=C(N2)C=C(C=C3)OC,0
TOXIC_1105,ClC(Cl)Cl,1
TOXIC_2808,CC(C)OP(=O)(C)F,1
TOXIC_3301,C=O,1
SAFE_3242,CC(C)CC1=CC=C(C=C1)C(C)C(=O)O,0
SAFE_2162,CC(C)CC1=CC=C(C=C1)C(C)C(=O)O,0
TOXIC_965,C=O,1
TOXIC_3379,c1ccccc1,1
SAFE_3932,CC(C)CC1=CC=C(C=C1)C(C)C(=O)O,0
SAFE_564,CC(=O)O,0
SAFE_3278,C(C1C(C(C(C(O1)O)O)O)O)O,0
SAFE_3162,CC1(C(N2C(S1)C(C2=O)NC(=O)CC3=CC=CC=C3)C(=O)O)C,0
TOXIC_1365,C=O,1
TOXIC_246,CN(N=O)C,1
TOXIC_2983,CCOP(=S)(OCC)Oc1ccc(cc1)[N+](=O)[O-],1
SAFE_1312,C(C(=O)O)N,0
SAFE_1218,CN1C=NC2=C1C(=O)N(C(=O)N2C)C,0
SAFE_4394,CC1=CN=C(C(=C1OC)C)CS(=O)C2=NC3=C(N2)C=C(C=C3)OC,0
SAFE_2338,C1CC(N(C1)C(=O)C(CC2=CC=CC=C2)NC(=O)C(CC3=CC=CC=C3)N)C(=O)O,0
SAFE_1280,CN(C)C(=N)N,0
SAFE_1803,CN1C=NC2=C1C(=O)N(C(=O)N2C)C,0
SAFE_4546,CC(=O)NC1=CC=C(O)C=C1,0
SAFE_69,CC(=O)O,0
SAFE_4956,CCO,0
TOXIC_1946,O=[As]O[As]=O,1
TOXIC_917,C=O,1
TOXIC_4612,ClC=C,1
TOXIC_4872,CC(C)OP(=O)(C)F,1
TOXIC_3591,CCOP(=S)(OCC)Oc1ccc(cc1)[N+](=O)[O-],1
TOXIC_4356,ClC=C,1
SAFE_3875,CN(C)C(=N)N,0
SAFE_3004,COC1=CC=C(C=C1)C(C)C(=O)O,0
SAFE_4501,CC(=O)NC1=CC=C(O)C=C1,0
SAFE_4696,CC(=O)NC1=CC=C(O)C=C1,0
TOXIC_2818,NN,1
SAFE_601,CC(=O)NC1=CC=C(O)C=C1,0
SAFE_384,CC(=O)O,0
SAFE_3805,C(C(CO)O)O,0
SAFE_976,CC(=O)NC1=CC=C(O)C=C1,0
SAFE_4112,CC(C)CC1=CC=C(C=C1)C(C)C(=O)O,0
TOXIC_4588,[Pb],1
SAFE_576,CCO,0
SAFE_2303,C(C1C(C(C(C(O1)O)O)O)O)O,0
TOXIC_1937,ClC(Cl)Cl,1
SAFE_2125,C(C(CO)O)O,0
TOXIC_2459,[Hg],1
SAFE_3472,C(C(=O)O)N,0
SAFE_3536,C(=O)(N)N,0
SAFE_1109,CC1=CN=C(C(=C1OC)C)CS(=O)C2=NC3=C(N2)C=C(C=C3)OC,0
SAFE_1722,CC1(C(N2C(S1)C(C2=O)NC(=O)CC3=CC=CC=C3)C(=O)O)C,0
SAFE_950,CN(C)C(=N)N,0
SAFE_275,CN(C)C(=N)N,0
TOXIC_1415,CCOP(=S)(OCC)Oc1ccc(cc1)[N+](=O)[O-],1
SAFE_1354,COC1=CC=C(C=C1)C(C)C(=O)O,0
SAFE_991,CC(=O)NC1=CC=C(O)C=C1,0
TOXIC_4252,[Pb],1
SAFE_16,CC(=O)NC1=CC=C(O)C=C1,0
TOXIC_4233,N#C,1
TOXIC_3209,N#C,1
SAFE_3371,C(=O)(N)N,0
TOXIC_3945,N#C,1
TOXIC_1553,ClC(Cl)Cl,1
TOXIC_2914,NN,1
SAFE_1094,CC1=CN=C(C(=C1OC)C)CS(=O)C2=NC3=C(N2)C=C(C=C3)OC,0
TOXIC_4659,c1ccccc1,1
TOXIC_3360,ClC(Cl)(Cl)Cl,1
SAFE_1245,CC(=O)OC1=CC=CC=C1C(=O)O,0
SAFE_4682,CC(C)CC1=CC=C(C=C1)C(C)C(=O)O,0
SAFE_2180,CN(C)C(=N)N,0
TOXIC_1938,NN,1
SAFE_3480,CC(=O)OC1=CC=CC=C1C(=O)O,0
TOXIC_1294,CC1=CC=C(C=C1)C(=O)NC2=CC=CC=C2,1
TOXIC_2026,O=[As]O[As]=O,1
SAFE_225,CC(=O)OC1=CC=CC=C1C(=O)O,0
TOXIC_487,CCOP(=S)(OCC)Oc1ccc(cc1)[N+](=O)[O-],1
SAFE_932,CC(C)CC1=CC=C(C=C1)C(C)C(=O)O,0
TOXIC_3854,CC1=CC=C(C=C1)C(=O)NC2=CC=CC=C2,1
SAFE_3324,CC(=O)O,0
TOXIC_2621,CC1=CC=C(C=C1)C2=CC(=NN2C3=CC=C(C=C3)S(=O)(=O)C)C(F)(F)F,1
SAFE_2319,CC(=O)O,0
SAFE_4065,CC(=O)OC1=CC=CC=C1C(=O)O,0
SAFE_3306,CCO,0
TOXIC_2052,ClC=C,1
SAFE_2217,CC1(C(N2C(S1)C(C2=O)NC(=O)CC3=CC=CC=C3)C(=O)O)C,0
SAFE_1191,CCO,0
TOXIC_1239,CCOP(=S)(OCC)Oc1ccc(cc1)[N+](=O)[O-],1
TOXIC_1682,NN,1
TOXIC_103,CCOP(=S)(OCC)Oc1ccc(cc1)[N+](=O)[O-],1
TOXIC_783,CCN(CC)C(=S)SSC(=S)N(CC)CC,1
TOXIC_955,[Hg],1
TOXIC_3028,ClC=C,1
SAFE_765,CC(=O)OC1=CC=CC=C1C(=O)O,0
TOXIC_2286,CC1=CC=C(C=C1)C(=O)NC2=CC=CC=C2,1
TOXIC_4798,CC1=CC=C(C=C1)C(=O)NC2=CC=CC=C2,1
TOXIC_4645,C=O,1
SAFE_2885,CN(C)C(=N)N,0
TOXIC_635,[Hg],1
SAFE_2141,C(=O)(N)N,0
TOXIC_839,CCOP(=S)(OCC)Oc1ccc(cc1)[N+](=O)[O-],1
SAFE_838,C1CC(N(C1)C(=O)C(CC2=CC=CC=C2)NC(=O)C(CC3=CC=CC=C3)N)C(=O)O,0
SAFE_3613,C1CC(N(C1)C(=O)C(CC2=CC=CC=C2)NC(=O)C(CC3=CC=CC=C3)N)C(=O)O,0
SAFE_2425,C(C(CO)O)O,0
SAFE_4644,CC(=O)O,0
TOXIC_1341,CC1=CC=C(C=C1)C2=CC(=NN2C3=CC=C(C=C3)S(=O)(=O)C)C(F)(F)F,1
SAFE_708,CN1C=NC2=C1C(=O)N(C(=O)N2C)C,0
SAFE_3154,COC1=CC=C(C=C1)C(C)C(=O)O,0
SAFE_2805,CC(=O)OC1=CC=CC=C1C(=O)O,0
SAFE_4296,CCO,0
SAFE_2732,CC(C)CC1=CC=C(C=C1)C(C)C(=O)O,0
SAFE_2518,C1CC(N(C1)C(=O)C(CC2=CC=CC=C2)NC(=O)C(CC3=CC=CC=C3)N)C(=O)O,0
SAFE_2613,CN1C=NC2=C1C(=O)N(C(=O)N2C)C,0
TOXIC_1570,NN,1
TOXIC_2504,CC(C)OP(=O)(C)F,1
TOXIC_2039,CCOP(=S)(OCC)Oc1ccc(cc1)[N+](=O)[O-],1
SAFE_3547,C(C(=O)O)N,0
SAFE_694,COC1=CC=C(C=C1)C(C)C(=O)O,0
SAFE_3773,C(C1C(C(C(C(O1)O)O)O)O)O,0
TOXIC_2422,CN(N=O)C,1
SAFE_4880,CN(C)C(=N)N,0
TOXIC_1992,CC(C)OP(=O)(C)F,1
TOXIC_3918,CC1=CC=C(C=C1)C(=O)NC2=CC=CC=C2,1
SAFE_2827,C(C(=O)O)N,0
TOXIC_1745,ClC(Cl)Cl,1
SAFE_2686,CC(=O)NC1=CC=C(O)C=C1,0
SAFE_4852,C(C(=O)O)N,0
TOXIC_4524,[Pb],1
SAFE_3532,C(C(=O)O)N,0
SAFE_502,C(C(=O)O)N,0
SAFE_4454,CC1=CN=C(C(=C1OC)C)CS(=O)C2=NC3=C(N2)C=C(C=C3)OC,0
SAFE_1624,COC1=CC=C(C=C1)C(C)C(=O)O,0
TOXIC_4274,NN,1
TOXIC_1476,ClC=C,1
TOXIC_2140,[Pb],1
SAFE_4329,CC(=O)O,0
TOXIC_519,CCOP(=S)(OCC)Oc1ccc(cc1)[N+](=O)[O-],1
SAFE_3749,CC1=CN=C(C(=C1OC)C)CS(=O)C2=NC3=C(N2)C=C(C=C3)OC,0
SAFE_1119,CC(=O)O,0
TOXIC_1437,CC1=CC=C(C=C1)C2=CC(=NN2C3=CC=C(C=C3)S(=O)(=O)C)C(F)(F)F,1
SAFE_455,CN(C)C(=N)N,0
SAFE_2424,CC(=O)O,0
TOXIC_4654,CC1=CC=C(C=C1)C(=O)NC2=CC=CC=C2,1
SAFE_2499,CC(=O)O,0
SAFE_4244,CC1=CN=C(C(=C1OC)C)CS(=O)C2=NC3=C(N2)C=C(C=C3)OC,0
SAFE_3261,CCO,0
SAFE_598,C1CC(N(C1)C(=O)C(CC2=CC=CC=C2)NC(=O)C(CC3=CC=CC=C3)N)C(=O)O,0
SAFE_849,CC(=O)O,0
SAFE_856,CC(=O)NC1=CC=C(O)C=C1,0
TOXIC_4642,NN,1
TOXIC_2927,CCN(CC)C(=S)SSC(=S)N(CC)CC,1
TOXIC_4449,ClC(Cl)Cl,1
TOXIC_3846,CN(N=O)C,1
TOXIC_2452,ClC=C,1
SAFE_3951,CCO,0
SAFE_3541,CC(=O)NC1=CC=C(O)C=C1,0
SAFE_2876,C(=O)(N)N,0
SAFE_352,C(C(=O)O)N,0
SAFE_3403,C1CC(N(C1)C(=O)C(CC2=CC=CC=C2)NC(=O)C(CC3=CC=CC=C3)N)C(=O)O,0
SAFE_3559,COC1=CC=C(C=C1)C(C)C(=O)O,0
TOXIC_1264,ClC(Cl)(Cl)Cl,1
TOXIC_4315,[Hg],1
TOXIC_178,NN,1
TOXIC_435,c1ccccc1,1
SAFE_3722,CC(C)CC1=CC=C(C=C1)C(C)C(=O)O,0
SAFE_73,C1CC(N(C1)C(=O)C(CC2=CC=CC=C2)NC(=O)C(CC3=CC=CC=C3)N)C(=O)O,0
SAFE_563,C(C1C(C(C(C(O1)O)O)O)O)O,0
SAFE_4955,CN(C)C(=N)N,0
TOXIC_4934,CN(N=O)C,1
TOXIC_1292,[Pb],1
SAFE_1652,CC(C)CC1=CC=C(C=C1)C(C)C(=O)O,0
SAFE_857,CC(C)CC1=CC=C(C=C1)C(C)C(=O)O,0
SAFE_216,CCO,0
TOXIC_2403,c1ccccc1,1
SAFE_3158,C(C1C(C(C(C(O1)O)O)O)O)O,0
TOXIC_1935,CCN(CC)C(=S)SSC(=S)N(CC)CC,1
SAFE_3088,C1CC(N(C1)C(=O)C(CC2=CC=CC=C2)NC(=O)C(CC3=CC=CC=C3)N)C(=O)O,0
TOXIC_531,c1ccccc1,1
SAFE_535,C(C(CO)O)O,0
SAFE_3533,C(C1C(C(C(C(O1)O)O)O)O)O,0
SAFE_886,CC(=O)NC1=CC=C(O)C=C1,0
TOXIC_68,ClC=C,1
TOXIC_4383,CCN(CC)C(=S)SSC(=S)N(CC)CC,1
TOXIC_4313,N#C,1
SAFE_1187,CC(C)CC1=CC=C(C=C1)C(C)C(=O)O,0
SAFE_2845,C(C(CO)O)O,0
TOXIC_4196,ClC=C,1
TOXIC_4705,ClC(Cl)Cl,1
SAFE_154,COC1=CC=C(C=C1)C(C)C(=O)O,0
SAFE_368,C(C1C(C(C(C(O1)O)O)O)O)O,0
TOXIC_4696,CC(C)OP(=O)(C)F,1
SAFE_3778,C1CC(N(C1)C(=O)C(CC2=CC=CC=C2)NC(=O)C(CC3=CC=CC=C3)N)C(=O)O,0
TOXIC_987,[Hg],1
SAFE_395,CN(C)C(=N)N,0
TOXIC_2220,[Pb],1
TOXIC_4910,CC1=CC=C(C=C1)C(=O)NC2=CC=CC=C2,1
SAFE_3622,C(C(=O)O)N,0
SAFE_3719,CC1=CN=C(C(=C1OC)C)CS(=O)C2=NC3=C(N2)C=C(C=C3)OC,0
SAFE_760,C(C(CO)O)O,0
TOXIC_3220,ClC=C,1
SAFE_131,C(=O)(N)N,0
TOXIC_930,NN,1
TOXIC_2120,CC(C)OP(=O)(C)F,1
SAFE_3753,CN1C=NC2=C1C(=O)N(C(=O)N2C)C,0
SAFE_4152,CC1(C(N2C(S1)C(C2=O)NC(=O)CC3=CC=CC=C3)C(=O)O)C,0
TOXIC_4070,CN(N=O)C,1
SAFE_2478,CN1C=NC2=C1C(=O)N(C(=O)N2C)C,0
SAFE_1139,CC1=CN=C(C(=C1OC)C)CS(=O)C2=NC3=C(N2)C=C(C=C3)OC,0
SAFE_1531,CC(=O)NC1=CC=C(O)C=C1,0
TOXIC_1652,ClC=C,1
SAFE_4575,CC(=O)OC1=CC=CC=C1C(=O)O,0
TOXIC_4295,CCOP(=S)(OCC)Oc1ccc(cc1)[N+](=O)[O-],1
TOXIC_3534,CC1=CC=C(C=C1)C(=O)NC2=CC=CC=C2,1
TOXIC_900,ClC=C,1
SAFE_4873,C1CC(N(C1)C(=O)C(CC2=CC=CC=C2)NC(=O)C(CC3=CC=CC=C3)N)C(=O)O,0
TOXIC_4838,CN(N=O)C,1
SAFE_4175,CN(C)C(=N)N,0
SAFE_3811,CC(=O)NC1=CC=C(O)C=C1,0
SAFE_847,C(C(=O)O)N,0
TOXIC_340,ClC=C,1
TOXIC_1668,ClC=C,1
TOXIC_3128,CC(C)OP(=O)(C)F,1
SAFE_2151,CCO,0
TOXIC_1375,CCN(CC)C(=S)SSC(=S)N(CC)CC,1
SAFE_623,C(C1C(C(C(C(O1)O)O)O)O)O,0
SAFE_652,C(C(=O)O)N,0
SAFE_3007,C(C(=O)O)N,0
TOXIC_407,CCOP(=S)(OCC)Oc1ccc(cc1)[N+](=O)[O-],1
SAFE_2015,CN(C)C(=N)N,0
TOXIC_364,[Pb],1
SAFE_1402,C(C(=O)O)N,0
SAFE_4736,C(=O)(N)N,0
TOXIC_3473,ClC(Cl)Cl,1
SAFE_4705,C(C(CO)O)O,0
SAFE_4984,COC1=CC=C(C=C1)C(C)C(=O)O,0
SAFE_1493,C(C1C(C(C(C(O1)O)O)O)O)O,0
SAFE_4933,C1CC(N(C1)C(=O)C(CC2=CC=CC=C2)NC(=O)C(CC3=CC=CC=C3)N)C(=O)O,0
SAFE_4479,CC(=O)O,0
SAFE_3012,CC1(C(N2C(S1)C(C2=O)NC(=O)CC3=CC=CC=C3)C(=O)O)C,0
SAFE_4096,CC(=O)NC1=CC=C(O)C=C1,0
TOXIC_4617,N#C,1
TOXIC_1374,CC1=CC=C(C=C1)C(=O)NC2=CC=CC=C2,1
SAFE_4318,C1CC(N(C1)C(=O)C(CC2=CC=CC=C2)NC(=O)C(CC3=CC=CC=C3)N)C(=O)O,0
SAFE_3055,C(C(CO)O)O,0
TOXIC_2945,ClC(Cl)Cl,1
SAFE_3392,CC(C)CC1=CC=C(C=C1)C(C)C(=O)O,0
TOXIC_3514,O=[As]O[As]=O,1
SAFE_1157,CC(C)CC1=CC=C(C=C1)C(C)C(=O)O,0
SAFE_1151,C(=O)(N)N,0
TOXIC_153,N#C,1
TOXIC_4455,CCOP(=S)(OCC)Oc1ccc(cc1)[N+](=O)[O-],1
TOXIC_2318,CC1=CC=C(C=C1)C(=O)NC2=CC=CC=C2,1
SAFE_1858,C1CC(N(C1)C(=O)C(CC2=CC=CC=C2)NC(=O)C(CC3=CC=CC=C3)N)C(=O)O,0
SAFE_948,CN1C=NC2=C1C(=O)N(C(=O)N2C)C,0
SAFE_1515,CC(=O)OC1=CC=CC=C1C(=O)O,0
SAFE_2768,C(C1C(C(C(C(O1)O)O)O)O)O,0
TOXIC_1187,c1ccccc1,1
SAFE_2138,C(C1C(C(C(C(O1)O)O)O)O)O,0
SAFE_2813,C(C1C(C(C(C(O1)O)O)O)O)O,0
SAFE_1678,C1CC(N(C1)C(=O)C(CC2=CC=CC=C2)NC(=O)C(CC3=CC=CC=C3)N)C(=O)O,0
SAFE_3038,C(C1C(C(C(C(O1)O)O)O)O)O,0
TOXIC_2321,ClC(Cl)Cl,1
SAFE_3460,C(C(CO)O)O,0
SAFE_4784,CC1=CN=C(C(=C1OC)C)CS(=O)C2=NC3=C(N2)C=C(C=C3)OC,0
SAFE_4535,CN(C)C(=N)N,0
TOXIC_2577,ClC(Cl)Cl,1
SAFE_4165,C(C(CO)O)O,0
TOXIC_4954,O=[As]O[As]=O,1
SAFE_3028,C1CC(N(C1)C(=O)C(CC2=CC=CC=C2)NC(=O)C(CC3=CC=CC=C3)N)C(=O)O,0
TOXIC_3054,CC1=CC=C(C=C1)C(=O)NC2=CC=CC=C2,1
TOXIC_1926,CN(N=O)C,1
TOXIC_1565,CC1=CC=C(C=C1)C2=CC(=NN2C3=CC=C(C=C3)S(=O)(=O)C)C(F)(F)F,1
SAFE_2856,CCO,0
TOXIC_3255,CCOP(=S)(OCC)Oc1ccc(cc1)[N+](=O)[O-],1
TOXIC_3731,c1ccccc1,1
SAFE_37,C(C(=O)O)N,0
SAFE_2713,C1CC(N(C1)C(=O)C(CC2=CC=CC=C2)NC(=O)C(CC3=CC=CC=C3)N)C(=O)O,0
TOXIC_3771,[Hg],1
TOXIC_1222,CN(N=O)C,1
SAFE_2559,CC(=O)O,0
SAFE_1986,CCO,0
SAFE_39,CC(=O)O,0
TOXIC_1616,ClC(Cl)(Cl)Cl,1
SAFE_3124,COC1=CC=C(C=C1)C(C)C(=O)O,0
SAFE_1878,CN1C=NC2=C1C(=O)N(C(=O)N2C)C,0
SAFE_4269,CC(=O)O,0
TOXIC_3925,C=O,1
TOXIC_1498,O=[As]O[As]=O,1
TOXIC_1514,O=[As]O[As]=O,1
SAFE_2943,CN1C=NC2=C1C(=O)N(C(=O)N2C)C,0
TOXIC_2385,ClC(Cl)Cl,1
SAFE_1253,C(C1C(C(C(C(O1)O)O)O)O)O,0
SAFE_4967,CC(C)CC1=CC=C(C=C1)C(C)C(=O)O,0
TOXIC_450,NN,1
SAFE_119,CC1=CN=C(C(=C1OC)C)CS(=O)C2=NC3=C(N2)C=C(C=C3)OC,0
TOXIC_3427,c1ccccc1,1
TOXIC_4479,CCN(CC)C(=S)SSC(=S)N(CC)CC,1
TOXIC_3858,NN,1
SAFE_500,CN(C)C(=N)N,0
TOXIC_210,NN,1
TOXIC_185,N#C,1
TOXIC_2198,CN(N=O)C,1
SAFE_3211,CC(=O)NC1=CC=C(O)C=C1,0
TOXIC_1686,CN(N=O)C,1
SAFE_1417,C(C(=O)O)N,0
SAFE_1171,CC(=O)NC1=CC=C(O)C=C1,0
TOXIC_3412,ClC=C,1
TOXIC_639,CCN(CC)C(=S)SSC(=S)N(CC)CC,1
SAFE_2320,C(C(CO)O)O,0
TOXIC_2145,ClC(Cl)Cl,1
SAFE_2516,C(=O)(N)N,0
TOXIC_1032,CC(C)OP(=O)(C)F,1
SAFE_2434,COC1=CC=C(C=C1)C(C)C(=O)O,0
SAFE_4047,CC1(C(N2C(S1)C(C2=O)NC(=O)CC3=CC=CC=C3)C(=O)O)C,0
SAFE_13,C1CC(N(C1)C(=O)C(CC2=CC=CC=C2)NC(=O)C(CC3=CC=CC=C3)N)C(=O)O,0
SAFE_2205,CC(=O)OC1=CC=CC=C1C(=O)O,0
TOXIC_4396,[Pb],1
TOXIC_806,CN(N=O)C,1
TOXIC_84,ClC=C,1
SAFE_1449,CC(=O)O,0
TOXIC_630,CN(N=O)C,1
TOXIC_4594,NN,1
TOXIC_1470,CC1=CC=C(C=C1)C(=O)NC2=CC=CC=C2,1
SAFE_3980,CN(C)C(=N)N,0
SAFE_1958,C(C1C(C(C(C(O1)O)O)O)O)O,0
SAFE_2357,CC(C)CC1=CC=C(C=C1)C(C)C(=O)O,0
TOXIC_2856,CC(C)OP(=O)(C)F,1
TOXIC_1113,N#C,1
SAFE_2792,CC(C)CC1=CC=C(C=C1)C(C)C(=O)O,0
SAFE_1070,CN(C)C(=N)N,0
TOXIC_2595,c1ccccc1,1
SAFE_1107,CC1(C(N2C(S1)C(C2=O)NC(=O)CC3=CC=CC=C3)C(=O)O)C,0
SAFE_4588,C1CC(N(C1)C(=O)C(CC2=CC=CC=C2)NC(=O)C(CC3=CC=CC=C3)N)C(=O)O,0
TOXIC_4759,CCOP(=S)(OCC)Oc1ccc(cc1)[N+](=O)[O-],1
SAFE_1060,C(C(CO)O)O,0
TOXIC_2049,ClC(Cl)Cl,1
SAFE_3798,CN1C=NC2=C1C(=O)N(C(=O)N2C)C,0
TOXIC_3262,CC1=CC=C(C=C1)C(=O)NC2=CC=CC=C2,1
SAFE_571,CC(=O)NC1=CC=C(O)C=C1,0
TOXIC_4663,CCOP(=S)(OCC)Oc1ccc(cc1)[N+](=O)[O-],1
TOXIC_793,N#C,1
SAFE_2812,C(C(=O)O)N,0
SAFE_3439,COC1=CC=C(C=C1)C(C)C(=O)O,0
TOXIC_3297,ClC(Cl)Cl,1
TOXIC_3614,CC1=CC=C(C=C1)C(=O)NC2=CC=CC=C2,1
SAFE_3272,CC(C)CC1=CC=C(C=C1)C(C)C(=O)O,0
SAFE_3202,C(C(=O)O)N,0
SAFE_4533,CN1C=NC2=C1C(=O)N(C(=O)N2C)C,0
SAFE_3900,CC(=O)OC1=CC=CC=C1C(=O)O,0
TOXIC_2619,[Hg],1
SAFE_105,CC(=O)OC1=CC=CC=C1C(=O)O,0
TOXIC_2555,[Hg],1
SAFE_1294,COC1=CC=C(C=C1)C(C)C(=O)O,0
TOXIC_3206,CN(N=O)C,1
SAFE_4615,C(C(CO)O)O,0
TOXIC_798,CC1=CC=C(C=C1)C(=O)NC2=CC=CC=C2,1
TOXIC_503,CCOP(=S)(OCC)Oc1ccc(cc1)[N+](=O)[O-],1
SAFE_2789,CC1=CN=C(C(=C1OC)C)CS(=O)C2=NC3=C(N2)C=C(C=C3)OC,0
TOXIC_3404,[Pb],1
TOXIC_4454,CN(N=O)C,1
SAFE_369,CC(=O)O,0
SAFE_4664,CC1=CN=C(C(=C1OC)C)CS(=O)C2=NC3=C(N2)C=C(C=C3)OC,0
SAFE_1194,CC(=O)O,0
TOXIC_3265,ClC(Cl)Cl,1
TOXIC_795,[Hg],1
SAFE_3657,CC1(C(N2C(S1)C(C2=O)NC(=O)CC3=CC=CC=C3)C(=O)O)C,0
SAFE_4834,COC1=CC=C(C=C1)C(C)C(=O)O,0
SAFE_4536,CCO,0
SAFE_246,CCO,0
SAFE_2461,CC(=O)NC1=CC=C(O)C=C1,0
TOXIC_2886,CN(N=O)C,1
SAFE_678,CN1C=NC2=C1C(=O)N(C(=O)N2C)C,0
SAFE_2937,CC1(C(N2C(S1)C(C2=O)NC(=O)CC3=CC=CC=C3)C(=O)O)C,0
TOXIC_2020,ClC=C,1
TOXIC_2423,CCOP(=S)(OCC)Oc1ccc(cc1)[N+](=O)[O-],1
SAFE_3215,CN(C)C(=N)N,0
SAFE_4675,C(C(CO)O)O,0
TOXIC_2615,CCOP(=S)(OCC)Oc1ccc(cc1)[N+](=O)[O-],1
TOXIC_3109,C=O,1
SAFE_1638,CN1C=NC2=C1C(=O)N(C(=O)N2C)C,0
TOXIC_2292,ClC=C,1
TOXIC_1991,CCOP(=S)(OCC)Oc1ccc(cc1)[N+](=O)[O-],1
SAFE_31,CC(=O)NC1=CC=C(O)C=C1,0
SAFE_835,C(C(CO)O)O,0
TOXIC_1640,CC(C)OP(=O)(C)F,1
SAFE_2389,COC1=CC=C(C=C1)C(C)C(=O)O,0
TOXIC_2071,CCOP(=S)(OCC)Oc1ccc(cc1)[N+](=O)[O-],1
TOXIC_864,ClC(Cl)(Cl)Cl,1
SAFE_2363,C(C1C(C(C(C(O1)O)O)O)O)O,0
TOXIC_957,CC1=CC=C(C=C1)C2=CC(=NN2C3=CC=C(C=C3)S(=O)(=O)C)C(F)(F)F,1
SAFE_2071,CC(=O)NC1=CC=C(O)C=C1,0
TOXIC_3017,N#C,1
TOXIC_781,CC1=CC=C(C=C1)C2=CC(=NN2C3=CC=C(C=C3)S(=O)(=O)C)C(F)(F)F,1
TOXIC_2448,ClC(Cl)(Cl)Cl,1
SAFE_749,CC1=CN=C(C(=C1OC)C)CS(=O)C2=NC3=C(N2)C=C(C=C3)OC,0
SAFE_4453,C1CC(N(C1)C(=O)C(CC2=CC=CC=C2)NC(=O)C(CC3=CC=CC=C3)N)C(=O)O,0
TOXIC_2632,CC(C)OP(=O)(C)F,1
SAFE_987,CC1(C(N2C(S1)C(C2=O)NC(=O)CC3=CC=CC=C3)C(=O)O)C,0
SAFE_4816,CC(=O)NC1=CC=C(O)C=C1,0
SAFE_4092,CC1(C(N2C(S1)C(C2=O)NC(=O)CC3=CC=CC=C3)C(=O)O)C,0
SAFE_1083,CN1C=NC2=C1C(=O)N(C(=O)N2C)C,0
SAFE_4146,CCO,0
SAFE_4445,CN(C)C(=N)N,0
TOXIC_4176,ClC(Cl)(Cl)Cl,1
SAFE_898,C1CC(N(C1)C(=O)C(CC2=CC=CC=C2)NC(=O)C(CC3=CC=CC=C3)N)C(=O)O,0
SAFE_695,CN(C)C(=N)N,0
TOXIC_3747,c1ccccc1,1
SAFE_885,CC(=O)OC1=CC=CC=C1C(=O)O,0
TOXIC_1635,c1ccccc1,1
SAFE_544,COC1=CC=C(C=C1)C(C)C(=O)O,0
SAFE_1215,CC(=O)OC1=CC=CC=C1C(=O)O,0
TOXIC_2746,O=[As]O[As]=O,1
SAFE_242,CC(C)CC1=CC=C(C=C1)C(C)C(=O)O,0
SAFE_3815,CN(C)C(=N)N,0
TOXIC_473,N#C,1
SAFE_3833,C(C1C(C(C(C(O1)O)O)O)O)O,0
SAFE_3182,CC(C)CC1=CC=C(C=C1)C(C)C(=O)O,0
TOXIC_4103,CCOP(=S)(OCC)Oc1ccc(cc1)[N+](=O)[O-],1
TOXIC_2834,NN,1
TOXIC_81,ClC(Cl)Cl,1
SAFE_1956,CCO,0
TOXIC_195,c1ccccc1,1
SAFE_506,C(=O)(N)N,0
TOXIC_4317,CC1=CC=C(C=C1)C2=CC(=NN2C3=CC=C(C=C3)S(=O)(=O)C)C(F)(F)F,1
SAFE_3310,C(C(CO)O)O,0
SAFE_751,CC(=O)NC1=CC=C(O)C=C1,0
TOXIC_4597,C=O,1
SAFE_2807,CC(C)CC1=CC=C(C=C1)C(C)C(=O)O,0
TOXIC_629,C=O,1
TOXIC_207,CCN(CC)C(=S)SSC(=S)N(CC)CC,1
TOXIC_3850,O=[As]O[As]=O,1
TOXIC_1978,O=[As]O[As]=O,1
TOXIC_4483,c1ccccc1,1
SAFE_626,C(=O)(N)N,0
TOXIC_2453,C=O,1
SAFE_3651,CCO,0
TOXIC_1845,C=O,1
SAFE_3364,COC1=CC=C(C=C1)C(C)C(=O)O,0
TOXIC_3187,c1ccccc1,1
TOXIC_1897,N#C,1
SAFE_1869,CC(=O)O,0
SAFE_2685,CC(=O)OC1=CC=CC=C1C(=O)O,0
SAFE_781,CC(=O)NC1=CC=C(O)C=C1,0
TOXIC_4574,CC1=CC=C(C=C1)C(=O)NC2=CC=CC=C2,1
TOXIC_1703,CCOP(=S)(OCC)Oc1ccc(cc1)[N+](=O)[O-],1
TOXIC_4226,NN,1
SAFE_2806,CC(=O)NC1=CC=C(O)C=C1,0
TOXIC_54,CN(N=O)C,1
TOXIC_2415,CCN(CC)C(=S)SSC(=S)N(CC)CC,1
SAFE_4739,CC1=CN=C(C(=C1OC)C)CS(=O)C2=NC3=C(N2)C=C(C=C3)OC,0
TOXIC_1153,ClC(Cl)Cl,1
SAFE_1799,CC1=CN=C(C(=C1OC)C)CS(=O)C2=NC3=C(N2)C=C(C=C3)OC,0
TOXIC_3182,CC1=CC=C(C=C1)C(=O)NC2=CC=CC=C2,1
SAFE_2966,C(=O)(N)N,0
TOXIC_1629,CC1=CC=C(C=C1)C2=CC(=NN2C3=CC=C(C=C3)S(=O)(=O)C)C(F)(F)F,1
SAFE_4712,CC(C)CC1=CC=C(C=C1)C(C)C(=O)O,0
TOXIC_1786,O=[As]O[As]=O,1
SAFE_1390,C(C(CO)O)O,0
TOXIC_2101,C=O,1
SAFE_2838,CN1C=NC2=C1C(=O)N(C(=O)N2C)C,0
TOXIC_4083,c1ccccc1,1
SAFE_3648,CN1C=NC2=C1C(=O)N(C(=O)N2C)C,0
SAFE_2508,CN1C=NC2=C1C(=O)N(C(=O)N2C)C,0
SAFE_1974,CC(=O)O,0
SAFE_2150,CN(C)C(=N)N,0
SAFE_3090,CC(=O)OC1=CC=CC=C1C(=O)O,0
SAFE_4554,CC(=O)O,0
SAFE_2235,CC(=O)OC1=CC=CC=C1C(=O)O,0
SAFE_1873,C1CC(N(C1)C(=O)C(CC2=CC=CC=C2)NC(=O)C(CC3=CC=CC=C3)N)C(=O)O,0
SAFE_4443,CN1C=NC2=C1C(=O)N(C(=O)N2C)C,0
SAFE_3592,C(C(=O)O)N,0
TOXIC_3190,CN(N=O)C,1
TOXIC_3950,CC1=CC=C(C=C1)C(=O)NC2=CC=CC=C2,1
TOXIC_994,NN,1
SAFE_3728,C(C1C(C(C(C(O1)O)O)O)O)O,0
TOXIC_4738,NN,1
TOXIC_4965,C=O,1
TOXIC_1265,ClC(Cl)Cl,1
SAFE_3279,CC(=O)O,0
TOXIC_2917,C=O,1
SAFE_294,CC(=O)O,0
TOXIC_3124,ClC=C,1
TOXIC_233,N#C,1
SAFE_1625,CN(C)C(=N)N,0
TOXIC_2245,C=O,1
SAFE_171,CCO,0
SAFE_3065,CN(C)C(=N)N,0
TOXIC_4697,N#C,1
TOXIC_2537,N#C,1
TOXIC_4009,N#C,1
SAFE_3126,CCO,0
TOXIC_4997,C=O,1
SAFE_3341,C(=O)(N)N,0
TOXIC_1693,CC1=CC=C(C=C1)C2=CC(=NN2C3=CC=C(C=C3)S(=O)(=O)C)C(F)(F)F,1
TOXIC_3348,ClC=C,1
TOXIC_628,ClC=C,1
SAFE_846,CCO,0
SAFE_2491,CC(=O)NC1=CC=C(O)C=C1,0
SAFE_4763,C(C1C(C(C(C(O1)O)O)O)O)O,0
SAFE_1808,C(C1C(C(C(C(O1)O)O)O)O)O,0
SAFE_1645,C(C(CO)O)O,0
SAFE_3285,CC(=O)OC1=CC=CC=C1C(=O)O,0
SAFE_2030,CN(C)C(=N)N,0
TOXIC_4677,C=O,1
SAFE_3059,CC1=CN=C(C(=C1OC)C)CS(=O)C2=NC3=C(N2)C=C(C=C3)OC,0
SAFE_70,C(C(CO)O)O,0
TOXIC_1549,CC1=CC=C(C=C1)C2=CC(=NN2C3=CC=C(C=C3)S(=O)(=O)C)C(F)(F)F,1
SAFE_309,CC(=O)O,0
SAFE_3018,CN1C=NC2=C1C(=O)N(C(=O)N2C)C,0
SAFE_2404,COC1=CC=C(C=C1)C(C)C(=O)O,0
TOXIC_4503,CCOP(=S)(OCC)Oc1ccc(cc1)[N+](=O)[O-],1
SAFE_4452,CC1(C(N2C(S1)C(C2=O)NC(=O)CC3=CC=CC=C3)C(=O)O)C,0
SAFE_4787,CC(C)CC1=CC=C(C=C1)C(C)C(=O)O,0
SAFE_3784,COC1=CC=C(C=C1)C(C)C(=O)O,0
SAFE_3621,CCO,0
TOXIC_2036,ClC=C,1
TOXIC_3399,CCOP(=S)(OCC)Oc1ccc(cc1)[N+](=O)[O-],1
SAFE_1805,CN(C)C(=N)N,0
TOXIC_187,[Hg],1
SAFE_4840,C(C(CO)O)O,0
TOXIC_2238,CC1=CC=C(C=C1)C(=O)NC2=CC=CC=C2,1
TOXIC_1973,C=O,1
SAFE_1923,CN1C=NC2=C1C(=O)N(C(=O)N2C)C,0
SAFE_3450,CC(=O)OC1=CC=CC=C1C(=O)O,0
SAFE_2557,C(C(=O)O)N,0
SAFE_2391,CCO,0
SAFE_3884,CC1=CN=C(C(=C1OC)C)CS(=O)C2=NC3=C(N2)C=C(C=C3)OC,0
TOXIC_1994,O=[As]O[As]=O,1
TOXIC_713,N#C,1
SAFE_3837,CC1(C(N2C(S1)C(C2=O)NC(=O)CC3=CC=CC=C3)C(=O)O)C,0
TOXIC_56,CC(C)OP(=O)(C)F,1
SAFE_1585,C(C(CO)O)O,0
TOXIC_3000,CC(C)OP(=O)(C)F,1
SAFE_4435,C(C(CO)O)O,0
TOXIC_3286,CN(N=O)C,1
SAFE_4725,CC(=O)OC1=CC=CC=C1C(=O)O,0
TOXIC_4813,CC1=CC=C(C=C1)C2=CC(=NN2C3=CC=C(C=C3)S(=O)(=O)C)C(F)(F)F,1
SAFE_3005,CN(C)C(=N)N,0
TOXIC_4557,CC1=CC=C(C=C1)C2=CC(=NN2C3=CC=C(C=C3)S(=O)(=O)C)C(F)(F)F,1
TOXIC_4422,CN(N=O)C,1
TOXIC_4667,[Hg],1
TOXIC_650,O=[As]O[As]=O,1
TOXIC_1461,C=O,1
TOXIC_949,C=O,1
SAFE_374,CC1=CN=C(C(=C1OC)C)CS(=O)C2=NC3=C(N2)C=C(C=C3)OC,0
TOXIC_2500,ClC=C,1
TOXIC_2603,[Hg],1
SAFE_4899,CC(=O)O,0
SAFE_272,CC(C)CC1=CC=C(C=C1)C(C)C(=O)O,0
SAFE_4981,CC(=O)NC1=CC=C(O)C=C1,0
SAFE_1689,CC(=O)O,0
SAFE_3434,CC1=CN=C(C(=C1OC)C)CS(=O)C2=NC3=C(N2)C=C(C=C3)OC,0
SAFE_4235,CN(C)C(=N)N,0
TOXIC_2300,[Pb],1
TOXIC_542,CC1=CC=C(C=C1)C(=O)NC2=CC=CC=C2,1
TOXIC_555,[Hg],1
SAFE_3535,C(C(CO)O)O,0
TOXIC_1029,C=O,1
TOXIC_2477,CC1=CC=C(C=C1)C2=CC(=NN2C3=CC=C(C=C3)S(=O)(=O)C)C(F)(F)F,1
TOXIC_2973,CC1=CC=C(C=C1)C2=CC(=NN2C3=CC=C(C=C3)S(=O)(=O)C)C(F)(F)F,1
SAFE_750,CC(=O)OC1=CC=CC=C1C(=O)O,0
SAFE_3509,CC1=CN=C(C(=C1OC)C)CS(=O)C2=NC3=C(N2)C=C(C=C3)OC,0
SAFE_2193,CN1C=NC2=C1C(=O)N(C(=O)N2C)C,0
SAFE_2082,CC1(C(N2C(S1)C(C2=O)NC(=O)CC3=CC=CC=C3)C(=O)O)C,0
TOXIC_470,CN(N=O)C,1
SAFE_353,C(C1C(C(C(C(O1)O)O)O)O)O,0
TOXIC_749,CC1=CC=C(C=C1)C2=CC(=NN2C3=CC=C(C=C3)S(=O)(=O)C)C(F)(F)F,1
TOXIC_984,CC(C)OP(=O)(C)F,1
SAFE_4574,CC1=CN=C(C(=C1OC)C)CS(=O)C2=NC3=C(N2)C=C(C=C3)OC,0
SAFE_2620,C(C(CO)O)O,0
SAFE_1340,CN(C)C(=N)N,0
SAFE_2655,CC(=O)OC1=CC=CC=C1C(=O)O,0
SAFE_2787,CC1(C(N2C(S1)C(C2=O)NC(=O)CC3=CC=CC=C3)C(=O)O)C,0
SAFE_448,C1CC(N(C1)C(=O)C(CC2=CC=CC=C2)NC(=O)C(CC3=CC=CC=C3)N)C(=O)O,0
SAFE_3169,COC1=CC=C(C=C1)C(C)C(=O)O,0
TOXIC_3730,NN,1
SAFE_1692,CC1(C(N2C(S1)C(C2=O)NC(=O)CC3=CC=CC=C3)C(=O)O)C,0
TOXIC_552,CC(C)OP(=O)(C)F,1
TOXIC_4982,CN(N=O)C,1
SAFE_1642,C(C(=O)O)N,0
SAFE_3475,C(C(CO)O)O,0
SAFE_2340,CC(=O)OC1=CC=CC=C1C(=O)O,0
TOXIC_743,CCOP(=S)(OCC)Oc1ccc(cc1)[N+](=O)[O-],1
SAFE_1224,CC(=O)O,0
TOXIC_106,O=[As]O[As]=O,1
TOXIC_3428,ClC=C,1
SAFE_2648,C(C1C(C(C(C(O1)O)O)O)O)O,0
TOXIC_3550,CC1=CC=C(C=C1)C(=O)NC2=CC=CC=C2,1
SAFE_4145,CN(C)C(=N)N,0
SAFE_3446,C(=O)(N)N,0
TOXIC_24,CC(C)OP(=O)(C)F,1
SAFE_3716,C(=O)(N)N,0
TOXIC_4917,C=O,1
TOXIC_1231,CCN(CC)C(=S)SSC(=S)N(CC)CC,1
SAFE_3529,COC1=CC=C(C=C1)C(C)C(=O)O,0
SAFE_4953,CN1C=NC2=C1C(=O)N(C(=O)N2C)C,0
TOXIC_2898,NN,1
TOXIC_1201,ClC(Cl)Cl,1
TOXIC_1381,C=O,1
SAFE_2280,CC(=O)OC1=CC=CC=C1C(=O)O,0
SAFE_1462,C(C(=O)O)N,0
SAFE_2437,C(C(=O)O)N,0
SAFE_2985,CC(=O)OC1=CC=CC=C1C(=O)O,0
SAFE_889,COC1=CC=C(C=C1)C(C)C(=O)O,0
TOXIC_1929,N#C,1
TOXIC_1054,CC1=CC=C(C=C1)C(=O)NC2=CC=CC=C2,1
SAFE_2625,CC(=O)OC1=CC=CC=C1C(=O)O,0
TOXIC_457,N#C,1
SAFE_3741,CCO,0
TOXIC_3574,CN(N=O)C,1
TOXIC_2111,CCN(CC)C(=S)SSC(=S)N(CC)CC,1
TOXIC_4486,CN(N=O)C,1
SAFE_3626,C(=O)(N)N,0
SAFE_66,CCO,0
TOXIC_4409,N#C,1
TOXIC_3369,N#C,1
SAFE_3513,CN1C=NC2=C1C(=O)N(C(=O)N2C)C,0
TOXIC_2219,[Hg],1
SAFE_612,CC1(C(N2C(S1)C(C2=O)NC(=O)CC3=CC=CC=C3)C(=O)O)C,0
TOXIC_3338,O=[As]O[As]=O,1
TOXIC_2340,ClC=C,1
TOXIC_3930,O=[As]O[As]=O,1
SAFE_2714,CC1=CN=C(C(=C1OC)C)CS(=O)C2=NC3=C(N2)C=C(C=C3)OC,0
SAFE_2472,CC1(C(N2C(S1)C(C2=O)NC(=O)CC3=CC=CC=C3)C(=O)O)C,0
TOXIC_25,N#C,1
TOXIC_269,CC1=CC=C(C=C1)C2=CC(=NN2C3=CC=C(C=C3)S(=O)(=O)C)C(F)(F)F,1
SAFE_2580,CC(=O)OC1=CC=CC=C1C(=O)O,0
TOXIC_1633,ClC(Cl)Cl,1
TOXIC_2188,[Pb],1
SAFE_2537,CC(C)CC1=CC=C(C=C1)C(C)C(=O)O,0
SAFE_1336,CC(=O)NC1=CC=C(O)C=C1,0
TOXIC_4459,[Hg],1
TOXIC_2249,N#C,1
TOXIC_3782,CN(N=O)C,1
SAFE_1131,CCO,0
TOXIC_572,[Pb],1
TOXIC_3421,CC1=CC=C(C=C1)C2=CC(=NN2C3=CC=C(C=C3)S(=O)(=O)C)C(F)(F)F,1
TOXIC_2226,NN,1
SAFE_3703,C1CC(N(C1)C(=O)C(CC2=CC=CC=C2)NC(=O)C(CC3=CC=CC=C3)N)C(=O)O,0
TOXIC_1924,ClC=C,1
TOXIC_4878,CC1=CC=C(C=C1)C(=O)NC2=CC=CC=C2,1
SAFE_235,C(C(CO)O)O,0
SAFE_345,CC(=O)OC1=CC=CC=C1C(=O)O,0
TOXIC_4089,N#C,1
TOXIC_70,CN(N=O)C,1
TOXIC_4585,N#C,1
SAFE_1594,COC1=CC=C(C=C1)C(C)C(=O)O,0
TOXIC_2869,C=O,1
TOXIC_3072,ClC(Cl)(Cl)Cl,1
SAFE_2285,CN(C)C(=N)N,0
TOXIC_1229,CC1=CC=C(C=C1)C2=CC(=NN2C3=CC=C(C=C3)S(=O)(=O)C)C(F)(F)F,1
TOXIC_1077,C=O,1
TOXIC_792,CC(C)OP(=O)(C)F,1
TOXIC_3123,c1ccccc1,1
SAFE_1562,CC(C)CC1=CC=C(C=C1)C(C)C(=O)O,0
SAFE_2751,CCO,0
SAFE_1908,CN1C=NC2=C1C(=O)N(C(=O)N2C)C,0
SAFE_872,CC(C)CC1=CC=C(C=C1)C(C)C(=O)O,0
TOXIC_4564,ClC=C,1
TOXIC_2971,[Hg],1
TOXIC_1789,CC1=CC=C(C=C1)C2=CC(=NN2C3=CC=C(C=C3)S(=O)(=O)C)C(F)(F)F,1
TOXIC_1527,CCOP(=S)(OCC)Oc1ccc(cc1)[N+](=O)[O-],1
TOXIC_751,CCN(CC)C(=S)SSC(=S)N(CC)CC,1
SAFE_3383,C(C1C(C(C(C(O1)O)O)O)O)O,0
SAFE_315,CC(=O)OC1=CC=CC=C1C(=O)O,0
TOXIC_4472,CC(C)OP(=O)(C)F,1
TOXIC_2696,CC(C)OP(=O)(C)F,1
TOXIC_1955,c1ccccc1,1
SAFE_3329,CC1=CN=C(C(=C1OC)C)CS(=O)C2=NC3=C(N2)C=C(C=C3)OC,0
TOXIC_4465,ClC(Cl)Cl,1
SAFE_1039,COC1=CC=C(C=C1)C(C)C(=O)O,0
SAFE_4308,CN1C=NC2=C1C(=O)N(C(=O)N2C)C,0
SAFE_4510,C(C(CO)O)O,0
TOXIC_2493,CC1=CC=C(C=C1)C2=CC(=NN2C3=CC=C(C=C3)S(=O)(=O)C)C(F)(F)F,1
SAFE_2681,C(=O)(N)N,0
TOXIC_4000,ClC(Cl)(Cl)Cl,1
SAFE_1296,CCO,0
SAFE_3189,CC(=O)O,0
SAFE_2184,CC(=O)O,0
TOXIC_4016,ClC(Cl)(Cl)Cl,1
TOXIC_205,CC1=CC=C(C=C1)C2=CC(=NN2C3=CC=C(C=C3)S(=O)(=O)C)C(F)(F)F,1
TOXIC_1721,N#C,1
SAFE_2841,CCO,0
TOXIC_4463,CCN(CC)C(=S)SSC(=S)N(CC)CC,1
TOXIC_1589,C=O,1
SAFE_1285,C(C(CO)O)O,0
SAFE_4697,CC(C)CC1=CC=C(C=C1)C(C)C(=O)O,0
SAFE_3993,CN1C=NC2=C1C(=O)N(C(=O)N2C)C,0
SAFE_2209,COC1=CC=C(C=C1)C(C)C(=O)O,0
TOXIC_87,CCOP(=S)(OCC)Oc1ccc(cc1)[N+](=O)[O-],1
TOXIC_2303,CCN(CC)C(=S)SSC(=S)N(CC)CC,1
TOXIC_1058,NN,1
SAFE_4310,CN(C)C(=N)N,0
SAFE_2756,C(=O)(N)N,0
SAFE_1534,COC1=CC=C(C=C1)C(C)C(=O)O,0
SAFE_3632,CC(C)CC1=CC=C(C=C1)C(C)C(=O)O,0
TOXIC_4082,NN,1
TOXIC_1513,N#C,1
TOXIC_3486,CC1=CC=C(C=C1)C(=O)NC2=CC=CC=C2,1
TOXIC_1843,c1ccccc1,1
SAFE_802,C(C(=O)O)N,0
TOXIC_4394,O=[As]O[As]=O,1
SAFE_2119,COC1=CC=C(C=C1)C(C)C(=O)O,0
TOXIC_850,NN,1
SAFE_3769,COC1=CC=C(C=C1)C(C)C(=O)O,0
TOXIC_4159,CCN(CC)C(=S)SSC(=S)N(CC)CC,1
TOXIC_4753,ClC(Cl)Cl,1
SAFE_676,CC(=O)NC1=CC=C(O)C=C1,0
TOXIC_3205,C=O,1
SAFE_2243,C(C1C(C(C(C(O1)O)O)O)O)O,0
SAFE_4116,CCO,0
TOXIC_3819,[Hg],1
SAFE_4608,CN1C=NC2=C1C(=O)N(C(=O)N2C)C,0
SAFE_1195,C(C(CO)O)O,0
TOXIC_1357,CC1=CC=C(C=C1)C2=CC(=NN2C3=CC=C(C=C3)S(=O)(=O)C)C(F)(F)F,1
SAFE_876,CCO,0
TOXIC_722,NN,1
TOXIC_1318,CN(N=O)C,1
SAFE_4370,CN(C)C(=N)N,0
TOXIC_1408,ClC(Cl)(Cl)Cl,1
TOXIC_2354,NN,1
SAFE_1345,C(C(CO)O)O,0
TOXIC_1076,ClC=C,1
SAFE_3571,CC(=O)NC1=CC=C(O)C=C1,0
TOXIC_3609,N#C,1
SAFE_3566,C(=O)(N)N,0
SAFE_3848,C(C1C(C(C(C(O1)O)O)O)O)O,0
SAFE_3942,CC1(C(N2C(S1)C(C2=O)NC(=O)CC3=CC=CC=C3)C(=O)O)C,0
TOXIC_2910,CC1=CC=C(C=C1)C(=O)NC2=CC=CC=C2,1
SAFE_2914,COC1=CC=C(C=C1)C(C)C(=O)O,0
SAFE_2561,C(=O)(N)N,0
TOXIC_3681,ClC(Cl)Cl,1
TOXIC_161,ClC(Cl)Cl,1
TOXIC_1643,[Hg],1
TOXIC_4765,CC1=CC=C(C=C1)C2=CC(=NN2C3=CC=C(C=C3)S(=O)(=O)C)C(F)(F)F,1
TOXIC_1037,CC1=CC=C(C=C1)C2=CC(=NN2C3=CC=C(C=C3)S(=O)(=O)C)C(F)(F)F,1
TOXIC_4258,NN,1
TOXIC_3326,CC1=CC=C(C=C1)C(=O)NC2=CC=CC=C2,1
SAFE_2077,C(C(=O)O)N,0
TOXIC_1766,CN(N=O)C,1
SAFE_145,C(C(CO)O)O,0
SAFE_719,CC1=CN=C(C(=C1OC)C)CS(=O)C2=NC3=C(N2)C=C(C=C3)OC,0
TOXIC_2327,CCOP(=S)(OCC)Oc1ccc(cc1)[N+](=O)[O-],1
TOXIC_2881,ClC(Cl)Cl,1
TOXIC_453,C=O,1
SAFE_3654,CC(=O)O,0
TOXIC_1353,N#C,1
TOXIC_147,c1ccccc1,1
TOXIC_918,CN(N=O)C,1
TOXIC_3604,ClC=C,1
SAFE_2311,CC(=O)NC1=CC=C(O)C=C1,0
SAFE_2234,CC1=CN=C(C(=C1OC)C)CS(=O)C2=NC3=C(N2)C=C(C=C3)OC,0
TOXIC_845,CC1=CC=C(C=C1)C2=CC(=NN2C3=CC=C(C=C3)S(=O)(=O)C)C(F)(F)F,1
TOXIC_2457,N#C,1
TOXIC_612,ClC=C,1
SAFE_840,CC(=O)OC1=CC=CC=C1C(=O)O,0
TOXIC_2944,ClC(Cl)(Cl)Cl,1
TOXIC_1085,CC1=CC=C(C=C1)C2=CC(=NN2C3=CC=C(C=C3)S(=O)(=O)C)C(F)(F)F,1
TOXIC_1286,CN(N=O)C,1
SAFE_4565,CN(C)C(=N)N,0
TOXIC_2760,CC(C)OP(=O)(C)F,1
TOXIC_530,NN,1
TOXIC_2675,c1ccccc1,1
TOXIC_3259,[Hg],1
TOXIC_1756,[Pb],1
SAFE_102,CC1(C(N2C(S1)C(C2=O)NC(=O)CC3=CC=CC=C3)C(=O)O)C,0
TOXIC_3112,CC(C)OP(=O)(C)F,1
SAFE_2765,CN(C)C(=N)N,0
SAFE_2033,C(C1C(C(C(C(O1)O)O)O)O)O,0
TOXIC_442,O=[As]O[As]=O,1
TOXIC_1699,c1ccccc1,1
TOXIC_3138,NN,1
SAFE_3952,C(C(=O)O)N,0
SAFE_263,C(C1C(C(C(C(O1)O)O)O)O)O,0
SAFE_2711,C(=O)(N)N,0
TOXIC_385,ClC(Cl)Cl,1
SAFE_4747,C(C(=O)O)N,0
SAFE_3991,CC(=O)NC1=CC=C(O)C=C1,0
SAFE_4976,C(=O)(N)N,0
SAFE_2474,CC1=CN=C(C(=C1OC)C)CS(=O)C2=NC3=C(N2)C=C(C=C3)OC,0
SAFE_1223,C(C1C(C(C(C(O1)O)O)O)O)O,0
TOXIC_2114,NN,1
SAFE_2988,CN1C=NC2=C1C(=O)N(C(=O)N2C)C,0
SAFE_1278,CN1C=NC2=C1C(=O)N(C(=O)N2C)C,0
SAFE_4767,CC1(C(N2C(S1)C(C2=O)NC(=O)CC3=CC=CC=C3)C(=O)O)C,0
SAFE_900,CC(=O)OC1=CC=CC=C1C(=O)O,0
SAFE_404,CC1=CN=C(C(=C1OC)C)CS(=O)C2=NC3=C(N2)C=C(C=C3)OC,0
TOXIC_166,CN(N=O)C,1
SAFE_1859,CC1=CN=C(C(=C1OC)C)CS(=O)C2=NC3=C(N2)C=C(C=C3)OC,0
SAFE_776,C(=O)(N)N,0
SAFE_4947,CC1(C(N2C(S1)C(C2=O)NC(=O)CC3=CC=CC=C3)C(=O)O)C,0
SAFE_4936,CC(=O)NC1=CC=C(O)C=C1,0
TOXIC_2883,c1ccccc1,1
SAFE_236,C(=O)(N)N,0
TOXIC_1101,CC1=CC=C(C=C1)C2=CC(=NN2C3=CC=C(C=C3)S(=O)(=O)C)C(F)(F)F,1
TOXIC_3779,c1ccccc1,1
SAFE_3441,CCO,0
SAFE_4783,C1CC(N(C1)C(=O)C(CC2=CC=CC=C2)NC(=O)C(CC3=CC=CC=C3)N)C(=O)O,0
TOXIC_3593,N#C,1
SAFE_1581,CCO,0
TOXIC_4289,ClC(Cl)Cl,1
SAFE_4255,C(C(CO)O)O,0
TOXIC_4112,ClC(Cl)(Cl)Cl,1
SAFE_4616,C(=O)(N)N,0
TOXIC_4806,CN(N=O)C,1
SAFE_2121,CCO,0
SAFE_557,CC(C)CC1=CC=C(C=C1)C(C)C(=O)O,0
TOXIC_1432,CC(C)OP(=O)(C)F,1
TOXIC_2434,NN,1
TOXIC_1697,ClC(Cl)Cl,1
SAFE_540,CC(=O)OC1=CC=CC=C1C(=O)O,0
SAFE_4093,C1CC(N(C1)C(=O)C(CC2=CC=CC=C2)NC(=O)C(CC3=CC=CC=C3)N)C(=O)O,0
SAFE_132,CC1(C(N2C(S1)C(C2=O)NC(=O)CC3=CC=CC=C3)C(=O)O)C,0
SAFE_2798,C(C1C(C(C(C(O1)O)O)O)O)O,0
SAFE_1386,CCO,0
TOXIC_3692,[Pb],1
SAFE_925,C(C(CO)O)O,0
SAFE_4267,C(C(=O)O)N,0
SAFE_2942,CC(C)CC1=CC=C(C=C1)C(C)C(=O)O,0
TOXIC_2617,N#C,1
SAFE_4983,CN1C=NC2=C1C(=O)N(C(=O)N2C)C,0
SAFE_1207,C(C(=O)O)N,0
SAFE_2825,CN(C)C(=N)N,0
TOXIC_4979,c1ccccc1,1
SAFE_667,C(C(=O)O)N,0
SAFE_2302,C(C(=O)O)N,0
TOXIC_47,CCN(CC)C(=S)SSC(=S)N(CC)CC,1
SAFE_4398,CN1C=NC2=C1C(=O)N(C(=O)N2C)C,0
SAFE_3554,CC1=CN=C(C(=C1OC)C)CS(=O)C2=NC3=C(N2)C=C(C=C3)OC,0
SAFE_3594,CC(=O)O,0
TOXIC_2951,CCOP(=S)(OCC)Oc1ccc(cc1)[N+](=O)[O-],1
TOXIC_568,CC(C)OP(=O)(C)F,1
SAFE_3342,CC1(C(N2C(S1)C(C2=O)NC(=O)CC3=CC=CC=C3)C(=O)O)C,0
SAFE_1261,CC(=O)NC1=CC=C(O)C=C1,0
TOXIC_3131,[Hg],1
TOXIC_853,C=O,1
TOXIC_4368,ClC(Cl)(Cl)Cl,1
TOXIC_319,CCN(CC)C(=S)SSC(=S)N(CC)CC,1
TOXIC_1490,NN,1
TOXIC_3652,ClC=C,1
SAFE_3720,CC(=O)OC1=CC=CC=C1C(=O)O,0
SAFE_1299,CC(=O)O,0
TOXIC_4544,ClC(Cl)(Cl)Cl,1
SAFE_4635,CC(=O)OC1=CC=CC=C1C(=O)O,0
SAFE_4438,C1CC(N(C1)C(=O)C(CC2=CC=CC=C2)NC(=O)C(CC3=CC=CC=C3)N)C(=O)O,0
SAFE_3546,CCO,0
SAFE_29,CC1=CN=C(C(=C1OC)C)CS(=O)C2=NC3=C(N2)C=C(C=C3)OC,0
SAFE_3395,CN(C)C(=N)N,0
TOXIC_1096,CC(C)OP(=O)(C)F,1
SAFE_2070,CC(=O)OC1=CC=CC=C1C(=O)O,0
SAFE_4386,CCO,0
TOXIC_875,[Hg],1
TOXIC_1397,C=O,1
TOXIC_3467,[Hg],1
TOXIC_518,CN(N=O)C,1
SAFE_628,C1CC(N(C1)C(=O)C(CC2=CC=CC=C2)NC(=O)C(CC3=CC=CC=C3)N)C(=O)O,0
TOXIC_4867,c1ccccc1,1
SAFE_2893,C1CC(N(C1)C(=O)C(CC2=CC=CC=C2)NC(=O)C(CC3=CC=CC=C3)N)C(=O)O,0
TOXIC_2068,ClC=C,1
TOXIC_4635,[Hg],1
TOXIC_1711,CCN(CC)C(=S)SSC(=S)N(CC)CC,1
TOXIC_3521,ClC(Cl)Cl,1
SAFE_1554,CC(=O)O,0
SAFE_168,CN1C=NC2=C1C(=O)N(C(=O)N2C)C,0
SAFE_4194,CC(=O)O,0
TOXIC_3049,N#C,1
TOXIC_3968,ClC(Cl)(Cl)Cl,1
TOXIC_4817,ClC(Cl)Cl,1
SAFE_3009,CC(=O)O,0
SAFE_4775,CN(C)C(=N)N,0
SAFE_4123,C1CC(N(C1)C(=O)C(CC2=CC=CC=C2)NC(=O)C(CC3=CC=CC=C3)N)C(=O)O,0
SAFE_3794,CC1=CN=C(C(=C1OC)C)CS(=O)C2=NC3=C(N2)C=C(C=C3)OC,0
SAFE_4972,C(C(=O)O)N,0
TOXIC_173,CC1=CC=C(C=C1)C2=CC(=NN2C3=CC=C(C=C3)S(=O)(=O)C)C(F)(F)F,1
SAFE_3075,CC(=O)OC1=CC=CC=C1C(=O)O,0
SAFE_701,C(=O)(N)N,0
TOXIC_819,c1ccccc1,1
TOXIC_1733,C=O,1
TOXIC_2707,c1ccccc1,1
SAFE_577,C(C(=O)O)N,0
SAFE_2671,CC(=O)NC1=CC=C(O)C=C1,0
SAFE_3405,CC(=O)OC1=CC=CC=C1C(=O)O,0
TOXIC_3582,CC1=CC=C(C=C1)C(=O)NC2=CC=CC=C2,1
TOXIC_4407,CCOP(=S)(OCC)Oc1ccc(cc1)[N+](=O)[O-],1
SAFE_1977,CC1(C(N2C(S1)C(C2=O)NC(=O)CC3=CC=CC=C3)C(=O)O)C,0
SAFE_4853,C(C1C(C(C(C(O1)O)O)O)O)O,0
SAFE_536,C(=O)(N)N,0
SAFE_1854,CC(=O)O,0
TOXIC_1142,CN(N=O)C,1
SAFE_919,COC1=CC=C(C=C1)C(C)C(=O)O,0
SAFE_1963,C1CC(N(C1)C(=O)C(CC2=CC=CC=C2)NC(=O)C(CC3=CC=CC=C3)N)C(=O)O,0
TOXIC_4485,C=O,1
SAFE_2722,C(C(=O)O)N,0
TOXIC_789,C=O,1
TOXIC_3565,CC1=CC=C(C=C1)C2=CC(=NN2C3=CC=C(C=C3)S(=O)(=O)C)C(F)(F)F,1
SAFE_2492,CC(C)CC1=CC=C(C=C1)C(C)C(=O)O,0
TOXIC_245,C=O,1
SAFE_3690,CC(=O)OC1=CC=CC=C1C(=O)O,0
SAFE_1900,C(C(CO)O)O,0
TOXIC_3479,CCOP(=S)(OCC)Oc1ccc(cc1)[N+](=O)[O-],1
TOXIC_4730,O=[As]O[As]=O,1
SAFE_367,C(C(=O)O)N,0
SAFE_4238,C(C1C(C(C(C(O1)O)O)O)O)O,0
SAFE_1265,CN(C)C(=N)N,0
SAFE_1871,C(=O)(N)N,0
SAFE_1209,CC(=O)O,0
TOXIC_1642,O=[As]O[As]=O,1
TOXIC_3178,O=[As]O[As]=O,1
TOXIC_4803,c1ccccc1,1
TOXIC_4999,CCOP(=S)(OCC)Oc1ccc(cc1)[N+](=O)[O-],1
SAFE_1080,CC(=O)OC1=CC=CC=C1C(=O)O,0
TOXIC_1212,[Pb],1
SAFE_299,CC1=CN=C(C(=C1OC)C)CS(=O)C2=NC3=C(N2)C=C(C=C3)OC,0
TOXIC_3350,CN(N=O)C,1
SAFE_4915,C(C(CO)O)O,0
SAFE_4361,C(=O)(N)N,0
SAFE_4900,C(C(CO)O)O,0
TOXIC_383,CCN(CC)C(=S)SSC(=S)N(CC)CC,1
TOXIC_4084,ClC=C,1
SAFE_2945,CN(C)C(=N)N,0
SAFE_2594,CC1=CN=C(C(=C1OC)C)CS(=O)C2=NC3=C(N2)C=C(C=C3)OC,0
TOXIC_96,ClC(Cl)(Cl)Cl,1
TOXIC_1826,NN,1
TOXIC_593,ClC(Cl)Cl,1
TOXIC_2001,ClC(Cl)Cl,1
SAFE_4690,C(C(CO)O)O,0
SAFE_4792,C(C(=O)O)N,0
SAFE_3610,C(C(CO)O)O,0
TOXIC_4680,CC(C)OP(=O)(C)F,1
SAFE_560,CN(C)C(=N)N,0
SAFE_1883,C(C1C(C(C(C(O1)O)O)O)O)O,0
TOXIC_2587,[Hg],1
SAFE_2231,C(=O)(N)N,0
TOXIC_2861,CC1=CC=C(C=C1)C2=CC(=NN2C3=CC=C(C=C3)S(=O)(=O)C)C(F)(F)F,1
SAFE_25,C(C(CO)O)O,0
SAFE_2697,CC1(C(N2C(S1)C(C2=O)NC(=O)CC3=CC=CC=C3)C(=O)O)C,0
TOXIC_3899,[Hg],1
TOXIC_1729,ClC(Cl)Cl,1
TOXIC_1257,N#C,1
SAFE_725,CN(C)C(=N)N,0
SAFE_4817,CC(C)CC1=CC=C(C=C1)C(C)C(=O)O,0
SAFE_2920,C(C(CO)O)O,0
TOXIC_3185,ClC(Cl)Cl,1
SAFE_1658,C(C1C(C(C(C(O1)O)O)O)O)O,0
SAFE_2794,COC1=CC=C(C=C1)C(C)C(=O)O,0
SAFE_901,CC(=O)NC1=CC=C(O)C=C1,0
TOXIC_3410,NN,1
SAFE_1367,CC(C)CC1=CC=C(C=C1)C(C)C(=O)O,0
SAFE_1205,CN(C)C(=N)N,0
TOXIC_4148,ClC=C,1
SAFE_1668,CN1C=NC2=C1C(=O)N(C(=O)N2C)C,0
SAFE_700,C(C(CO)O)O,0
TOXIC_4332,[Pb],1
TOXIC_4088,CC(C)OP(=O)(C)F,1
TOXIC_4805,C=O,1
TOXIC_3876,ClC=C,1
SAFE_2882,CC(C)CC1=CC=C(C=C1)C(C)C(=O)O,0
TOXIC_1110,CN(N=O)C,1
TOXIC_2794,O=[As]O[As]=O,1
SAFE_3715,C(C(CO)O)O,0
SAFE_1241,C(=O)(N)N,0
SAFE_4429,COC1=CC=C(C=C1)C(C)C(=O)O,0
TOXIC_4059,[Hg],1
TOXIC_387,c1ccccc1,1
SAFE_3774,CC(=O)O,0
SAFE_3406,CC(=O)NC1=CC=C(O)C=C1,0
SAFE_3792,CC1(C(N2C(S1)C(C2=O)NC(=O)CC3=CC=CC=C3)C(=O)O)C,0
SAFE_4179,CC(=O)O,0
SAFE_3281,C(=O)(N)N,0
SAFE_2374,COC1=CC=C(C=C1)C(C)C(=O)O,0
TOXIC_2646,CN(N=O)C,1
TOXIC_3760,ClC(Cl)(Cl)Cl,1
TOXIC_3248,ClC(Cl)(Cl)Cl,1
SAFE_585,CC(=O)OC1=CC=CC=C1C(=O)O,0
SAFE_1899,CC(=O)O,0
SAFE_2318,C(C1C(C(C(C(O1)O)O)O)O)O,0
SAFE_1960,C(C(CO)O)O,0
TOXIC_4622,CC1=CC=C(C=C1)C(=O)NC2=CC=CC=C2,1
SAFE_2702,CC(C)CC1=CC=C(C=C1)C(C)C(=O)O,0
TOXIC_4022,CN(N=O)C,1
SAFE_2696,C(=O)(N)N,0
TOXIC_1485,CC1=CC=C(C=C1)C2=CC(=NN2C3=CC=C(C=C3)S(=O)(=O)C)C(F)(F)F,1
SAFE_110,CN(C)C(=N)N,0
TOXIC_1650,NN,1
TOXIC_998,CN(N=O)C,1
TOXIC_2446,CC1=CC=C(C=C1)C(=O)NC2=CC=CC=C2,1
SAFE_172,C(C(=O)O)N,0
TOXIC_204,[Pb],1
SAFE_3937,C(C(=O)O)N,0
TOXIC_4194,NN,1
SAFE_3235,C(C(CO)O)O,0
SAFE_179,CC1=CN=C(C(=C1OC)C)CS(=O)C2=NC3=C(N2)C=C(C=C3)OC,0
SAFE_4552,C(C(=O)O)N,0
TOXIC_4711,CCOP(=S)(OCC)Oc1ccc(cc1)[N+](=O)[O-],1
SAFE_2148,CN1C=NC2=C1C(=O)N(C(=O)N2C)C,0
SAFE_2708,C(C1C(C(C(C(O1)O)O)O)O)O,0
TOXIC_2444,[Pb],1
TOXIC_4920,CC(C)OP(=O)(C)F,1
SAFE_318,CN1C=NC2=C1C(=O)N(C(=O)N2C)C,0
SAFE_3401,C(=O)(N)N,0
TOXIC_3226,O=[As]O[As]=O,1
TOXIC_3223,CCOP(=S)(OCC)Oc1ccc(cc1)[N+](=O)[O-],1
TOXIC_3157,C=O,1
TOXIC_2676,ClC=C,1
TOXIC_4299,[Hg],1
TOXIC_598,CN(N=O)C,1
TOXIC_1535,CCN(CC)C(=S)SSC(=S)N(CC)CC,1
SAFE_4702,C(C(=O)O)N,0
SAFE_2511,CCO,0
SAFE_4124,CC1=CN=C(C(=C1OC)C)CS(=O)C2=NC3=C(N2)C=C(C=C3)OC,0
SAFE_1680,CC(=O)OC1=CC=CC=C1C(=O)O,0
SAFE_4614,CC(=O)O,0
SAFE_2169,CC(=O)O,0
SAFE_1050,CC(=O)OC1=CC=CC=C1C(=O)O,0
TOXIC_4012,[Pb],1
SAFE_3247,C(C(=O)O)N,0
TOXIC_780,[Pb],1
TOXIC_3838,CC1=CC=C(C=C1)C(=O)NC2=CC=CC=C2,1
SAFE_423,CN1C=NC2=C1C(=O)N(C(=O)N2C)C,0
TOXIC_4855,CCOP(=S)(OCC)Oc1ccc(cc1)[N+](=O)[O-],1
SAFE_2796,CCO,0
SAFE_1458,CN1C=NC2=C1C(=O)N(C(=O)N2C)C,0
SAFE_2585,CN(C)C(=N)N,0
TOXIC_1654,CN(N=O)C,1
TOXIC_2759,CCOP(=S)(OCC)Oc1ccc(cc1)[N+](=O)[O-],1
SAFE_2366,C(=O)(N)N,0
SAFE_2746,CC(=O)NC1=CC=C(O)C=C1,0
SAFE_3486,CCO,0
TOXIC_2490,O=[As]O[As]=O,1
SAFE_3351,CCO,0
TOXIC_4132,ClC=C,1
SAFE_2283,CN1C=NC2=C1C(=O)N(C(=O)N2C)C,0
SAFE_2088,CN1C=NC2=C1C(=O)N(C(=O)N2C)C,0
SAFE_2957,CC(C)CC1=CC=C(C=C1)C(C)C(=O)O,0
TOXIC_2419,c1ccccc1,1
TOXIC_3340,[Pb],1
SAFE_4630,C(C(CO)O)O,0
TOXIC_2323,c1ccccc1,1
TOXIC_4063,CCN(CC)C(=S)SSC(=S)N(CC)CC,1
TOXIC_3741,CC1=CC=C(C=C1)C2=CC(=NN2C3=CC=C(C=C3)S(=O)(=O)C)C(F)(F)F,1
TOXIC_111,CCN(CC)C(=S)SSC(=S)N(CC)CC,1
TOXIC_119,CCOP(=S)(OCC)Oc1ccc(cc1)[N+](=O)[O-],1
SAFE_592,C(C(=O)O)N,0
TOXIC_4144,ClC(Cl)(Cl)Cl,1
SAFE_2146,CC(=O)NC1=CC=C(O)C=C1,0
SAFE_1258,C1CC(N(C1)C(=O)C(CC2=CC=CC=C2)NC(=O)C(CC3=CC=CC=C3)N)C(=O)O,0
TOXIC_4188,[Pb],1
TOXIC_1885,CC1=CC=C(C=C1)C2=CC(=NN2C3=CC=C(C=C3)S(=O)(=O)C)C(F)(F)F,1
SAFE_1924,COC1=CC=C(C=C1)C(C)C(=O)O,0
TOXIC_1534,CC1=CC=C(C=C1)C(=O)NC2=CC=CC=C2,1
SAFE_247,C(C(=O)O)N,0
TOXIC_2652,[Pb],1
TOXIC_3191,CCOP(=S)(OCC)Oc1ccc(cc1)[N+](=O)[O-],1
TOXIC_4603,[Hg],1
TOXIC_1332,ClC=C,1
SAFE_3094,COC1=CC=C(C=C1)C(C)C(=O)O,0
TOXIC_3788,[Pb],1
SAFE_4028,C(C1C(C(C(C(O1)O)O)O)O)O,0
SAFE_873,CN1C=NC2=C1C(=O)N(C(=O)N2C)C,0
SAFE_724,COC1=CC=C(C=C1)C(C)C(=O)O,0
TOXIC_414,CC1=CC=C(C=C1)C(=O)NC2=CC=CC=C2,1
TOXIC_1785,N#C,1
SAFE_689,CC1=CN=C(C(=C1OC)C)CS(=O)C2=NC3=C(N2)C=C(C=C3)OC,0
TOXIC_4276,ClC=C,1
SAFE_480,CC(=O)OC1=CC=CC=C1C(=O)O,0
TOXIC_1410,NN,1
TOXIC_2056,CC(C)OP(=O)(C)F,1
SAFE_4811,C(=O)(N)N,0
SAFE_2194,COC1=CC=C(C=C1)C(C)C(=O)O,0
SAFE_1665,CC(=O)OC1=CC=CC=C1C(=O)O,0
TOXIC_4257,ClC(Cl)Cl,1
TOXIC_2616,CC(C)OP(=O)(C)F,1
TOXIC_4709,C=O,1
SAFE_834,CC(=O)O,0
SAFE_3882,CC1(C(N2C(S1)C(C2=O)NC(=O)CC3=CC=CC=C3)C(=O)O)C,0
TOXIC_374,CN(N=O)C,1
TOXIC_2252,[Pb],1
TOXIC_2948,ClC=C,1
TOXIC_4727,CCOP(=S)(OCC)Oc1ccc(cc1)[N+](=O)[O-],1
TOXIC_4051,c1ccccc1,1
TOXIC_4219,[Hg],1
TOXIC_1823,CCN(CC)C(=S)SSC(=S)N(CC)CC,1
TOXIC_3560,CC(C)OP(=O)(C)F,1
SAFE_4540,C(C(CO)O)O,0
TOXIC_3324,[Pb],1
SAFE_684,CC(=O)O,0
SAFE_2312,CC(C)CC1=CC=C(C=C1)C(C)C(=O)O,0
TOXIC_3688,CC(C)OP(=O)(C)F,1
SAFE_393,CN1C=NC2=C1C(=O)N(C(=O)N2C)C,0
SAFE_2012,CC(C)CC1=CC=C(C=C1)C(C)C(=O)O,0
SAFE_1782,CC1(C(N2C(S1)C(C2=O)NC(=O)CC3=CC=CC=C3)C(=O)O)C,0
SAFE_3073,C1CC(N(C1)C(=O)C(CC2=CC=CC=C2)NC(=O)C(CC3=CC=CC=C3)N)C(=O)O,0
SAFE_570,CC(=O)OC1=CC=CC=C1C(=O)O,0
TOXIC_30,CC1=CC=C(C=C1)C(=O)NC2=CC=CC=C2,1
TOXIC_404,ClC=C,1
TOXIC_4608,ClC(Cl)(Cl)Cl,1
SAFE_2387,CC(C)CC1=CC=C(C=C1)C(C)C(=O)O,0
TOXIC_3022,CC1=CC=C(C=C1)C(=O)NC2=CC=CC=C2,1
SAFE_3391,CC(=O)NC1=CC=C(O)C=C1,0
SAFE_1955,CN(C)C(=N)N,0
TOXIC_2563,c1ccccc1,1
TOXIC_2680,CC(C)OP(=O)(C)F,1
TOXIC_4478,CC1=CC=C(C=C1)C(=O)NC2=CC=CC=C2,1
SAFE_2692,C(C(=O)O)N,0
TOXIC_4892,[Pb],1
TOXIC_4168,CC(C)OP(=O)(C)F,1
TOXIC_4139,[Hg],1
TOXIC_2289,ClC(Cl)Cl,1
SAFE_1212,CC1(C(N2C(S1)C(C2=O)NC(=O)CC3=CC=CC=C3)C(=O)O)C,0
TOXIC_3794,NN,1
SAFE_845,CN(C)C(=N)N,0
SAFE_1267,C(C(=O)O)N,0
TOXIC_3099,[Hg],1
SAFE_2388,CN1C=NC2=C1C(=O)N(C(=O)N2C)C,0
TOXIC_3815,CCOP(=S)(OCC)Oc1ccc(cc1)[N+](=O)[O-],1
SAFE_1221,CCO,0
TOXIC_3102,CC1=CC=C(C=C1)C(=O)NC2=CC=CC=C2,1
TOXIC_4673,ClC(Cl)Cl,1
TOXIC_2863,CCN(CC)C(=S)SSC(=S)N(CC)CC,1
SAFE_2198,C(C1C(C(C(C(O1)O)O)O)O)O,0
SAFE_1763,C(C1C(C(C(C(O1)O)O)O)O)O,0
SAFE_4760,CN(C)C(=N)N,0
SAFE_734,CC1=CN=C(C(=C1OC)C)CS(=O)C2=NC3=C(N2)C=C(C=C3)OC,0
TOXIC_4367,CCN(CC)C(=S)SSC(=S)N(CC)CC,1
SAFE_2477,CC(C)CC1=CC=C(C=C1)C(C)C(=O)O,0
TOXIC_462,CC1=CC=C(C=C1)C(=O)NC2=CC=CC=C2,1
SAFE_4932,CC1(C(N2C(S1)C(C2=O)NC(=O)CC3=CC=CC=C3)C(=O)O)C,0
TOXIC_4235,[Hg],1
TOXIC_3881,N#C,1
TOXIC_58,O=[As]O[As]=O,1
TOXIC_455,CCOP(=S)(OCC)Oc1ccc(cc1)[N+](=O)[O-],1
SAFE_2536,CC(=O)NC1=CC=C(O)C=C1,0
TOXIC_4321,ClC(Cl)Cl,1
SAFE_1490,CN(C)C(=N)N,0
TOXIC_1442,NN,1
SAFE_3780,CC(=O)OC1=CC=CC=C1C(=O)O,0
SAFE_1429,COC1=CC=C(C=C1)C(C)C(=O)O,0
SAFE_202,C(C(=O)O)N,0
TOXIC_2467,c1ccccc1,1
TOXIC_1021,CC1=CC=C(C=C1)C2=CC(=NN2C3=CC=C(C=C3)S(=O)(=O)C)C(F)(F)F,1
TOXIC_3244,[Pb],1
TOXIC_4787,c1ccccc1,1
SAFE_1292,CC(C)CC1=CC=C(C=C1)C(C)C(=O)O,0
TOXIC_2495,CCN(CC)C(=S)SSC(=S)N(CC)CC,1
TOXIC_3764,ClC=C,1
TOXIC_1746,NN,1
SAFE_1377,CC1(C(N2C(S1)C(C2=O)NC(=O)CC3=CC=CC=C3)C(=O)O)C,0
SAFE_3672,CC1(C(N2C(S1)C(C2=O)NC(=O)CC3=CC=CC=C3)C(=O)O)C,0
SAFE_2358,CN1C=NC2=C1C(=O)N(C(=O)N2C)C,0
TOXIC_1905,ClC(Cl)Cl,1
SAFE_4648,C1CC(N(C1)C(=O)C(CC2=CC=CC=C2)NC(=O)C(CC3=CC=CC=C3)N)C(=O)O,0
TOXIC_20,ClC=C,1
TOXIC_1004,[Pb],1
SAFE_4681,CC(=O)NC1=CC=C(O)C=C1,0
SAFE_4707,CC1(C(N2C(S1)C(C2=O)NC(=O)CC3=CC=CC=C3)C(=O)O)C,0
SAFE_3143,C(C1C(C(C(C(O1)O)O)O)O)O,0
SAFE_1713,CN1C=NC2=C1C(=O)N(C(=O)N2C)C,0
SAFE_189,CC(=O)O,0
TOXIC_3445,C=O,1
SAFE_2264,CC1=CN=C(C(=C1OC)C)CS(=O)C2=NC3=C(N2)C=C(C=C3)OC,0
TOXIC_3752,CC(C)OP(=O)(C)F,1
SAFE_2706,CCO,0
TOXIC_2536,CC(C)OP(=O)(C)F,1
TOXIC_2820,ClC=C,1
SAFE_3734,CC1=CN=C(C(=C1OC)C)CS(=O)C2=NC3=C(N2)C=C(C=C3)OC,0
SAFE_4800,CC(=O)OC1=CC=CC=C1C(=O)O,0
TOXIC_4606,CC1=CC=C(C=C1)C(=O)NC2=CC=CC=C2,1
SAFE_4485,CC(=O)OC1=CC=CC=C1C(=O)O,0
TOXIC_3083,[Hg],1
TOXIC_1586,NN,1
SAFE_4043,C(C1C(C(C(C(O1)O)O)O)O)O,0
SAFE_2967,CC1(C(N2C(S1)C(C2=O)NC(=O)CC3=CC=CC=C3)C(=O)O)C,0
TOXIC_1540,ClC=C,1
TOXIC_3368,CC(C)OP(=O)(C)F,1
SAFE_4288,C1CC(N(C1)C(=O)C(CC2=CC=CC=C2)NC(=O)C(CC3=CC=CC=C3)N)C(=O)O,0
TOXIC_4075,[Hg],1
TOXIC_2620,[Pb],1
TOXIC_4221,CC1=CC=C(C=C1)C2=CC(=NN2C3=CC=C(C=C3)S(=O)(=O)C)C(F)(F)F,1
TOXIC_2447,CCN(CC)C(=S)SSC(=S)N(CC)CC,1
SAFE_969,CC(=O)O,0
TOXIC_2118,CN(N=O)C,1
TOXIC_2665,N#C,1
TOXIC_3818,O=[As]O[As]=O,1
SAFE_943,C1CC(N(C1)C(=O)C(CC2=CC=CC=C2)NC(=O)C(CC3=CC=CC=C3)N)C(=O)O,0
SAFE_1539,CC(=O)O,0
SAFE_2661,CCO,0
TOXIC_3940,ClC=C,1
TOXIC_3184,ClC(Cl)(Cl)Cl,1
TOXIC_644,ClC=C,1
SAFE_632,CC(C)CC1=CC=C(C=C1)C(C)C(=O)O,0
SAFE_3683,C(C1C(C(C(C(O1)O)O)O)O)O,0
TOXIC_3700,ClC=C,1
TOXIC_3937,ClC(Cl)Cl,1
TOXIC_4571,[Hg],1
SAFE_902,CC(C)CC1=CC=C(C=C1)C(C)C(=O)O,0
TOXIC_2813,CC1=CC=C(C=C1)C2=CC(=NN2C3=CC=C(C=C3)S(=O)(=O)C)C(F)(F)F,1
SAFE_3542,CC(C)CC1=CC=C(C=C1)C(C)C(=O)O,0
SAFE_1532,CC(C)CC1=CC=C(C=C1)C(C)C(=O)O,0
SAFE_4448,C(C1C(C(C(C(O1)O)O)O)O)O,0
TOXIC_3896,CC(C)OP(=O)(C)F,1
SAFE_3220,C(C(CO)O)O,0
SAFE_2052,CC1(C(N2C(S1)C(C2=O)NC(=O)CC3=CC=CC=C3)C(=O)O)C,0
TOXIC_2695,CCOP(=S)(OCC)Oc1ccc(cc1)[N+](=O)[O-],1
TOXIC_2624,ClC(Cl)(Cl)Cl,1
TOXIC_132,ClC=C,1
SAFE_183,CN1C=NC2=C1C(=O)N(C(=O)N2C)C,0
TOXIC_733,CC1=CC=C(C=C1)C2=CC(=NN2C3=CC=C(C=C3)S(=O)(=O)C)C(F)(F)F,1
TOXIC_2752,ClC(Cl)(Cl)Cl,1
TOXIC_3306,O=[As]O[As]=O,1
SAFE_4857,CC1(C(N2C(S1)C(C2=O)NC(=O)CC3=CC=CC=C3)C(=O)O)C,0
TOXIC_3497,N#C,1
SAFE_3584,CC1=CN=C(C(=C1OC)C)CS(=O)C2=NC3=C(N2)C=C(C=C3)OC,0
TOXIC_4372,ClC=C,1
SAFE_3148,C1CC(N(C1)C(=O)C(CC2=CC=CC=C2)NC(=O)C(CC3=CC=CC=C3)N)C(=O)O,0
TOXIC_1158,CN(N=O)C,1
SAFE_2738,C(C1C(C(C(C(O1)O)O)O)O)O,0
TOXIC_460,[Pb],1
SAFE_2726,C(=O)(N)N,0
TOXIC_2332,[Pb],1
SAFE_3713,C(C1C(C(C(C(O1)O)O)O)O)O,0
SAFE_4222,C(C(=O)O)N,0
TOXIC_1626,O=[As]O[As]=O,1
SAFE_1496,C(=O)(N)N,0
SAFE_1970,CN(C)C(=N)N,0
SAFE_4526,C(=O)(N)N,0
TOXIC_1219,c1ccccc1,1
SAFE_4943,C(C1C(C(C(C(O1)O)O)O)O)O,0
TOXIC_3528,CC(C)OP(=O)(C)F,1
SAFE_402,CC1(C(N2C(S1)C(C2=O)NC(=O)CC3=CC=CC=C3)C(=O)O)C,0
SAFE_1479,CC(=O)O,0
SAFE_2242,C(C(=O)O)N,0
TOXIC_2,NN,1
TOXIC_723,c1ccccc1,1
TOXIC_4184,CC(C)OP(=O)(C)F,1
TOXIC_2244,ClC=C,1
TOXIC_2084,ClC=C,1
TOXIC_940,[Pb],1
TOXIC_2362,O=[As]O[As]=O,1
TOXIC_2590,CC1=CC=C(C=C1)C(=O)NC2=CC=CC=C2,1
SAFE_3793,C1CC(N(C1)C(=O)C(CC2=CC=CC=C2)NC(=O)C(CC3=CC=CC=C3)N)C(=O)O,0
TOXIC_1038,CC1=CC=C(C=C1)C(=O)NC2=CC=CC=C2,1
TOXIC_325,C=O,1
TOXIC_2788,ClC=C,1
SAFE_947,CC(C)CC1=CC=C(C=C1)C(C)C(=O)O,0
SAFE_633,CN1C=NC2=C1C(=O)N(C(=O)N2C)C,0
SAFE_702,CC1(C(N2C(S1)C(C2=O)NC(=O)CC3=CC=CC=C3)C(=O)O)C,0
SAFE_3922,C(C(=O)O)N,0
TOXIC_942,CC1=CC=C(C=C1)C(=O)NC2=CC=CC=C2,1
SAFE_1844,CC1=CN=C(C(=C1OC)C)CS(=O)C2=NC3=C(N2)C=C(C=C3)OC,0
TOXIC_3077,C=O,1
TOXIC_4600,CC(C)OP(=O)(C)F,1
SAFE_123,CN1C=NC2=C1C(=O)N(C(=O)N2C)C,0
TOXIC_4253,CC1=CC=C(C=C1)C2=CC(=NN2C3=CC=C(C=C3)S(=O)(=O)C)C(F)(F)F,1
TOXIC_3352,CC(C)OP(=O)(C)F,1
TOXIC_1894,CN(N=O)C,1
SAFE_4592,CC(C)CC1=CC=C(C=C1)C(C)C(=O)O,0
TOXIC_351,CCN(CC)C(=S)SSC(=S)N(CC)CC,1
TOXIC_3847,CCOP(=S)(OCC)Oc1ccc(cc1)[N+](=O)[O-],1
SAFE_1750,C(C(CO)O)O,0
SAFE_4062,CC1(C(N2C(S1)C(C2=O)NC(=O)CC3=CC=CC=C3)C(=O)O)C,0
SAFE_338,C(C1C(C(C(C(O1)O)O)O)O)O,0
TOXIC_3408,ClC(Cl)(Cl)Cl,1
TOXIC_3465,N#C,1
TOXIC_2080,ClC(Cl)(Cl)Cl,1
TOXIC_294,CN(N=O)C,1
TOXIC_4955,[Hg],1
SAFE_1502,CC(C)CC1=CC=C(C=C1)C(C)C(=O)O,0
TOXIC_168,CC(C)OP(=O)(C)F,1
TOXIC_2877,CC1=CC=C(C=C1)C2=CC(=NN2C3=CC=C(C=C3)S(=O)(=O)C)C(F)(F)F,1
TOXIC_2990,CC1=CC=C(C=C1)C(=O)NC2=CC=CC=C2,1
TOXIC_3733,C=O,1
SAFE_4486,CC(=O)NC1=CC=C(O)C=C1,0
SAFE_1331,C(=O)(N)N,0
TOXIC_2727,CCOP(=S)(OCC)Oc1ccc(cc1)[N+](=O)[O-],1
TOXIC_2559,CCN(CC)C(=S)SSC(=S)N(CC)CC,1
TOXIC_3791,CCN(CC)C(=S)SSC(=S)N(CC)CC,1
TOXIC_1210,O=[As]O[As]=O,1
TOXIC_1067,[Hg],1
TOXIC_2750,CC1=CC=C(C=C1)C(=O)NC2=CC=CC=C2,1
SAFE_243,CN1C=NC2=C1C(=O)N(C(=O)N2C)C,0
TOXIC_976,ClC(Cl)(Cl)Cl,1
TOXIC_3750,CN(N=O)C,1
SAFE_875,CN(C)C(=N)N,0
SAFE_3473,C(C1C(C(C(C(O1)O)O)O)O)O,0
SAFE_4777,C(C(=O)O)N,0
SAFE_1391,C(=O)(N)N,0
SAFE_4786,CC(=O)NC1=CC=C(O)C=C1,0
TOXIC_1447,CCOP(=S)(OCC)Oc1ccc(cc1)[N+](=O)[O-],1
SAFE_1487,CC(C)CC1=CC=C(C=C1)C(C)C(=O)O,0
TOXIC_891,[Hg],1
TOXIC_98,NN,1
SAFE_3369,CC(=O)O,0
SAFE_2820,CC(=O)OC1=CC=CC=C1C(=O)O,0
TOXIC_948,ClC=C,1
TOXIC_237,CC1=CC=C(C=C1)C2=CC(=NN2C3=CC=C(C=C3)S(=O)(=O)C)C(F)(F)F,1
TOXIC_988,[Pb],1
SAFE_3664,COC1=CC=C(C=C1)C(C)C(=O)O,0
TOXIC_904,CC(C)OP(=O)(C)F,1
SAFE_425,CN(C)C(=N)N,0
SAFE_3576,CCO,0
SAFE_3370,C(C(CO)O)O,0
TOXIC_3325,CC1=CC=C(C=C1)C2=CC(=NN2C3=CC=C(C=C3)S(=O)(=O)C)C(F)(F)F,1
TOXIC_93,CC1=CC=C(C=C1)C2=CC(=NN2C3=CC=C(C=C3)S(=O)(=O)C)C(F)(F)F,1
SAFE_1740,CC(=O)OC1=CC=CC=C1C(=O)O,0
TOXIC_3997,CC1=CC=C(C=C1)C2=CC(=NN2C3=CC=C(C=C3)S(=O)(=O)C)C(F)(F)F,1
SAFE_2878,C1CC(N(C1)C(=O)C(CC2=CC=CC=C2)NC(=O)C(CC3=CC=CC=C3)N)C(=O)O,0
SAFE_1911,CCO,0
SAFE_3043,C1CC(N(C1)C(=O)C(CC2=CC=CC=C2)NC(=O)C(CC3=CC=CC=C3)N)C(=O)O,0
SAFE_4499,CC1=CN=C(C(=C1OC)C)CS(=O)C2=NC3=C(N2)C=C(C=C3)OC,0
SAFE_4854,CC(=O)O,0
SAFE_3295,C(C(CO)O)O,0
TOXIC_1677,CC1=CC=C(C=C1)C2=CC(=NN2C3=CC=C(C=C3)S(=O)(=O)C)C(F)(F)F,1
TOXIC_952,CC(C)OP(=O)(C)F,1
SAFE_3002,CC(C)CC1=CC=C(C=C1)C(C)C(=O)O,0
SAFE_3022,C(C(=O)O)N,0
SAFE_3987,CC1(C(N2C(S1)C(C2=O)NC(=O)CC3=CC=CC=C3)C(=O)O)C,0
SAFE_1762,C(C(=O)O)N,0
TOXIC_3867,[Hg],1
SAFE_2191,CC(=O)NC1=CC=C(O)C=C1,0
TOXIC_1909,C=O,1
SAFE_2752,C(C(=O)O)N,0
TOXIC_3025,ClC(Cl)Cl,1
TOXIC_250,O=[As]O[As]=O,1
TOXIC_3132,[Pb],1
SAFE_4517,CC(C)CC1=CC=C(C=C1)C(C)C(=O)O,0
TOXIC_3420,[Pb],1
TOXIC_2921,N#C,1
TOXIC_1060,ClC=C,1
SAFE_531,CCO,0
TOXIC_4014,CC1=CC=C(C=C1)C(=O)NC2=CC=CC=C2,1
TOXIC_4256,ClC(Cl)(Cl)Cl,1
TOXIC_2475,[Hg],1
TOXIC_3594,O=[As]O[As]=O,1
TOXIC_1271,CCOP(=S)(OCC)Oc1ccc(cc1)[N+](=O)[O-],1
TOXIC_4215,CCOP(=S)(OCC)Oc1ccc(cc1)[N+](=O)[O-],1
SAFE_4048,C1CC(N(C1)C(=O)C(CC2=CC=CC=C2)NC(=O)C(CC3=CC=CC=C3)N)C(=O)O,0
TOXIC_2985,N#C,1
SAFE_3797,CC(C)CC1=CC=C(C=C1)C(C)C(=O)O,0
SAFE_1480,C(C(CO)O)O,0
TOXIC_843,[Hg],1
TOXIC_3134,CC1=CC=C(C=C1)C(=O)NC2=CC=CC=C2,1
SAFE_464,CC1=CN=C(C(=C1OC)C)CS(=O)C2=NC3=C(N2)C=C(C=C3)OC,0
SAFE_1012,C(C(=O)O)N,0
TOXIC_167,CCOP(=S)(OCC)Oc1ccc(cc1)[N+](=O)[O-],1
SAFE_4839,CC(=O)O,0
SAFE_4249,COC1=CC=C(C=C1)C(C)C(=O)O,0
TOXIC_2476,[Pb],1
SAFE_4200,CC(=O)OC1=CC=CC=C1C(=O)O,0
TOXIC_3117,CC1=CC=C(C=C1)C2=CC(=NN2C3=CC=C(C=C3)S(=O)(=O)C)C(F)(F)F,1
SAFE_4113,CN1C=NC2=C1C(=O)N(C(=O)N2C)C,0
SAFE_3074,CC1=CN=C(C(=C1OC)C)CS(=O)C2=NC3=C(N2)C=C(C=C3)OC,0
SAFE_788,C(C1C(C(C(C(O1)O)O)O)O)O,0
SAFE_908,C(C1C(C(C(C(O1)O)O)O)O)O,0
TOXIC_1301,C=O,1
TOXIC_3605,C=O,1
TOXIC_4671,CCN(CC)C(=S)SSC(=S)N(CC)CC,1
SAFE_2790,CC(=O)OC1=CC=CC=C1C(=O)O,0
SAFE_1382,CC(C)CC1=CC=C(C=C1)C(C)C(=O)O,0
SAFE_721,CC(=O)NC1=CC=C(O)C=C1,0
TOXIC_4018,NN,1
TOXIC_1593,N#C,1
SAFE_2063,C(C1C(C(C(C(O1)O)O)O)O)O,0
SAFE_2463,CN1C=NC2=C1C(=O)N(C(=O)N2C)C,0
TOXIC_2010,O=[As]O[As]=O,1
SAFE_1206,CCO,0
TOXIC_4887,CCOP(=S)(OCC)Oc1ccc(cc1)[N+](=O)[O-],1
SAFE_816,CCO,0
TOXIC_4403,c1ccccc1,1
SAFE_4666,CC(=O)NC1=CC=C(O)C=C1,0
TOXIC_3602,NN,1
TOXIC_1620,ClC=C,1
SAFE_4348,C1CC(N(C1)C(=O)C(CC2=CC=CC=C2)NC(=O)C(CC3=CC=CC=C3)N)C(=O)O,0
SAFE_3212,CC(C)CC1=CC=C(C=C1)C(C)C(=O)O,0
TOXIC_2519,CCOP(=S)(OCC)Oc1ccc(cc1)[N+](=O)[O-],1
SAFE_2883,CN1C=NC2=C1C(=O)N(C(=O)N2C)C,0
SAFE_4231,CC(=O)NC1=CC=C(O)C=C1,0
TOXIC_1943,CCOP(=S)(OCC)Oc1ccc(cc1)[N+](=O)[O-],1
SAFE_4204,COC1=CC=C(C=C1)C(C)C(=O)O,0
SAFE_3886,CC(=O)NC1=CC=C(O)C=C1,0
SAFE_3821,C(=O)(N)N,0
SAFE_2093,C(C1C(C(C(C(O1)O)O)O)O)O,0
TOXIC_658,NN,1
TOXIC_4579,c1ccccc1,1
TOXIC_2931,c1ccccc1,1
SAFE_2220,CC(=O)OC1=CC=CC=C1C(=O)O,0
TOXIC_1090,NN,1
SAFE_4686,CCO,0
TOXIC_3397,C=O,1
SAFE_4671,CCO,0
TOXIC_4976,ClC(Cl)(Cl)Cl,1
SAFE_218,C(C1C(C(C(C(O1)O)O)O)O)O,0
SAFE_1826,C(=O)(N)N,0
TOXIC_1952,ClC(Cl)(Cl)Cl,1
SAFE_2797,C(C(=O)O)N,0
SAFE_3150,CC(=O)OC1=CC=CC=C1C(=O)O,0
SAFE_2633,C(C1C(C(C(C(O1)O)O)O)O)O,0
TOXIC_2736,ClC(Cl)(Cl)Cl,1
SAFE_910,C(C(CO)O)O,0
TOXIC_584,CC(C)OP(=O)(C)F,1
TOXIC_2583,CCOP(=S)(OCC)Oc1ccc(cc1)[N+](=O)[O-],1
TOXIC_2126,CC1=CC=C(C=C1)C(=O)NC2=CC=CC=C2,1
SAFE_2634,CC(=O)O,0
TOXIC_4853,C=O,1
SAFE_833,C(C1C(C(C(C(O1)O)O)O)O)O,0
SAFE_1857,CC1(C(N2C(S1)C(C2=O)NC(=O)CC3=CC=CC=C3)C(=O)O)C,0
SAFE_2066,C(=O)(N)N,0
SAFE_704,CC1=CN=C(C(=C1OC)C)CS(=O)C2=NC3=C(N2)C=C(C=C3)OC,0
TOXIC_2639,CCN(CC)C(=S)SSC(=S)N(CC)CC,1
SAFE_4384,COC1=CC=C(C=C1)C(C)C(=O)O,0
SAFE_2239,COC1=CC=C(C=C1)C(C)C(=O)O,0
TOXIC_2667,[Hg],1
TOXIC_2950,CN(N=O)C,1
SAFE_426,CCO,0
TOXIC_878,CC1=CC=C(C=C1)C(=O)NC2=CC=CC=C2,1
SAFE_2123,C(C1C(C(C(C(O1)O)O)O)O)O,0
SAFE_3454,COC1=CC=C(C=C1)C(C)C(=O)O,0
TOXIC_3635,c1ccccc1,1
TOXIC_889,N#C,1
TOXIC_344,CC(C)OP(=O)(C)F,1
TOXIC_2936,CC(C)OP(=O)(C)F,1
TOXIC_4960,ClC(Cl)(Cl)Cl,1
TOXIC_570,O=[As]O[As]=O,1
TOXIC_4691,c1ccccc1,1
SAFE_3985,C(C(CO)O)O,0
TOXIC_857,N#C,1
TOXIC_874,O=[As]O[As]=O,1
TOXIC_1993,N#C,1
SAFE_4492,C(C(=O)O)N,0
SAFE_3768,CN1C=NC2=C1C(=O)N(C(=O)N2C)C,0
SAFE_491,C(=O)(N)N,0
SAFE_4290,CC(=O)OC1=CC=CC=C1C(=O)O,0
SAFE_4202,CC(C)CC1=CC=C(C=C1)C(C)C(=O)O,0
SAFE_661,CC(=O)NC1=CC=C(O)C=C1,0
SAFE_4076,C(=O)(N)N,0
TOXIC_4562,NN,1
SAFE_3935,CN(C)C(=N)N,0
TOXIC_1268,ClC=C,1
SAFE_1028,C(C1C(C(C(C(O1)O)O)O)O)O,0
SAFE_2353,C1CC(N(C1)C(=O)C(CC2=CC=CC=C2)NC(=O)C(CC3=CC=CC=C3)N)C(=O)O,0
SAFE_1548,CN1C=NC2=C1C(=O)N(C(=O)N2C)C,0
TOXIC_4903,CCOP(=S)(OCC)Oc1ccc(cc1)[N+](=O)[O-],1
SAFE_4106,C(=O)(N)N,0
TOXIC_3426,NN,1
TOXIC_2398,CC1=CC=C(C=C1)C(=O)NC2=CC=CC=C2,1
TOXIC_4021,C=O,1
TOXIC_1313,ClC(Cl)Cl,1
SAFE_2482,C(C(=O)O)N,0
TOXIC_2596,ClC=C,1
SAFE_4006,CC(=O)NC1=CC=C(O)C=C1,0
SAFE_4095,CC(=O)OC1=CC=CC=C1C(=O)O,0
TOXIC_1467,[Hg],1
TOXIC_1998,CC1=CC=C(C=C1)C(=O)NC2=CC=CC=C2,1
TOXIC_578,NN,1
TOXIC_1741,CC1=CC=C(C=C1)C2=CC(=NN2C3=CC=C(C=C3)S(=O)(=O)C)C(F)(F)F,1
SAFE_3726,CCO,0
TOXIC_4135,CCOP(=S)(OCC)Oc1ccc(cc1)[N+](=O)[O-],1
TOXIC_1727,CCN(CC)C(=S)SSC(=S)N(CC)CC,1
SAFE_2133,CN1C=NC2=C1C(=O)N(C(=O)N2C)C,0
SAFE_582,CC1(C(N2C(S1)C(C2=O)NC(=O)CC3=CC=CC=C3)C(=O)O)C,0
TOXIC_3233,ClC(Cl)Cl,1
SAFE_4716,CCO,0
SAFE_3971,C(=O)(N)N,0
SAFE_4083,CN1C=NC2=C1C(=O)N(C(=O)N2C)C,0
SAFE_98,C(C1C(C(C(C(O1)O)O)O)O)O,0
TOXIC_4837,C=O,1
TOXIC_3658,O=[As]O[As]=O,1
TOXIC_1220,ClC=C,1
TOXIC_2356,ClC=C,1
TOXIC_1099,[Hg],1
SAFE_2995,C(C(CO)O)O,0
SAFE_3840,CC(=O)OC1=CC=CC=C1C(=O)O,0
SAFE_2124,CC(=O)O,0
TOXIC_2082,NN,1
TOXIC_3037,CC1=CC=C(C=C1)C2=CC(=NN2C3=CC=C(C=C3)S(=O)(=O)C)C(F)(F)F,1
TOXIC_2618,O=[As]O[As]=O,1
TOXIC_2207,CCN(CC)C(=S)SSC(=S)N(CC)CC,1
SAFE_3273,CN1C=NC2=C1C(=O)N(C(=O)N2C)C,0
SAFE_3049,COC1=CC=C(C=C1)C(C)C(=O)O,0
SAFE_752,CC(C)CC1=CC=C(C=C1)C(C)C(=O)O,0
SAFE_899,CC1=CN=C(C(=C1OC)C)CS(=O)C2=NC3=C(N2)C=C(C=C3)OC,0
SAFE_2637,CC1(C(N2C(S1)C(C2=O)NC(=O)CC3=CC=CC=C3)C(=O)O)C,0
TOXIC_2815,CCN(CC)C(=S)SSC(=S)N(CC)CC,1
SAFE_2024,CC1=CN=C(C(=C1OC)C)CS(=O)C2=NC3=C(N2)C=C(C=C3)OC,0
SAFE_1249,COC1=CC=C(C=C1)C(C)C(=O)O,0
SAFE_15,CC(=O)OC1=CC=CC=C1C(=O)O,0
TOXIC_1717,C=O,1
TOXIC_4978,NN,1
SAFE_1104,CC(=O)O,0
SAFE_4957,C(C(=O)O)N,0
TOXIC_771,c1ccccc1,1
SAFE_3263,C(C1C(C(C(C(O1)O)O)O)O)O,0
SAFE_2651,C(=O)(N)N,0
SAFE_1617,CC1(C(N2C(S1)C(C2=O)NC(=O)CC3=CC=CC=C3)C(=O)O)C,0
TOXIC_4211,c1ccccc1,1
TOXIC_2474,O=[As]O[As]=O,1
SAFE_2888,C(C1C(C(C(C(O1)O)O)O)O)O,0
SAFE_1092,CC1(C(N2C(S1)C(C2=O)NC(=O)CC3=CC=CC=C3)C(=O)O)C,0
SAFE_2200,C(C(CO)O)O,0
SAFE_3286,CC(=O)NC1=CC=C(O)C=C1,0
TOXIC_2224,ClC(Cl)(Cl)Cl,1
SAFE_2604,CC(=O)O,0
TOXIC_449,ClC(Cl)Cl,1
SAFE_761,C(=O)(N)N,0
TOXIC_3353,N#C,1
SAFE_1934,CC1=CN=C(C(=C1OC)C)CS(=O)C2=NC3=C(N2)C=C(C=C3)OC,0
TOXIC_4011,[Hg],1
SAFE_2296,CC(=O)NC1=CC=C(O)C=C1,0
TOXIC_138,O=[As]O[As]=O,1
SAFE_2171,C(=O)(N)N,0
TOXIC_4993,ClC(Cl)Cl,1
TOXIC_956,[Pb],1
TOXIC_4214,CN(N=O)C,1
TOXIC_1066,O=[As]O[As]=O,1
SAFE_4669,COC1=CC=C(C=C1)C(C)C(=O)O,0
SAFE_3234,CC(=O)O,0
SAFE_476,C(=O)(N)N,0
SAFE_3487,C(C(=O)O)N,0
SAFE_2568,CN1C=NC2=C1C(=O)N(C(=O)N2C)C,0
SAFE_3294,CC(=O)O,0
SAFE_3376,CC(=O)NC1=CC=C(O)C=C1,0
TOXIC_2057,N#C,1
SAFE_1483,C1CC(N(C1)C(=O)C(CC2=CC=CC=C2)NC(=O)C(CC3=CC=CC=C3)N)C(=O)O,0
TOXIC_4736,ClC(Cl)(Cl)Cl,1
TOXIC_3589,C=O,1
TOXIC_1545,N#C,1
TOXIC_3727,CCN(CC)C(=S)SSC(=S)N(CC)CC,1
TOXIC_1126,CN(N=O)C,1
TOXIC_1528,CC(C)OP(=O)(C)F,1
SAFE_2762,CC(C)CC1=CC=C(C=C1)C(C)C(=O)O,0
TOXIC_1195,[Hg],1
TOXIC_1603,c1ccccc1,1
SAFE_4802,CC(C)CC1=CC=C(C=C1)C(C)C(=O)O,0
SAFE_1233,CN1C=NC2=C1C(=O)N(C(=O)N2C)C,0
TOXIC_3095,CCOP(=S)(OCC)Oc1ccc(cc1)[N+](=O)[O-],1
TOXIC_2002,NN,1
SAFE_344,CC1=CN=C(C(=C1OC)C)CS(=O)C2=NC3=C(N2)C=C(C=C3)OC,0
TOXIC_1419,[Hg],1
SAFE_1827,CC1(C(N2C(S1)C(C2=O)NC(=O)CC3=CC=CC=C3)C(=O)O)C,0
SAFE_4218,CN1C=NC2=C1C(=O)N(C(=O)N2C)C,0
SAFE_0,CC(=O)OC1=CC=CC=C1C(=O)O,0
TOXIC_3284,ClC=C,1
SAFE_112,C(C(=O)O)N,0
TOXIC_1680,ClC(Cl)(Cl)Cl,1
TOXIC_1906,NN,1
SAFE_4474,COC1=CC=C(C=C1)C(C)C(=O)O,0
SAFE_1269,CC(=O)O,0
TOXIC_1578,O=[As]O[As]=O,1
SAFE_3767,CC(C)CC1=CC=C(C=C1)C(C)C(=O)O,0
SAFE_3210,CC(=O)OC1=CC=CC=C1C(=O)O,0
TOXIC_3146,O=[As]O[As]=O,1
TOXIC_1087,CCN(CC)C(=S)SSC(=S)N(CC)CC,1
TOXIC_1027,c1ccccc1,1
TOXIC_1156,ClC=C,1
SAFE_3194,CC1=CN=C(C(=C1OC)C)CS(=O)C2=NC3=C(N2)C=C(C=C3)OC,0
TOXIC_3549,CC1=CC=C(C=C1)C2=CC(=NN2C3=CC=C(C=C3)S(=O)(=O)C)C(F)(F)F,1
TOXIC_3839,CCN(CC)C(=S)SSC(=S)N(CC)CC,1
SAFE_2386,CC(=O)NC1=CC=C(O)C=C1,0
TOXIC_1976,CC(C)OP(=O)(C)F,1
SAFE_1257,CC1(C(N2C(S1)C(C2=O)NC(=O)CC3=CC=CC=C3)C(=O)O)C,0
TOXIC_782,CC1=CC=C(C=C1)C(=O)NC2=CC=CC=C2,1
SAFE_1796,C(=O)(N)N,0
TOXIC_3162,O=[As]O[As]=O,1
TOXIC_4054,CN(N=O)C,1
TOXIC_619,[Hg],1
SAFE_138,CN1C=NC2=C1C(=O)N(C(=O)N2C)C,0
TOXIC_3734,CN(N=O)C,1
SAFE_1175,CN(C)C(=N)N,0
TOXIC_4058,O=[As]O[As]=O,1
TOXIC_4848,ClC(Cl)(Cl)Cl,1
TOXIC_732,[Pb],1
TOXIC_618,O=[As]O[As]=O,1
TOXIC_1567,CCN(CC)C(=S)SSC(=S)N(CC)CC,1
TOXIC_314,O=[As]O[As]=O,1
TOXIC_4728,CC(C)OP(=O)(C)F,1
TOXIC_3656,CC(C)OP(=O)(C)F,1
SAFE_3817,C(C(=O)O)N,0
TOXIC_1477,C=O,1
TOXIC_4683,[Hg],1
SAFE_1819,COC1=CC=C(C=C1)C(C)C(=O)O,0
SAFE_4005,CC(=O)OC1=CC=CC=C1C(=O)O,0
SAFE_712,C(C(=O)O)N,0
TOXIC_3646,CC1=CC=C(C=C1)C(=O)NC2=CC=CC=C2,1
TOXIC_1833,N#C,1
SAFE_285,CC(=O)OC1=CC=CC=C1C(=O)O,0
TOXIC_1759,CCN(CC)C(=S)SSC(=S)N(CC)CC,1
TOXIC_3578,O=[As]O[As]=O,1
TOXIC_2890,O=[As]O[As]=O,1
TOXIC_768,ClC(Cl)(Cl)Cl,1
SAFE_870,CC(=O)OC1=CC=CC=C1C(=O)O,0
TOXIC_2067,c1ccccc1,1
TOXIC_1213,CC1=CC=C(C=C1)C2=CC(=NN2C3=CC=C(C=C3)S(=O)(=O)C)C(F)(F)F,1
SAFE_3300,CC(=O)OC1=CC=CC=C1C(=O)O,0
SAFE_2639,CC1=CN=C(C(=C1OC)C)CS(=O)C2=NC3=C(N2)C=C(C=C3)OC,0
TOXIC_3449,N#C,1
SAFE_4462,C(C(=O)O)N,0
TOXIC_4789,C=O,1
SAFE_2068,C1CC(N(C1)C(=O)C(CC2=CC=CC=C2)NC(=O)C(CC3=CC=CC=C3)N)C(=O)O,0
SAFE_2201,C(=O)(N)N,0
SAFE_3303,CN1C=NC2=C1C(=O)N(C(=O)N2C)C,0
SAFE_3360,CC(=O)OC1=CC=CC=C1C(=O)O,0
TOXIC_4104,CC(C)OP(=O)(C)F,1
TOXIC_3694,CC1=CC=C(C=C1)C(=O)NC2=CC=CC=C2,1
SAFE_4261,CC(=O)NC1=CC=C(O)C=C1,0
SAFE_1640,CN(C)C(=N)N,0
TOXIC_1537,ClC(Cl)Cl,1
SAFE_2994,CC(=O)O,0
SAFE_4397,CC(C)CC1=CC=C(C=C1)C(C)C(=O)O,0
SAFE_4008,CN1C=NC2=C1C(=O)N(C(=O)N2C)C,0
SAFE_3967,C(C(=O)O)N,0
SAFE_608,C(C1C(C(C(C(O1)O)O)O)O)O,0
TOXIC_2498,NN,1
SAFE_881,C(=O)(N)N,0
TOXIC_94,CC1=CC=C(C=C1)C(=O)NC2=CC=CC=C2,1
SAFE_1772,CC(C)CC1=CC=C(C=C1)C(C)C(=O)O,0
TOXIC_3552,ClC(Cl)(Cl)Cl,1
TOXIC_2347,[Hg],1
SAFE_1801,CC(=O)NC1=CC=C(O)C=C1,0
TOXIC_828,[Pb],1
TOXIC_4634,O=[As]O[As]=O,1
TOXIC_1497,N#C,1
SAFE_1887,CC1(C(N2C(S1)C(C2=O)NC(=O)CC3=CC=CC=C3)C(=O)O)C,0
SAFE_4242,CC1(C(N2C(S1)C(C2=O)NC(=O)CC3=CC=CC=C3)C(=O)O)C,0
SAFE_2908,C1CC(N(C1)C(=O)C(CC2=CC=CC=C2)NC(=O)C(CC3=CC=CC=C3)N)C(=O)O,0
TOXIC_2379,[Hg],1
TOXIC_2959,CCN(CC)C(=S)SSC(=S)N(CC)CC,1
TOXIC_4949,C=O,1
SAFE_3208,C1CC(N(C1)C(=O)C(CC2=CC=CC=C2)NC(=O)C(CC3=CC=CC=C3)N)C(=O)O,0
TOXIC_213,C=O,1
TOXIC_672,ClC(Cl)(Cl)Cl,1
SAFE_2555,CN(C)C(=N)N,0
TOXIC_3448,CC(C)OP(=O)(C)F,1
TOXIC_1337,N#C,1
TOXIC_3585,ClC(Cl)Cl,1
TOXIC_1248,ClC(Cl)(Cl)Cl,1
TOXIC_2112,ClC(Cl)(Cl)Cl,1
TOXIC_3726,CC1=CC=C(C=C1)C(=O)NC2=CC=CC=C2,1
TOXIC_248,CC(C)OP(=O)(C)F,1
SAFE_3839,CC1=CN=C(C(=C1OC)C)CS(=O)C2=NC3=C(N2)C=C(C=C3)OC,0
TOXIC_2770,NN,1
SAFE_4877,CC(C)CC1=CC=C(C=C1)C(C)C(=O)O,0
SAFE_1118,C(C1C(C(C(C(O1)O)O)O)O)O,0
TOXIC_4285,CC1=CC=C(C=C1)C2=CC(=NN2C3=CC=C(C=C3)S(=O)(=O)C)C(F)(F)F,1
TOXIC_4552,CC(C)OP(=O)(C)F,1
TOXIC_1687,CCOP(=S)(OCC)Oc1ccc(cc1)[N+](=O)[O-],1
TOXIC_240,ClC(Cl)(Cl)Cl,1
SAFE_4964,CC1=CN=C(C(=C1OC)C)CS(=O)C2=NC3=C(N2)C=C(C=C3)OC,0
SAFE_4965,CC(=O)OC1=CC=CC=C1C(=O)O,0
SAFE_3918,CN1C=NC2=C1C(=O)N(C(=O)N2C)C,0
SAFE_399,CC(=O)O,0
SAFE_2815,C(C(CO)O)O,0
SAFE_2976,CCO,0
SAFE_825,CC(=O)OC1=CC=CC=C1C(=O)O,0
SAFE_3770,CN(C)C(=N)N,0
TOXIC_1767,CCOP(=S)(OCC)Oc1ccc(cc1)[N+](=O)[O-],1
TOXIC_3234,NN,1
SAFE_3660,CC(=O)OC1=CC=CC=C1C(=O)O,0
SAFE_4066,CC(=O)NC1=CC=C(O)C=C1,0
SAFE_363,CN1C=NC2=C1C(=O)N(C(=O)N2C)C,0
TOXIC_4541,CC1=CC=C(C=C1)C2=CC(=NN2C3=CC=C(C=C3)S(=O)(=O)C)C(F)(F)F,1
SAFE_2154,CC(=O)O,0
SAFE_60,CC(=O)OC1=CC=CC=C1C(=O)O,0
SAFE_2781,CCO,0
TOXIC_963,c1ccccc1,1
TOXIC_2203,[Hg],1
TOXIC_3442,NN,1
SAFE_436,CC(=O)NC1=CC=C(O)C=C1,0
TOXIC_4925,CC1=CC=C(C=C1)C2=CC(=NN2C3=CC=C(C=C3)S(=O)(=O)C)C(F)(F)F,1
TOXIC_363,[Hg],1
SAFE_3345,CC(=O)OC1=CC=CC=C1C(=O)O,0
TOXIC_541,CC1=CC=C(C=C1)C2=CC(=NN2C3=CC=C(C=C3)S(=O)(=O)C)C(F)(F)F,1
SAFE_753,CN1C=NC2=C1C(=O)N(C(=O)N2C)C,0
SAFE_745,C(C(CO)O)O,0
TOXIC_2871,CCOP(=S)(OCC)Oc1ccc(cc1)[N+](=O)[O-],1
TOXIC_4160,ClC(Cl)(Cl)Cl,1
TOXIC_1072,ClC(Cl)(Cl)Cl,1
TOXIC_4674,NN,1
TOXIC_3245,CC1=CC=C(C=C1)C2=CC(=NN2C3=CC=C(C=C3)S(=O)(=O)C)C(F)(F)F,1
TOXIC_2895,CCN(CC)C(=S)SSC(=S)N(CC)CC,1
SAFE_3348,CN1C=NC2=C1C(=O)N(C(=O)N2C)C,0
TOXIC_493,CC1=CC=C(C=C1)C2=CC(=NN2C3=CC=C(C=C3)S(=O)(=O)C)C(F)(F)F,1
TOXIC_3714,NN,1
TOXIC_4944,ClC(Cl)(Cl)Cl,1
TOXIC_224,ClC(Cl)(Cl)Cl,1
TOXIC_4859,[Hg],1
TOXIC_724,ClC=C,1
TOXIC_3613,CC1=CC=C(C=C1)C2=CC(=NN2C3=CC=C(C=C3)S(=O)(=O)C)C(F)(F)F,1
SAFE_568,C1CC(N(C1)C(=O)C(CC2=CC=CC=C2)NC(=O)C(CC3=CC=CC=C3)N)C(=O)O,0
TOXIC_2050,NN,1
SAFE_4061,C(=O)(N)N,0
SAFE_190,C(C(CO)O)O,0
SAFE_1414,COC1=CC=C(C=C1)C(C)C(=O)O,0
SAFE_3705,CC(=O)OC1=CC=CC=C1C(=O)O,0
SAFE_4325,CN(C)C(=N)N,0
TOXIC_4305,ClC(Cl)Cl,1
TOXIC_2738,NN,1
SAFE_2673,CN1C=NC2=C1C(=O)N(C(=O)N2C)C,0
SAFE_1525,C(C(CO)O)O,0
TOXIC_992,ClC(Cl)(Cl)Cl,1
TOXIC_2122,O=[As]O[As]=O,1
SAFE_4237,C(C(=O)O)N,0
TOXIC_2328,CC(C)OP(=O)(C)F,1
SAFE_1239,CC(=O)O,0
SAFE_1461,CCO,0
SAFE_654,CC(=O)O,0
TOXIC_2296,CC(C)OP(=O)(C)F,1
TOXIC_1681,ClC(Cl)Cl,1
TOXIC_4946,NN,1
SAFE_2273,C(C1C(C(C(C(O1)O)O)O)O)O,0
SAFE_1998,CN1C=NC2=C1C(=O)N(C(=O)N2C)C,0
TOXIC_1050,O=[As]O[As]=O,1
TOXIC_2702,CC1=CC=C(C=C1)C(=O)NC2=CC=CC=C2,1
SAFE_2743,C1CC(N(C1)C(=O)C(CC2=CC=CC=C2)NC(=O)C(CC3=CC=CC=C3)N)C(=O)O,0
SAFE_4073,C(C1C(C(C(C(O1)O)O)O)O)O,0
TOXIC_2628,ClC=C,1
SAFE_3119,CC1=CN=C(C(=C1OC)C)CS(=O)C2=NC3=C(N2)C=C(C=C3)OC,0
SAFE_593,C(C1C(C(C(C(O1)O)O)O)O)O,0
TOXIC_1950,CC1=CC=C(C=C1)C(=O)NC2=CC=CC=C2,1
SAFE_775,C(C(CO)O)O,0
TOXIC_1963,[Hg],1
SAFE_1710,CC(=O)OC1=CC=CC=C1C(=O)O,0
TOXIC_721,ClC(Cl)Cl,1
TOXIC_4427,[Hg],1
SAFE_151,CC(=O)NC1=CC=C(O)C=C1,0
TOXIC_1873,ClC(Cl)Cl,1
TOXIC_1644,[Pb],1
SAFE_1481,C(=O)(N)N,0
TOXIC_4496,ClC(Cl)(Cl)Cl,1
TOXIC_4380,[Pb],1
TOXIC_1866,O=[As]O[As]=O,1
SAFE_3627,CC1(C(N2C(S1)C(C2=O)NC(=O)CC3=CC=CC=C3)C(=O)O)C,0
TOXIC_3949,CC1=CC=C(C=C1)C2=CC(=NN2C3=CC=C(C=C3)S(=O)(=O)C)C(F)(F)F,1
TOXIC_3770,O=[As]O[As]=O,1
TOXIC_4536,CC(C)OP(=O)(C)F,1
TOXIC_3851,[Hg],1
SAFE_4469,CC1=CN=C(C(=C1OC)C)CS(=O)C2=NC3=C(N2)C=C(C=C3)OC,0
TOXIC_1502,CC1=CC=C(C=C1)C(=O)NC2=CC=CC=C2,1
TOXIC_1928,CC(C)OP(=O)(C)F,1
SAFE_4425,CC(=O)OC1=CC=CC=C1C(=O)O,0
TOXIC_4593,ClC(Cl)Cl,1
TOXIC_4377,N#C,1
SAFE_3407,CC(C)CC1=CC=C(C=C1)C(C)C(=O)O,0
TOXIC_3618,NN,1
SAFE_2292,CC1(C(N2C(S1)C(C2=O)NC(=O)CC3=CC=CC=C3)C(=O)O)C,0
TOXIC_4161,ClC(Cl)Cl,1
TOXIC_4308,ClC=C,1
TOXIC_4260,ClC=C,1
SAFE_2802,CC1(C(N2C(S1)C(C2=O)NC(=O)CC3=CC=CC=C3)C(=O)O)C,0
SAFE_4423,C1CC(N(C1)C(=O)C(CC2=CC=CC=C2)NC(=O)C(CC3=CC=CC=C3)N)C(=O)O,0
SAFE_484,COC1=CC=C(C=C1)C(C)C(=O)O,0
TOXIC_1483,[Hg],1
TOXIC_3385,N#C,1
SAFE_638,C(C1C(C(C(C(O1)O)O)O)O)O,0
SAFE_4119,CC(=O)O,0
SAFE_3905,CN(C)C(=N)N,0
TOXIC_3357,CC1=CC=C(C=C1)C2=CC(=NN2C3=CC=C(C=C3)S(=O)(=O)C)C(F)(F)F,1
SAFE_2680,C(C(CO)O)O,0
TOXIC_3620,ClC=C,1
SAFE_4688,C(C1C(C(C(C(O1)O)O)O)O)O,0
SAFE_4772,CC(C)CC1=CC=C(C=C1)C(C)C(=O)O,0
TOXIC_2058,O=[As]O[As]=O,1
TOXIC_1787,[Hg],1
TOXIC_1947,[Hg],1
SAFE_4578,CN1C=NC2=C1C(=O)N(C(=O)N2C)C,0
TOXIC_1612,[Pb],1
TOXIC_3293,CC1=CC=C(C=C1)C2=CC(=NN2C3=CC=C(C=C3)S(=O)(=O)C)C(F)(F)F,1
TOXIC_3706,O=[As]O[As]=O,1
SAFE_2664,CC(=O)O,0
TOXIC_2341,C=O,1
TOXIC_3754,O=[As]O[As]=O,1
SAFE_4315,C(C(CO)O)O,0
TOXIC_2371,c1ccccc1,1
TOXIC_4873,N#C,1
TOXIC_2604,[Pb],1
SAFE_4090,C(C(CO)O)O,0
TOXIC_1136,ClC(Cl)(Cl)Cl,1
TOXIC_1190,CN(N=O)C,1
SAFE_1149,CC(=O)O,0
SAFE_2369,CC1=CN=C(C(=C1OC)C)CS(=O)C2=NC3=C(N2)C=C(C=C3)OC,0
SAFE_1584,CC(=O)O,0
TOXIC_754,NN,1
TOXIC_3462,CN(N=O)C,1
TOXIC_4586,O=[As]O[As]=O,1
SAFE_4017,CC1(C(N2C(S1)C(C2=O)NC(=O)CC3=CC=CC=C3)C(=O)O)C,0
TOXIC_2374,CN(N=O)C,1
TOXIC_4693,C=O,1
TOXIC_4049,ClC(Cl)Cl,1
SAFE_1133,C(C1C(C(C(C(O1)O)O)O)O)O,0
TOXIC_1363,c1ccccc1,1
TOXIC_1604,ClC=C,1
TOXIC_3675,[Hg],1
TOXIC_4508,[Pb],1
SAFE_756,CCO,0
SAFE_1787,CC(C)CC1=CC=C(C=C1)C(C)C(=O)O,0
TOXIC_4487,CCOP(=S)(OCC)Oc1ccc(cc1)[N+](=O)[O-],1
SAFE_810,CC(=O)OC1=CC=CC=C1C(=O)O,0
SAFE_645,CC(=O)OC1=CC=CC=C1C(=O)O,0
SAFE_728,C(C1C(C(C(C(O1)O)O)O)O)O,0
SAFE_3222,CC1(C(N2C(S1)C(C2=O)NC(=O)CC3=CC=CC=C3)C(=O)O)C,0
SAFE_1703,C(C1C(C(C(C(O1)O)O)O)O)O,0
SAFE_85,C(C(CO)O)O,0
SAFE_1008,CN1C=NC2=C1C(=O)N(C(=O)N2C)C,0
SAFE_3616,CC(=O)NC1=CC=C(O)C=C1,0
TOXIC_261,C=O,1
SAFE_1807,C(C(=O)O)N,0
TOXIC_4391,CCOP(=S)(OCC)Oc1ccc(cc1)[N+](=O)[O-],1
TOXIC_2561,ClC(Cl)Cl,1
TOXIC_438,CN(N=O)C,1
TOXIC_1065,N#C,1
SAFE_167,CC(C)CC1=CC=C(C=C1)C(C)C(=O)O,0
TOXIC_3960,CC(C)OP(=O)(C)F,1
SAFE_1369,COC1=CC=C(C=C1)C(C)C(=O)O,0
SAFE_1477,C(C(=O)O)N,0
SAFE_4713,CN1C=NC2=C1C(=O)N(C(=O)N2C)C,0
TOXIC_2908,[Pb],1
SAFE_1302,CC1(C(N2C(S1)C(C2=O)NC(=O)CC3=CC=CC=C3)C(=O)O)C,0
SAFE_4520,CN(C)C(=N)N,0
SAFE_715,C(C(CO)O)O,0
SAFE_3097,C(C(=O)O)N,0
SAFE_2419,COC1=CC=C(C=C1)C(C)C(=O)O,0
SAFE_4211,C(=O)(N)N,0
TOXIC_3203,c1ccccc1,1
SAFE_906,CCO,0
SAFE_2890,C(C(CO)O)O,0
TOXIC_3842,NN,1
TOXIC_2269,CC1=CC=C(C=C1)C2=CC(=NN2C3=CC=C(C=C3)S(=O)(=O)C)C(F)(F)F,1
TOXIC_2359,CCOP(=S)(OCC)Oc1ccc(cc1)[N+](=O)[O-],1
TOXIC_2380,[Pb],1
TOXIC_909,CC1=CC=C(C=C1)C2=CC(=NN2C3=CC=C(C=C3)S(=O)(=O)C)C(F)(F)F,1
SAFE_2744,CC1=CN=C(C(=C1OC)C)CS(=O)C2=NC3=C(N2)C=C(C=C3)OC,0
SAFE_2533,C1CC(N(C1)C(=O)C(CC2=CC=CC=C2)NC(=O)C(CC3=CC=CC=C3)N)C(=O)O,0
SAFE_2560,C(C(CO)O)O,0
SAFE_4413,CN1C=NC2=C1C(=O)N(C(=O)N2C)C,0
SAFE_4021,CC(=O)NC1=CC=C(O)C=C1,0
TOXIC_3016,CC(C)OP(=O)(C)F,1
TOXIC_1482,O=[As]O[As]=O,1
SAFE_1405,C(C(CO)O)O,0
TOXIC_1010,NN,1
SAFE_3823,C1CC(N(C1)C(=O)C(CC2=CC=CC=C2)NC(=O)C(CC3=CC=CC=C3)N)C(=O)O,0
SAFE_664,COC1=CC=C(C=C1)C(C)C(=O)O,0
SAFE_2092,C(C(=O)O)N,0
TOXIC_3931,[Hg],1
TOXIC_3801,N#C,1
TOXIC_3380,ClC=C,1
SAFE_837,CC1(C(N2C(S1)C(C2=O)NC(=O)CC3=CC=CC=C3)C(=O)O)C,0
TOXIC_4306,NN,1
TOXIC_243,c1ccccc1,1
TOXIC_4339,c1ccccc1,1
TOXIC_983,CCOP(=S)(OCC)Oc1ccc(cc1)[N+](=O)[O-],1
SAFE_706,CC(=O)NC1=CC=C(O)C=C1,0
TOXIC_1919,CCN(CC)C(=S)SSC(=S)N(CC)CC,1
SAFE_1156,CC(=O)NC1=CC=C(O)C=C1,0
TOXIC_3792,ClC(Cl)(Cl)Cl,1
TOXIC_1460,ClC=C,1
SAFE_4894,COC1=CC=C(C=C1)C(C)C(=O)O,0
TOXIC_1519,CCN(CC)C(=S)SSC(=S)N(CC)CC,1
SAFE_1420,C(C(CO)O)O,0
TOXIC_575,CCN(CC)C(=S)SSC(=S)N(CC)CC,1
TOXIC_1961,N#C,1
TOXIC_2015,CCN(CC)C(=S)SSC(=S)N(CC)CC,1
SAFE_4700,CN(C)C(=N)N,0
SAFE_713,C(C1C(C(C(C(O1)O)O)O)O)O,0
SAFE_2725,C(C(CO)O)O,0
TOXIC_3256,CC(C)OP(=O)(C)F,1
TOXIC_2265,N#C,1
SAFE_487,C(C(=O)O)N,0
TOXIC_3424,ClC(Cl)(Cl)Cl,1
TOXIC_4767,CCN(CC)C(=S)SSC(=S)N(CC)CC,1
SAFE_2570,CN(C)C(=N)N,0
TOXIC_997,C=O,1
TOXIC_3924,ClC=C,1
TOXIC_2520,CC(C)OP(=O)(C)F,1
SAFE_4375,C(C(CO)O)O,0
TOXIC_1696,ClC(Cl)(Cl)Cl,1
SAFE_1281,CCO,0
TOXIC_3295,CCN(CC)C(=S)SSC(=S)N(CC)CC,1
SAFE_4790,CN(C)C(=N)N,0
TOXIC_2831,CCN(CC)C(=S)SSC(=S)N(CC)CC,1
SAFE_2065,C(C(CO)O)O,0
TOXIC_1491,c1ccccc1,1
TOXIC_1659,[Hg],1
TOXIC_3355,[Hg],1
SAFE_2939,CC1=CN=C(C(=C1OC)C)CS(=O)C2=NC3=C(N2)C=C(C=C3)OC,0
TOXIC_3759,CCN(CC)C(=S)SSC(=S)N(CC)CC,1
TOXIC_4106,O=[As]O[As]=O,1
TOXIC_486,CN(N=O)C,1
TOXIC_1479,CCOP(=S)(OCC)Oc1ccc(cc1)[N+](=O)[O-],1
SAFE_683,C(C1C(C(C(C(O1)O)O)O)O)O,0
TOXIC_4820,ClC=C,1
TOXIC_165,C=O,1
SAFE_3113,C(C1C(C(C(C(O1)O)O)O)O)O,0
SAFE_589,COC1=CC=C(C=C1)C(C)C(=O)O,0
TOXIC_4882,NN,1
TOXIC_1390,CC1=CC=C(C=C1)C(=O)NC2=CC=CC=C2,1
TOXIC_3161,N#C,1
TOXIC_4417,ClC(Cl)Cl,1
TOXIC_1464,CC(C)OP(=O)(C)F,1
TOXIC_63,CCN(CC)C(=S)SSC(=S)N(CC)CC,1
TOXIC_3720,CC(C)OP(=O)(C)F,1
SAFE_3338,C(C1C(C(C(C(O1)O)O)O)O)O,0
TOXIC_1709,CC1=CC=C(C=C1)C2=CC(=NN2C3=CC=C(C=C3)S(=O)(=O)C)C(F)(F)F,1
TOXIC_1712,ClC(Cl)(Cl)Cl,1
SAFE_331,CC(=O)NC1=CC=C(O)C=C1,0
SAFE_45,CC(=O)OC1=CC=CC=C1C(=O)O,0
SAFE_2566,CC(=O)NC1=CC=C(O)C=C1,0
TOXIC_4193,ClC(Cl)Cl,1
SAFE_1806,CCO,0
SAFE_1913,C(C1C(C(C(C(O1)O)O)O)O)O,0
SAFE_3671,C(=O)(N)N,0
TOXIC_2674,NN,1
SAFE_1667,CC(C)CC1=CC=C(C=C1)C(C)C(=O)O,0
TOXIC_2237,CC1=CC=C(C=C1)C2=CC(=NN2C3=CC=C(C=C3)S(=O)(=O)C)C(F)(F)F,1
SAFE_4548,CN1C=NC2=C1C(=O)N(C(=O)N2C)C,0
SAFE_3764,CC1=CN=C(C(=C1OC)C)CS(=O)C2=NC3=C(N2)C=C(C=C3)OC,0
SAFE_1266,CCO,0
SAFE_4859,CC1=CN=C(C(=C1OC)C)CS(=O)C2=NC3=C(N2)C=C(C=C3)OC,0
TOXIC_219,[Hg],1
TOXIC_582,CN(N=O)C,1
SAFE_2900,CN(C)C(=N)N,0
SAFE_370,C(C(CO)O)O,0
TOXIC_253,CC1=CC=C(C=C1)C2=CC(=NN2C3=CC=C(C=C3)S(=O)(=O)C)C(F)(F)F,1
TOXIC_2424,CC(C)OP(=O)(C)F,1
TOXIC_991,CCN(CC)C(=S)SSC(=S)N(CC)CC,1
TOXIC_1451,[Hg],1
TOXIC_3833,N#C,1
SAFE_746,C(=O)(N)N,0
SAFE_862,C(C(=O)O)N,0
SAFE_4457,CC(C)CC1=CC=C(C=C1)C(C)C(=O)O,0
SAFE_341,C(=O)(N)N,0
TOXIC_1457,ClC(Cl)Cl,1
SAFE_3243,CN1C=NC2=C1C(=O)N(C(=O)N2C)C,0
SAFE_1947,CC1(C(N2C(S1)C(C2=O)NC(=O)CC3=CC=CC=C3)C(=O)O)C,0
SAFE_1695,CC(=O)OC1=CC=CC=C1C(=O)O,0
SAFE_1761,CCO,0
TOXIC_1837,CC1=CC=C(C=C1)C2=CC(=NN2C3=CC=C(C=C3)S(=O)(=O)C)C(F)(F)F,1
TOXIC_4780,[Pb],1
SAFE_1073,C(C1C(C(C(C(O1)O)O)O)O)O,0
TOXIC_1422,CC1=CC=C(C=C1)C(=O)NC2=CC=CC=C2,1
SAFE_4699,COC1=CC=C(C=C1)C(C)C(=O)O,0
TOXIC_4647,CCOP(=S)(OCC)Oc1ccc(cc1)[N+](=O)[O-],1
SAFE_2085,CC(=O)OC1=CC=CC=C1C(=O)O,0
SAFE_4188,CN1C=NC2=C1C(=O)N(C(=O)N2C)C,0
SAFE_4217,CC(C)CC1=CC=C(C=C1)C(C)C(=O)O,0
TOXIC_2465,ClC(Cl)Cl,1
TOXIC_474,O=[As]O[As]=O,1
TOXIC_3277,CC1=CC=C(C=C1)C2=CC(=NN2C3=CC=C(C=C3)S(=O)(=O)C)C(F)(F)F,1
SAFE_586,CC(=O)NC1=CC=C(O)C=C1,0
SAFE_2299,COC1=CC=C(C=C1)C(C)C(=O)O,0
TOXIC_3105,ClC(Cl)Cl,1
TOXIC_2653,CC1=CC=C(C=C1)C2=CC(=NN2C3=CC=C(C=C3)S(=O)(=O)C)C(F)(F)F,1
SAFE_2269,COC1=CC=C(C=C1)C(C)C(=O)O,0
SAFE_250,C(C(CO)O)O,0
SAFE_879,CC(=O)O,0
SAFE_3374,CC1=CN=C(C(=C1OC)C)CS(=O)C2=NC3=C(N2)C=C(C=C3)OC,0
TOXIC_1658,O=[As]O[As]=O,1
TOXIC_1744,ClC(Cl)(Cl)Cl,1
TOXIC_3590,CN(N=O)C,1
TOXIC_4067,c1ccccc1,1
SAFE_2448,CN1C=NC2=C1C(=O)N(C(=O)N2C)C,0
TOXIC_759,CCOP(=S)(OCC)Oc1ccc(cc1)[N+](=O)[O-],1
TOXIC_3454,CC1=CC=C(C=C1)C(=O)NC2=CC=CC=C2,1
SAFE_3827,CC(C)CC1=CC=C(C=C1)C(C)C(=O)O,0
SAFE_2233,C1CC(N(C1)C(=O)C(CC2=CC=CC=C2)NC(=O)C(CC3=CC=CC=C3)N)C(=O)O,0
TOXIC_2735,CCN(CC)C(=S)SSC(=S)N(CC)CC,1
TOXIC_936,CC(C)OP(=O)(C)F,1
SAFE_2041,CC(=O)NC1=CC=C(O)C=C1,0
TOXIC_4619,[Hg],1
SAFE_946,CC(=O)NC1=CC=C(O)C=C1,0
TOXIC_2087,CCOP(=S)(OCC)Oc1ccc(cc1)[N+](=O)[O-],1
SAFE_3196,CC(=O)NC1=CC=C(O)C=C1,0
SAFE_4158,CN1C=NC2=C1C(=O)N(C(=O)N2C)C,0
SAFE_3284,CC1=CN=C(C(=C1OC)C)CS(=O)C2=NC3=C(N2)C=C(C=C3)OC,0
SAFE_452,CC(C)CC1=CC=C(C=C1)C(C)C(=O)O,0
TOXIC_3509,C=O,1
SAFE_3,CN1C=NC2=C1C(=O)N(C(=O)N2C)C,0
TOXIC_1391,CCN(CC)C(=S)SSC(=S)N(CC)CC,1
SAFE_3589,COC1=CC=C(C=C1)C(C)C(=O)O,0
TOXIC_1846,CN(N=O)C,1
SAFE_91,CC(=O)NC1=CC=C(O)C=C1,0
SAFE_3933,CN1C=NC2=C1C(=O)N(C(=O)N2C)C,0
SAFE_1783,C1CC(N(C1)C(=O)C(CC2=CC=CC=C2)NC(=O)C(CC3=CC=CC=C3)N)C(=O)O,0
TOXIC_3537,ClC(Cl)Cl,1
TOXIC_458,O=[As]O[As]=O,1
SAFE_4363,C1CC(N(C1)C(=O)C(CC2=CC=CC=C2)NC(=O)C(CC3=CC=CC=C3)N)C(=O)O,0
TOXIC_4418,NN,1
TOXIC_2836,ClC=C,1
TOXIC_2975,CCN(CC)C(=S)SSC(=S)N(CC)CC,1
SAFE_1084,COC1=CC=C(C=C1)C(C)C(=O)O,0
TOXIC_3546,O=[As]O[As]=O,1
TOXIC_2429,CC1=CC=C(C=C1)C2=CC(=NN2C3=CC=C(C=C3)S(=O)(=O)C)C(F)(F)F,1
SAFE_4087,C(C(=O)O)N,0
SAFE_1482,CC1(C(N2C(S1)C(C2=O)NC(=O)CC3=CC=CC=C3)C(=O)O)C,0
SAFE_3596,C(=O)(N)N,0
TOXIC_3790,CC1=CC=C(C=C1)C(=O)NC2=CC=CC=C2,1
TOXIC_1925,C=O,1
SAFE_3944,CC1=CN=C(C(=C1OC)C)CS(=O)C2=NC3=C(N2)C=C(C=C3)OC,0
SAFE_990,CC(=O)OC1=CC=CC=C1C(=O)O,0
SAFE_3225,CC(=O)OC1=CC=CC=C1C(=O)O,0
TOXIC_3181,CC1=CC=C(C=C1)C2=CC(=NN2C3=CC=C(C=C3)S(=O)(=O)C)C(F)(F)F,1
SAFE_4982,CC(C)CC1=CC=C(C=C1)C(C)C(=O)O,0
TOXIC_430,CC1=CC=C(C=C1)C(=O)NC2=CC=CC=C2,1
SAFE_878,C(C1C(C(C(C(O1)O)O)O)O)O,0
TOXIC_2208,ClC(Cl)(Cl)Cl,1
TOXIC_2160,ClC(Cl)(Cl)Cl,1
SAFE_1560,CC(=O)OC1=CC=CC=C1C(=O)O,0
TOXIC_3978,O=[As]O[As]=O,1
TOXIC_4713,N#C,1
TOXIC_2451,c1ccccc1,1
SAFE_3019,COC1=CC=C(C=C1)C(C)C(=O)O,0
SAFE_4004,CC1=CN=C(C(=C1OC)C)CS(=O)C2=NC3=C(N2)C=C(C=C3)OC,0
TOXIC_4802,NN,1
TOXIC_1062,CN(N=O)C,1
SAFE_3464,CC1=CN=C(C(=C1OC)C)CS(=O)C2=NC3=C(N2)C=C(C=C3)OC,0
SAFE_1767,CC1(C(N2C(S1)C(C2=O)NC(=O)CC3=CC=CC=C3)C(=O)O)C,0
TOXIC_64,ClC(Cl)(Cl)Cl,1
TOXIC_3163,[Hg],1
SAFE_2791,CC(=O)NC1=CC=C(O)C=C1,0
SAFE_3877,C(C(=O)O)N,0
SAFE_334,COC1=CC=C(C=C1)C(C)C(=O)O,0
SAFE_2857,C(C(=O)O)N,0
TOXIC_484,ClC=C,1
SAFE_939,CC(=O)O,0
TOXIC_1792,ClC(Cl)(Cl)Cl,1
TOXIC_1359,CCN(CC)C(=S)SSC(=S)N(CC)CC,1
SAFE_4618,C1CC(N(C1)C(=O)C(CC2=CC=CC=C2)NC(=O)C(CC3=CC=CC=C3)N)C(=O)O,0
TOXIC_2972,[Pb],1
TOXIC_1392,ClC(Cl)(Cl)Cl,1
SAFE_2301,CCO,0
TOXIC_3738,O=[As]O[As]=O,1
SAFE_50,CN(C)C(=N)N,0
SAFE_2470,C(C(CO)O)O,0
SAFE_533,C(C1C(C(C(C(O1)O)O)O)O)O,0
SAFE_1646,C(=O)(N)N,0
SAFE_4434,CC(=O)O,0
TOXIC_4206,CC1=CC=C(C=C1)C(=O)NC2=CC=CC=C2,1
TOXIC_865,ClC(Cl)Cl,1
SAFE_126,CCO,0
TOXIC_1048,CC(C)OP(=O)(C)F,1
TOXIC_871,CCOP(=S)(OCC)Oc1ccc(cc1)[N+](=O)[O-],1
TOXIC_2753,ClC(Cl)Cl,1
TOXIC_3703,CCOP(=S)(OCC)Oc1ccc(cc1)[N+](=O)[O-],1
SAFE_3095,CN(C)C(=N)N,0
SAFE_3041,C(=O)(N)N,0
SAFE_3493,C1CC(N(C1)C(=O)C(CC2=CC=CC=C2)NC(=O)C(CC3=CC=CC=C3)N)C(=O)O,0
TOXIC_2530,NN,1
TOXIC_2167,CCOP(=S)(OCC)Oc1ccc(cc1)[N+](=O)[O-],1
TOXIC_3890,NN,1
TOXIC_2040,CC(C)OP(=O)(C)F,1
TOXIC_436,ClC=C,1
TOXIC_262,CN(N=O)C,1
TOXIC_1738,O=[As]O[As]=O,1
TOXIC_1876,ClC=C,1
TOXIC_104,CC(C)OP(=O)(C)F,1
SAFE_4925,CN(C)C(=N)N,0
TOXIC_299,[Hg],1
TOXIC_3927,CCOP(=S)(OCC)Oc1ccc(cc1)[N+](=O)[O-],1
TOXIC_2668,[Pb],1
SAFE_1061,C(=O)(N)N,0
SAFE_63,CN1C=NC2=C1C(=O)N(C(=O)N2C)C,0
TOXIC_1061,C=O,1
TOXIC_3308,[Pb],1
TOXIC_3796,ClC=C,1
TOXIC_2825,N#C,1
TOXIC_2598,CN(N=O)C,1
TOXIC_4943,CCN(CC)C(=S)SSC(=S)N(CC)CC,1
TOXIC_2540,[Pb],1
TOXIC_4842,O=[As]O[As]=O,1
SAFE_3186,CCO,0
SAFE_1228,C1CC(N(C1)C(=O)C(CC2=CC=CC=C2)NC(=O)C(CC3=CC=CC=C3)N)C(=O)O,0
TOXIC_2575,CCN(CC)C(=S)SSC(=S)N(CC)CC,1
TOXIC_4109,CC1=CC=C(C=C1)C2=CC(=NN2C3=CC=C(C=C3)S(=O)(=O)C)C(F)(F)F,1
TOXIC_3130,O=[As]O[As]=O,1
TOXIC_1455,CCN(CC)C(=S)SSC(=S)N(CC)CC,1
TOXIC_4302,CC1=CC=C(C=C1)C(=O)NC2=CC=CC=C2,1
SAFE_2143,C1CC(N(C1)C(=O)C(CC2=CC=CC=C2)NC(=O)C(CC3=CC=CC=C3)N)C(=O)O,0
TOXIC_1830,CN(N=O)C,1
SAFE_698,C(C1C(C(C(C(O1)O)O)O)O)O,0
SAFE_4677,CC1(C(N2C(S1)C(C2=O)NC(=O)CC3=CC=CC=C3)C(=O)O)C,0
SAFE_2775,CC(=O)OC1=CC=CC=C1C(=O)O,0
TOXIC_177,ClC(Cl)Cl,1
SAFE_640,C(C(CO)O)O,0
SAFE_3042,CC1(C(N2C(S1)C(C2=O)NC(=O)CC3=CC=CC=C3)C(=O)O)C,0
TOXIC_4446,CC1=CC=C(C=C1)C(=O)NC2=CC=CC=C2,1
TOXIC_4807,CCOP(=S)(OCC)Oc1ccc(cc1)[N+](=O)[O-],1
TOXIC_1555,c1ccccc1,1
TOXIC_1571,c1ccccc1,1
TOXIC_1675,[Hg],1
SAFE_1264,COC1=CC=C(C=C1)C(C)C(=O)O,0
SAFE_4950,CC(=O)OC1=CC=CC=C1C(=O)O,0
SAFE_4243,C1CC(N(C1)C(=O)C(CC2=CC=CC=C2)NC(=O)C(CC3=CC=CC=C3)N)C(=O)O,0
SAFE_3975,CC(=O)OC1=CC=CC=C1C(=O)O,0
SAFE_445,C(C(CO)O)O,0
TOXIC_3339,[Hg],1
SAFE_3035,CN(C)C(=N)N,0
TOXIC_980,ClC=C,1
SAFE_2575,C(C(CO)O)O,0
SAFE_949,COC1=CC=C(C=C1)C(C)C(=O)O,0
TOXIC_1648,ClC(Cl)(Cl)Cl,1
TOXIC_2762,O=[As]O[As]=O,1
TOXIC_82,NN,1
SAFE_2975,CN(C)C(=N)N,0
SAFE_680,CN(C)C(=N)N,0
TOXIC_814,CC1=CC=C(C=C1)C(=O)NC2=CC=CC=C2,1
SAFE_4012,C(C(=O)O)N,0
TOXIC_3257,N#C,1
SAFE_4410,CC(=O)OC1=CC=CC=C1C(=O)O,0
TOXIC_3705,N#C,1
SAFE_3290,CN(C)C(=N)N,0
TOXIC_587,[Hg],1
SAFE_3293,C(C1C(C(C(C(O1)O)O)O)O)O,0
SAFE_4920,CC(=O)OC1=CC=CC=C1C(=O)O,0
TOXIC_4781,CC1=CC=C(C=C1)C2=CC(=NN2C3=CC=C(C=C3)S(=O)(=O)C)C(F)(F)F,1
SAFE_4185,CC(=O)OC1=CC=CC=C1C(=O)O,0
SAFE_649,COC1=CC=C(C=C1)C(C)C(=O)O,0
SAFE_2563,C1CC(N(C1)C(=O)C(CC2=CC=CC=C2)NC(=O)C(CC3=CC=CC=C3)N)C(=O)O,0
TOXIC_1984,ClC(Cl)(Cl)Cl,1
TOXIC_1112,CC(C)OP(=O)(C)F,1
TOXIC_466,NN,1
TOXIC_381,CC1=CC=C(C=C1)C2=CC(=NN2C3=CC=C(C=C3)S(=O)(=O)C)C(F)(F)F,1
SAFE_4632,CC1(C(N2C(S1)C(C2=O)NC(=O)CC3=CC=CC=C3)C(=O)O)C,0
SAFE_4298,C(C1C(C(C(C(O1)O)O)O)O)O,0
TOXIC_284,[Pb],1
SAFE_4187,CC(C)CC1=CC=C(C=C1)C(C)C(=O)O,0
SAFE_139,COC1=CC=C(C=C1)C(C)C(=O)O,0
TOXIC_1411,c1ccccc1,1
TOXIC_1637,C=O,1
SAFE_2860,C(C(CO)O)O,0
TOXIC_2054,CN(N=O)C,1
TOXIC_2133,C=O,1
TOXIC_2074,O=[As]O[As]=O,1
TOXIC_3807,CCN(CC)C(=S)SSC(=S)N(CC)CC,1
SAFE_1363,C1CC(N(C1)C(=O)C(CC2=CC=CC=C2)NC(=O)C(CC3=CC=CC=C3)N)C(=O)O,0
TOXIC_3018,O=[As]O[As]=O,1
TOXIC_3971,c1ccccc1,1
TOXIC_2469,C=O,1
TOXIC_1297,ClC(Cl)Cl,1
SAFE_2747,CC(C)CC1=CC=C(C=C1)C(C)C(=O)O,0
SAFE_3315,CC(=O)OC1=CC=CC=C1C(=O)O,0
SAFE_995,CN(C)C(=N)N,0
SAFE_4829,CC1=CN=C(C(=C1OC)C)CS(=O)C2=NC3=C(N2)C=C(C=C3)OC,0
SAFE_1989,CC(=O)O,0
TOXIC_573,CC1=CC=C(C=C1)C2=CC(=NN2C3=CC=C(C=C3)S(=O)(=O)C)C(F)(F)F,1
TOXIC_1438,CC1=CC=C(C=C1)C(=O)NC2=CC=CC=C2,1
SAFE_444,CC(=O)O,0
TOXIC_4290,NN,1
SAFE_534,CC(=O)O,0
SAFE_4601,C(=O)(N)N,0
TOXIC_432,ClC(Cl)(Cl)Cl,1
TOXIC_3081,N#C,1
TOXIC_1144,CC(C)OP(=O)(C)F,1
SAFE_182,CC(C)CC1=CC=C(C=C1)C(C)C(=O)O,0
SAFE_4886,C(=O)(N)N,0
SAFE_414,CC(=O)O,0
SAFE_2984,CC1=CN=C(C(=C1OC)C)CS(=O)C2=NC3=C(N2)C=C(C=C3)OC,0
TOXIC_4001,ClC(Cl)Cl,1
SAFE_3453,CN1C=NC2=C1C(=O)N(C(=O)N2C)C,0
TOXIC_2748,[Pb],1
SAFE_1683,CN1C=NC2=C1C(=O)N(C(=O)N2C)C,0
TOXIC_3432,CC(C)OP(=O)(C)F,1
SAFE_165,CC(=O)OC1=CC=CC=C1C(=O)O,0
SAFE_3328,C1CC(N(C1)C(=O)C(CC2=CC=CC=C2)NC(=O)C(CC3=CC=CC=C3)N)C(=O)O,0
TOXIC_3811,c1ccccc1,1
TOXIC_3732,ClC=C,1
TOXIC_4442,O=[As]O[As]=O,1
TOXIC_3958,CN(N=O)C,1
SAFE_4827,CC1(C(N2C(S1)C(C2=O)NC(=O)CC3=CC=CC=C3)C(=O)O)C,0
TOXIC_3115,[Hg],1
TOXIC_3669,C=O,1
SAFE_3238,C1CC(N(C1)C(=O)C(CC2=CC=CC=C2)NC(=O)C(CC3=CC=CC=C3)N)C(=O)O,0
SAFE_1106,C(=O)(N)N,0
SAFE_4498,C1CC(N(C1)C(=O)C(CC2=CC=CC=C2)NC(=O)C(CC3=CC=CC=C3)N)C(=O)O,0
SAFE_4770,CC(=O)OC1=CC=CC=C1C(=O)O,0
SAFE_3254,CC1=CN=C(C(=C1OC)C)CS(=O)C2=NC3=C(N2)C=C(C=C3)OC,0
TOXIC_1338,O=[As]O[As]=O,1
TOXIC_1784,CC(C)OP(=O)(C)F,1
SAFE_1337,CC(C)CC1=CC=C(C=C1)C(C)C(=O)O,0
SAFE_2337,CC1(C(N2C(S1)C(C2=O)NC(=O)CC3=CC=CC=C3)C(=O)O)C,0
TOXIC_2996,ClC=C,1
SAFE_986,C(=O)(N)N,0
TOXIC_1533,CC1=CC=C(C=C1)C2=CC(=NN2C3=CC=C(C=C3)S(=O)(=O)C)C(F)(F)F,1
SAFE_3854,CC1=CN=C(C(=C1OC)C)CS(=O)C2=NC3=C(N2)C=C(C=C3)OC,0
SAFE_4056,CCO,0
TOXIC_1838,CC1=CC=C(C=C1)C(=O)NC2=CC=CC=C2,1
TOXIC_2938,O=[As]O[As]=O,1
TOXIC_1892,ClC=C,1
SAFE_488,C(C1C(C(C(C(O1)O)O)O)O)O,0
SAFE_1364,CC1=CN=C(C(=C1OC)C)CS(=O)C2=NC3=C(N2)C=C(C=C3)OC,0
SAFE_4562,CC(C)CC1=CC=C(C=C1)C(C)C(=O)O,0
TOXIC_310,CN(N=O)C,1
TOXIC_738,NN,1
TOXIC_4828,[Pb],1
SAFE_1163,C(C1C(C(C(C(O1)O)O)O)O)O,0
SAFE_387,CC1(C(N2C(S1)C(C2=O)NC(=O)CC3=CC=CC=C3)C(=O)O)C,0
TOXIC_1751,CCOP(=S)(OCC)Oc1ccc(cc1)[N+](=O)[O-],1
SAFE_4685,CN(C)C(=N)N,0
TOXIC_1743,CCN(CC)C(=S)SSC(=S)N(CC)CC,1
SAFE_1654,COC1=CC=C(C=C1)C(C)C(=O)O,0
SAFE_644,CC1=CN=C(C(=C1OC)C)CS(=O)C2=NC3=C(N2)C=C(C=C3)OC,0
SAFE_432,CC1(C(N2C(S1)C(C2=O)NC(=O)CC3=CC=CC=C3)C(=O)O)C,0
SAFE_437,CC(C)CC1=CC=C(C=C1)C(C)C(=O)O,0
TOXIC_320,ClC(Cl)(Cl)Cl,1
SAFE_1610,CN(C)C(=N)N,0
SAFE_2274,CC(=O)O,0
TOXIC_4286,CC1=CC=C(C=C1)C(=O)NC2=CC=CC=C2,1
TOXIC_3273,N#C,1
SAFE_195,CC(=O)OC1=CC=CC=C1C(=O)O,0
TOXIC_3213,CC1=CC=C(C=C1)C2=CC(=NN2C3=CC=C(C=C3)S(=O)(=O)C)C(F)(F)F,1
TOXIC_3853,CC1=CC=C(C=C1)C2=CC(=NN2C3=CC=C(C=C3)S(=O)(=O)C)C(F)(F)F,1
TOXIC_3008,ClC(Cl)(Cl)Cl,1
TOXIC_696,CC(C)OP(=O)(C)F,1
SAFE_3845,CN(C)C(=N)N,0
TOXIC_583,CCOP(=S)(OCC)Oc1ccc(cc1)[N+](=O)[O-],1
TOXIC_2992,ClC(Cl)(Cl)Cl,1
TOXIC_3261,CC1=CC=C(C=C1)C2=CC(=NN2C3=CC=C(C=C3)S(=O)(=O)C)C(F)(F)F,1
TOXIC_4399,CCN(CC)C(=S)SSC(=S)N(CC)CC,1
TOXIC_924,[Pb],1
TOXIC_4074,O=[As]O[As]=O,1
TOXIC_3501,CC1=CC=C(C=C1)C2=CC(=NN2C3=CC=C(C=C3)S(=O)(=O)C)C(F)(F)F,1
SAFE_3678,CN1C=NC2=C1C(=O)N(C(=O)N2C)C,0
TOXIC_3887,CCN(CC)C(=S)SSC(=S)N(CC)CC,1
TOXIC_3111,CCOP(=S)(OCC)Oc1ccc(cc1)[N+](=O)[O-],1
TOXIC_4141,CC1=CC=C(C=C1)C2=CC(=NN2C3=CC=C(C=C3)S(=O)(=O)C)C(F)(F)F,1
TOXIC_3986,NN,1
SAFE_327,CC1(C(N2C(S1)C(C2=O)NC(=O)CC3=CC=CC=C3)C(=O)O)C,0
TOXIC_2613,C=O,1
TOXIC_4779,[Hg],1
SAFE_4527,CC1(C(N2C(S1)C(C2=O)NC(=O)CC3=CC=CC=C3)C(=O)O)C,0
SAFE_1920,CC(=O)OC1=CC=CC=C1C(=O)O,0
TOXIC_896,ClC(Cl)(Cl)Cl,1
TOXIC_2964,ClC=C,1
SAFE_164,CC1=CN=C(C(=C1OC)C)CS(=O)C2=NC3=C(N2)C=C(C=C3)OC,0
SAFE_1681,CC(=O)NC1=CC=C(O)C=C1,0
TOXIC_3060,ClC=C,1
TOXIC_719,CCN(CC)C(=S)SSC(=S)N(CC)CC,1
SAFE_1817,CC(C)CC1=CC=C(C=C1)C(C)C(=O)O,0
SAFE_971,C(=O)(N)N,0
TOXIC_3610,O=[As]O[As]=O,1
SAFE_4395,CC(=O)OC1=CC=CC=C1C(=O)O,0
SAFE_1615,C(C(CO)O)O,0
TOXIC_4599,CCOP(=S)(OCC)Oc1ccc(cc1)[N+](=O)[O-],1
TOXIC_3149,CC1=CC=C(C=C1)C2=CC(=NN2C3=CC=C(C=C3)S(=O)(=O)C)C(F)(F)F,1
SAFE_4718,C(C1C(C(C(C(O1)O)O)O)O)O,0
TOXIC_4419,c1ccccc1,1
SAFE_317,CC(C)CC1=CC=C(C=C1)C(C)C(=O)O,0
SAFE_869,CC1=CN=C(C(=C1OC)C)CS(=O)C2=NC3=C(N2)C=C(C=C3)OC,0
TOXIC_2372,ClC=C,1
SAFE_2212,C(C(=O)O)N,0
SAFE_296,C(=O)(N)N,0
SAFE_2046,CCO,0
TOXIC_2514,NN,1
SAFE_4495,C(C(CO)O)O,0
SAFE_4668,CN1C=NC2=C1C(=O)N(C(=O)N2C)C,0
SAFE_3414,CC(=O)O,0
TOXIC_1999,CCN(CC)C(=S)SSC(=S)N(CC)CC,1
SAFE_1961,C(=O)(N)N,0
TOXIC_551,CCOP(=S)(OCC)Oc1ccc(cc1)[N+](=O)[O-],1
TOXIC_285,CC1=CC=C(C=C1)C2=CC(=NN2C3=CC=C(C=C3)S(=O)(=O)C)C(F)(F)F,1
TOXIC_535,CCOP(=S)(OCC)Oc1ccc(cc1)[N+](=O)[O-],1
SAFE_3608,C(C1C(C(C(C(O1)O)O)O)O)O,0
SAFE_3525,CC(=O)OC1=CC=CC=C1C(=O)O,0
TOXIC_884,ClC=C,1
SAFE_4299,CC(=O)O,0
SAFE_3239,CC1=CN=C(C(=C1OC)C)CS(=O)C2=NC3=C(N2)C=C(C=C3)OC,0
SAFE_914,CC1=CN=C(C(=C1OC)C)CS(=O)C2=NC3=C(N2)C=C(C=C3)OC,0
TOXIC_1954,NN,1
SAFE_495,CC(=O)OC1=CC=CC=C1C(=O)O,0
TOXIC_3786,O=[As]O[As]=O,1
SAFE_3164,CC1=CN=C(C(=C1OC)C)CS(=O)C2=NC3=C(N2)C=C(C=C3)OC,0
TOXIC_3888,ClC(Cl)(Cl)Cl,1
SAFE_103,C1CC(N(C1)C(=O)C(CC2=CC=CC=C2)NC(=O)C(CC3=CC=CC=C3)N)C(=O)O,0
SAFE_1999,COC1=CC=C(C=C1)C(C)C(=O)O,0
TOXIC_3808,ClC(Cl)(Cl)Cl,1
SAFE_2287,C(C(=O)O)N,0
SAFE_1301,C(=O)(N)N,0
TOXIC_1698,NN,1
SAFE_300,CC(=O)OC1=CC=CC=C1C(=O)O,0
SAFE_3039,CC(=O)O,0
SAFE_1684,COC1=CC=C(C=C1)C(C)C(=O)O,0
SAFE_2495,CN(C)C(=N)N,0
TOXIC_2360,CC(C)OP(=O)(C)F,1
TOXIC_1014,CN(N=O)C,1
TOXIC_3106,NN,1
SAFE_1984,COC1=CC=C(C=C1)C(C)C(=O)O,0
TOXIC_4722,NN,1
TOXIC_183,CCOP(=S)(OCC)Oc1ccc(cc1)[N+](=O)[O-],1
TOXIC_2492,[Pb],1
TOXIC_2064,ClC(Cl)(Cl)Cl,1
TOXIC_3523,c1ccccc1,1
TOXIC_1100,[Pb],1
SAFE_1231,CC(=O)NC1=CC=C(O)C=C1,0
SAFE_3983,C(C1C(C(C(C(O1)O)O)O)O)O,0
SAFE_2776,CC(=O)NC1=CC=C(O)C=C1,0
TOXIC_1968,ClC(Cl)(Cl)Cl,1
SAFE_3177,CC1(C(N2C(S1)C(C2=O)NC(=O)CC3=CC=CC=C3)C(=O)O)C,0
TOXIC_4658,NN,1
TOXIC_3880,CC(C)OP(=O)(C)F,1
TOXIC_2083,c1ccccc1,1
TOXIC_3511,CCOP(=S)(OCC)Oc1ccc(cc1)[N+](=O)[O-],1
SAFE_4506,CCO,0
SAFE_4177,C(C(=O)O)N,0
SAFE_3066,CCO,0
TOXIC_4512,ClC(Cl)(Cl)Cl,1
TOXIC_2982,CN(N=O)C,1
SAFE_2038,C1CC(N(C1)C(=O)C(CC2=CC=CC=C2)NC(=O)C(CC3=CC=CC=C3)N)C(=O)O,0
TOXIC_2400,ClC(Cl)(Cl)Cl,1
TOXIC_18,NN,1
SAFE_1499,CC1=CN=C(C(=C1OC)C)CS(=O)C2=NC3=C(N2)C=C(C=C3)OC,0
SAFE_3586,CC(=O)NC1=CC=C(O)C=C1,0
TOXIC_2464,ClC(Cl)(Cl)Cl,1
TOXIC_3834,O=[As]O[As]=O,1
SAFE_2507,CC(C)CC1=CC=C(C=C1)C(C)C(=O)O,0
SAFE_3060,CC(=O)OC1=CC=CC=C1C(=O)O,0
TOXIC_275,c1ccccc1,1
TOXIC_774,CN(N=O)C,1
SAFE_3595,C(C(CO)O)O,0
SAFE_4641,CCO,0
SAFE_1622,CC(C)CC1=CC=C(C=C1)C(C)C(=O)O,0
SAFE_513,CN1C=NC2=C1C(=O)N(C(=O)N2C)C,0
TOXIC_4899,c1ccccc1,1
TOXIC_3544,CC(C)OP(=O)(C)F,1
SAFE_1406,C(=O)(N)N,0
TOXIC_4072,CC(C)OP(=O)(C)F,1
TOXIC_655,CCN(CC)C(=S)SSC(=S)N(CC)CC,1
SAFE_2430,CC(=O)OC1=CC=CC=C1C(=O)O,0
SAFE_2331,CCO,0
SAFE_3123,CN1C=NC2=C1C(=O)N(C(=O)N2C)C,0
SAFE_3366,CCO,0
SAFE_1110,CC(=O)OC1=CC=CC=C1C(=O)O,0
SAFE_2307,CC1(C(N2C(S1)C(C2=O)NC(=O)CC3=CC=CC=C3)C(=O)O)C,0
SAFE_2186,C(=O)(N)N,0
TOXIC_4922,O=[As]O[As]=O,1
TOXIC_1583,CCN(CC)C(=S)SSC(=S)N(CC)CC,1
SAFE_1743,CN1C=NC2=C1C(=O)N(C(=O)N2C)C,0
SAFE_4257,CC1(C(N2C(S1)C(C2=O)NC(=O)CC3=CC=CC=C3)C(=O)O)C,0
SAFE_541,CC(=O)NC1=CC=C(O)C=C1,0
SAFE_1054,COC1=CC=C(C=C1)C(C)C(=O)O,0
