name,smiles,status,toxic,reason,category,phase
Aspirin_1,CC(=O)OC1=CC=CC=C1C(=O)O,approved,0,,,
Paracetamol_2,CC(=O)NC1=CC=C(O)C=C1,approved,0,,,
Ibuprofen_3,CC(C)CC1=CC=C(C=C1)C(C)C(=O)O,approved,0,,,
Naproxen_4,COC1=CC=C(C=C1)C(C)C(=O)O,approved,0,,,
Diclofenac_5,ClC1=CC=C(C=C1)C(=O)NC2=CC=CC=C2Cl,approved,0,,,
Celecoxib_6,CC1=CC=C(C=C1)C2=CC(=NN2C3=CC=C(C=C3)S(=O)(=O)N)C(F)(F)F,approved,0,,,
Penicillin G_7,CC1(C(N2C(S1)C(C2=O)NC(=O)CC3=CC=CC=C3)C(=O)O)C,approved,0,,,
Amoxicillin_8,CC1(C(N2C(S1)C(C2=O)NC(=O)C(C3=CC=C(C=C3)O)N)C(=O)O)C,approved,0,,,
Ciprofloxacin_9,C1CC1N2C=C(C(=O)C3=CC(=C(C=C32)N4CCN(CC4)C)F)C(=O)O,approved,0,,,
Azithromycin_10,CCC1C(C(C(N(CC(CC(C(C(C(C(C(=O)O1)C)OC2C(C(CC(O2)C)N(C)C)O)C)OC3C(C(CC(O3)C)N(C)C)O)C)C)C)O)O,approved,0,,,
Atorvastatin_11,CC(C)C1=C(C(=C(N1CC[C@@H](C[C@@H](CC(=O)O)O)O)C2=CC=C(C=C2)F)C3=CC=CC=C3)C(=O)NC4=CC=CC=C4,approved,0,,,
Lisinopril_12,C1CC(N(C1)C(=O)C(CC2=CC=CC=C2)NC(=O)C(CC3=CC=CC=C3)N)C(=O)O,approved,0,,,
Metoprolol_13,CC(C)NCC(COC1=CC=C(C=C1)CCOC)O,approved,0,,,
Metformin_14,CN(C)C(=N)N,approved,0,,,
Glipizide_15,CC1=NC=C(N1C(=O)NC2=CC=C(C=C2)S(=O)(=O)NC(=O)NC3CCCCC3)C,approved,0,,,
Diazepam_16,CN1C(=O)CN=C(C2=CC=CC=C2)C3=CC=CC=C3C1=O,approved,0,,,
Fluoxetine_17,CNCCC(C1=CC=CC=C1)OC2=CC=C(C=C2)C(F)(F)F,approved,0,,,
Sertraline_18,CNC(CC1=CC=CC=C1)C2=CC=CC=C2Cl,approved,0,,,
Salbutamol_19,CC(C)(C)NCC(C1=CC(=C(C=C1)O)CO)O,approved,0,,,
Montelukast_20,CC(C)(C)C1=CC=C(C=C1)CC(C2=CC=CC=C2)C3=CC=CC=C3,approved,0,,,
Aspirin_21,CC(=O)OC1=CC=CC=C1C(=O)O,approved,0,,,
Paracetamol_22,CC(=O)NC1=CC=C(O)C=C1,approved,0,,,
Ibuprofen_23,CC(C)CC1=CC=C(C=C1)C(C)C(=O)O,approved,0,,,
Naproxen_24,COC1=CC=C(C=C1)C(C)C(=O)O,approved,0,,,
Diclofenac_25,ClC1=CC=C(C=C1)C(=O)NC2=CC=CC=C2Cl,approved,0,,,
Celecoxib_26,CC1=CC=C(C=C1)C2=CC(=NN2C3=CC=C(C=C3)S(=O)(=O)N)C(F)(F)F,approved,0,,,
Penicillin G_27,CC1(C(N2C(S1)C(C2=O)NC(=O)CC3=CC=CC=C3)C(=O)O)C,approved,0,,,
Amoxicillin_28,CC1(C(N2C(S1)C(C2=O)NC(=O)C(C3=CC=C(C=C3)O)N)C(=O)O)C,approved,0,,,
Ciprofloxacin_29,C1CC1N2C=C(C(=O)C3=CC(=C(C=C32)N4CCN(CC4)C)F)C(=O)O,approved,0,,,
Azithromycin_30,CCC1C(C(C(N(CC(CC(C(C(C(C(C(=O)O1)C)OC2C(C(CC(O2)C)N(C)C)O)C)OC3C(C(CC(O3)C)N(C)C)O)C)C)C)O)O,approved,0,,,
Atorvastatin_31,CC(C)C1=C(C(=C(N1CC[C@@H](C[C@@H](CC(=O)O)O)O)C2=CC=C(C=C2)F)C3=CC=CC=C3)C(=O)NC4=CC=CC=C4,approved,0,,,
Lisinopril_32,C1CC(N(C1)C(=O)C(CC2=CC=CC=C2)NC(=O)C(CC3=CC=CC=C3)N)C(=O)O,approved,0,,,
Metoprolol_33,CC(C)NCC(COC1=CC=C(C=C1)CCOC)O,approved,0,,,
Metformin_34,CN(C)C(=N)N,approved,0,,,
Glipizide_35,CC1=NC=C(N1C(=O)NC2=CC=C(C=C2)S(=O)(=O)NC(=O)NC3CCCCC3)C,approved,0,,,
Diazepam_36,CN1C(=O)CN=C(C2=CC=CC=C2)C3=CC=CC=C3C1=O,approved,0,,,
Fluoxetine_37,CNCCC(C1=CC=CC=C1)OC2=CC=C(C=C2)C(F)(F)F,approved,0,,,
Sertraline_38,CNC(CC1=CC=CC=C1)C2=CC=CC=C2Cl,approved,0,,,
Salbutamol_39,CC(C)(C)NCC(C1=CC(=C(C=C1)O)CO)O,approved,0,,,
Montelukast_40,CC(C)(C)C1=CC=C(C=C1)CC(C2=CC=CC=C2)C3=CC=CC=C3,approved,0,,,
Aspirin_41,CC(=O)OC1=CC=CC=C1C(=O)O,approved,0,,,
Paracetamol_42,CC(=O)NC1=CC=C(O)C=C1,approved,0,,,
Ibuprofen_43,CC(C)CC1=CC=C(C=C1)C(C)C(=O)O,approved,0,,,
Naproxen_44,COC1=CC=C(C=C1)C(C)C(=O)O,approved,0,,,
Diclofenac_45,ClC1=CC=C(C=C1)C(=O)NC2=CC=CC=C2Cl,approved,0,,,
Celecoxib_46,CC1=CC=C(C=C1)C2=CC(=NN2C3=CC=C(C=C3)S(=O)(=O)N)C(F)(F)F,approved,0,,,
Penicillin G_47,CC1(C(N2C(S1)C(C2=O)NC(=O)CC3=CC=CC=C3)C(=O)O)C,approved,0,,,
Amoxicillin_48,CC1(C(N2C(S1)C(C2=O)NC(=O)C(C3=CC=C(C=C3)O)N)C(=O)O)C,approved,0,,,
Ciprofloxacin_49,C1CC1N2C=C(C(=O)C3=CC(=C(C=C32)N4CCN(CC4)C)F)C(=O)O,approved,0,,,
Azithromycin_50,CCC1C(C(C(N(CC(CC(C(C(C(C(C(=O)O1)C)OC2C(C(CC(O2)C)N(C)C)O)C)OC3C(C(CC(O3)C)N(C)C)O)C)C)C)O)O,approved,0,,,
Atorvastatin_51,CC(C)C1=C(C(=C(N1CC[C@@H](C[C@@H](CC(=O)O)O)O)C2=CC=C(C=C2)F)C3=CC=CC=C3)C(=O)NC4=CC=CC=C4,approved,0,,,
Lisinopril_52,C1CC(N(C1)C(=O)C(CC2=CC=CC=C2)NC(=O)C(CC3=CC=CC=C3)N)C(=O)O,approved,0,,,
Metoprolol_53,CC(C)NCC(COC1=CC=C(C=C1)CCOC)O,approved,0,,,
Metformin_54,CN(C)C(=N)N,approved,0,,,
Glipizide_55,CC1=NC=C(N1C(=O)NC2=CC=C(C=C2)S(=O)(=O)NC(=O)NC3CCCCC3)C,approved,0,,,
Diazepam_56,CN1C(=O)CN=C(C2=CC=CC=C2)C3=CC=CC=C3C1=O,approved,0,,,
Fluoxetine_57,CNCCC(C1=CC=CC=C1)OC2=CC=C(C=C2)C(F)(F)F,approved,0,,,
Sertraline_58,CNC(CC1=CC=CC=C1)C2=CC=CC=C2Cl,approved,0,,,
Salbutamol_59,CC(C)(C)NCC(C1=CC(=C(C=C1)O)CO)O,approved,0,,,
Montelukast_60,CC(C)(C)C1=CC=C(C=C1)CC(C2=CC=CC=C2)C3=CC=CC=C3,approved,0,,,
Aspirin_61,CC(=O)OC1=CC=CC=C1C(=O)O,approved,0,,,
Paracetamol_62,CC(=O)NC1=CC=C(O)C=C1,approved,0,,,
Ibuprofen_63,CC(C)CC1=CC=C(C=C1)C(C)C(=O)O,approved,0,,,
Naproxen_64,COC1=CC=C(C=C1)C(C)C(=O)O,approved,0,,,
Diclofenac_65,ClC1=CC=C(C=C1)C(=O)NC2=CC=CC=C2Cl,approved,0,,,
Celecoxib_66,CC1=CC=C(C=C1)C2=CC(=NN2C3=CC=C(C=C3)S(=O)(=O)N)C(F)(F)F,approved,0,,,
Penicillin G_67,CC1(C(N2C(S1)C(C2=O)NC(=O)CC3=CC=CC=C3)C(=O)O)C,approved,0,,,
Amoxicillin_68,CC1(C(N2C(S1)C(C2=O)NC(=O)C(C3=CC=C(C=C3)O)N)C(=O)O)C,approved,0,,,
Ciprofloxacin_69,C1CC1N2C=C(C(=O)C3=CC(=C(C=C32)N4CCN(CC4)C)F)C(=O)O,approved,0,,,
Azithromycin_70,CCC1C(C(C(N(CC(CC(C(C(C(C(C(=O)O1)C)OC2C(C(CC(O2)C)N(C)C)O)C)OC3C(C(CC(O3)C)N(C)C)O)C)C)C)O)O,approved,0,,,
Atorvastatin_71,CC(C)C1=C(C(=C(N1CC[C@@H](C[C@@H](CC(=O)O)O)O)C2=CC=C(C=C2)F)C3=CC=CC=C3)C(=O)NC4=CC=CC=C4,approved,0,,,
Lisinopril_72,C1CC(N(C1)C(=O)C(CC2=CC=CC=C2)NC(=O)C(CC3=CC=CC=C3)N)C(=O)O,approved,0,,,
Metoprolol_73,CC(C)NCC(COC1=CC=C(C=C1)CCOC)O,approved,0,,,
Metformin_74,CN(C)C(=N)N,approved,0,,,
Glipizide_75,CC1=NC=C(N1C(=O)NC2=CC=C(C=C2)S(=O)(=O)NC(=O)NC3CCCCC3)C,approved,0,,,
Diazepam_76,CN1C(=O)CN=C(C2=CC=CC=C2)C3=CC=CC=C3C1=O,approved,0,,,
Fluoxetine_77,CNCCC(C1=CC=CC=C1)OC2=CC=C(C=C2)C(F)(F)F,approved,0,,,
Sertraline_78,CNC(CC1=CC=CC=C1)C2=CC=CC=C2Cl,approved,0,,,
Salbutamol_79,CC(C)(C)NCC(C1=CC(=C(C=C1)O)CO)O,approved,0,,,
Montelukast_80,CC(C)(C)C1=CC=C(C=C1)CC(C2=CC=CC=C2)C3=CC=CC=C3,approved,0,,,
Aspirin_81,CC(=O)OC1=CC=CC=C1C(=O)O,approved,0,,,
Paracetamol_82,CC(=O)NC1=CC=C(O)C=C1,approved,0,,,
Ibuprofen_83,CC(C)CC1=CC=C(C=C1)C(C)C(=O)O,approved,0,,,
Naproxen_84,COC1=CC=C(C=C1)C(C)C(=O)O,approved,0,,,
Diclofenac_85,ClC1=CC=C(C=C1)C(=O)NC2=CC=CC=C2Cl,approved,0,,,
Celecoxib_86,CC1=CC=C(C=C1)C2=CC(=NN2C3=CC=C(C=C3)S(=O)(=O)N)C(F)(F)F,approved,0,,,
Penicillin G_87,CC1(C(N2C(S1)C(C2=O)NC(=O)CC3=CC=CC=C3)C(=O)O)C,approved,0,,,
Amoxicillin_88,CC1(C(N2C(S1)C(C2=O)NC(=O)C(C3=CC=C(C=C3)O)N)C(=O)O)C,approved,0,,,
Ciprofloxacin_89,C1CC1N2C=C(C(=O)C3=CC(=C(C=C32)N4CCN(CC4)C)F)C(=O)O,approved,0,,,
Azithromycin_90,CCC1C(C(C(N(CC(CC(C(C(C(C(C(=O)O1)C)OC2C(C(CC(O2)C)N(C)C)O)C)OC3C(C(CC(O3)C)N(C)C)O)C)C)C)O)O,approved,0,,,
Atorvastatin_91,CC(C)C1=C(C(=C(N1CC[C@@H](C[C@@H](CC(=O)O)O)O)C2=CC=C(C=C2)F)C3=CC=CC=C3)C(=O)NC4=CC=CC=C4,approved,0,,,
Lisinopril_92,C1CC(N(C1)C(=O)C(CC2=CC=CC=C2)NC(=O)C(CC3=CC=CC=C3)N)C(=O)O,approved,0,,,
Metoprolol_93,CC(C)NCC(COC1=CC=C(C=C1)CCOC)O,approved,0,,,
Metformin_94,CN(C)C(=N)N,approved,0,,,
Glipizide_95,CC1=NC=C(N1C(=O)NC2=CC=C(C=C2)S(=O)(=O)NC(=O)NC3CCCCC3)C,approved,0,,,
Diazepam_96,CN1C(=O)CN=C(C2=CC=CC=C2)C3=CC=CC=C3C1=O,approved,0,,,
Fluoxetine_97,CNCCC(C1=CC=CC=C1)OC2=CC=C(C=C2)C(F)(F)F,approved,0,,,
Sertraline_98,CNC(CC1=CC=CC=C1)C2=CC=CC=C2Cl,approved,0,,,
Salbutamol_99,CC(C)(C)NCC(C1=CC(=C(C=C1)O)CO)O,approved,0,,,
Montelukast_100,CC(C)(C)C1=CC=C(C=C1)CC(C2=CC=CC=C2)C3=CC=CC=C3,approved,0,,,
Aspirin_101,CC(=O)OC1=CC=CC=C1C(=O)O,approved,0,,,
Paracetamol_102,CC(=O)NC1=CC=C(O)C=C1,approved,0,,,
Ibuprofen_103,CC(C)CC1=CC=C(C=C1)C(C)C(=O)O,approved,0,,,
Naproxen_104,COC1=CC=C(C=C1)C(C)C(=O)O,approved,0,,,
Diclofenac_105,ClC1=CC=C(C=C1)C(=O)NC2=CC=CC=C2Cl,approved,0,,,
Celecoxib_106,CC1=CC=C(C=C1)C2=CC(=NN2C3=CC=C(C=C3)S(=O)(=O)N)C(F)(F)F,approved,0,,,
Penicillin G_107,CC1(C(N2C(S1)C(C2=O)NC(=O)CC3=CC=CC=C3)C(=O)O)C,approved,0,,,
Amoxicillin_108,CC1(C(N2C(S1)C(C2=O)NC(=O)C(C3=CC=C(C=C3)O)N)C(=O)O)C,approved,0,,,
Ciprofloxacin_109,C1CC1N2C=C(C(=O)C3=CC(=C(C=C32)N4CCN(CC4)C)F)C(=O)O,approved,0,,,
Azithromycin_110,CCC1C(C(C(N(CC(CC(C(C(C(C(C(=O)O1)C)OC2C(C(CC(O2)C)N(C)C)O)C)OC3C(C(CC(O3)C)N(C)C)O)C)C)C)O)O,approved,0,,,
Atorvastatin_111,CC(C)C1=C(C(=C(N1CC[C@@H](C[C@@H](CC(=O)O)O)O)C2=CC=C(C=C2)F)C3=CC=CC=C3)C(=O)NC4=CC=CC=C4,approved,0,,,
Lisinopril_112,C1CC(N(C1)C(=O)C(CC2=CC=CC=C2)NC(=O)C(CC3=CC=CC=C3)N)C(=O)O,approved,0,,,
Metoprolol_113,CC(C)NCC(COC1=CC=C(C=C1)CCOC)O,approved,0,,,
Metformin_114,CN(C)C(=N)N,approved,0,,,
Glipizide_115,CC1=NC=C(N1C(=O)NC2=CC=C(C=C2)S(=O)(=O)NC(=O)NC3CCCCC3)C,approved,0,,,
Diazepam_116,CN1C(=O)CN=C(C2=CC=CC=C2)C3=CC=CC=C3C1=O,approved,0,,,
Fluoxetine_117,CNCCC(C1=CC=CC=C1)OC2=CC=C(C=C2)C(F)(F)F,approved,0,,,
Sertraline_118,CNC(CC1=CC=CC=C1)C2=CC=CC=C2Cl,approved,0,,,
Salbutamol_119,CC(C)(C)NCC(C1=CC(=C(C=C1)O)CO)O,approved,0,,,
Montelukast_120,CC(C)(C)C1=CC=C(C=C1)CC(C2=CC=CC=C2)C3=CC=CC=C3,approved,0,,,
Aspirin_121,CC(=O)OC1=CC=CC=C1C(=O)O,approved,0,,,
Paracetamol_122,CC(=O)NC1=CC=C(O)C=C1,approved,0,,,
Ibuprofen_123,CC(C)CC1=CC=C(C=C1)C(C)C(=O)O,approved,0,,,
Naproxen_124,COC1=CC=C(C=C1)C(C)C(=O)O,approved,0,,,
Diclofenac_125,ClC1=CC=C(C=C1)C(=O)NC2=CC=CC=C2Cl,approved,0,,,
Celecoxib_126,CC1=CC=C(C=C1)C2=CC(=NN2C3=CC=C(C=C3)S(=O)(=O)N)C(F)(F)F,approved,0,,,
Penicillin G_127,CC1(C(N2C(S1)C(C2=O)NC(=O)CC3=CC=CC=C3)C(=O)O)C,approved,0,,,
Amoxicillin_128,CC1(C(N2C(S1)C(C2=O)NC(=O)C(C3=CC=C(C=C3)O)N)C(=O)O)C,approved,0,,,
Ciprofloxacin_129,C1CC1N2C=C(C(=O)C3=CC(=C(C=C32)N4CCN(CC4)C)F)C(=O)O,approved,0,,,
Azithromycin_130,CCC1C(C(C(N(CC(CC(C(C(C(C(C(=O)O1)C)OC2C(C(CC(O2)C)N(C)C)O)C)OC3C(C(CC(O3)C)N(C)C)O)C)C)C)O)O,approved,0,,,
Atorvastatin_131,CC(C)C1=C(C(=C(N1CC[C@@H](C[C@@H](CC(=O)O)O)O)C2=CC=C(C=C2)F)C3=CC=CC=C3)C(=O)NC4=CC=CC=C4,approved,0,,,
Lisinopril_132,C1CC(N(C1)C(=O)C(CC2=CC=CC=C2)NC(=O)C(CC3=CC=CC=C3)N)C(=O)O,approved,0,,,
Metoprolol_133,CC(C)NCC(COC1=CC=C(C=C1)CCOC)O,approved,0,,,
Metformin_134,CN(C)C(=N)N,approved,0,,,
Glipizide_135,CC1=NC=C(N1C(=O)NC2=CC=C(C=C2)S(=O)(=O)NC(=O)NC3CCCCC3)C,approved,0,,,
Diazepam_136,CN1C(=O)CN=C(C2=CC=CC=C2)C3=CC=CC=C3C1=O,approved,0,,,
Fluoxetine_137,CNCCC(C1=CC=CC=C1)OC2=CC=C(C=C2)C(F)(F)F,approved,0,,,
Sertraline_138,CNC(CC1=CC=CC=C1)C2=CC=CC=C2Cl,approved,0,,,
Salbutamol_139,CC(C)(C)NCC(C1=CC(=C(C=C1)O)CO)O,approved,0,,,
Montelukast_140,CC(C)(C)C1=CC=C(C=C1)CC(C2=CC=CC=C2)C3=CC=CC=C3,approved,0,,,
Aspirin_141,CC(=O)OC1=CC=CC=C1C(=O)O,approved,0,,,
Paracetamol_142,CC(=O)NC1=CC=C(O)C=C1,approved,0,,,
Ibuprofen_143,CC(C)CC1=CC=C(C=C1)C(C)C(=O)O,approved,0,,,
Naproxen_144,COC1=CC=C(C=C1)C(C)C(=O)O,approved,0,,,
Diclofenac_145,ClC1=CC=C(C=C1)C(=O)NC2=CC=CC=C2Cl,approved,0,,,
Celecoxib_146,CC1=CC=C(C=C1)C2=CC(=NN2C3=CC=C(C=C3)S(=O)(=O)N)C(F)(F)F,approved,0,,,
Penicillin G_147,CC1(C(N2C(S1)C(C2=O)NC(=O)CC3=CC=CC=C3)C(=O)O)C,approved,0,,,
Amoxicillin_148,CC1(C(N2C(S1)C(C2=O)NC(=O)C(C3=CC=C(C=C3)O)N)C(=O)O)C,approved,0,,,
Ciprofloxacin_149,C1CC1N2C=C(C(=O)C3=CC(=C(C=C32)N4CCN(CC4)C)F)C(=O)O,approved,0,,,
Azithromycin_150,CCC1C(C(C(N(CC(CC(C(C(C(C(C(=O)O1)C)OC2C(C(CC(O2)C)N(C)C)O)C)OC3C(C(CC(O3)C)N(C)C)O)C)C)C)O)O,approved,0,,,
Atorvastatin_151,CC(C)C1=C(C(=C(N1CC[C@@H](C[C@@H](CC(=O)O)O)O)C2=CC=C(C=C2)F)C3=CC=CC=C3)C(=O)NC4=CC=CC=C4,approved,0,,,
Lisinopril_152,C1CC(N(C1)C(=O)C(CC2=CC=CC=C2)NC(=O)C(CC3=CC=CC=C3)N)C(=O)O,approved,0,,,
Metoprolol_153,CC(C)NCC(COC1=CC=C(C=C1)CCOC)O,approved,0,,,
Metformin_154,CN(C)C(=N)N,approved,0,,,
Glipizide_155,CC1=NC=C(N1C(=O)NC2=CC=C(C=C2)S(=O)(=O)NC(=O)NC3CCCCC3)C,approved,0,,,
Diazepam_156,CN1C(=O)CN=C(C2=CC=CC=C2)C3=CC=CC=C3C1=O,approved,0,,,
Fluoxetine_157,CNCCC(C1=CC=CC=C1)OC2=CC=C(C=C2)C(F)(F)F,approved,0,,,
Sertraline_158,CNC(CC1=CC=CC=C1)C2=CC=CC=C2Cl,approved,0,,,
Salbutamol_159,CC(C)(C)NCC(C1=CC(=C(C=C1)O)CO)O,approved,0,,,
Montelukast_160,CC(C)(C)C1=CC=C(C=C1)CC(C2=CC=CC=C2)C3=CC=CC=C3,approved,0,,,
Aspirin_161,CC(=O)OC1=CC=CC=C1C(=O)O,approved,0,,,
Paracetamol_162,CC(=O)NC1=CC=C(O)C=C1,approved,0,,,
Ibuprofen_163,CC(C)CC1=CC=C(C=C1)C(C)C(=O)O,approved,0,,,
Naproxen_164,COC1=CC=C(C=C1)C(C)C(=O)O,approved,0,,,
Diclofenac_165,ClC1=CC=C(C=C1)C(=O)NC2=CC=CC=C2Cl,approved,0,,,
Celecoxib_166,CC1=CC=C(C=C1)C2=CC(=NN2C3=CC=C(C=C3)S(=O)(=O)N)C(F)(F)F,approved,0,,,
Penicillin G_167,CC1(C(N2C(S1)C(C2=O)NC(=O)CC3=CC=CC=C3)C(=O)O)C,approved,0,,,
Amoxicillin_168,CC1(C(N2C(S1)C(C2=O)NC(=O)C(C3=CC=C(C=C3)O)N)C(=O)O)C,approved,0,,,
Ciprofloxacin_169,C1CC1N2C=C(C(=O)C3=CC(=C(C=C32)N4CCN(CC4)C)F)C(=O)O,approved,0,,,
Azithromycin_170,CCC1C(C(C(N(CC(CC(C(C(C(C(C(=O)O1)C)OC2C(C(CC(O2)C)N(C)C)O)C)OC3C(C(CC(O3)C)N(C)C)O)C)C)C)O)O,approved,0,,,
Atorvastatin_171,CC(C)C1=C(C(=C(N1CC[C@@H](C[C@@H](CC(=O)O)O)O)C2=CC=C(C=C2)F)C3=CC=CC=C3)C(=O)NC4=CC=CC=C4,approved,0,,,
Lisinopril_172,C1CC(N(C1)C(=O)C(CC2=CC=CC=C2)NC(=O)C(CC3=CC=CC=C3)N)C(=O)O,approved,0,,,
Metoprolol_173,CC(C)NCC(COC1=CC=C(C=C1)CCOC)O,approved,0,,,
Metformin_174,CN(C)C(=N)N,approved,0,,,
Glipizide_175,CC1=NC=C(N1C(=O)NC2=CC=C(C=C2)S(=O)(=O)NC(=O)NC3CCCCC3)C,approved,0,,,
Diazepam_176,CN1C(=O)CN=C(C2=CC=CC=C2)C3=CC=CC=C3C1=O,approved,0,,,
Fluoxetine_177,CNCCC(C1=CC=CC=C1)OC2=CC=C(C=C2)C(F)(F)F,approved,0,,,
Sertraline_178,CNC(CC1=CC=CC=C1)C2=CC=CC=C2Cl,approved,0,,,
Salbutamol_179,CC(C)(C)NCC(C1=CC(=C(C=C1)O)CO)O,approved,0,,,
Montelukast_180,CC(C)(C)C1=CC=C(C=C1)CC(C2=CC=CC=C2)C3=CC=CC=C3,approved,0,,,
Aspirin_181,CC(=O)OC1=CC=CC=C1C(=O)O,approved,0,,,
Paracetamol_182,CC(=O)NC1=CC=C(O)C=C1,approved,0,,,
Ibuprofen_183,CC(C)CC1=CC=C(C=C1)C(C)C(=O)O,approved,0,,,
Naproxen_184,COC1=CC=C(C=C1)C(C)C(=O)O,approved,0,,,
Diclofenac_185,ClC1=CC=C(C=C1)C(=O)NC2=CC=CC=C2Cl,approved,0,,,
Celecoxib_186,CC1=CC=C(C=C1)C2=CC(=NN2C3=CC=C(C=C3)S(=O)(=O)N)C(F)(F)F,approved,0,,,
Penicillin G_187,CC1(C(N2C(S1)C(C2=O)NC(=O)CC3=CC=CC=C3)C(=O)O)C,approved,0,,,
Amoxicillin_188,CC1(C(N2C(S1)C(C2=O)NC(=O)C(C3=CC=C(C=C3)O)N)C(=O)O)C,approved,0,,,
Ciprofloxacin_189,C1CC1N2C=C(C(=O)C3=CC(=C(C=C32)N4CCN(CC4)C)F)C(=O)O,approved,0,,,
Azithromycin_190,CCC1C(C(C(N(CC(CC(C(C(C(C(C(=O)O1)C)OC2C(C(CC(O2)C)N(C)C)O)C)OC3C(C(CC(O3)C)N(C)C)O)C)C)C)O)O,approved,0,,,
Atorvastatin_191,CC(C)C1=C(C(=C(N1CC[C@@H](C[C@@H](CC(=O)O)O)O)C2=CC=C(C=C2)F)C3=CC=CC=C3)C(=O)NC4=CC=CC=C4,approved,0,,,
Lisinopril_192,C1CC(N(C1)C(=O)C(CC2=CC=CC=C2)NC(=O)C(CC3=CC=CC=C3)N)C(=O)O,approved,0,,,
Metoprolol_193,CC(C)NCC(COC1=CC=C(C=C1)CCOC)O,approved,0,,,
Metformin_194,CN(C)C(=N)N,approved,0,,,
Glipizide_195,CC1=NC=C(N1C(=O)NC2=CC=C(C=C2)S(=O)(=O)NC(=O)NC3CCCCC3)C,approved,0,,,
Diazepam_196,CN1C(=O)CN=C(C2=CC=CC=C2)C3=CC=CC=C3C1=O,approved,0,,,
Fluoxetine_197,CNCCC(C1=CC=CC=C1)OC2=CC=C(C=C2)C(F)(F)F,approved,0,,,
Sertraline_198,CNC(CC1=CC=CC=C1)C2=CC=CC=C2Cl,approved,0,,,
Salbutamol_199,CC(C)(C)NCC(C1=CC(=C(C=C1)O)CO)O,approved,0,,,
Montelukast_200,CC(C)(C)C1=CC=C(C=C1)CC(C2=CC=CC=C2)C3=CC=CC=C3,approved,0,,,
Aspirin_201,CC(=O)OC1=CC=CC=C1C(=O)O,approved,0,,,
Paracetamol_202,CC(=O)NC1=CC=C(O)C=C1,approved,0,,,
Ibuprofen_203,CC(C)CC1=CC=C(C=C1)C(C)C(=O)O,approved,0,,,
Naproxen_204,COC1=CC=C(C=C1)C(C)C(=O)O,approved,0,,,
Diclofenac_205,ClC1=CC=C(C=C1)C(=O)NC2=CC=CC=C2Cl,approved,0,,,
Celecoxib_206,CC1=CC=C(C=C1)C2=CC(=NN2C3=CC=C(C=C3)S(=O)(=O)N)C(F)(F)F,approved,0,,,
Penicillin G_207,CC1(C(N2C(S1)C(C2=O)NC(=O)CC3=CC=CC=C3)C(=O)O)C,approved,0,,,
Amoxicillin_208,CC1(C(N2C(S1)C(C2=O)NC(=O)C(C3=CC=C(C=C3)O)N)C(=O)O)C,approved,0,,,
Ciprofloxacin_209,C1CC1N2C=C(C(=O)C3=CC(=C(C=C32)N4CCN(CC4)C)F)C(=O)O,approved,0,,,
Azithromycin_210,CCC1C(C(C(N(CC(CC(C(C(C(C(C(=O)O1)C)OC2C(C(CC(O2)C)N(C)C)O)C)OC3C(C(CC(O3)C)N(C)C)O)C)C)C)O)O,approved,0,,,
Atorvastatin_211,CC(C)C1=C(C(=C(N1CC[C@@H](C[C@@H](CC(=O)O)O)O)C2=CC=C(C=C2)F)C3=CC=CC=C3)C(=O)NC4=CC=CC=C4,approved,0,,,
Lisinopril_212,C1CC(N(C1)C(=O)C(CC2=CC=CC=C2)NC(=O)C(CC3=CC=CC=C3)N)C(=O)O,approved,0,,,
Metoprolol_213,CC(C)NCC(COC1=CC=C(C=C1)CCOC)O,approved,0,,,
Metformin_214,CN(C)C(=N)N,approved,0,,,
Glipizide_215,CC1=NC=C(N1C(=O)NC2=CC=C(C=C2)S(=O)(=O)NC(=O)NC3CCCCC3)C,approved,0,,,
Diazepam_216,CN1C(=O)CN=C(C2=CC=CC=C2)C3=CC=CC=C3C1=O,approved,0,,,
Fluoxetine_217,CNCCC(C1=CC=CC=C1)OC2=CC=C(C=C2)C(F)(F)F,approved,0,,,
Sertraline_218,CNC(CC1=CC=CC=C1)C2=CC=CC=C2Cl,approved,0,,,
Salbutamol_219,CC(C)(C)NCC(C1=CC(=C(C=C1)O)CO)O,approved,0,,,
Montelukast_220,CC(C)(C)C1=CC=C(C=C1)CC(C2=CC=CC=C2)C3=CC=CC=C3,approved,0,,,
Aspirin_221,CC(=O)OC1=CC=CC=C1C(=O)O,approved,0,,,
Paracetamol_222,CC(=O)NC1=CC=C(O)C=C1,approved,0,,,
Ibuprofen_223,CC(C)CC1=CC=C(C=C1)C(C)C(=O)O,approved,0,,,
Naproxen_224,COC1=CC=C(C=C1)C(C)C(=O)O,approved,0,,,
Diclofenac_225,ClC1=CC=C(C=C1)C(=O)NC2=CC=CC=C2Cl,approved,0,,,
Celecoxib_226,CC1=CC=C(C=C1)C2=CC(=NN2C3=CC=C(C=C3)S(=O)(=O)N)C(F)(F)F,approved,0,,,
Penicillin G_227,CC1(C(N2C(S1)C(C2=O)NC(=O)CC3=CC=CC=C3)C(=O)O)C,approved,0,,,
Amoxicillin_228,CC1(C(N2C(S1)C(C2=O)NC(=O)C(C3=CC=C(C=C3)O)N)C(=O)O)C,approved,0,,,
Ciprofloxacin_229,C1CC1N2C=C(C(=O)C3=CC(=C(C=C32)N4CCN(CC4)C)F)C(=O)O,approved,0,,,
Azithromycin_230,CCC1C(C(C(N(CC(CC(C(C(C(C(C(=O)O1)C)OC2C(C(CC(O2)C)N(C)C)O)C)OC3C(C(CC(O3)C)N(C)C)O)C)C)C)O)O,approved,0,,,
Atorvastatin_231,CC(C)C1=C(C(=C(N1CC[C@@H](C[C@@H](CC(=O)O)O)O)C2=CC=C(C=C2)F)C3=CC=CC=C3)C(=O)NC4=CC=CC=C4,approved,0,,,
Lisinopril_232,C1CC(N(C1)C(=O)C(CC2=CC=CC=C2)NC(=O)C(CC3=CC=CC=C3)N)C(=O)O,approved,0,,,
Metoprolol_233,CC(C)NCC(COC1=CC=C(C=C1)CCOC)O,approved,0,,,
Metformin_234,CN(C)C(=N)N,approved,0,,,
Glipizide_235,CC1=NC=C(N1C(=O)NC2=CC=C(C=C2)S(=O)(=O)NC(=O)NC3CCCCC3)C,approved,0,,,
Diazepam_236,CN1C(=O)CN=C(C2=CC=CC=C2)C3=CC=CC=C3C1=O,approved,0,,,
Fluoxetine_237,CNCCC(C1=CC=CC=C1)OC2=CC=C(C=C2)C(F)(F)F,approved,0,,,
Sertraline_238,CNC(CC1=CC=CC=C1)C2=CC=CC=C2Cl,approved,0,,,
Salbutamol_239,CC(C)(C)NCC(C1=CC(=C(C=C1)O)CO)O,approved,0,,,
Montelukast_240,CC(C)(C)C1=CC=C(C=C1)CC(C2=CC=CC=C2)C3=CC=CC=C3,approved,0,,,
Aspirin_241,CC(=O)OC1=CC=CC=C1C(=O)O,approved,0,,,
Paracetamol_242,CC(=O)NC1=CC=C(O)C=C1,approved,0,,,
Ibuprofen_243,CC(C)CC1=CC=C(C=C1)C(C)C(=O)O,approved,0,,,
Naproxen_244,COC1=CC=C(C=C1)C(C)C(=O)O,approved,0,,,
Diclofenac_245,ClC1=CC=C(C=C1)C(=O)NC2=CC=CC=C2Cl,approved,0,,,
Celecoxib_246,CC1=CC=C(C=C1)C2=CC(=NN2C3=CC=C(C=C3)S(=O)(=O)N)C(F)(F)F,approved,0,,,
Penicillin G_247,CC1(C(N2C(S1)C(C2=O)NC(=O)CC3=CC=CC=C3)C(=O)O)C,approved,0,,,
Amoxicillin_248,CC1(C(N2C(S1)C(C2=O)NC(=O)C(C3=CC=C(C=C3)O)N)C(=O)O)C,approved,0,,,
Ciprofloxacin_249,C1CC1N2C=C(C(=O)C3=CC(=C(C=C32)N4CCN(CC4)C)F)C(=O)O,approved,0,,,
Azithromycin_250,CCC1C(C(C(N(CC(CC(C(C(C(C(C(=O)O1)C)OC2C(C(CC(O2)C)N(C)C)O)C)OC3C(C(CC(O3)C)N(C)C)O)C)C)C)O)O,approved,0,,,
Atorvastatin_251,CC(C)C1=C(C(=C(N1CC[C@@H](C[C@@H](CC(=O)O)O)O)C2=CC=C(C=C2)F)C3=CC=CC=C3)C(=O)NC4=CC=CC=C4,approved,0,,,
Lisinopril_252,C1CC(N(C1)C(=O)C(CC2=CC=CC=C2)NC(=O)C(CC3=CC=CC=C3)N)C(=O)O,approved,0,,,
Metoprolol_253,CC(C)NCC(COC1=CC=C(C=C1)CCOC)O,approved,0,,,
Metformin_254,CN(C)C(=N)N,approved,0,,,
Glipizide_255,CC1=NC=C(N1C(=O)NC2=CC=C(C=C2)S(=O)(=O)NC(=O)NC3CCCCC3)C,approved,0,,,
Diazepam_256,CN1C(=O)CN=C(C2=CC=CC=C2)C3=CC=CC=C3C1=O,approved,0,,,
Fluoxetine_257,CNCCC(C1=CC=CC=C1)OC2=CC=C(C=C2)C(F)(F)F,approved,0,,,
Sertraline_258,CNC(CC1=CC=CC=C1)C2=CC=CC=C2Cl,approved,0,,,
Salbutamol_259,CC(C)(C)NCC(C1=CC(=C(C=C1)O)CO)O,approved,0,,,
Montelukast_260,CC(C)(C)C1=CC=C(C=C1)CC(C2=CC=CC=C2)C3=CC=CC=C3,approved,0,,,
Aspirin_261,CC(=O)OC1=CC=CC=C1C(=O)O,approved,0,,,
Paracetamol_262,CC(=O)NC1=CC=C(O)C=C1,approved,0,,,
Ibuprofen_263,CC(C)CC1=CC=C(C=C1)C(C)C(=O)O,approved,0,,,
Naproxen_264,COC1=CC=C(C=C1)C(C)C(=O)O,approved,0,,,
Diclofenac_265,ClC1=CC=C(C=C1)C(=O)NC2=CC=CC=C2Cl,approved,0,,,
Celecoxib_266,CC1=CC=C(C=C1)C2=CC(=NN2C3=CC=C(C=C3)S(=O)(=O)N)C(F)(F)F,approved,0,,,
Penicillin G_267,CC1(C(N2C(S1)C(C2=O)NC(=O)CC3=CC=CC=C3)C(=O)O)C,approved,0,,,
Amoxicillin_268,CC1(C(N2C(S1)C(C2=O)NC(=O)C(C3=CC=C(C=C3)O)N)C(=O)O)C,approved,0,,,
Ciprofloxacin_269,C1CC1N2C=C(C(=O)C3=CC(=C(C=C32)N4CCN(CC4)C)F)C(=O)O,approved,0,,,
Azithromycin_270,CCC1C(C(C(N(CC(CC(C(C(C(C(C(=O)O1)C)OC2C(C(CC(O2)C)N(C)C)O)C)OC3C(C(CC(O3)C)N(C)C)O)C)C)C)O)O,approved,0,,,
Atorvastatin_271,CC(C)C1=C(C(=C(N1CC[C@@H](C[C@@H](CC(=O)O)O)O)C2=CC=C(C=C2)F)C3=CC=CC=C3)C(=O)NC4=CC=CC=C4,approved,0,,,
Lisinopril_272,C1CC(N(C1)C(=O)C(CC2=CC=CC=C2)NC(=O)C(CC3=CC=CC=C3)N)C(=O)O,approved,0,,,
Metoprolol_273,CC(C)NCC(COC1=CC=C(C=C1)CCOC)O,approved,0,,,
Metformin_274,CN(C)C(=N)N,approved,0,,,
Glipizide_275,CC1=NC=C(N1C(=O)NC2=CC=C(C=C2)S(=O)(=O)NC(=O)NC3CCCCC3)C,approved,0,,,
Diazepam_276,CN1C(=O)CN=C(C2=CC=CC=C2)C3=CC=CC=C3C1=O,approved,0,,,
Fluoxetine_277,CNCCC(C1=CC=CC=C1)OC2=CC=C(C=C2)C(F)(F)F,approved,0,,,
Sertraline_278,CNC(CC1=CC=CC=C1)C2=CC=CC=C2Cl,approved,0,,,
Salbutamol_279,CC(C)(C)NCC(C1=CC(=C(C=C1)O)CO)O,approved,0,,,
Montelukast_280,CC(C)(C)C1=CC=C(C=C1)CC(C2=CC=CC=C2)C3=CC=CC=C3,approved,0,,,
Aspirin_281,CC(=O)OC1=CC=CC=C1C(=O)O,approved,0,,,
Paracetamol_282,CC(=O)NC1=CC=C(O)C=C1,approved,0,,,
Ibuprofen_283,CC(C)CC1=CC=C(C=C1)C(C)C(=O)O,approved,0,,,
Naproxen_284,COC1=CC=C(C=C1)C(C)C(=O)O,approved,0,,,
Diclofenac_285,ClC1=CC=C(C=C1)C(=O)NC2=CC=CC=C2Cl,approved,0,,,
Celecoxib_286,CC1=CC=C(C=C1)C2=CC(=NN2C3=CC=C(C=C3)S(=O)(=O)N)C(F)(F)F,approved,0,,,
Penicillin G_287,CC1(C(N2C(S1)C(C2=O)NC(=O)CC3=CC=CC=C3)C(=O)O)C,approved,0,,,
Amoxicillin_288,CC1(C(N2C(S1)C(C2=O)NC(=O)C(C3=CC=C(C=C3)O)N)C(=O)O)C,approved,0,,,
Ciprofloxacin_289,C1CC1N2C=C(C(=O)C3=CC(=C(C=C32)N4CCN(CC4)C)F)C(=O)O,approved,0,,,
Azithromycin_290,CCC1C(C(C(N(CC(CC(C(C(C(C(C(=O)O1)C)OC2C(C(CC(O2)C)N(C)C)O)C)OC3C(C(CC(O3)C)N(C)C)O)C)C)C)O)O,approved,0,,,
Atorvastatin_291,CC(C)C1=C(C(=C(N1CC[C@@H](C[C@@H](CC(=O)O)O)O)C2=CC=C(C=C2)F)C3=CC=CC=C3)C(=O)NC4=CC=CC=C4,approved,0,,,
Lisinopril_292,C1CC(N(C1)C(=O)C(CC2=CC=CC=C2)NC(=O)C(CC3=CC=CC=C3)N)C(=O)O,approved,0,,,
Metoprolol_293,CC(C)NCC(COC1=CC=C(C=C1)CCOC)O,approved,0,,,
Metformin_294,CN(C)C(=N)N,approved,0,,,
Glipizide_295,CC1=NC=C(N1C(=O)NC2=CC=C(C=C2)S(=O)(=O)NC(=O)NC3CCCCC3)C,approved,0,,,
Diazepam_296,CN1C(=O)CN=C(C2=CC=CC=C2)C3=CC=CC=C3C1=O,approved,0,,,
Fluoxetine_297,CNCCC(C1=CC=CC=C1)OC2=CC=C(C=C2)C(F)(F)F,approved,0,,,
Sertraline_298,CNC(CC1=CC=CC=C1)C2=CC=CC=C2Cl,approved,0,,,
Salbutamol_299,CC(C)(C)NCC(C1=CC(=C(C=C1)O)CO)O,approved,0,,,
Montelukast_300,CC(C)(C)C1=CC=C(C=C1)CC(C2=CC=CC=C2)C3=CC=CC=C3,approved,0,,,
Aspirin_301,CC(=O)OC1=CC=CC=C1C(=O)O,approved,0,,,
Paracetamol_302,CC(=O)NC1=CC=C(O)C=C1,approved,0,,,
Ibuprofen_303,CC(C)CC1=CC=C(C=C1)C(C)C(=O)O,approved,0,,,
Naproxen_304,COC1=CC=C(C=C1)C(C)C(=O)O,approved,0,,,
Diclofenac_305,ClC1=CC=C(C=C1)C(=O)NC2=CC=CC=C2Cl,approved,0,,,
Celecoxib_306,CC1=CC=C(C=C1)C2=CC(=NN2C3=CC=C(C=C3)S(=O)(=O)N)C(F)(F)F,approved,0,,,
Penicillin G_307,CC1(C(N2C(S1)C(C2=O)NC(=O)CC3=CC=CC=C3)C(=O)O)C,approved,0,,,
Amoxicillin_308,CC1(C(N2C(S1)C(C2=O)NC(=O)C(C3=CC=C(C=C3)O)N)C(=O)O)C,approved,0,,,
Ciprofloxacin_309,C1CC1N2C=C(C(=O)C3=CC(=C(C=C32)N4CCN(CC4)C)F)C(=O)O,approved,0,,,
Azithromycin_310,CCC1C(C(C(N(CC(CC(C(C(C(C(C(=O)O1)C)OC2C(C(CC(O2)C)N(C)C)O)C)OC3C(C(CC(O3)C)N(C)C)O)C)C)C)O)O,approved,0,,,
Atorvastatin_311,CC(C)C1=C(C(=C(N1CC[C@@H](C[C@@H](CC(=O)O)O)O)C2=CC=C(C=C2)F)C3=CC=CC=C3)C(=O)NC4=CC=CC=C4,approved,0,,,
Lisinopril_312,C1CC(N(C1)C(=O)C(CC2=CC=CC=C2)NC(=O)C(CC3=CC=CC=C3)N)C(=O)O,approved,0,,,
Metoprolol_313,CC(C)NCC(COC1=CC=C(C=C1)CCOC)O,approved,0,,,
Metformin_314,CN(C)C(=N)N,approved,0,,,
Glipizide_315,CC1=NC=C(N1C(=O)NC2=CC=C(C=C2)S(=O)(=O)NC(=O)NC3CCCCC3)C,approved,0,,,
Diazepam_316,CN1C(=O)CN=C(C2=CC=CC=C2)C3=CC=CC=C3C1=O,approved,0,,,
Fluoxetine_317,CNCCC(C1=CC=CC=C1)OC2=CC=C(C=C2)C(F)(F)F,approved,0,,,
Sertraline_318,CNC(CC1=CC=CC=C1)C2=CC=CC=C2Cl,approved,0,,,
Salbutamol_319,CC(C)(C)NCC(C1=CC(=C(C=C1)O)CO)O,approved,0,,,
Montelukast_320,CC(C)(C)C1=CC=C(C=C1)CC(C2=CC=CC=C2)C3=CC=CC=C3,approved,0,,,
Aspirin_321,CC(=O)OC1=CC=CC=C1C(=O)O,approved,0,,,
Paracetamol_322,CC(=O)NC1=CC=C(O)C=C1,approved,0,,,
Ibuprofen_323,CC(C)CC1=CC=C(C=C1)C(C)C(=O)O,approved,0,,,
Naproxen_324,COC1=CC=C(C=C1)C(C)C(=O)O,approved,0,,,
Diclofenac_325,ClC1=CC=C(C=C1)C(=O)NC2=CC=CC=C2Cl,approved,0,,,
Celecoxib_326,CC1=CC=C(C=C1)C2=CC(=NN2C3=CC=C(C=C3)S(=O)(=O)N)C(F)(F)F,approved,0,,,
Penicillin G_327,CC1(C(N2C(S1)C(C2=O)NC(=O)CC3=CC=CC=C3)C(=O)O)C,approved,0,,,
Amoxicillin_328,CC1(C(N2C(S1)C(C2=O)NC(=O)C(C3=CC=C(C=C3)O)N)C(=O)O)C,approved,0,,,
Ciprofloxacin_329,C1CC1N2C=C(C(=O)C3=CC(=C(C=C32)N4CCN(CC4)C)F)C(=O)O,approved,0,,,
Azithromycin_330,CCC1C(C(C(N(CC(CC(C(C(C(C(C(=O)O1)C)OC2C(C(CC(O2)C)N(C)C)O)C)OC3C(C(CC(O3)C)N(C)C)O)C)C)C)O)O,approved,0,,,
Atorvastatin_331,CC(C)C1=C(C(=C(N1CC[C@@H](C[C@@H](CC(=O)O)O)O)C2=CC=C(C=C2)F)C3=CC=CC=C3)C(=O)NC4=CC=CC=C4,approved,0,,,
Lisinopril_332,C1CC(N(C1)C(=O)C(CC2=CC=CC=C2)NC(=O)C(CC3=CC=CC=C3)N)C(=O)O,approved,0,,,
Metoprolol_333,CC(C)NCC(COC1=CC=C(C=C1)CCOC)O,approved,0,,,
Metformin_334,CN(C)C(=N)N,approved,0,,,
Glipizide_335,CC1=NC=C(N1C(=O)NC2=CC=C(C=C2)S(=O)(=O)NC(=O)NC3CCCCC3)C,approved,0,,,
Diazepam_336,CN1C(=O)CN=C(C2=CC=CC=C2)C3=CC=CC=C3C1=O,approved,0,,,
Fluoxetine_337,CNCCC(C1=CC=CC=C1)OC2=CC=C(C=C2)C(F)(F)F,approved,0,,,
Sertraline_338,CNC(CC1=CC=CC=C1)C2=CC=CC=C2Cl,approved,0,,,
Salbutamol_339,CC(C)(C)NCC(C1=CC(=C(C=C1)O)CO)O,approved,0,,,
Montelukast_340,CC(C)(C)C1=CC=C(C=C1)CC(C2=CC=CC=C2)C3=CC=CC=C3,approved,0,,,
Aspirin_341,CC(=O)OC1=CC=CC=C1C(=O)O,approved,0,,,
Paracetamol_342,CC(=O)NC1=CC=C(O)C=C1,approved,0,,,
Ibuprofen_343,CC(C)CC1=CC=C(C=C1)C(C)C(=O)O,approved,0,,,
Naproxen_344,COC1=CC=C(C=C1)C(C)C(=O)O,approved,0,,,
Diclofenac_345,ClC1=CC=C(C=C1)C(=O)NC2=CC=CC=C2Cl,approved,0,,,
Celecoxib_346,CC1=CC=C(C=C1)C2=CC(=NN2C3=CC=C(C=C3)S(=O)(=O)N)C(F)(F)F,approved,0,,,
Penicillin G_347,CC1(C(N2C(S1)C(C2=O)NC(=O)CC3=CC=CC=C3)C(=O)O)C,approved,0,,,
Amoxicillin_348,CC1(C(N2C(S1)C(C2=O)NC(=O)C(C3=CC=C(C=C3)O)N)C(=O)O)C,approved,0,,,
Ciprofloxacin_349,C1CC1N2C=C(C(=O)C3=CC(=C(C=C32)N4CCN(CC4)C)F)C(=O)O,approved,0,,,
Azithromycin_350,CCC1C(C(C(N(CC(CC(C(C(C(C(C(=O)O1)C)OC2C(C(CC(O2)C)N(C)C)O)C)OC3C(C(CC(O3)C)N(C)C)O)C)C)C)O)O,approved,0,,,
Atorvastatin_351,CC(C)C1=C(C(=C(N1CC[C@@H](C[C@@H](CC(=O)O)O)O)C2=CC=C(C=C2)F)C3=CC=CC=C3)C(=O)NC4=CC=CC=C4,approved,0,,,
Lisinopril_352,C1CC(N(C1)C(=O)C(CC2=CC=CC=C2)NC(=O)C(CC3=CC=CC=C3)N)C(=O)O,approved,0,,,
Metoprolol_353,CC(C)NCC(COC1=CC=C(C=C1)CCOC)O,approved,0,,,
Metformin_354,CN(C)C(=N)N,approved,0,,,
Glipizide_355,CC1=NC=C(N1C(=O)NC2=CC=C(C=C2)S(=O)(=O)NC(=O)NC3CCCCC3)C,approved,0,,,
Diazepam_356,CN1C(=O)CN=C(C2=CC=CC=C2)C3=CC=CC=C3C1=O,approved,0,,,
Fluoxetine_357,CNCCC(C1=CC=CC=C1)OC2=CC=C(C=C2)C(F)(F)F,approved,0,,,
Sertraline_358,CNC(CC1=CC=CC=C1)C2=CC=CC=C2Cl,approved,0,,,
Salbutamol_359,CC(C)(C)NCC(C1=CC(=C(C=C1)O)CO)O,approved,0,,,
Montelukast_360,CC(C)(C)C1=CC=C(C=C1)CC(C2=CC=CC=C2)C3=CC=CC=C3,approved,0,,,
Aspirin_361,CC(=O)OC1=CC=CC=C1C(=O)O,approved,0,,,
Paracetamol_362,CC(=O)NC1=CC=C(O)C=C1,approved,0,,,
Ibuprofen_363,CC(C)CC1=CC=C(C=C1)C(C)C(=O)O,approved,0,,,
Naproxen_364,COC1=CC=C(C=C1)C(C)C(=O)O,approved,0,,,
Diclofenac_365,ClC1=CC=C(C=C1)C(=O)NC2=CC=CC=C2Cl,approved,0,,,
Celecoxib_366,CC1=CC=C(C=C1)C2=CC(=NN2C3=CC=C(C=C3)S(=O)(=O)N)C(F)(F)F,approved,0,,,
Penicillin G_367,CC1(C(N2C(S1)C(C2=O)NC(=O)CC3=CC=CC=C3)C(=O)O)C,approved,0,,,
Amoxicillin_368,CC1(C(N2C(S1)C(C2=O)NC(=O)C(C3=CC=C(C=C3)O)N)C(=O)O)C,approved,0,,,
Ciprofloxacin_369,C1CC1N2C=C(C(=O)C3=CC(=C(C=C32)N4CCN(CC4)C)F)C(=O)O,approved,0,,,
Azithromycin_370,CCC1C(C(C(N(CC(CC(C(C(C(C(C(=O)O1)C)OC2C(C(CC(O2)C)N(C)C)O)C)OC3C(C(CC(O3)C)N(C)C)O)C)C)C)O)O,approved,0,,,
Atorvastatin_371,CC(C)C1=C(C(=C(N1CC[C@@H](C[C@@H](CC(=O)O)O)O)C2=CC=C(C=C2)F)C3=CC=CC=C3)C(=O)NC4=CC=CC=C4,approved,0,,,
Lisinopril_372,C1CC(N(C1)C(=O)C(CC2=CC=CC=C2)NC(=O)C(CC3=CC=CC=C3)N)C(=O)O,approved,0,,,
Metoprolol_373,CC(C)NCC(COC1=CC=C(C=C1)CCOC)O,approved,0,,,
Metformin_374,CN(C)C(=N)N,approved,0,,,
Glipizide_375,CC1=NC=C(N1C(=O)NC2=CC=C(C=C2)S(=O)(=O)NC(=O)NC3CCCCC3)C,approved,0,,,
Diazepam_376,CN1C(=O)CN=C(C2=CC=CC=C2)C3=CC=CC=C3C1=O,approved,0,,,
Fluoxetine_377,CNCCC(C1=CC=CC=C1)OC2=CC=C(C=C2)C(F)(F)F,approved,0,,,
Sertraline_378,CNC(CC1=CC=CC=C1)C2=CC=CC=C2Cl,approved,0,,,
Salbutamol_379,CC(C)(C)NCC(C1=CC(=C(C=C1)O)CO)O,approved,0,,,
Montelukast_380,CC(C)(C)C1=CC=C(C=C1)CC(C2=CC=CC=C2)C3=CC=CC=C3,approved,0,,,
Aspirin_381,CC(=O)OC1=CC=CC=C1C(=O)O,approved,0,,,
Paracetamol_382,CC(=O)NC1=CC=C(O)C=C1,approved,0,,,
Ibuprofen_383,CC(C)CC1=CC=C(C=C1)C(C)C(=O)O,approved,0,,,
Naproxen_384,COC1=CC=C(C=C1)C(C)C(=O)O,approved,0,,,
Diclofenac_385,ClC1=CC=C(C=C1)C(=O)NC2=CC=CC=C2Cl,approved,0,,,
Celecoxib_386,CC1=CC=C(C=C1)C2=CC(=NN2C3=CC=C(C=C3)S(=O)(=O)N)C(F)(F)F,approved,0,,,
Penicillin G_387,CC1(C(N2C(S1)C(C2=O)NC(=O)CC3=CC=CC=C3)C(=O)O)C,approved,0,,,
Amoxicillin_388,CC1(C(N2C(S1)C(C2=O)NC(=O)C(C3=CC=C(C=C3)O)N)C(=O)O)C,approved,0,,,
Ciprofloxacin_389,C1CC1N2C=C(C(=O)C3=CC(=C(C=C32)N4CCN(CC4)C)F)C(=O)O,approved,0,,,
Azithromycin_390,CCC1C(C(C(N(CC(CC(C(C(C(C(C(=O)O1)C)OC2C(C(CC(O2)C)N(C)C)O)C)OC3C(C(CC(O3)C)N(C)C)O)C)C)C)O)O,approved,0,,,
Atorvastatin_391,CC(C)C1=C(C(=C(N1CC[C@@H](C[C@@H](CC(=O)O)O)O)C2=CC=C(C=C2)F)C3=CC=CC=C3)C(=O)NC4=CC=CC=C4,approved,0,,,
Lisinopril_392,C1CC(N(C1)C(=O)C(CC2=CC=CC=C2)NC(=O)C(CC3=CC=CC=C3)N)C(=O)O,approved,0,,,
Metoprolol_393,CC(C)NCC(COC1=CC=C(C=C1)CCOC)O,approved,0,,,
Metformin_394,CN(C)C(=N)N,approved,0,,,
Glipizide_395,CC1=NC=C(N1C(=O)NC2=CC=C(C=C2)S(=O)(=O)NC(=O)NC3CCCCC3)C,approved,0,,,
Diazepam_396,CN1C(=O)CN=C(C2=CC=CC=C2)C3=CC=CC=C3C1=O,approved,0,,,
Fluoxetine_397,CNCCC(C1=CC=CC=C1)OC2=CC=C(C=C2)C(F)(F)F,approved,0,,,
Sertraline_398,CNC(CC1=CC=CC=C1)C2=CC=CC=C2Cl,approved,0,,,
Salbutamol_399,CC(C)(C)NCC(C1=CC(=C(C=C1)O)CO)O,approved,0,,,
Montelukast_400,CC(C)(C)C1=CC=C(C=C1)CC(C2=CC=CC=C2)C3=CC=CC=C3,approved,0,,,
Aspirin_401,CC(=O)OC1=CC=CC=C1C(=O)O,approved,0,,,
Paracetamol_402,CC(=O)NC1=CC=C(O)C=C1,approved,0,,,
Ibuprofen_403,CC(C)CC1=CC=C(C=C1)C(C)C(=O)O,approved,0,,,
Naproxen_404,COC1=CC=C(C=C1)C(C)C(=O)O,approved,0,,,
Diclofenac_405,ClC1=CC=C(C=C1)C(=O)NC2=CC=CC=C2Cl,approved,0,,,
Celecoxib_406,CC1=CC=C(C=C1)C2=CC(=NN2C3=CC=C(C=C3)S(=O)(=O)N)C(F)(F)F,approved,0,,,
Penicillin G_407,CC1(C(N2C(S1)C(C2=O)NC(=O)CC3=CC=CC=C3)C(=O)O)C,approved,0,,,
Amoxicillin_408,CC1(C(N2C(S1)C(C2=O)NC(=O)C(C3=CC=C(C=C3)O)N)C(=O)O)C,approved,0,,,
Ciprofloxacin_409,C1CC1N2C=C(C(=O)C3=CC(=C(C=C32)N4CCN(CC4)C)F)C(=O)O,approved,0,,,
Azithromycin_410,CCC1C(C(C(N(CC(CC(C(C(C(C(C(=O)O1)C)OC2C(C(CC(O2)C)N(C)C)O)C)OC3C(C(CC(O3)C)N(C)C)O)C)C)C)O)O,approved,0,,,
Atorvastatin_411,CC(C)C1=C(C(=C(N1CC[C@@H](C[C@@H](CC(=O)O)O)O)C2=CC=C(C=C2)F)C3=CC=CC=C3)C(=O)NC4=CC=CC=C4,approved,0,,,
Lisinopril_412,C1CC(N(C1)C(=O)C(CC2=CC=CC=C2)NC(=O)C(CC3=CC=CC=C3)N)C(=O)O,approved,0,,,
Metoprolol_413,CC(C)NCC(COC1=CC=C(C=C1)CCOC)O,approved,0,,,
Metformin_414,CN(C)C(=N)N,approved,0,,,
Glipizide_415,CC1=NC=C(N1C(=O)NC2=CC=C(C=C2)S(=O)(=O)NC(=O)NC3CCCCC3)C,approved,0,,,
Diazepam_416,CN1C(=O)CN=C(C2=CC=CC=C2)C3=CC=CC=C3C1=O,approved,0,,,
Fluoxetine_417,CNCCC(C1=CC=CC=C1)OC2=CC=C(C=C2)C(F)(F)F,approved,0,,,
Sertraline_418,CNC(CC1=CC=CC=C1)C2=CC=CC=C2Cl,approved,0,,,
Salbutamol_419,CC(C)(C)NCC(C1=CC(=C(C=C1)O)CO)O,approved,0,,,
Montelukast_420,CC(C)(C)C1=CC=C(C=C1)CC(C2=CC=CC=C2)C3=CC=CC=C3,approved,0,,,
Aspirin_421,CC(=O)OC1=CC=CC=C1C(=O)O,approved,0,,,
Paracetamol_422,CC(=O)NC1=CC=C(O)C=C1,approved,0,,,
Ibuprofen_423,CC(C)CC1=CC=C(C=C1)C(C)C(=O)O,approved,0,,,
Naproxen_424,COC1=CC=C(C=C1)C(C)C(=O)O,approved,0,,,
Diclofenac_425,ClC1=CC=C(C=C1)C(=O)NC2=CC=CC=C2Cl,approved,0,,,
Celecoxib_426,CC1=CC=C(C=C1)C2=CC(=NN2C3=CC=C(C=C3)S(=O)(=O)N)C(F)(F)F,approved,0,,,
Penicillin G_427,CC1(C(N2C(S1)C(C2=O)NC(=O)CC3=CC=CC=C3)C(=O)O)C,approved,0,,,
Amoxicillin_428,CC1(C(N2C(S1)C(C2=O)NC(=O)C(C3=CC=C(C=C3)O)N)C(=O)O)C,approved,0,,,
Ciprofloxacin_429,C1CC1N2C=C(C(=O)C3=CC(=C(C=C32)N4CCN(CC4)C)F)C(=O)O,approved,0,,,
Azithromycin_430,CCC1C(C(C(N(CC(CC(C(C(C(C(C(=O)O1)C)OC2C(C(CC(O2)C)N(C)C)O)C)OC3C(C(CC(O3)C)N(C)C)O)C)C)C)O)O,approved,0,,,
Atorvastatin_431,CC(C)C1=C(C(=C(N1CC[C@@H](C[C@@H](CC(=O)O)O)O)C2=CC=C(C=C2)F)C3=CC=CC=C3)C(=O)NC4=CC=CC=C4,approved,0,,,
Lisinopril_432,C1CC(N(C1)C(=O)C(CC2=CC=CC=C2)NC(=O)C(CC3=CC=CC=C3)N)C(=O)O,approved,0,,,
Metoprolol_433,CC(C)NCC(COC1=CC=C(C=C1)CCOC)O,approved,0,,,
Metformin_434,CN(C)C(=N)N,approved,0,,,
Glipizide_435,CC1=NC=C(N1C(=O)NC2=CC=C(C=C2)S(=O)(=O)NC(=O)NC3CCCCC3)C,approved,0,,,
Diazepam_436,CN1C(=O)CN=C(C2=CC=CC=C2)C3=CC=CC=C3C1=O,approved,0,,,
Fluoxetine_437,CNCCC(C1=CC=CC=C1)OC2=CC=C(C=C2)C(F)(F)F,approved,0,,,
Sertraline_438,CNC(CC1=CC=CC=C1)C2=CC=CC=C2Cl,approved,0,,,
Salbutamol_439,CC(C)(C)NCC(C1=CC(=C(C=C1)O)CO)O,approved,0,,,
Montelukast_440,CC(C)(C)C1=CC=C(C=C1)CC(C2=CC=CC=C2)C3=CC=CC=C3,approved,0,,,
Aspirin_441,CC(=O)OC1=CC=CC=C1C(=O)O,approved,0,,,
Paracetamol_442,CC(=O)NC1=CC=C(O)C=C1,approved,0,,,
Ibuprofen_443,CC(C)CC1=CC=C(C=C1)C(C)C(=O)O,approved,0,,,
Naproxen_444,COC1=CC=C(C=C1)C(C)C(=O)O,approved,0,,,
Diclofenac_445,ClC1=CC=C(C=C1)C(=O)NC2=CC=CC=C2Cl,approved,0,,,
Celecoxib_446,CC1=CC=C(C=C1)C2=CC(=NN2C3=CC=C(C=C3)S(=O)(=O)N)C(F)(F)F,approved,0,,,
Penicillin G_447,CC1(C(N2C(S1)C(C2=O)NC(=O)CC3=CC=CC=C3)C(=O)O)C,approved,0,,,
Amoxicillin_448,CC1(C(N2C(S1)C(C2=O)NC(=O)C(C3=CC=C(C=C3)O)N)C(=O)O)C,approved,0,,,
Ciprofloxacin_449,C1CC1N2C=C(C(=O)C3=CC(=C(C=C32)N4CCN(CC4)C)F)C(=O)O,approved,0,,,
Azithromycin_450,CCC1C(C(C(N(CC(CC(C(C(C(C(C(=O)O1)C)OC2C(C(CC(O2)C)N(C)C)O)C)OC3C(C(CC(O3)C)N(C)C)O)C)C)C)O)O,approved,0,,,
Atorvastatin_451,CC(C)C1=C(C(=C(N1CC[C@@H](C[C@@H](CC(=O)O)O)O)C2=CC=C(C=C2)F)C3=CC=CC=C3)C(=O)NC4=CC=CC=C4,approved,0,,,
Lisinopril_452,C1CC(N(C1)C(=O)C(CC2=CC=CC=C2)NC(=O)C(CC3=CC=CC=C3)N)C(=O)O,approved,0,,,
Metoprolol_453,CC(C)NCC(COC1=CC=C(C=C1)CCOC)O,approved,0,,,
Metformin_454,CN(C)C(=N)N,approved,0,,,
Glipizide_455,CC1=NC=C(N1C(=O)NC2=CC=C(C=C2)S(=O)(=O)NC(=O)NC3CCCCC3)C,approved,0,,,
Diazepam_456,CN1C(=O)CN=C(C2=CC=CC=C2)C3=CC=CC=C3C1=O,approved,0,,,
Fluoxetine_457,CNCCC(C1=CC=CC=C1)OC2=CC=C(C=C2)C(F)(F)F,approved,0,,,
Sertraline_458,CNC(CC1=CC=CC=C1)C2=CC=CC=C2Cl,approved,0,,,
Salbutamol_459,CC(C)(C)NCC(C1=CC(=C(C=C1)O)CO)O,approved,0,,,
Montelukast_460,CC(C)(C)C1=CC=C(C=C1)CC(C2=CC=CC=C2)C3=CC=CC=C3,approved,0,,,
Aspirin_461,CC(=O)OC1=CC=CC=C1C(=O)O,approved,0,,,
Paracetamol_462,CC(=O)NC1=CC=C(O)C=C1,approved,0,,,
Ibuprofen_463,CC(C)CC1=CC=C(C=C1)C(C)C(=O)O,approved,0,,,
Naproxen_464,COC1=CC=C(C=C1)C(C)C(=O)O,approved,0,,,
Diclofenac_465,ClC1=CC=C(C=C1)C(=O)NC2=CC=CC=C2Cl,approved,0,,,
Celecoxib_466,CC1=CC=C(C=C1)C2=CC(=NN2C3=CC=C(C=C3)S(=O)(=O)N)C(F)(F)F,approved,0,,,
Penicillin G_467,CC1(C(N2C(S1)C(C2=O)NC(=O)CC3=CC=CC=C3)C(=O)O)C,approved,0,,,
Amoxicillin_468,CC1(C(N2C(S1)C(C2=O)NC(=O)C(C3=CC=C(C=C3)O)N)C(=O)O)C,approved,0,,,
Ciprofloxacin_469,C1CC1N2C=C(C(=O)C3=CC(=C(C=C32)N4CCN(CC4)C)F)C(=O)O,approved,0,,,
Azithromycin_470,CCC1C(C(C(N(CC(CC(C(C(C(C(C(=O)O1)C)OC2C(C(CC(O2)C)N(C)C)O)C)OC3C(C(CC(O3)C)N(C)C)O)C)C)C)O)O,approved,0,,,
Atorvastatin_471,CC(C)C1=C(C(=C(N1CC[C@@H](C[C@@H](CC(=O)O)O)O)C2=CC=C(C=C2)F)C3=CC=CC=C3)C(=O)NC4=CC=CC=C4,approved,0,,,
Lisinopril_472,C1CC(N(C1)C(=O)C(CC2=CC=CC=C2)NC(=O)C(CC3=CC=CC=C3)N)C(=O)O,approved,0,,,
Metoprolol_473,CC(C)NCC(COC1=CC=C(C=C1)CCOC)O,approved,0,,,
Metformin_474,CN(C)C(=N)N,approved,0,,,
Glipizide_475,CC1=NC=C(N1C(=O)NC2=CC=C(C=C2)S(=O)(=O)NC(=O)NC3CCCCC3)C,approved,0,,,
Diazepam_476,CN1C(=O)CN=C(C2=CC=CC=C2)C3=CC=CC=C3C1=O,approved,0,,,
Fluoxetine_477,CNCCC(C1=CC=CC=C1)OC2=CC=C(C=C2)C(F)(F)F,approved,0,,,
Sertraline_478,CNC(CC1=CC=CC=C1)C2=CC=CC=C2Cl,approved,0,,,
Salbutamol_479,CC(C)(C)NCC(C1=CC(=C(C=C1)O)CO)O,approved,0,,,
Montelukast_480,CC(C)(C)C1=CC=C(C=C1)CC(C2=CC=CC=C2)C3=CC=CC=C3,approved,0,,,
Aspirin_481,CC(=O)OC1=CC=CC=C1C(=O)O,approved,0,,,
Paracetamol_482,CC(=O)NC1=CC=C(O)C=C1,approved,0,,,
Ibuprofen_483,CC(C)CC1=CC=C(C=C1)C(C)C(=O)O,approved,0,,,
Naproxen_484,COC1=CC=C(C=C1)C(C)C(=O)O,approved,0,,,
Diclofenac_485,ClC1=CC=C(C=C1)C(=O)NC2=CC=CC=C2Cl,approved,0,,,
Celecoxib_486,CC1=CC=C(C=C1)C2=CC(=NN2C3=CC=C(C=C3)S(=O)(=O)N)C(F)(F)F,approved,0,,,
Penicillin G_487,CC1(C(N2C(S1)C(C2=O)NC(=O)CC3=CC=CC=C3)C(=O)O)C,approved,0,,,
Amoxicillin_488,CC1(C(N2C(S1)C(C2=O)NC(=O)C(C3=CC=C(C=C3)O)N)C(=O)O)C,approved,0,,,
Ciprofloxacin_489,C1CC1N2C=C(C(=O)C3=CC(=C(C=C32)N4CCN(CC4)C)F)C(=O)O,approved,0,,,
Azithromycin_490,CCC1C(C(C(N(CC(CC(C(C(C(C(C(=O)O1)C)OC2C(C(CC(O2)C)N(C)C)O)C)OC3C(C(CC(O3)C)N(C)C)O)C)C)C)O)O,approved,0,,,
Atorvastatin_491,CC(C)C1=C(C(=C(N1CC[C@@H](C[C@@H](CC(=O)O)O)O)C2=CC=C(C=C2)F)C3=CC=CC=C3)C(=O)NC4=CC=CC=C4,approved,0,,,
Lisinopril_492,C1CC(N(C1)C(=O)C(CC2=CC=CC=C2)NC(=O)C(CC3=CC=CC=C3)N)C(=O)O,approved,0,,,
Metoprolol_493,CC(C)NCC(COC1=CC=C(C=C1)CCOC)O,approved,0,,,
Metformin_494,CN(C)C(=N)N,approved,0,,,
Glipizide_495,CC1=NC=C(N1C(=O)NC2=CC=C(C=C2)S(=O)(=O)NC(=O)NC3CCCCC3)C,approved,0,,,
Diazepam_496,CN1C(=O)CN=C(C2=CC=CC=C2)C3=CC=CC=C3C1=O,approved,0,,,
Fluoxetine_497,CNCCC(C1=CC=CC=C1)OC2=CC=C(C=C2)C(F)(F)F,approved,0,,,
Sertraline_498,CNC(CC1=CC=CC=C1)C2=CC=CC=C2Cl,approved,0,,,
Salbutamol_499,CC(C)(C)NCC(C1=CC(=C(C=C1)O)CO)O,approved,0,,,
Montelukast_500,CC(C)(C)C1=CC=C(C=C1)CC(C2=CC=CC=C2)C3=CC=CC=C3,approved,0,,,
Aspirin_501,CC(=O)OC1=CC=CC=C1C(=O)O,approved,0,,,
Paracetamol_502,CC(=O)NC1=CC=C(O)C=C1,approved,0,,,
Ibuprofen_503,CC(C)CC1=CC=C(C=C1)C(C)C(=O)O,approved,0,,,
Naproxen_504,COC1=CC=C(C=C1)C(C)C(=O)O,approved,0,,,
Diclofenac_505,ClC1=CC=C(C=C1)C(=O)NC2=CC=CC=C2Cl,approved,0,,,
Celecoxib_506,CC1=CC=C(C=C1)C2=CC(=NN2C3=CC=C(C=C3)S(=O)(=O)N)C(F)(F)F,approved,0,,,
Penicillin G_507,CC1(C(N2C(S1)C(C2=O)NC(=O)CC3=CC=CC=C3)C(=O)O)C,approved,0,,,
Amoxicillin_508,CC1(C(N2C(S1)C(C2=O)NC(=O)C(C3=CC=C(C=C3)O)N)C(=O)O)C,approved,0,,,
Ciprofloxacin_509,C1CC1N2C=C(C(=O)C3=CC(=C(C=C32)N4CCN(CC4)C)F)C(=O)O,approved,0,,,
Azithromycin_510,CCC1C(C(C(N(CC(CC(C(C(C(C(C(=O)O1)C)OC2C(C(CC(O2)C)N(C)C)O)C)OC3C(C(CC(O3)C)N(C)C)O)C)C)C)O)O,approved,0,,,
Atorvastatin_511,CC(C)C1=C(C(=C(N1CC[C@@H](C[C@@H](CC(=O)O)O)O)C2=CC=C(C=C2)F)C3=CC=CC=C3)C(=O)NC4=CC=CC=C4,approved,0,,,
Lisinopril_512,C1CC(N(C1)C(=O)C(CC2=CC=CC=C2)NC(=O)C(CC3=CC=CC=C3)N)C(=O)O,approved,0,,,
Metoprolol_513,CC(C)NCC(COC1=CC=C(C=C1)CCOC)O,approved,0,,,
Metformin_514,CN(C)C(=N)N,approved,0,,,
Glipizide_515,CC1=NC=C(N1C(=O)NC2=CC=C(C=C2)S(=O)(=O)NC(=O)NC3CCCCC3)C,approved,0,,,
Diazepam_516,CN1C(=O)CN=C(C2=CC=CC=C2)C3=CC=CC=C3C1=O,approved,0,,,
Fluoxetine_517,CNCCC(C1=CC=CC=C1)OC2=CC=C(C=C2)C(F)(F)F,approved,0,,,
Sertraline_518,CNC(CC1=CC=CC=C1)C2=CC=CC=C2Cl,approved,0,,,
Salbutamol_519,CC(C)(C)NCC(C1=CC(=C(C=C1)O)CO)O,approved,0,,,
Montelukast_520,CC(C)(C)C1=CC=C(C=C1)CC(C2=CC=CC=C2)C3=CC=CC=C3,approved,0,,,
Aspirin_521,CC(=O)OC1=CC=CC=C1C(=O)O,approved,0,,,
Paracetamol_522,CC(=O)NC1=CC=C(O)C=C1,approved,0,,,
Ibuprofen_523,CC(C)CC1=CC=C(C=C1)C(C)C(=O)O,approved,0,,,
Naproxen_524,COC1=CC=C(C=C1)C(C)C(=O)O,approved,0,,,
Diclofenac_525,ClC1=CC=C(C=C1)C(=O)NC2=CC=CC=C2Cl,approved,0,,,
Celecoxib_526,CC1=CC=C(C=C1)C2=CC(=NN2C3=CC=C(C=C3)S(=O)(=O)N)C(F)(F)F,approved,0,,,
Penicillin G_527,CC1(C(N2C(S1)C(C2=O)NC(=O)CC3=CC=CC=C3)C(=O)O)C,approved,0,,,
Amoxicillin_528,CC1(C(N2C(S1)C(C2=O)NC(=O)C(C3=CC=C(C=C3)O)N)C(=O)O)C,approved,0,,,
Ciprofloxacin_529,C1CC1N2C=C(C(=O)C3=CC(=C(C=C32)N4CCN(CC4)C)F)C(=O)O,approved,0,,,
Azithromycin_530,CCC1C(C(C(N(CC(CC(C(C(C(C(C(=O)O1)C)OC2C(C(CC(O2)C)N(C)C)O)C)OC3C(C(CC(O3)C)N(C)C)O)C)C)C)O)O,approved,0,,,
Atorvastatin_531,CC(C)C1=C(C(=C(N1CC[C@@H](C[C@@H](CC(=O)O)O)O)C2=CC=C(C=C2)F)C3=CC=CC=C3)C(=O)NC4=CC=CC=C4,approved,0,,,
Lisinopril_532,C1CC(N(C1)C(=O)C(CC2=CC=CC=C2)NC(=O)C(CC3=CC=CC=C3)N)C(=O)O,approved,0,,,
Metoprolol_533,CC(C)NCC(COC1=CC=C(C=C1)CCOC)O,approved,0,,,
Metformin_534,CN(C)C(=N)N,approved,0,,,
Glipizide_535,CC1=NC=C(N1C(=O)NC2=CC=C(C=C2)S(=O)(=O)NC(=O)NC3CCCCC3)C,approved,0,,,
Diazepam_536,CN1C(=O)CN=C(C2=CC=CC=C2)C3=CC=CC=C3C1=O,approved,0,,,
Fluoxetine_537,CNCCC(C1=CC=CC=C1)OC2=CC=C(C=C2)C(F)(F)F,approved,0,,,
Sertraline_538,CNC(CC1=CC=CC=C1)C2=CC=CC=C2Cl,approved,0,,,
Salbutamol_539,CC(C)(C)NCC(C1=CC(=C(C=C1)O)CO)O,approved,0,,,
Montelukast_540,CC(C)(C)C1=CC=C(C=C1)CC(C2=CC=CC=C2)C3=CC=CC=C3,approved,0,,,
Aspirin_541,CC(=O)OC1=CC=CC=C1C(=O)O,approved,0,,,
Paracetamol_542,CC(=O)NC1=CC=C(O)C=C1,approved,0,,,
Ibuprofen_543,CC(C)CC1=CC=C(C=C1)C(C)C(=O)O,approved,0,,,
Naproxen_544,COC1=CC=C(C=C1)C(C)C(=O)O,approved,0,,,
Diclofenac_545,ClC1=CC=C(C=C1)C(=O)NC2=CC=CC=C2Cl,approved,0,,,
Celecoxib_546,CC1=CC=C(C=C1)C2=CC(=NN2C3=CC=C(C=C3)S(=O)(=O)N)C(F)(F)F,approved,0,,,
Penicillin G_547,CC1(C(N2C(S1)C(C2=O)NC(=O)CC3=CC=CC=C3)C(=O)O)C,approved,0,,,
Amoxicillin_548,CC1(C(N2C(S1)C(C2=O)NC(=O)C(C3=CC=C(C=C3)O)N)C(=O)O)C,approved,0,,,
Ciprofloxacin_549,C1CC1N2C=C(C(=O)C3=CC(=C(C=C32)N4CCN(CC4)C)F)C(=O)O,approved,0,,,
Azithromycin_550,CCC1C(C(C(N(CC(CC(C(C(C(C(C(=O)O1)C)OC2C(C(CC(O2)C)N(C)C)O)C)OC3C(C(CC(O3)C)N(C)C)O)C)C)C)O)O,approved,0,,,
Atorvastatin_551,CC(C)C1=C(C(=C(N1CC[C@@H](C[C@@H](CC(=O)O)O)O)C2=CC=C(C=C2)F)C3=CC=CC=C3)C(=O)NC4=CC=CC=C4,approved,0,,,
Lisinopril_552,C1CC(N(C1)C(=O)C(CC2=CC=CC=C2)NC(=O)C(CC3=CC=CC=C3)N)C(=O)O,approved,0,,,
Metoprolol_553,CC(C)NCC(COC1=CC=C(C=C1)CCOC)O,approved,0,,,
Metformin_554,CN(C)C(=N)N,approved,0,,,
Glipizide_555,CC1=NC=C(N1C(=O)NC2=CC=C(C=C2)S(=O)(=O)NC(=O)NC3CCCCC3)C,approved,0,,,
Diazepam_556,CN1C(=O)CN=C(C2=CC=CC=C2)C3=CC=CC=C3C1=O,approved,0,,,
Fluoxetine_557,CNCCC(C1=CC=CC=C1)OC2=CC=C(C=C2)C(F)(F)F,approved,0,,,
Sertraline_558,CNC(CC1=CC=CC=C1)C2=CC=CC=C2Cl,approved,0,,,
Salbutamol_559,CC(C)(C)NCC(C1=CC(=C(C=C1)O)CO)O,approved,0,,,
Montelukast_560,CC(C)(C)C1=CC=C(C=C1)CC(C2=CC=CC=C2)C3=CC=CC=C3,approved,0,,,
Aspirin_561,CC(=O)OC1=CC=CC=C1C(=O)O,approved,0,,,
Paracetamol_562,CC(=O)NC1=CC=C(O)C=C1,approved,0,,,
Ibuprofen_563,CC(C)CC1=CC=C(C=C1)C(C)C(=O)O,approved,0,,,
Naproxen_564,COC1=CC=C(C=C1)C(C)C(=O)O,approved,0,,,
Diclofenac_565,ClC1=CC=C(C=C1)C(=O)NC2=CC=CC=C2Cl,approved,0,,,
Celecoxib_566,CC1=CC=C(C=C1)C2=CC(=NN2C3=CC=C(C=C3)S(=O)(=O)N)C(F)(F)F,approved,0,,,
Penicillin G_567,CC1(C(N2C(S1)C(C2=O)NC(=O)CC3=CC=CC=C3)C(=O)O)C,approved,0,,,
Amoxicillin_568,CC1(C(N2C(S1)C(C2=O)NC(=O)C(C3=CC=C(C=C3)O)N)C(=O)O)C,approved,0,,,
Ciprofloxacin_569,C1CC1N2C=C(C(=O)C3=CC(=C(C=C32)N4CCN(CC4)C)F)C(=O)O,approved,0,,,
Azithromycin_570,CCC1C(C(C(N(CC(CC(C(C(C(C(C(=O)O1)C)OC2C(C(CC(O2)C)N(C)C)O)C)OC3C(C(CC(O3)C)N(C)C)O)C)C)C)O)O,approved,0,,,
Atorvastatin_571,CC(C)C1=C(C(=C(N1CC[C@@H](C[C@@H](CC(=O)O)O)O)C2=CC=C(C=C2)F)C3=CC=CC=C3)C(=O)NC4=CC=CC=C4,approved,0,,,
Lisinopril_572,C1CC(N(C1)C(=O)C(CC2=CC=CC=C2)NC(=O)C(CC3=CC=CC=C3)N)C(=O)O,approved,0,,,
Metoprolol_573,CC(C)NCC(COC1=CC=C(C=C1)CCOC)O,approved,0,,,
Metformin_574,CN(C)C(=N)N,approved,0,,,
Glipizide_575,CC1=NC=C(N1C(=O)NC2=CC=C(C=C2)S(=O)(=O)NC(=O)NC3CCCCC3)C,approved,0,,,
Diazepam_576,CN1C(=O)CN=C(C2=CC=CC=C2)C3=CC=CC=C3C1=O,approved,0,,,
Fluoxetine_577,CNCCC(C1=CC=CC=C1)OC2=CC=C(C=C2)C(F)(F)F,approved,0,,,
Sertraline_578,CNC(CC1=CC=CC=C1)C2=CC=CC=C2Cl,approved,0,,,
Salbutamol_579,CC(C)(C)NCC(C1=CC(=C(C=C1)O)CO)O,approved,0,,,
Montelukast_580,CC(C)(C)C1=CC=C(C=C1)CC(C2=CC=CC=C2)C3=CC=CC=C3,approved,0,,,
Aspirin_581,CC(=O)OC1=CC=CC=C1C(=O)O,approved,0,,,
Paracetamol_582,CC(=O)NC1=CC=C(O)C=C1,approved,0,,,
Ibuprofen_583,CC(C)CC1=CC=C(C=C1)C(C)C(=O)O,approved,0,,,
Naproxen_584,COC1=CC=C(C=C1)C(C)C(=O)O,approved,0,,,
Diclofenac_585,ClC1=CC=C(C=C1)C(=O)NC2=CC=CC=C2Cl,approved,0,,,
Celecoxib_586,CC1=CC=C(C=C1)C2=CC(=NN2C3=CC=C(C=C3)S(=O)(=O)N)C(F)(F)F,approved,0,,,
Penicillin G_587,CC1(C(N2C(S1)C(C2=O)NC(=O)CC3=CC=CC=C3)C(=O)O)C,approved,0,,,
Amoxicillin_588,CC1(C(N2C(S1)C(C2=O)NC(=O)C(C3=CC=C(C=C3)O)N)C(=O)O)C,approved,0,,,
Ciprofloxacin_589,C1CC1N2C=C(C(=O)C3=CC(=C(C=C32)N4CCN(CC4)C)F)C(=O)O,approved,0,,,
Azithromycin_590,CCC1C(C(C(N(CC(CC(C(C(C(C(C(=O)O1)C)OC2C(C(CC(O2)C)N(C)C)O)C)OC3C(C(CC(O3)C)N(C)C)O)C)C)C)O)O,approved,0,,,
Atorvastatin_591,CC(C)C1=C(C(=C(N1CC[C@@H](C[C@@H](CC(=O)O)O)O)C2=CC=C(C=C2)F)C3=CC=CC=C3)C(=O)NC4=CC=CC=C4,approved,0,,,
Lisinopril_592,C1CC(N(C1)C(=O)C(CC2=CC=CC=C2)NC(=O)C(CC3=CC=CC=C3)N)C(=O)O,approved,0,,,
Metoprolol_593,CC(C)NCC(COC1=CC=C(C=C1)CCOC)O,approved,0,,,
Metformin_594,CN(C)C(=N)N,approved,0,,,
Glipizide_595,CC1=NC=C(N1C(=O)NC2=CC=C(C=C2)S(=O)(=O)NC(=O)NC3CCCCC3)C,approved,0,,,
Diazepam_596,CN1C(=O)CN=C(C2=CC=CC=C2)C3=CC=CC=C3C1=O,approved,0,,,
Fluoxetine_597,CNCCC(C1=CC=CC=C1)OC2=CC=C(C=C2)C(F)(F)F,approved,0,,,
Sertraline_598,CNC(CC1=CC=CC=C1)C2=CC=CC=C2Cl,approved,0,,,
Salbutamol_599,CC(C)(C)NCC(C1=CC(=C(C=C1)O)CO)O,approved,0,,,
Montelukast_600,CC(C)(C)C1=CC=C(C=C1)CC(C2=CC=CC=C2)C3=CC=CC=C3,approved,0,,,
Aspirin_601,CC(=O)OC1=CC=CC=C1C(=O)O,approved,0,,,
Paracetamol_602,CC(=O)NC1=CC=C(O)C=C1,approved,0,,,
Ibuprofen_603,CC(C)CC1=CC=C(C=C1)C(C)C(=O)O,approved,0,,,
Naproxen_604,COC1=CC=C(C=C1)C(C)C(=O)O,approved,0,,,
Diclofenac_605,ClC1=CC=C(C=C1)C(=O)NC2=CC=CC=C2Cl,approved,0,,,
Celecoxib_606,CC1=CC=C(C=C1)C2=CC(=NN2C3=CC=C(C=C3)S(=O)(=O)N)C(F)(F)F,approved,0,,,
Penicillin G_607,CC1(C(N2C(S1)C(C2=O)NC(=O)CC3=CC=CC=C3)C(=O)O)C,approved,0,,,
Amoxicillin_608,CC1(C(N2C(S1)C(C2=O)NC(=O)C(C3=CC=C(C=C3)O)N)C(=O)O)C,approved,0,,,
Ciprofloxacin_609,C1CC1N2C=C(C(=O)C3=CC(=C(C=C32)N4CCN(CC4)C)F)C(=O)O,approved,0,,,
Azithromycin_610,CCC1C(C(C(N(CC(CC(C(C(C(C(C(=O)O1)C)OC2C(C(CC(O2)C)N(C)C)O)C)OC3C(C(CC(O3)C)N(C)C)O)C)C)C)O)O,approved,0,,,
Atorvastatin_611,CC(C)C1=C(C(=C(N1CC[C@@H](C[C@@H](CC(=O)O)O)O)C2=CC=C(C=C2)F)C3=CC=CC=C3)C(=O)NC4=CC=CC=C4,approved,0,,,
Lisinopril_612,C1CC(N(C1)C(=O)C(CC2=CC=CC=C2)NC(=O)C(CC3=CC=CC=C3)N)C(=O)O,approved,0,,,
Metoprolol_613,CC(C)NCC(COC1=CC=C(C=C1)CCOC)O,approved,0,,,
Metformin_614,CN(C)C(=N)N,approved,0,,,
Glipizide_615,CC1=NC=C(N1C(=O)NC2=CC=C(C=C2)S(=O)(=O)NC(=O)NC3CCCCC3)C,approved,0,,,
Diazepam_616,CN1C(=O)CN=C(C2=CC=CC=C2)C3=CC=CC=C3C1=O,approved,0,,,
Fluoxetine_617,CNCCC(C1=CC=CC=C1)OC2=CC=C(C=C2)C(F)(F)F,approved,0,,,
Sertraline_618,CNC(CC1=CC=CC=C1)C2=CC=CC=C2Cl,approved,0,,,
Salbutamol_619,CC(C)(C)NCC(C1=CC(=C(C=C1)O)CO)O,approved,0,,,
Montelukast_620,CC(C)(C)C1=CC=C(C=C1)CC(C2=CC=CC=C2)C3=CC=CC=C3,approved,0,,,
Aspirin_621,CC(=O)OC1=CC=CC=C1C(=O)O,approved,0,,,
Paracetamol_622,CC(=O)NC1=CC=C(O)C=C1,approved,0,,,
Ibuprofen_623,CC(C)CC1=CC=C(C=C1)C(C)C(=O)O,approved,0,,,
Naproxen_624,COC1=CC=C(C=C1)C(C)C(=O)O,approved,0,,,
Diclofenac_625,ClC1=CC=C(C=C1)C(=O)NC2=CC=CC=C2Cl,approved,0,,,
Celecoxib_626,CC1=CC=C(C=C1)C2=CC(=NN2C3=CC=C(C=C3)S(=O)(=O)N)C(F)(F)F,approved,0,,,
Penicillin G_627,CC1(C(N2C(S1)C(C2=O)NC(=O)CC3=CC=CC=C3)C(=O)O)C,approved,0,,,
Amoxicillin_628,CC1(C(N2C(S1)C(C2=O)NC(=O)C(C3=CC=C(C=C3)O)N)C(=O)O)C,approved,0,,,
Ciprofloxacin_629,C1CC1N2C=C(C(=O)C3=CC(=C(C=C32)N4CCN(CC4)C)F)C(=O)O,approved,0,,,
Azithromycin_630,CCC1C(C(C(N(CC(CC(C(C(C(C(C(=O)O1)C)OC2C(C(CC(O2)C)N(C)C)O)C)OC3C(C(CC(O3)C)N(C)C)O)C)C)C)O)O,approved,0,,,
Atorvastatin_631,CC(C)C1=C(C(=C(N1CC[C@@H](C[C@@H](CC(=O)O)O)O)C2=CC=C(C=C2)F)C3=CC=CC=C3)C(=O)NC4=CC=CC=C4,approved,0,,,
Lisinopril_632,C1CC(N(C1)C(=O)C(CC2=CC=CC=C2)NC(=O)C(CC3=CC=CC=C3)N)C(=O)O,approved,0,,,
Metoprolol_633,CC(C)NCC(COC1=CC=C(C=C1)CCOC)O,approved,0,,,
Metformin_634,CN(C)C(=N)N,approved,0,,,
Glipizide_635,CC1=NC=C(N1C(=O)NC2=CC=C(C=C2)S(=O)(=O)NC(=O)NC3CCCCC3)C,approved,0,,,
Diazepam_636,CN1C(=O)CN=C(C2=CC=CC=C2)C3=CC=CC=C3C1=O,approved,0,,,
Fluoxetine_637,CNCCC(C1=CC=CC=C1)OC2=CC=C(C=C2)C(F)(F)F,approved,0,,,
Sertraline_638,CNC(CC1=CC=CC=C1)C2=CC=CC=C2Cl,approved,0,,,
Salbutamol_639,CC(C)(C)NCC(C1=CC(=C(C=C1)O)CO)O,approved,0,,,
Montelukast_640,CC(C)(C)C1=CC=C(C=C1)CC(C2=CC=CC=C2)C3=CC=CC=C3,approved,0,,,
Aspirin_641,CC(=O)OC1=CC=CC=C1C(=O)O,approved,0,,,
Paracetamol_642,CC(=O)NC1=CC=C(O)C=C1,approved,0,,,
Ibuprofen_643,CC(C)CC1=CC=C(C=C1)C(C)C(=O)O,approved,0,,,
Naproxen_644,COC1=CC=C(C=C1)C(C)C(=O)O,approved,0,,,
Diclofenac_645,ClC1=CC=C(C=C1)C(=O)NC2=CC=CC=C2Cl,approved,0,,,
Celecoxib_646,CC1=CC=C(C=C1)C2=CC(=NN2C3=CC=C(C=C3)S(=O)(=O)N)C(F)(F)F,approved,0,,,
Penicillin G_647,CC1(C(N2C(S1)C(C2=O)NC(=O)CC3=CC=CC=C3)C(=O)O)C,approved,0,,,
Amoxicillin_648,CC1(C(N2C(S1)C(C2=O)NC(=O)C(C3=CC=C(C=C3)O)N)C(=O)O)C,approved,0,,,
Ciprofloxacin_649,C1CC1N2C=C(C(=O)C3=CC(=C(C=C32)N4CCN(CC4)C)F)C(=O)O,approved,0,,,
Azithromycin_650,CCC1C(C(C(N(CC(CC(C(C(C(C(C(=O)O1)C)OC2C(C(CC(O2)C)N(C)C)O)C)OC3C(C(CC(O3)C)N(C)C)O)C)C)C)O)O,approved,0,,,
Atorvastatin_651,CC(C)C1=C(C(=C(N1CC[C@@H](C[C@@H](CC(=O)O)O)O)C2=CC=C(C=C2)F)C3=CC=CC=C3)C(=O)NC4=CC=CC=C4,approved,0,,,
Lisinopril_652,C1CC(N(C1)C(=O)C(CC2=CC=CC=C2)NC(=O)C(CC3=CC=CC=C3)N)C(=O)O,approved,0,,,
Metoprolol_653,CC(C)NCC(COC1=CC=C(C=C1)CCOC)O,approved,0,,,
Metformin_654,CN(C)C(=N)N,approved,0,,,
Glipizide_655,CC1=NC=C(N1C(=O)NC2=CC=C(C=C2)S(=O)(=O)NC(=O)NC3CCCCC3)C,approved,0,,,
Diazepam_656,CN1C(=O)CN=C(C2=CC=CC=C2)C3=CC=CC=C3C1=O,approved,0,,,
Fluoxetine_657,CNCCC(C1=CC=CC=C1)OC2=CC=C(C=C2)C(F)(F)F,approved,0,,,
Sertraline_658,CNC(CC1=CC=CC=C1)C2=CC=CC=C2Cl,approved,0,,,
Salbutamol_659,CC(C)(C)NCC(C1=CC(=C(C=C1)O)CO)O,approved,0,,,
Montelukast_660,CC(C)(C)C1=CC=C(C=C1)CC(C2=CC=CC=C2)C3=CC=CC=C3,approved,0,,,
Aspirin_661,CC(=O)OC1=CC=CC=C1C(=O)O,approved,0,,,
Paracetamol_662,CC(=O)NC1=CC=C(O)C=C1,approved,0,,,
Ibuprofen_663,CC(C)CC1=CC=C(C=C1)C(C)C(=O)O,approved,0,,,
Naproxen_664,COC1=CC=C(C=C1)C(C)C(=O)O,approved,0,,,
Diclofenac_665,ClC1=CC=C(C=C1)C(=O)NC2=CC=CC=C2Cl,approved,0,,,
Celecoxib_666,CC1=CC=C(C=C1)C2=CC(=NN2C3=CC=C(C=C3)S(=O)(=O)N)C(F)(F)F,approved,0,,,
Penicillin G_667,CC1(C(N2C(S1)C(C2=O)NC(=O)CC3=CC=CC=C3)C(=O)O)C,approved,0,,,
Amoxicillin_668,CC1(C(N2C(S1)C(C2=O)NC(=O)C(C3=CC=C(C=C3)O)N)C(=O)O)C,approved,0,,,
Ciprofloxacin_669,C1CC1N2C=C(C(=O)C3=CC(=C(C=C32)N4CCN(CC4)C)F)C(=O)O,approved,0,,,
Azithromycin_670,CCC1C(C(C(N(CC(CC(C(C(C(C(C(=O)O1)C)OC2C(C(CC(O2)C)N(C)C)O)C)OC3C(C(CC(O3)C)N(C)C)O)C)C)C)O)O,approved,0,,,
Atorvastatin_671,CC(C)C1=C(C(=C(N1CC[C@@H](C[C@@H](CC(=O)O)O)O)C2=CC=C(C=C2)F)C3=CC=CC=C3)C(=O)NC4=CC=CC=C4,approved,0,,,
Lisinopril_672,C1CC(N(C1)C(=O)C(CC2=CC=CC=C2)NC(=O)C(CC3=CC=CC=C3)N)C(=O)O,approved,0,,,
Metoprolol_673,CC(C)NCC(COC1=CC=C(C=C1)CCOC)O,approved,0,,,
Metformin_674,CN(C)C(=N)N,approved,0,,,
Glipizide_675,CC1=NC=C(N1C(=O)NC2=CC=C(C=C2)S(=O)(=O)NC(=O)NC3CCCCC3)C,approved,0,,,
Diazepam_676,CN1C(=O)CN=C(C2=CC=CC=C2)C3=CC=CC=C3C1=O,approved,0,,,
Fluoxetine_677,CNCCC(C1=CC=CC=C1)OC2=CC=C(C=C2)C(F)(F)F,approved,0,,,
Sertraline_678,CNC(CC1=CC=CC=C1)C2=CC=CC=C2Cl,approved,0,,,
Salbutamol_679,CC(C)(C)NCC(C1=CC(=C(C=C1)O)CO)O,approved,0,,,
Montelukast_680,CC(C)(C)C1=CC=C(C=C1)CC(C2=CC=CC=C2)C3=CC=CC=C3,approved,0,,,
Aspirin_681,CC(=O)OC1=CC=CC=C1C(=O)O,approved,0,,,
Paracetamol_682,CC(=O)NC1=CC=C(O)C=C1,approved,0,,,
Ibuprofen_683,CC(C)CC1=CC=C(C=C1)C(C)C(=O)O,approved,0,,,
Naproxen_684,COC1=CC=C(C=C1)C(C)C(=O)O,approved,0,,,
Diclofenac_685,ClC1=CC=C(C=C1)C(=O)NC2=CC=CC=C2Cl,approved,0,,,
Celecoxib_686,CC1=CC=C(C=C1)C2=CC(=NN2C3=CC=C(C=C3)S(=O)(=O)N)C(F)(F)F,approved,0,,,
Penicillin G_687,CC1(C(N2C(S1)C(C2=O)NC(=O)CC3=CC=CC=C3)C(=O)O)C,approved,0,,,
Amoxicillin_688,CC1(C(N2C(S1)C(C2=O)NC(=O)C(C3=CC=C(C=C3)O)N)C(=O)O)C,approved,0,,,
Ciprofloxacin_689,C1CC1N2C=C(C(=O)C3=CC(=C(C=C32)N4CCN(CC4)C)F)C(=O)O,approved,0,,,
Azithromycin_690,CCC1C(C(C(N(CC(CC(C(C(C(C(C(=O)O1)C)OC2C(C(CC(O2)C)N(C)C)O)C)OC3C(C(CC(O3)C)N(C)C)O)C)C)C)O)O,approved,0,,,
Atorvastatin_691,CC(C)C1=C(C(=C(N1CC[C@@H](C[C@@H](CC(=O)O)O)O)C2=CC=C(C=C2)F)C3=CC=CC=C3)C(=O)NC4=CC=CC=C4,approved,0,,,
Lisinopril_692,C1CC(N(C1)C(=O)C(CC2=CC=CC=C2)NC(=O)C(CC3=CC=CC=C3)N)C(=O)O,approved,0,,,
Metoprolol_693,CC(C)NCC(COC1=CC=C(C=C1)CCOC)O,approved,0,,,
Metformin_694,CN(C)C(=N)N,approved,0,,,
Glipizide_695,CC1=NC=C(N1C(=O)NC2=CC=C(C=C2)S(=O)(=O)NC(=O)NC3CCCCC3)C,approved,0,,,
Diazepam_696,CN1C(=O)CN=C(C2=CC=CC=C2)C3=CC=CC=C3C1=O,approved,0,,,
Fluoxetine_697,CNCCC(C1=CC=CC=C1)OC2=CC=C(C=C2)C(F)(F)F,approved,0,,,
Sertraline_698,CNC(CC1=CC=CC=C1)C2=CC=CC=C2Cl,approved,0,,,
Salbutamol_699,CC(C)(C)NCC(C1=CC(=C(C=C1)O)CO)O,approved,0,,,
Montelukast_700,CC(C)(C)C1=CC=C(C=C1)CC(C2=CC=CC=C2)C3=CC=CC=C3,approved,0,,,
Aspirin_701,CC(=O)OC1=CC=CC=C1C(=O)O,approved,0,,,
Paracetamol_702,CC(=O)NC1=CC=C(O)C=C1,approved,0,,,
Ibuprofen_703,CC(C)CC1=CC=C(C=C1)C(C)C(=O)O,approved,0,,,
Naproxen_704,COC1=CC=C(C=C1)C(C)C(=O)O,approved,0,,,
Diclofenac_705,ClC1=CC=C(C=C1)C(=O)NC2=CC=CC=C2Cl,approved,0,,,
Celecoxib_706,CC1=CC=C(C=C1)C2=CC(=NN2C3=CC=C(C=C3)S(=O)(=O)N)C(F)(F)F,approved,0,,,
Penicillin G_707,CC1(C(N2C(S1)C(C2=O)NC(=O)CC3=CC=CC=C3)C(=O)O)C,approved,0,,,
Amoxicillin_708,CC1(C(N2C(S1)C(C2=O)NC(=O)C(C3=CC=C(C=C3)O)N)C(=O)O)C,approved,0,,,
Ciprofloxacin_709,C1CC1N2C=C(C(=O)C3=CC(=C(C=C32)N4CCN(CC4)C)F)C(=O)O,approved,0,,,
Azithromycin_710,CCC1C(C(C(N(CC(CC(C(C(C(C(C(=O)O1)C)OC2C(C(CC(O2)C)N(C)C)O)C)OC3C(C(CC(O3)C)N(C)C)O)C)C)C)O)O,approved,0,,,
Atorvastatin_711,CC(C)C1=C(C(=C(N1CC[C@@H](C[C@@H](CC(=O)O)O)O)C2=CC=C(C=C2)F)C3=CC=CC=C3)C(=O)NC4=CC=CC=C4,approved,0,,,
Lisinopril_712,C1CC(N(C1)C(=O)C(CC2=CC=CC=C2)NC(=O)C(CC3=CC=CC=C3)N)C(=O)O,approved,0,,,
Metoprolol_713,CC(C)NCC(COC1=CC=C(C=C1)CCOC)O,approved,0,,,
Metformin_714,CN(C)C(=N)N,approved,0,,,
Glipizide_715,CC1=NC=C(N1C(=O)NC2=CC=C(C=C2)S(=O)(=O)NC(=O)NC3CCCCC3)C,approved,0,,,
Diazepam_716,CN1C(=O)CN=C(C2=CC=CC=C2)C3=CC=CC=C3C1=O,approved,0,,,
Fluoxetine_717,CNCCC(C1=CC=CC=C1)OC2=CC=C(C=C2)C(F)(F)F,approved,0,,,
Sertraline_718,CNC(CC1=CC=CC=C1)C2=CC=CC=C2Cl,approved,0,,,
Salbutamol_719,CC(C)(C)NCC(C1=CC(=C(C=C1)O)CO)O,approved,0,,,
Montelukast_720,CC(C)(C)C1=CC=C(C=C1)CC(C2=CC=CC=C2)C3=CC=CC=C3,approved,0,,,
Aspirin_721,CC(=O)OC1=CC=CC=C1C(=O)O,approved,0,,,
Paracetamol_722,CC(=O)NC1=CC=C(O)C=C1,approved,0,,,
Ibuprofen_723,CC(C)CC1=CC=C(C=C1)C(C)C(=O)O,approved,0,,,
Naproxen_724,COC1=CC=C(C=C1)C(C)C(=O)O,approved,0,,,
Diclofenac_725,ClC1=CC=C(C=C1)C(=O)NC2=CC=CC=C2Cl,approved,0,,,
Celecoxib_726,CC1=CC=C(C=C1)C2=CC(=NN2C3=CC=C(C=C3)S(=O)(=O)N)C(F)(F)F,approved,0,,,
Penicillin G_727,CC1(C(N2C(S1)C(C2=O)NC(=O)CC3=CC=CC=C3)C(=O)O)C,approved,0,,,
Amoxicillin_728,CC1(C(N2C(S1)C(C2=O)NC(=O)C(C3=CC=C(C=C3)O)N)C(=O)O)C,approved,0,,,
Ciprofloxacin_729,C1CC1N2C=C(C(=O)C3=CC(=C(C=C32)N4CCN(CC4)C)F)C(=O)O,approved,0,,,
Azithromycin_730,CCC1C(C(C(N(CC(CC(C(C(C(C(C(=O)O1)C)OC2C(C(CC(O2)C)N(C)C)O)C)OC3C(C(CC(O3)C)N(C)C)O)C)C)C)O)O,approved,0,,,
Atorvastatin_731,CC(C)C1=C(C(=C(N1CC[C@@H](C[C@@H](CC(=O)O)O)O)C2=CC=C(C=C2)F)C3=CC=CC=C3)C(=O)NC4=CC=CC=C4,approved,0,,,
Lisinopril_732,C1CC(N(C1)C(=O)C(CC2=CC=CC=C2)NC(=O)C(CC3=CC=CC=C3)N)C(=O)O,approved,0,,,
Metoprolol_733,CC(C)NCC(COC1=CC=C(C=C1)CCOC)O,approved,0,,,
Metformin_734,CN(C)C(=N)N,approved,0,,,
Glipizide_735,CC1=NC=C(N1C(=O)NC2=CC=C(C=C2)S(=O)(=O)NC(=O)NC3CCCCC3)C,approved,0,,,
Diazepam_736,CN1C(=O)CN=C(C2=CC=CC=C2)C3=CC=CC=C3C1=O,approved,0,,,
Fluoxetine_737,CNCCC(C1=CC=CC=C1)OC2=CC=C(C=C2)C(F)(F)F,approved,0,,,
Sertraline_738,CNC(CC1=CC=CC=C1)C2=CC=CC=C2Cl,approved,0,,,
Salbutamol_739,CC(C)(C)NCC(C1=CC(=C(C=C1)O)CO)O,approved,0,,,
Montelukast_740,CC(C)(C)C1=CC=C(C=C1)CC(C2=CC=CC=C2)C3=CC=CC=C3,approved,0,,,
Aspirin_741,CC(=O)OC1=CC=CC=C1C(=O)O,approved,0,,,
Paracetamol_742,CC(=O)NC1=CC=C(O)C=C1,approved,0,,,
Ibuprofen_743,CC(C)CC1=CC=C(C=C1)C(C)C(=O)O,approved,0,,,
Naproxen_744,COC1=CC=C(C=C1)C(C)C(=O)O,approved,0,,,
Diclofenac_745,ClC1=CC=C(C=C1)C(=O)NC2=CC=CC=C2Cl,approved,0,,,
Celecoxib_746,CC1=CC=C(C=C1)C2=CC(=NN2C3=CC=C(C=C3)S(=O)(=O)N)C(F)(F)F,approved,0,,,
Penicillin G_747,CC1(C(N2C(S1)C(C2=O)NC(=O)CC3=CC=CC=C3)C(=O)O)C,approved,0,,,
Amoxicillin_748,CC1(C(N2C(S1)C(C2=O)NC(=O)C(C3=CC=C(C=C3)O)N)C(=O)O)C,approved,0,,,
Ciprofloxacin_749,C1CC1N2C=C(C(=O)C3=CC(=C(C=C32)N4CCN(CC4)C)F)C(=O)O,approved,0,,,
Azithromycin_750,CCC1C(C(C(N(CC(CC(C(C(C(C(C(=O)O1)C)OC2C(C(CC(O2)C)N(C)C)O)C)OC3C(C(CC(O3)C)N(C)C)O)C)C)C)O)O,approved,0,,,
Atorvastatin_751,CC(C)C1=C(C(=C(N1CC[C@@H](C[C@@H](CC(=O)O)O)O)C2=CC=C(C=C2)F)C3=CC=CC=C3)C(=O)NC4=CC=CC=C4,approved,0,,,
Lisinopril_752,C1CC(N(C1)C(=O)C(CC2=CC=CC=C2)NC(=O)C(CC3=CC=CC=C3)N)C(=O)O,approved,0,,,
Metoprolol_753,CC(C)NCC(COC1=CC=C(C=C1)CCOC)O,approved,0,,,
Metformin_754,CN(C)C(=N)N,approved,0,,,
Glipizide_755,CC1=NC=C(N1C(=O)NC2=CC=C(C=C2)S(=O)(=O)NC(=O)NC3CCCCC3)C,approved,0,,,
Diazepam_756,CN1C(=O)CN=C(C2=CC=CC=C2)C3=CC=CC=C3C1=O,approved,0,,,
Fluoxetine_757,CNCCC(C1=CC=CC=C1)OC2=CC=C(C=C2)C(F)(F)F,approved,0,,,
Sertraline_758,CNC(CC1=CC=CC=C1)C2=CC=CC=C2Cl,approved,0,,,
Salbutamol_759,CC(C)(C)NCC(C1=CC(=C(C=C1)O)CO)O,approved,0,,,
Montelukast_760,CC(C)(C)C1=CC=C(C=C1)CC(C2=CC=CC=C2)C3=CC=CC=C3,approved,0,,,
Aspirin_761,CC(=O)OC1=CC=CC=C1C(=O)O,approved,0,,,
Paracetamol_762,CC(=O)NC1=CC=C(O)C=C1,approved,0,,,
Ibuprofen_763,CC(C)CC1=CC=C(C=C1)C(C)C(=O)O,approved,0,,,
Naproxen_764,COC1=CC=C(C=C1)C(C)C(=O)O,approved,0,,,
Diclofenac_765,ClC1=CC=C(C=C1)C(=O)NC2=CC=CC=C2Cl,approved,0,,,
Celecoxib_766,CC1=CC=C(C=C1)C2=CC(=NN2C3=CC=C(C=C3)S(=O)(=O)N)C(F)(F)F,approved,0,,,
Penicillin G_767,CC1(C(N2C(S1)C(C2=O)NC(=O)CC3=CC=CC=C3)C(=O)O)C,approved,0,,,
Amoxicillin_768,CC1(C(N2C(S1)C(C2=O)NC(=O)C(C3=CC=C(C=C3)O)N)C(=O)O)C,approved,0,,,
Ciprofloxacin_769,C1CC1N2C=C(C(=O)C3=CC(=C(C=C32)N4CCN(CC4)C)F)C(=O)O,approved,0,,,
Azithromycin_770,CCC1C(C(C(N(CC(CC(C(C(C(C(C(=O)O1)C)OC2C(C(CC(O2)C)N(C)C)O)C)OC3C(C(CC(O3)C)N(C)C)O)C)C)C)O)O,approved,0,,,
Atorvastatin_771,CC(C)C1=C(C(=C(N1CC[C@@H](C[C@@H](CC(=O)O)O)O)C2=CC=C(C=C2)F)C3=CC=CC=C3)C(=O)NC4=CC=CC=C4,approved,0,,,
Lisinopril_772,C1CC(N(C1)C(=O)C(CC2=CC=CC=C2)NC(=O)C(CC3=CC=CC=C3)N)C(=O)O,approved,0,,,
Metoprolol_773,CC(C)NCC(COC1=CC=C(C=C1)CCOC)O,approved,0,,,
Metformin_774,CN(C)C(=N)N,approved,0,,,
Glipizide_775,CC1=NC=C(N1C(=O)NC2=CC=C(C=C2)S(=O)(=O)NC(=O)NC3CCCCC3)C,approved,0,,,
Diazepam_776,CN1C(=O)CN=C(C2=CC=CC=C2)C3=CC=CC=C3C1=O,approved,0,,,
Fluoxetine_777,CNCCC(C1=CC=CC=C1)OC2=CC=C(C=C2)C(F)(F)F,approved,0,,,
Sertraline_778,CNC(CC1=CC=CC=C1)C2=CC=CC=C2Cl,approved,0,,,
Salbutamol_779,CC(C)(C)NCC(C1=CC(=C(C=C1)O)CO)O,approved,0,,,
Montelukast_780,CC(C)(C)C1=CC=C(C=C1)CC(C2=CC=CC=C2)C3=CC=CC=C3,approved,0,,,
Aspirin_781,CC(=O)OC1=CC=CC=C1C(=O)O,approved,0,,,
Paracetamol_782,CC(=O)NC1=CC=C(O)C=C1,approved,0,,,
Ibuprofen_783,CC(C)CC1=CC=C(C=C1)C(C)C(=O)O,approved,0,,,
Naproxen_784,COC1=CC=C(C=C1)C(C)C(=O)O,approved,0,,,
Diclofenac_785,ClC1=CC=C(C=C1)C(=O)NC2=CC=CC=C2Cl,approved,0,,,
Celecoxib_786,CC1=CC=C(C=C1)C2=CC(=NN2C3=CC=C(C=C3)S(=O)(=O)N)C(F)(F)F,approved,0,,,
Penicillin G_787,CC1(C(N2C(S1)C(C2=O)NC(=O)CC3=CC=CC=C3)C(=O)O)C,approved,0,,,
Amoxicillin_788,CC1(C(N2C(S1)C(C2=O)NC(=O)C(C3=CC=C(C=C3)O)N)C(=O)O)C,approved,0,,,
Ciprofloxacin_789,C1CC1N2C=C(C(=O)C3=CC(=C(C=C32)N4CCN(CC4)C)F)C(=O)O,approved,0,,,
Azithromycin_790,CCC1C(C(C(N(CC(CC(C(C(C(C(C(=O)O1)C)OC2C(C(CC(O2)C)N(C)C)O)C)OC3C(C(CC(O3)C)N(C)C)O)C)C)C)O)O,approved,0,,,
Atorvastatin_791,CC(C)C1=C(C(=C(N1CC[C@@H](C[C@@H](CC(=O)O)O)O)C2=CC=C(C=C2)F)C3=CC=CC=C3)C(=O)NC4=CC=CC=C4,approved,0,,,
Lisinopril_792,C1CC(N(C1)C(=O)C(CC2=CC=CC=C2)NC(=O)C(CC3=CC=CC=C3)N)C(=O)O,approved,0,,,
Metoprolol_793,CC(C)NCC(COC1=CC=C(C=C1)CCOC)O,approved,0,,,
Metformin_794,CN(C)C(=N)N,approved,0,,,
Glipizide_795,CC1=NC=C(N1C(=O)NC2=CC=C(C=C2)S(=O)(=O)NC(=O)NC3CCCCC3)C,approved,0,,,
Diazepam_796,CN1C(=O)CN=C(C2=CC=CC=C2)C3=CC=CC=C3C1=O,approved,0,,,
Fluoxetine_797,CNCCC(C1=CC=CC=C1)OC2=CC=C(C=C2)C(F)(F)F,approved,0,,,
Sertraline_798,CNC(CC1=CC=CC=C1)C2=CC=CC=C2Cl,approved,0,,,
Salbutamol_799,CC(C)(C)NCC(C1=CC(=C(C=C1)O)CO)O,approved,0,,,
Montelukast_800,CC(C)(C)C1=CC=C(C=C1)CC(C2=CC=CC=C2)C3=CC=CC=C3,approved,0,,,
Aspirin_801,CC(=O)OC1=CC=CC=C1C(=O)O,approved,0,,,
Paracetamol_802,CC(=O)NC1=CC=C(O)C=C1,approved,0,,,
Ibuprofen_803,CC(C)CC1=CC=C(C=C1)C(C)C(=O)O,approved,0,,,
Naproxen_804,COC1=CC=C(C=C1)C(C)C(=O)O,approved,0,,,
Diclofenac_805,ClC1=CC=C(C=C1)C(=O)NC2=CC=CC=C2Cl,approved,0,,,
Celecoxib_806,CC1=CC=C(C=C1)C2=CC(=NN2C3=CC=C(C=C3)S(=O)(=O)N)C(F)(F)F,approved,0,,,
Penicillin G_807,CC1(C(N2C(S1)C(C2=O)NC(=O)CC3=CC=CC=C3)C(=O)O)C,approved,0,,,
Amoxicillin_808,CC1(C(N2C(S1)C(C2=O)NC(=O)C(C3=CC=C(C=C3)O)N)C(=O)O)C,approved,0,,,
Ciprofloxacin_809,C1CC1N2C=C(C(=O)C3=CC(=C(C=C32)N4CCN(CC4)C)F)C(=O)O,approved,0,,,
Azithromycin_810,CCC1C(C(C(N(CC(CC(C(C(C(C(C(=O)O1)C)OC2C(C(CC(O2)C)N(C)C)O)C)OC3C(C(CC(O3)C)N(C)C)O)C)C)C)O)O,approved,0,,,
Atorvastatin_811,CC(C)C1=C(C(=C(N1CC[C@@H](C[C@@H](CC(=O)O)O)O)C2=CC=C(C=C2)F)C3=CC=CC=C3)C(=O)NC4=CC=CC=C4,approved,0,,,
Lisinopril_812,C1CC(N(C1)C(=O)C(CC2=CC=CC=C2)NC(=O)C(CC3=CC=CC=C3)N)C(=O)O,approved,0,,,
Metoprolol_813,CC(C)NCC(COC1=CC=C(C=C1)CCOC)O,approved,0,,,
Metformin_814,CN(C)C(=N)N,approved,0,,,
Glipizide_815,CC1=NC=C(N1C(=O)NC2=CC=C(C=C2)S(=O)(=O)NC(=O)NC3CCCCC3)C,approved,0,,,
Diazepam_816,CN1C(=O)CN=C(C2=CC=CC=C2)C3=CC=CC=C3C1=O,approved,0,,,
Fluoxetine_817,CNCCC(C1=CC=CC=C1)OC2=CC=C(C=C2)C(F)(F)F,approved,0,,,
Sertraline_818,CNC(CC1=CC=CC=C1)C2=CC=CC=C2Cl,approved,0,,,
Salbutamol_819,CC(C)(C)NCC(C1=CC(=C(C=C1)O)CO)O,approved,0,,,
Montelukast_820,CC(C)(C)C1=CC=C(C=C1)CC(C2=CC=CC=C2)C3=CC=CC=C3,approved,0,,,
Aspirin_821,CC(=O)OC1=CC=CC=C1C(=O)O,approved,0,,,
Paracetamol_822,CC(=O)NC1=CC=C(O)C=C1,approved,0,,,
Ibuprofen_823,CC(C)CC1=CC=C(C=C1)C(C)C(=O)O,approved,0,,,
Naproxen_824,COC1=CC=C(C=C1)C(C)C(=O)O,approved,0,,,
Diclofenac_825,ClC1=CC=C(C=C1)C(=O)NC2=CC=CC=C2Cl,approved,0,,,
Celecoxib_826,CC1=CC=C(C=C1)C2=CC(=NN2C3=CC=C(C=C3)S(=O)(=O)N)C(F)(F)F,approved,0,,,
Penicillin G_827,CC1(C(N2C(S1)C(C2=O)NC(=O)CC3=CC=CC=C3)C(=O)O)C,approved,0,,,
Amoxicillin_828,CC1(C(N2C(S1)C(C2=O)NC(=O)C(C3=CC=C(C=C3)O)N)C(=O)O)C,approved,0,,,
Ciprofloxacin_829,C1CC1N2C=C(C(=O)C3=CC(=C(C=C32)N4CCN(CC4)C)F)C(=O)O,approved,0,,,
Azithromycin_830,CCC1C(C(C(N(CC(CC(C(C(C(C(C(=O)O1)C)OC2C(C(CC(O2)C)N(C)C)O)C)OC3C(C(CC(O3)C)N(C)C)O)C)C)C)O)O,approved,0,,,
Atorvastatin_831,CC(C)C1=C(C(=C(N1CC[C@@H](C[C@@H](CC(=O)O)O)O)C2=CC=C(C=C2)F)C3=CC=CC=C3)C(=O)NC4=CC=CC=C4,approved,0,,,
Lisinopril_832,C1CC(N(C1)C(=O)C(CC2=CC=CC=C2)NC(=O)C(CC3=CC=CC=C3)N)C(=O)O,approved,0,,,
Metoprolol_833,CC(C)NCC(COC1=CC=C(C=C1)CCOC)O,approved,0,,,
Metformin_834,CN(C)C(=N)N,approved,0,,,
Glipizide_835,CC1=NC=C(N1C(=O)NC2=CC=C(C=C2)S(=O)(=O)NC(=O)NC3CCCCC3)C,approved,0,,,
Diazepam_836,CN1C(=O)CN=C(C2=CC=CC=C2)C3=CC=CC=C3C1=O,approved,0,,,
Fluoxetine_837,CNCCC(C1=CC=CC=C1)OC2=CC=C(C=C2)C(F)(F)F,approved,0,,,
Sertraline_838,CNC(CC1=CC=CC=C1)C2=CC=CC=C2Cl,approved,0,,,
Salbutamol_839,CC(C)(C)NCC(C1=CC(=C(C=C1)O)CO)O,approved,0,,,
Montelukast_840,CC(C)(C)C1=CC=C(C=C1)CC(C2=CC=CC=C2)C3=CC=CC=C3,approved,0,,,
Aspirin_841,CC(=O)OC1=CC=CC=C1C(=O)O,approved,0,,,
Paracetamol_842,CC(=O)NC1=CC=C(O)C=C1,approved,0,,,
Ibuprofen_843,CC(C)CC1=CC=C(C=C1)C(C)C(=O)O,approved,0,,,
Naproxen_844,COC1=CC=C(C=C1)C(C)C(=O)O,approved,0,,,
Diclofenac_845,ClC1=CC=C(C=C1)C(=O)NC2=CC=CC=C2Cl,approved,0,,,
Celecoxib_846,CC1=CC=C(C=C1)C2=CC(=NN2C3=CC=C(C=C3)S(=O)(=O)N)C(F)(F)F,approved,0,,,
Penicillin G_847,CC1(C(N2C(S1)C(C2=O)NC(=O)CC3=CC=CC=C3)C(=O)O)C,approved,0,,,
Amoxicillin_848,CC1(C(N2C(S1)C(C2=O)NC(=O)C(C3=CC=C(C=C3)O)N)C(=O)O)C,approved,0,,,
Ciprofloxacin_849,C1CC1N2C=C(C(=O)C3=CC(=C(C=C32)N4CCN(CC4)C)F)C(=O)O,approved,0,,,
Azithromycin_850,CCC1C(C(C(N(CC(CC(C(C(C(C(C(=O)O1)C)OC2C(C(CC(O2)C)N(C)C)O)C)OC3C(C(CC(O3)C)N(C)C)O)C)C)C)O)O,approved,0,,,
Atorvastatin_851,CC(C)C1=C(C(=C(N1CC[C@@H](C[C@@H](CC(=O)O)O)O)C2=CC=C(C=C2)F)C3=CC=CC=C3)C(=O)NC4=CC=CC=C4,approved,0,,,
Lisinopril_852,C1CC(N(C1)C(=O)C(CC2=CC=CC=C2)NC(=O)C(CC3=CC=CC=C3)N)C(=O)O,approved,0,,,
Metoprolol_853,CC(C)NCC(COC1=CC=C(C=C1)CCOC)O,approved,0,,,
Metformin_854,CN(C)C(=N)N,approved,0,,,
Glipizide_855,CC1=NC=C(N1C(=O)NC2=CC=C(C=C2)S(=O)(=O)NC(=O)NC3CCCCC3)C,approved,0,,,
Diazepam_856,CN1C(=O)CN=C(C2=CC=CC=C2)C3=CC=CC=C3C1=O,approved,0,,,
Fluoxetine_857,CNCCC(C1=CC=CC=C1)OC2=CC=C(C=C2)C(F)(F)F,approved,0,,,
Sertraline_858,CNC(CC1=CC=CC=C1)C2=CC=CC=C2Cl,approved,0,,,
Salbutamol_859,CC(C)(C)NCC(C1=CC(=C(C=C1)O)CO)O,approved,0,,,
Montelukast_860,CC(C)(C)C1=CC=C(C=C1)CC(C2=CC=CC=C2)C3=CC=CC=C3,approved,0,,,
Aspirin_861,CC(=O)OC1=CC=CC=C1C(=O)O,approved,0,,,
Paracetamol_862,CC(=O)NC1=CC=C(O)C=C1,approved,0,,,
Ibuprofen_863,CC(C)CC1=CC=C(C=C1)C(C)C(=O)O,approved,0,,,
Naproxen_864,COC1=CC=C(C=C1)C(C)C(=O)O,approved,0,,,
Diclofenac_865,ClC1=CC=C(C=C1)C(=O)NC2=CC=CC=C2Cl,approved,0,,,
Celecoxib_866,CC1=CC=C(C=C1)C2=CC(=NN2C3=CC=C(C=C3)S(=O)(=O)N)C(F)(F)F,approved,0,,,
Penicillin G_867,CC1(C(N2C(S1)C(C2=O)NC(=O)CC3=CC=CC=C3)C(=O)O)C,approved,0,,,
Amoxicillin_868,CC1(C(N2C(S1)C(C2=O)NC(=O)C(C3=CC=C(C=C3)O)N)C(=O)O)C,approved,0,,,
Ciprofloxacin_869,C1CC1N2C=C(C(=O)C3=CC(=C(C=C32)N4CCN(CC4)C)F)C(=O)O,approved,0,,,
Azithromycin_870,CCC1C(C(C(N(CC(CC(C(C(C(C(C(=O)O1)C)OC2C(C(CC(O2)C)N(C)C)O)C)OC3C(C(CC(O3)C)N(C)C)O)C)C)C)O)O,approved,0,,,
Atorvastatin_871,CC(C)C1=C(C(=C(N1CC[C@@H](C[C@@H](CC(=O)O)O)O)C2=CC=C(C=C2)F)C3=CC=CC=C3)C(=O)NC4=CC=CC=C4,approved,0,,,
Lisinopril_872,C1CC(N(C1)C(=O)C(CC2=CC=CC=C2)NC(=O)C(CC3=CC=CC=C3)N)C(=O)O,approved,0,,,
Metoprolol_873,CC(C)NCC(COC1=CC=C(C=C1)CCOC)O,approved,0,,,
Metformin_874,CN(C)C(=N)N,approved,0,,,
Glipizide_875,CC1=NC=C(N1C(=O)NC2=CC=C(C=C2)S(=O)(=O)NC(=O)NC3CCCCC3)C,approved,0,,,
Diazepam_876,CN1C(=O)CN=C(C2=CC=CC=C2)C3=CC=CC=C3C1=O,approved,0,,,
Fluoxetine_877,CNCCC(C1=CC=CC=C1)OC2=CC=C(C=C2)C(F)(F)F,approved,0,,,
Sertraline_878,CNC(CC1=CC=CC=C1)C2=CC=CC=C2Cl,approved,0,,,
Salbutamol_879,CC(C)(C)NCC(C1=CC(=C(C=C1)O)CO)O,approved,0,,,
Montelukast_880,CC(C)(C)C1=CC=C(C=C1)CC(C2=CC=CC=C2)C3=CC=CC=C3,approved,0,,,
Aspirin_881,CC(=O)OC1=CC=CC=C1C(=O)O,approved,0,,,
Paracetamol_882,CC(=O)NC1=CC=C(O)C=C1,approved,0,,,
Ibuprofen_883,CC(C)CC1=CC=C(C=C1)C(C)C(=O)O,approved,0,,,
Naproxen_884,COC1=CC=C(C=C1)C(C)C(=O)O,approved,0,,,
Diclofenac_885,ClC1=CC=C(C=C1)C(=O)NC2=CC=CC=C2Cl,approved,0,,,
Celecoxib_886,CC1=CC=C(C=C1)C2=CC(=NN2C3=CC=C(C=C3)S(=O)(=O)N)C(F)(F)F,approved,0,,,
Penicillin G_887,CC1(C(N2C(S1)C(C2=O)NC(=O)CC3=CC=CC=C3)C(=O)O)C,approved,0,,,
Amoxicillin_888,CC1(C(N2C(S1)C(C2=O)NC(=O)C(C3=CC=C(C=C3)O)N)C(=O)O)C,approved,0,,,
Ciprofloxacin_889,C1CC1N2C=C(C(=O)C3=CC(=C(C=C32)N4CCN(CC4)C)F)C(=O)O,approved,0,,,
Azithromycin_890,CCC1C(C(C(N(CC(CC(C(C(C(C(C(=O)O1)C)OC2C(C(CC(O2)C)N(C)C)O)C)OC3C(C(CC(O3)C)N(C)C)O)C)C)C)O)O,approved,0,,,
Atorvastatin_891,CC(C)C1=C(C(=C(N1CC[C@@H](C[C@@H](CC(=O)O)O)O)C2=CC=C(C=C2)F)C3=CC=CC=C3)C(=O)NC4=CC=CC=C4,approved,0,,,
Lisinopril_892,C1CC(N(C1)C(=O)C(CC2=CC=CC=C2)NC(=O)C(CC3=CC=CC=C3)N)C(=O)O,approved,0,,,
Metoprolol_893,CC(C)NCC(COC1=CC=C(C=C1)CCOC)O,approved,0,,,
Metformin_894,CN(C)C(=N)N,approved,0,,,
Glipizide_895,CC1=NC=C(N1C(=O)NC2=CC=C(C=C2)S(=O)(=O)NC(=O)NC3CCCCC3)C,approved,0,,,
Diazepam_896,CN1C(=O)CN=C(C2=CC=CC=C2)C3=CC=CC=C3C1=O,approved,0,,,
Fluoxetine_897,CNCCC(C1=CC=CC=C1)OC2=CC=C(C=C2)C(F)(F)F,approved,0,,,
Sertraline_898,CNC(CC1=CC=CC=C1)C2=CC=CC=C2Cl,approved,0,,,
Salbutamol_899,CC(C)(C)NCC(C1=CC(=C(C=C1)O)CO)O,approved,0,,,
Montelukast_900,CC(C)(C)C1=CC=C(C=C1)CC(C2=CC=CC=C2)C3=CC=CC=C3,approved,0,,,
Aspirin_901,CC(=O)OC1=CC=CC=C1C(=O)O,approved,0,,,
Paracetamol_902,CC(=O)NC1=CC=C(O)C=C1,approved,0,,,
Ibuprofen_903,CC(C)CC1=CC=C(C=C1)C(C)C(=O)O,approved,0,,,
Naproxen_904,COC1=CC=C(C=C1)C(C)C(=O)O,approved,0,,,
Diclofenac_905,ClC1=CC=C(C=C1)C(=O)NC2=CC=CC=C2Cl,approved,0,,,
Celecoxib_906,CC1=CC=C(C=C1)C2=CC(=NN2C3=CC=C(C=C3)S(=O)(=O)N)C(F)(F)F,approved,0,,,
Penicillin G_907,CC1(C(N2C(S1)C(C2=O)NC(=O)CC3=CC=CC=C3)C(=O)O)C,approved,0,,,
Amoxicillin_908,CC1(C(N2C(S1)C(C2=O)NC(=O)C(C3=CC=C(C=C3)O)N)C(=O)O)C,approved,0,,,
Ciprofloxacin_909,C1CC1N2C=C(C(=O)C3=CC(=C(C=C32)N4CCN(CC4)C)F)C(=O)O,approved,0,,,
Azithromycin_910,CCC1C(C(C(N(CC(CC(C(C(C(C(C(=O)O1)C)OC2C(C(CC(O2)C)N(C)C)O)C)OC3C(C(CC(O3)C)N(C)C)O)C)C)C)O)O,approved,0,,,
Atorvastatin_911,CC(C)C1=C(C(=C(N1CC[C@@H](C[C@@H](CC(=O)O)O)O)C2=CC=C(C=C2)F)C3=CC=CC=C3)C(=O)NC4=CC=CC=C4,approved,0,,,
Lisinopril_912,C1CC(N(C1)C(=O)C(CC2=CC=CC=C2)NC(=O)C(CC3=CC=CC=C3)N)C(=O)O,approved,0,,,
Metoprolol_913,CC(C)NCC(COC1=CC=C(C=C1)CCOC)O,approved,0,,,
Metformin_914,CN(C)C(=N)N,approved,0,,,
Glipizide_915,CC1=NC=C(N1C(=O)NC2=CC=C(C=C2)S(=O)(=O)NC(=O)NC3CCCCC3)C,approved,0,,,
Diazepam_916,CN1C(=O)CN=C(C2=CC=CC=C2)C3=CC=CC=C3C1=O,approved,0,,,
Fluoxetine_917,CNCCC(C1=CC=CC=C1)OC2=CC=C(C=C2)C(F)(F)F,approved,0,,,
Sertraline_918,CNC(CC1=CC=CC=C1)C2=CC=CC=C2Cl,approved,0,,,
Salbutamol_919,CC(C)(C)NCC(C1=CC(=C(C=C1)O)CO)O,approved,0,,,
Montelukast_920,CC(C)(C)C1=CC=C(C=C1)CC(C2=CC=CC=C2)C3=CC=CC=C3,approved,0,,,
Aspirin_921,CC(=O)OC1=CC=CC=C1C(=O)O,approved,0,,,
Paracetamol_922,CC(=O)NC1=CC=C(O)C=C1,approved,0,,,
Ibuprofen_923,CC(C)CC1=CC=C(C=C1)C(C)C(=O)O,approved,0,,,
Naproxen_924,COC1=CC=C(C=C1)C(C)C(=O)O,approved,0,,,
Diclofenac_925,ClC1=CC=C(C=C1)C(=O)NC2=CC=CC=C2Cl,approved,0,,,
Celecoxib_926,CC1=CC=C(C=C1)C2=CC(=NN2C3=CC=C(C=C3)S(=O)(=O)N)C(F)(F)F,approved,0,,,
Penicillin G_927,CC1(C(N2C(S1)C(C2=O)NC(=O)CC3=CC=CC=C3)C(=O)O)C,approved,0,,,
Amoxicillin_928,CC1(C(N2C(S1)C(C2=O)NC(=O)C(C3=CC=C(C=C3)O)N)C(=O)O)C,approved,0,,,
Ciprofloxacin_929,C1CC1N2C=C(C(=O)C3=CC(=C(C=C32)N4CCN(CC4)C)F)C(=O)O,approved,0,,,
Azithromycin_930,CCC1C(C(C(N(CC(CC(C(C(C(C(C(=O)O1)C)OC2C(C(CC(O2)C)N(C)C)O)C)OC3C(C(CC(O3)C)N(C)C)O)C)C)C)O)O,approved,0,,,
Atorvastatin_931,CC(C)C1=C(C(=C(N1CC[C@@H](C[C@@H](CC(=O)O)O)O)C2=CC=C(C=C2)F)C3=CC=CC=C3)C(=O)NC4=CC=CC=C4,approved,0,,,
Lisinopril_932,C1CC(N(C1)C(=O)C(CC2=CC=CC=C2)NC(=O)C(CC3=CC=CC=C3)N)C(=O)O,approved,0,,,
Metoprolol_933,CC(C)NCC(COC1=CC=C(C=C1)CCOC)O,approved,0,,,
Metformin_934,CN(C)C(=N)N,approved,0,,,
Glipizide_935,CC1=NC=C(N1C(=O)NC2=CC=C(C=C2)S(=O)(=O)NC(=O)NC3CCCCC3)C,approved,0,,,
Diazepam_936,CN1C(=O)CN=C(C2=CC=CC=C2)C3=CC=CC=C3C1=O,approved,0,,,
Fluoxetine_937,CNCCC(C1=CC=CC=C1)OC2=CC=C(C=C2)C(F)(F)F,approved,0,,,
Sertraline_938,CNC(CC1=CC=CC=C1)C2=CC=CC=C2Cl,approved,0,,,
Salbutamol_939,CC(C)(C)NCC(C1=CC(=C(C=C1)O)CO)O,approved,0,,,
Montelukast_940,CC(C)(C)C1=CC=C(C=C1)CC(C2=CC=CC=C2)C3=CC=CC=C3,approved,0,,,
Aspirin_941,CC(=O)OC1=CC=CC=C1C(=O)O,approved,0,,,
Paracetamol_942,CC(=O)NC1=CC=C(O)C=C1,approved,0,,,
Ibuprofen_943,CC(C)CC1=CC=C(C=C1)C(C)C(=O)O,approved,0,,,
Naproxen_944,COC1=CC=C(C=C1)C(C)C(=O)O,approved,0,,,
Diclofenac_945,ClC1=CC=C(C=C1)C(=O)NC2=CC=CC=C2Cl,approved,0,,,
Celecoxib_946,CC1=CC=C(C=C1)C2=CC(=NN2C3=CC=C(C=C3)S(=O)(=O)N)C(F)(F)F,approved,0,,,
Penicillin G_947,CC1(C(N2C(S1)C(C2=O)NC(=O)CC3=CC=CC=C3)C(=O)O)C,approved,0,,,
Amoxicillin_948,CC1(C(N2C(S1)C(C2=O)NC(=O)C(C3=CC=C(C=C3)O)N)C(=O)O)C,approved,0,,,
Ciprofloxacin_949,C1CC1N2C=C(C(=O)C3=CC(=C(C=C32)N4CCN(CC4)C)F)C(=O)O,approved,0,,,
Azithromycin_950,CCC1C(C(C(N(CC(CC(C(C(C(C(C(=O)O1)C)OC2C(C(CC(O2)C)N(C)C)O)C)OC3C(C(CC(O3)C)N(C)C)O)C)C)C)O)O,approved,0,,,
Atorvastatin_951,CC(C)C1=C(C(=C(N1CC[C@@H](C[C@@H](CC(=O)O)O)O)C2=CC=C(C=C2)F)C3=CC=CC=C3)C(=O)NC4=CC=CC=C4,approved,0,,,
Lisinopril_952,C1CC(N(C1)C(=O)C(CC2=CC=CC=C2)NC(=O)C(CC3=CC=CC=C3)N)C(=O)O,approved,0,,,
Metoprolol_953,CC(C)NCC(COC1=CC=C(C=C1)CCOC)O,approved,0,,,
Metformin_954,CN(C)C(=N)N,approved,0,,,
Glipizide_955,CC1=NC=C(N1C(=O)NC2=CC=C(C=C2)S(=O)(=O)NC(=O)NC3CCCCC3)C,approved,0,,,
Diazepam_956,CN1C(=O)CN=C(C2=CC=CC=C2)C3=CC=CC=C3C1=O,approved,0,,,
Fluoxetine_957,CNCCC(C1=CC=CC=C1)OC2=CC=C(C=C2)C(F)(F)F,approved,0,,,
Sertraline_958,CNC(CC1=CC=CC=C1)C2=CC=CC=C2Cl,approved,0,,,
Salbutamol_959,CC(C)(C)NCC(C1=CC(=C(C=C1)O)CO)O,approved,0,,,
Montelukast_960,CC(C)(C)C1=CC=C(C=C1)CC(C2=CC=CC=C2)C3=CC=CC=C3,approved,0,,,
Aspirin_961,CC(=O)OC1=CC=CC=C1C(=O)O,approved,0,,,
Paracetamol_962,CC(=O)NC1=CC=C(O)C=C1,approved,0,,,
Ibuprofen_963,CC(C)CC1=CC=C(C=C1)C(C)C(=O)O,approved,0,,,
Naproxen_964,COC1=CC=C(C=C1)C(C)C(=O)O,approved,0,,,
Diclofenac_965,ClC1=CC=C(C=C1)C(=O)NC2=CC=CC=C2Cl,approved,0,,,
Celecoxib_966,CC1=CC=C(C=C1)C2=CC(=NN2C3=CC=C(C=C3)S(=O)(=O)N)C(F)(F)F,approved,0,,,
Penicillin G_967,CC1(C(N2C(S1)C(C2=O)NC(=O)CC3=CC=CC=C3)C(=O)O)C,approved,0,,,
Amoxicillin_968,CC1(C(N2C(S1)C(C2=O)NC(=O)C(C3=CC=C(C=C3)O)N)C(=O)O)C,approved,0,,,
Ciprofloxacin_969,C1CC1N2C=C(C(=O)C3=CC(=C(C=C32)N4CCN(CC4)C)F)C(=O)O,approved,0,,,
Azithromycin_970,CCC1C(C(C(N(CC(CC(C(C(C(C(C(=O)O1)C)OC2C(C(CC(O2)C)N(C)C)O)C)OC3C(C(CC(O3)C)N(C)C)O)C)C)C)O)O,approved,0,,,
Atorvastatin_971,CC(C)C1=C(C(=C(N1CC[C@@H](C[C@@H](CC(=O)O)O)O)C2=CC=C(C=C2)F)C3=CC=CC=C3)C(=O)NC4=CC=CC=C4,approved,0,,,
Lisinopril_972,C1CC(N(C1)C(=O)C(CC2=CC=CC=C2)NC(=O)C(CC3=CC=CC=C3)N)C(=O)O,approved,0,,,
Metoprolol_973,CC(C)NCC(COC1=CC=C(C=C1)CCOC)O,approved,0,,,
Metformin_974,CN(C)C(=N)N,approved,0,,,
Glipizide_975,CC1=NC=C(N1C(=O)NC2=CC=C(C=C2)S(=O)(=O)NC(=O)NC3CCCCC3)C,approved,0,,,
Diazepam_976,CN1C(=O)CN=C(C2=CC=CC=C2)C3=CC=CC=C3C1=O,approved,0,,,
Fluoxetine_977,CNCCC(C1=CC=CC=C1)OC2=CC=C(C=C2)C(F)(F)F,approved,0,,,
Sertraline_978,CNC(CC1=CC=CC=C1)C2=CC=CC=C2Cl,approved,0,,,
Salbutamol_979,CC(C)(C)NCC(C1=CC(=C(C=C1)O)CO)O,approved,0,,,
Montelukast_980,CC(C)(C)C1=CC=C(C=C1)CC(C2=CC=CC=C2)C3=CC=CC=C3,approved,0,,,
Aspirin_981,CC(=O)OC1=CC=CC=C1C(=O)O,approved,0,,,
Paracetamol_982,CC(=O)NC1=CC=C(O)C=C1,approved,0,,,
Ibuprofen_983,CC(C)CC1=CC=C(C=C1)C(C)C(=O)O,approved,0,,,
Naproxen_984,COC1=CC=C(C=C1)C(C)C(=O)O,approved,0,,,
Diclofenac_985,ClC1=CC=C(C=C1)C(=O)NC2=CC=CC=C2Cl,approved,0,,,
Celecoxib_986,CC1=CC=C(C=C1)C2=CC(=NN2C3=CC=C(C=C3)S(=O)(=O)N)C(F)(F)F,approved,0,,,
Penicillin G_987,CC1(C(N2C(S1)C(C2=O)NC(=O)CC3=CC=CC=C3)C(=O)O)C,approved,0,,,
Amoxicillin_988,CC1(C(N2C(S1)C(C2=O)NC(=O)C(C3=CC=C(C=C3)O)N)C(=O)O)C,approved,0,,,
Ciprofloxacin_989,C1CC1N2C=C(C(=O)C3=CC(=C(C=C32)N4CCN(CC4)C)F)C(=O)O,approved,0,,,
Azithromycin_990,CCC1C(C(C(N(CC(CC(C(C(C(C(C(=O)O1)C)OC2C(C(CC(O2)C)N(C)C)O)C)OC3C(C(CC(O3)C)N(C)C)O)C)C)C)O)O,approved,0,,,
Atorvastatin_991,CC(C)C1=C(C(=C(N1CC[C@@H](C[C@@H](CC(=O)O)O)O)C2=CC=C(C=C2)F)C3=CC=CC=C3)C(=O)NC4=CC=CC=C4,approved,0,,,
Lisinopril_992,C1CC(N(C1)C(=O)C(CC2=CC=CC=C2)NC(=O)C(CC3=CC=CC=C3)N)C(=O)O,approved,0,,,
Metoprolol_993,CC(C)NCC(COC1=CC=C(C=C1)CCOC)O,approved,0,,,
Metformin_994,CN(C)C(=N)N,approved,0,,,
Glipizide_995,CC1=NC=C(N1C(=O)NC2=CC=C(C=C2)S(=O)(=O)NC(=O)NC3CCCCC3)C,approved,0,,,
Diazepam_996,CN1C(=O)CN=C(C2=CC=CC=C2)C3=CC=CC=C3C1=O,approved,0,,,
Fluoxetine_997,CNCCC(C1=CC=CC=C1)OC2=CC=C(C=C2)C(F)(F)F,approved,0,,,
Sertraline_998,CNC(CC1=CC=CC=C1)C2=CC=CC=C2Cl,approved,0,,,
Salbutamol_999,CC(C)(C)NCC(C1=CC(=C(C=C1)O)CO)O,approved,0,,,
Montelukast_1000,CC(C)(C)C1=CC=C(C=C1)CC(C2=CC=CC=C2)C3=CC=CC=C3,approved,0,,,
Aspirin_1001,CC(=O)OC1=CC=CC=C1C(=O)O,approved,0,,,
Paracetamol_1002,CC(=O)NC1=CC=C(O)C=C1,approved,0,,,
Ibuprofen_1003,CC(C)CC1=CC=C(C=C1)C(C)C(=O)O,approved,0,,,
Naproxen_1004,COC1=CC=C(C=C1)C(C)C(=O)O,approved,0,,,
Diclofenac_1005,ClC1=CC=C(C=C1)C(=O)NC2=CC=CC=C2Cl,approved,0,,,
Celecoxib_1006,CC1=CC=C(C=C1)C2=CC(=NN2C3=CC=C(C=C3)S(=O)(=O)N)C(F)(F)F,approved,0,,,
Penicillin G_1007,CC1(C(N2C(S1)C(C2=O)NC(=O)CC3=CC=CC=C3)C(=O)O)C,approved,0,,,
Amoxicillin_1008,CC1(C(N2C(S1)C(C2=O)NC(=O)C(C3=CC=C(C=C3)O)N)C(=O)O)C,approved,0,,,
Ciprofloxacin_1009,C1CC1N2C=C(C(=O)C3=CC(=C(C=C32)N4CCN(CC4)C)F)C(=O)O,approved,0,,,
Azithromycin_1010,CCC1C(C(C(N(CC(CC(C(C(C(C(C(=O)O1)C)OC2C(C(CC(O2)C)N(C)C)O)C)OC3C(C(CC(O3)C)N(C)C)O)C)C)C)O)O,approved,0,,,
Atorvastatin_1011,CC(C)C1=C(C(=C(N1CC[C@@H](C[C@@H](CC(=O)O)O)O)C2=CC=C(C=C2)F)C3=CC=CC=C3)C(=O)NC4=CC=CC=C4,approved,0,,,
Lisinopril_1012,C1CC(N(C1)C(=O)C(CC2=CC=CC=C2)NC(=O)C(CC3=CC=CC=C3)N)C(=O)O,approved,0,,,
Metoprolol_1013,CC(C)NCC(COC1=CC=C(C=C1)CCOC)O,approved,0,,,
Metformin_1014,CN(C)C(=N)N,approved,0,,,
Glipizide_1015,CC1=NC=C(N1C(=O)NC2=CC=C(C=C2)S(=O)(=O)NC(=O)NC3CCCCC3)C,approved,0,,,
Diazepam_1016,CN1C(=O)CN=C(C2=CC=CC=C2)C3=CC=CC=C3C1=O,approved,0,,,
Fluoxetine_1017,CNCCC(C1=CC=CC=C1)OC2=CC=C(C=C2)C(F)(F)F,approved,0,,,
Sertraline_1018,CNC(CC1=CC=CC=C1)C2=CC=CC=C2Cl,approved,0,,,
Salbutamol_1019,CC(C)(C)NCC(C1=CC(=C(C=C1)O)CO)O,approved,0,,,
Montelukast_1020,CC(C)(C)C1=CC=C(C=C1)CC(C2=CC=CC=C2)C3=CC=CC=C3,approved,0,,,
Aspirin_1021,CC(=O)OC1=CC=CC=C1C(=O)O,approved,0,,,
Paracetamol_1022,CC(=O)NC1=CC=C(O)C=C1,approved,0,,,
Ibuprofen_1023,CC(C)CC1=CC=C(C=C1)C(C)C(=O)O,approved,0,,,
Naproxen_1024,COC1=CC=C(C=C1)C(C)C(=O)O,approved,0,,,
Diclofenac_1025,ClC1=CC=C(C=C1)C(=O)NC2=CC=CC=C2Cl,approved,0,,,
Celecoxib_1026,CC1=CC=C(C=C1)C2=CC(=NN2C3=CC=C(C=C3)S(=O)(=O)N)C(F)(F)F,approved,0,,,
Penicillin G_1027,CC1(C(N2C(S1)C(C2=O)NC(=O)CC3=CC=CC=C3)C(=O)O)C,approved,0,,,
Amoxicillin_1028,CC1(C(N2C(S1)C(C2=O)NC(=O)C(C3=CC=C(C=C3)O)N)C(=O)O)C,approved,0,,,
Ciprofloxacin_1029,C1CC1N2C=C(C(=O)C3=CC(=C(C=C32)N4CCN(CC4)C)F)C(=O)O,approved,0,,,
Azithromycin_1030,CCC1C(C(C(N(CC(CC(C(C(C(C(C(=O)O1)C)OC2C(C(CC(O2)C)N(C)C)O)C)OC3C(C(CC(O3)C)N(C)C)O)C)C)C)O)O,approved,0,,,
Atorvastatin_1031,CC(C)C1=C(C(=C(N1CC[C@@H](C[C@@H](CC(=O)O)O)O)C2=CC=C(C=C2)F)C3=CC=CC=C3)C(=O)NC4=CC=CC=C4,approved,0,,,
Lisinopril_1032,C1CC(N(C1)C(=O)C(CC2=CC=CC=C2)NC(=O)C(CC3=CC=CC=C3)N)C(=O)O,approved,0,,,
Metoprolol_1033,CC(C)NCC(COC1=CC=C(C=C1)CCOC)O,approved,0,,,
Metformin_1034,CN(C)C(=N)N,approved,0,,,
Glipizide_1035,CC1=NC=C(N1C(=O)NC2=CC=C(C=C2)S(=O)(=O)NC(=O)NC3CCCCC3)C,approved,0,,,
Diazepam_1036,CN1C(=O)CN=C(C2=CC=CC=C2)C3=CC=CC=C3C1=O,approved,0,,,
Fluoxetine_1037,CNCCC(C1=CC=CC=C1)OC2=CC=C(C=C2)C(F)(F)F,approved,0,,,
Sertraline_1038,CNC(CC1=CC=CC=C1)C2=CC=CC=C2Cl,approved,0,,,
Salbutamol_1039,CC(C)(C)NCC(C1=CC(=C(C=C1)O)CO)O,approved,0,,,
Montelukast_1040,CC(C)(C)C1=CC=C(C=C1)CC(C2=CC=CC=C2)C3=CC=CC=C3,approved,0,,,
Aspirin_1041,CC(=O)OC1=CC=CC=C1C(=O)O,approved,0,,,
Paracetamol_1042,CC(=O)NC1=CC=C(O)C=C1,approved,0,,,
Ibuprofen_1043,CC(C)CC1=CC=C(C=C1)C(C)C(=O)O,approved,0,,,
Naproxen_1044,COC1=CC=C(C=C1)C(C)C(=O)O,approved,0,,,
Diclofenac_1045,ClC1=CC=C(C=C1)C(=O)NC2=CC=CC=C2Cl,approved,0,,,
Celecoxib_1046,CC1=CC=C(C=C1)C2=CC(=NN2C3=CC=C(C=C3)S(=O)(=O)N)C(F)(F)F,approved,0,,,
Penicillin G_1047,CC1(C(N2C(S1)C(C2=O)NC(=O)CC3=CC=CC=C3)C(=O)O)C,approved,0,,,
Amoxicillin_1048,CC1(C(N2C(S1)C(C2=O)NC(=O)C(C3=CC=C(C=C3)O)N)C(=O)O)C,approved,0,,,
Ciprofloxacin_1049,C1CC1N2C=C(C(=O)C3=CC(=C(C=C32)N4CCN(CC4)C)F)C(=O)O,approved,0,,,
Azithromycin_1050,CCC1C(C(C(N(CC(CC(C(C(C(C(C(=O)O1)C)OC2C(C(CC(O2)C)N(C)C)O)C)OC3C(C(CC(O3)C)N(C)C)O)C)C)C)O)O,approved,0,,,
Atorvastatin_1051,CC(C)C1=C(C(=C(N1CC[C@@H](C[C@@H](CC(=O)O)O)O)C2=CC=C(C=C2)F)C3=CC=CC=C3)C(=O)NC4=CC=CC=C4,approved,0,,,
Lisinopril_1052,C1CC(N(C1)C(=O)C(CC2=CC=CC=C2)NC(=O)C(CC3=CC=CC=C3)N)C(=O)O,approved,0,,,
Metoprolol_1053,CC(C)NCC(COC1=CC=C(C=C1)CCOC)O,approved,0,,,
Metformin_1054,CN(C)C(=N)N,approved,0,,,
Glipizide_1055,CC1=NC=C(N1C(=O)NC2=CC=C(C=C2)S(=O)(=O)NC(=O)NC3CCCCC3)C,approved,0,,,
Diazepam_1056,CN1C(=O)CN=C(C2=CC=CC=C2)C3=CC=CC=C3C1=O,approved,0,,,
Fluoxetine_1057,CNCCC(C1=CC=CC=C1)OC2=CC=C(C=C2)C(F)(F)F,approved,0,,,
Sertraline_1058,CNC(CC1=CC=CC=C1)C2=CC=CC=C2Cl,approved,0,,,
Salbutamol_1059,CC(C)(C)NCC(C1=CC(=C(C=C1)O)CO)O,approved,0,,,
Montelukast_1060,CC(C)(C)C1=CC=C(C=C1)CC(C2=CC=CC=C2)C3=CC=CC=C3,approved,0,,,
Aspirin_1061,CC(=O)OC1=CC=CC=C1C(=O)O,approved,0,,,
Paracetamol_1062,CC(=O)NC1=CC=C(O)C=C1,approved,0,,,
Ibuprofen_1063,CC(C)CC1=CC=C(C=C1)C(C)C(=O)O,approved,0,,,
Naproxen_1064,COC1=CC=C(C=C1)C(C)C(=O)O,approved,0,,,
Diclofenac_1065,ClC1=CC=C(C=C1)C(=O)NC2=CC=CC=C2Cl,approved,0,,,
Celecoxib_1066,CC1=CC=C(C=C1)C2=CC(=NN2C3=CC=C(C=C3)S(=O)(=O)N)C(F)(F)F,approved,0,,,
Penicillin G_1067,CC1(C(N2C(S1)C(C2=O)NC(=O)CC3=CC=CC=C3)C(=O)O)C,approved,0,,,
Amoxicillin_1068,CC1(C(N2C(S1)C(C2=O)NC(=O)C(C3=CC=C(C=C3)O)N)C(=O)O)C,approved,0,,,
Ciprofloxacin_1069,C1CC1N2C=C(C(=O)C3=CC(=C(C=C32)N4CCN(CC4)C)F)C(=O)O,approved,0,,,
Azithromycin_1070,CCC1C(C(C(N(CC(CC(C(C(C(C(C(=O)O1)C)OC2C(C(CC(O2)C)N(C)C)O)C)OC3C(C(CC(O3)C)N(C)C)O)C)C)C)O)O,approved,0,,,
Atorvastatin_1071,CC(C)C1=C(C(=C(N1CC[C@@H](C[C@@H](CC(=O)O)O)O)C2=CC=C(C=C2)F)C3=CC=CC=C3)C(=O)NC4=CC=CC=C4,approved,0,,,
Lisinopril_1072,C1CC(N(C1)C(=O)C(CC2=CC=CC=C2)NC(=O)C(CC3=CC=CC=C3)N)C(=O)O,approved,0,,,
Metoprolol_1073,CC(C)NCC(COC1=CC=C(C=C1)CCOC)O,approved,0,,,
Metformin_1074,CN(C)C(=N)N,approved,0,,,
Glipizide_1075,CC1=NC=C(N1C(=O)NC2=CC=C(C=C2)S(=O)(=O)NC(=O)NC3CCCCC3)C,approved,0,,,
Diazepam_1076,CN1C(=O)CN=C(C2=CC=CC=C2)C3=CC=CC=C3C1=O,approved,0,,,
Fluoxetine_1077,CNCCC(C1=CC=CC=C1)OC2=CC=C(C=C2)C(F)(F)F,approved,0,,,
Sertraline_1078,CNC(CC1=CC=CC=C1)C2=CC=CC=C2Cl,approved,0,,,
Salbutamol_1079,CC(C)(C)NCC(C1=CC(=C(C=C1)O)CO)O,approved,0,,,
Montelukast_1080,CC(C)(C)C1=CC=C(C=C1)CC(C2=CC=CC=C2)C3=CC=CC=C3,approved,0,,,
Aspirin_1081,CC(=O)OC1=CC=CC=C1C(=O)O,approved,0,,,
Paracetamol_1082,CC(=O)NC1=CC=C(O)C=C1,approved,0,,,
Ibuprofen_1083,CC(C)CC1=CC=C(C=C1)C(C)C(=O)O,approved,0,,,
Naproxen_1084,COC1=CC=C(C=C1)C(C)C(=O)O,approved,0,,,
Diclofenac_1085,ClC1=CC=C(C=C1)C(=O)NC2=CC=CC=C2Cl,approved,0,,,
Celecoxib_1086,CC1=CC=C(C=C1)C2=CC(=NN2C3=CC=C(C=C3)S(=O)(=O)N)C(F)(F)F,approved,0,,,
Penicillin G_1087,CC1(C(N2C(S1)C(C2=O)NC(=O)CC3=CC=CC=C3)C(=O)O)C,approved,0,,,
Amoxicillin_1088,CC1(C(N2C(S1)C(C2=O)NC(=O)C(C3=CC=C(C=C3)O)N)C(=O)O)C,approved,0,,,
Ciprofloxacin_1089,C1CC1N2C=C(C(=O)C3=CC(=C(C=C32)N4CCN(CC4)C)F)C(=O)O,approved,0,,,
Azithromycin_1090,CCC1C(C(C(N(CC(CC(C(C(C(C(C(=O)O1)C)OC2C(C(CC(O2)C)N(C)C)O)C)OC3C(C(CC(O3)C)N(C)C)O)C)C)C)O)O,approved,0,,,
Atorvastatin_1091,CC(C)C1=C(C(=C(N1CC[C@@H](C[C@@H](CC(=O)O)O)O)C2=CC=C(C=C2)F)C3=CC=CC=C3)C(=O)NC4=CC=CC=C4,approved,0,,,
Lisinopril_1092,C1CC(N(C1)C(=O)C(CC2=CC=CC=C2)NC(=O)C(CC3=CC=CC=C3)N)C(=O)O,approved,0,,,
Metoprolol_1093,CC(C)NCC(COC1=CC=C(C=C1)CCOC)O,approved,0,,,
Metformin_1094,CN(C)C(=N)N,approved,0,,,
Glipizide_1095,CC1=NC=C(N1C(=O)NC2=CC=C(C=C2)S(=O)(=O)NC(=O)NC3CCCCC3)C,approved,0,,,
Diazepam_1096,CN1C(=O)CN=C(C2=CC=CC=C2)C3=CC=CC=C3C1=O,approved,0,,,
Fluoxetine_1097,CNCCC(C1=CC=CC=C1)OC2=CC=C(C=C2)C(F)(F)F,approved,0,,,
Sertraline_1098,CNC(CC1=CC=CC=C1)C2=CC=CC=C2Cl,approved,0,,,
Salbutamol_1099,CC(C)(C)NCC(C1=CC(=C(C=C1)O)CO)O,approved,0,,,
Montelukast_1100,CC(C)(C)C1=CC=C(C=C1)CC(C2=CC=CC=C2)C3=CC=CC=C3,approved,0,,,
Aspirin_1101,CC(=O)OC1=CC=CC=C1C(=O)O,approved,0,,,
Paracetamol_1102,CC(=O)NC1=CC=C(O)C=C1,approved,0,,,
Ibuprofen_1103,CC(C)CC1=CC=C(C=C1)C(C)C(=O)O,approved,0,,,
Naproxen_1104,COC1=CC=C(C=C1)C(C)C(=O)O,approved,0,,,
Diclofenac_1105,ClC1=CC=C(C=C1)C(=O)NC2=CC=CC=C2Cl,approved,0,,,
Celecoxib_1106,CC1=CC=C(C=C1)C2=CC(=NN2C3=CC=C(C=C3)S(=O)(=O)N)C(F)(F)F,approved,0,,,
Penicillin G_1107,CC1(C(N2C(S1)C(C2=O)NC(=O)CC3=CC=CC=C3)C(=O)O)C,approved,0,,,
Amoxicillin_1108,CC1(C(N2C(S1)C(C2=O)NC(=O)C(C3=CC=C(C=C3)O)N)C(=O)O)C,approved,0,,,
Ciprofloxacin_1109,C1CC1N2C=C(C(=O)C3=CC(=C(C=C32)N4CCN(CC4)C)F)C(=O)O,approved,0,,,
Azithromycin_1110,CCC1C(C(C(N(CC(CC(C(C(C(C(C(=O)O1)C)OC2C(C(CC(O2)C)N(C)C)O)C)OC3C(C(CC(O3)C)N(C)C)O)C)C)C)O)O,approved,0,,,
Atorvastatin_1111,CC(C)C1=C(C(=C(N1CC[C@@H](C[C@@H](CC(=O)O)O)O)C2=CC=C(C=C2)F)C3=CC=CC=C3)C(=O)NC4=CC=CC=C4,approved,0,,,
Lisinopril_1112,C1CC(N(C1)C(=O)C(CC2=CC=CC=C2)NC(=O)C(CC3=CC=CC=C3)N)C(=O)O,approved,0,,,
Metoprolol_1113,CC(C)NCC(COC1=CC=C(C=C1)CCOC)O,approved,0,,,
Metformin_1114,CN(C)C(=N)N,approved,0,,,
Glipizide_1115,CC1=NC=C(N1C(=O)NC2=CC=C(C=C2)S(=O)(=O)NC(=O)NC3CCCCC3)C,approved,0,,,
Diazepam_1116,CN1C(=O)CN=C(C2=CC=CC=C2)C3=CC=CC=C3C1=O,approved,0,,,
Fluoxetine_1117,CNCCC(C1=CC=CC=C1)OC2=CC=C(C=C2)C(F)(F)F,approved,0,,,
Sertraline_1118,CNC(CC1=CC=CC=C1)C2=CC=CC=C2Cl,approved,0,,,
Salbutamol_1119,CC(C)(C)NCC(C1=CC(=C(C=C1)O)CO)O,approved,0,,,
Montelukast_1120,CC(C)(C)C1=CC=C(C=C1)CC(C2=CC=CC=C2)C3=CC=CC=C3,approved,0,,,
Aspirin_1121,CC(=O)OC1=CC=CC=C1C(=O)O,approved,0,,,
Paracetamol_1122,CC(=O)NC1=CC=C(O)C=C1,approved,0,,,
Ibuprofen_1123,CC(C)CC1=CC=C(C=C1)C(C)C(=O)O,approved,0,,,
Naproxen_1124,COC1=CC=C(C=C1)C(C)C(=O)O,approved,0,,,
Diclofenac_1125,ClC1=CC=C(C=C1)C(=O)NC2=CC=CC=C2Cl,approved,0,,,
Celecoxib_1126,CC1=CC=C(C=C1)C2=CC(=NN2C3=CC=C(C=C3)S(=O)(=O)N)C(F)(F)F,approved,0,,,
Penicillin G_1127,CC1(C(N2C(S1)C(C2=O)NC(=O)CC3=CC=CC=C3)C(=O)O)C,approved,0,,,
Amoxicillin_1128,CC1(C(N2C(S1)C(C2=O)NC(=O)C(C3=CC=C(C=C3)O)N)C(=O)O)C,approved,0,,,
Ciprofloxacin_1129,C1CC1N2C=C(C(=O)C3=CC(=C(C=C32)N4CCN(CC4)C)F)C(=O)O,approved,0,,,
Azithromycin_1130,CCC1C(C(C(N(CC(CC(C(C(C(C(C(=O)O1)C)OC2C(C(CC(O2)C)N(C)C)O)C)OC3C(C(CC(O3)C)N(C)C)O)C)C)C)O)O,approved,0,,,
Atorvastatin_1131,CC(C)C1=C(C(=C(N1CC[C@@H](C[C@@H](CC(=O)O)O)O)C2=CC=C(C=C2)F)C3=CC=CC=C3)C(=O)NC4=CC=CC=C4,approved,0,,,
Lisinopril_1132,C1CC(N(C1)C(=O)C(CC2=CC=CC=C2)NC(=O)C(CC3=CC=CC=C3)N)C(=O)O,approved,0,,,
Metoprolol_1133,CC(C)NCC(COC1=CC=C(C=C1)CCOC)O,approved,0,,,
Metformin_1134,CN(C)C(=N)N,approved,0,,,
Glipizide_1135,CC1=NC=C(N1C(=O)NC2=CC=C(C=C2)S(=O)(=O)NC(=O)NC3CCCCC3)C,approved,0,,,
Diazepam_1136,CN1C(=O)CN=C(C2=CC=CC=C2)C3=CC=CC=C3C1=O,approved,0,,,
Fluoxetine_1137,CNCCC(C1=CC=CC=C1)OC2=CC=C(C=C2)C(F)(F)F,approved,0,,,
Sertraline_1138,CNC(CC1=CC=CC=C1)C2=CC=CC=C2Cl,approved,0,,,
Salbutamol_1139,CC(C)(C)NCC(C1=CC(=C(C=C1)O)CO)O,approved,0,,,
Montelukast_1140,CC(C)(C)C1=CC=C(C=C1)CC(C2=CC=CC=C2)C3=CC=CC=C3,approved,0,,,
Aspirin_1141,CC(=O)OC1=CC=CC=C1C(=O)O,approved,0,,,
Paracetamol_1142,CC(=O)NC1=CC=C(O)C=C1,approved,0,,,
Ibuprofen_1143,CC(C)CC1=CC=C(C=C1)C(C)C(=O)O,approved,0,,,
Naproxen_1144,COC1=CC=C(C=C1)C(C)C(=O)O,approved,0,,,
Diclofenac_1145,ClC1=CC=C(C=C1)C(=O)NC2=CC=CC=C2Cl,approved,0,,,
Celecoxib_1146,CC1=CC=C(C=C1)C2=CC(=NN2C3=CC=C(C=C3)S(=O)(=O)N)C(F)(F)F,approved,0,,,
Penicillin G_1147,CC1(C(N2C(S1)C(C2=O)NC(=O)CC3=CC=CC=C3)C(=O)O)C,approved,0,,,
Amoxicillin_1148,CC1(C(N2C(S1)C(C2=O)NC(=O)C(C3=CC=C(C=C3)O)N)C(=O)O)C,approved,0,,,
Ciprofloxacin_1149,C1CC1N2C=C(C(=O)C3=CC(=C(C=C32)N4CCN(CC4)C)F)C(=O)O,approved,0,,,
Azithromycin_1150,CCC1C(C(C(N(CC(CC(C(C(C(C(C(=O)O1)C)OC2C(C(CC(O2)C)N(C)C)O)C)OC3C(C(CC(O3)C)N(C)C)O)C)C)C)O)O,approved,0,,,
Atorvastatin_1151,CC(C)C1=C(C(=C(N1CC[C@@H](C[C@@H](CC(=O)O)O)O)C2=CC=C(C=C2)F)C3=CC=CC=C3)C(=O)NC4=CC=CC=C4,approved,0,,,
Lisinopril_1152,C1CC(N(C1)C(=O)C(CC2=CC=CC=C2)NC(=O)C(CC3=CC=CC=C3)N)C(=O)O,approved,0,,,
Metoprolol_1153,CC(C)NCC(COC1=CC=C(C=C1)CCOC)O,approved,0,,,
Metformin_1154,CN(C)C(=N)N,approved,0,,,
Glipizide_1155,CC1=NC=C(N1C(=O)NC2=CC=C(C=C2)S(=O)(=O)NC(=O)NC3CCCCC3)C,approved,0,,,
Diazepam_1156,CN1C(=O)CN=C(C2=CC=CC=C2)C3=CC=CC=C3C1=O,approved,0,,,
Fluoxetine_1157,CNCCC(C1=CC=CC=C1)OC2=CC=C(C=C2)C(F)(F)F,approved,0,,,
Sertraline_1158,CNC(CC1=CC=CC=C1)C2=CC=CC=C2Cl,approved,0,,,
Salbutamol_1159,CC(C)(C)NCC(C1=CC(=C(C=C1)O)CO)O,approved,0,,,
Montelukast_1160,CC(C)(C)C1=CC=C(C=C1)CC(C2=CC=CC=C2)C3=CC=CC=C3,approved,0,,,
Aspirin_1161,CC(=O)OC1=CC=CC=C1C(=O)O,approved,0,,,
Paracetamol_1162,CC(=O)NC1=CC=C(O)C=C1,approved,0,,,
Ibuprofen_1163,CC(C)CC1=CC=C(C=C1)C(C)C(=O)O,approved,0,,,
Naproxen_1164,COC1=CC=C(C=C1)C(C)C(=O)O,approved,0,,,
Diclofenac_1165,ClC1=CC=C(C=C1)C(=O)NC2=CC=CC=C2Cl,approved,0,,,
Celecoxib_1166,CC1=CC=C(C=C1)C2=CC(=NN2C3=CC=C(C=C3)S(=O)(=O)N)C(F)(F)F,approved,0,,,
Penicillin G_1167,CC1(C(N2C(S1)C(C2=O)NC(=O)CC3=CC=CC=C3)C(=O)O)C,approved,0,,,
Amoxicillin_1168,CC1(C(N2C(S1)C(C2=O)NC(=O)C(C3=CC=C(C=C3)O)N)C(=O)O)C,approved,0,,,
Ciprofloxacin_1169,C1CC1N2C=C(C(=O)C3=CC(=C(C=C32)N4CCN(CC4)C)F)C(=O)O,approved,0,,,
Azithromycin_1170,CCC1C(C(C(N(CC(CC(C(C(C(C(C(=O)O1)C)OC2C(C(CC(O2)C)N(C)C)O)C)OC3C(C(CC(O3)C)N(C)C)O)C)C)C)O)O,approved,0,,,
Atorvastatin_1171,CC(C)C1=C(C(=C(N1CC[C@@H](C[C@@H](CC(=O)O)O)O)C2=CC=C(C=C2)F)C3=CC=CC=C3)C(=O)NC4=CC=CC=C4,approved,0,,,
Lisinopril_1172,C1CC(N(C1)C(=O)C(CC2=CC=CC=C2)NC(=O)C(CC3=CC=CC=C3)N)C(=O)O,approved,0,,,
Metoprolol_1173,CC(C)NCC(COC1=CC=C(C=C1)CCOC)O,approved,0,,,
Metformin_1174,CN(C)C(=N)N,approved,0,,,
Glipizide_1175,CC1=NC=C(N1C(=O)NC2=CC=C(C=C2)S(=O)(=O)NC(=O)NC3CCCCC3)C,approved,0,,,
Diazepam_1176,CN1C(=O)CN=C(C2=CC=CC=C2)C3=CC=CC=C3C1=O,approved,0,,,
Fluoxetine_1177,CNCCC(C1=CC=CC=C1)OC2=CC=C(C=C2)C(F)(F)F,approved,0,,,
Sertraline_1178,CNC(CC1=CC=CC=C1)C2=CC=CC=C2Cl,approved,0,,,
Salbutamol_1179,CC(C)(C)NCC(C1=CC(=C(C=C1)O)CO)O,approved,0,,,
Montelukast_1180,CC(C)(C)C1=CC=C(C=C1)CC(C2=CC=CC=C2)C3=CC=CC=C3,approved,0,,,
Aspirin_1181,CC(=O)OC1=CC=CC=C1C(=O)O,approved,0,,,
Paracetamol_1182,CC(=O)NC1=CC=C(O)C=C1,approved,0,,,
Ibuprofen_1183,CC(C)CC1=CC=C(C=C1)C(C)C(=O)O,approved,0,,,
Naproxen_1184,COC1=CC=C(C=C1)C(C)C(=O)O,approved,0,,,
Diclofenac_1185,ClC1=CC=C(C=C1)C(=O)NC2=CC=CC=C2Cl,approved,0,,,
Celecoxib_1186,CC1=CC=C(C=C1)C2=CC(=NN2C3=CC=C(C=C3)S(=O)(=O)N)C(F)(F)F,approved,0,,,
Penicillin G_1187,CC1(C(N2C(S1)C(C2=O)NC(=O)CC3=CC=CC=C3)C(=O)O)C,approved,0,,,
Amoxicillin_1188,CC1(C(N2C(S1)C(C2=O)NC(=O)C(C3=CC=C(C=C3)O)N)C(=O)O)C,approved,0,,,
Ciprofloxacin_1189,C1CC1N2C=C(C(=O)C3=CC(=C(C=C32)N4CCN(CC4)C)F)C(=O)O,approved,0,,,
Azithromycin_1190,CCC1C(C(C(N(CC(CC(C(C(C(C(C(=O)O1)C)OC2C(C(CC(O2)C)N(C)C)O)C)OC3C(C(CC(O3)C)N(C)C)O)C)C)C)O)O,approved,0,,,
Atorvastatin_1191,CC(C)C1=C(C(=C(N1CC[C@@H](C[C@@H](CC(=O)O)O)O)C2=CC=C(C=C2)F)C3=CC=CC=C3)C(=O)NC4=CC=CC=C4,approved,0,,,
Lisinopril_1192,C1CC(N(C1)C(=O)C(CC2=CC=CC=C2)NC(=O)C(CC3=CC=CC=C3)N)C(=O)O,approved,0,,,
Metoprolol_1193,CC(C)NCC(COC1=CC=C(C=C1)CCOC)O,approved,0,,,
Metformin_1194,CN(C)C(=N)N,approved,0,,,
Glipizide_1195,CC1=NC=C(N1C(=O)NC2=CC=C(C=C2)S(=O)(=O)NC(=O)NC3CCCCC3)C,approved,0,,,
Diazepam_1196,CN1C(=O)CN=C(C2=CC=CC=C2)C3=CC=CC=C3C1=O,approved,0,,,
Fluoxetine_1197,CNCCC(C1=CC=CC=C1)OC2=CC=C(C=C2)C(F)(F)F,approved,0,,,
Sertraline_1198,CNC(CC1=CC=CC=C1)C2=CC=CC=C2Cl,approved,0,,,
Salbutamol_1199,CC(C)(C)NCC(C1=CC(=C(C=C1)O)CO)O,approved,0,,,
Montelukast_1200,CC(C)(C)C1=CC=C(C=C1)CC(C2=CC=CC=C2)C3=CC=CC=C3,approved,0,,,
Aspirin_1201,CC(=O)OC1=CC=CC=C1C(=O)O,approved,0,,,
Paracetamol_1202,CC(=O)NC1=CC=C(O)C=C1,approved,0,,,
Ibuprofen_1203,CC(C)CC1=CC=C(C=C1)C(C)C(=O)O,approved,0,,,
Naproxen_1204,COC1=CC=C(C=C1)C(C)C(=O)O,approved,0,,,
Diclofenac_1205,ClC1=CC=C(C=C1)C(=O)NC2=CC=CC=C2Cl,approved,0,,,
Celecoxib_1206,CC1=CC=C(C=C1)C2=CC(=NN2C3=CC=C(C=C3)S(=O)(=O)N)C(F)(F)F,approved,0,,,
Penicillin G_1207,CC1(C(N2C(S1)C(C2=O)NC(=O)CC3=CC=CC=C3)C(=O)O)C,approved,0,,,
Amoxicillin_1208,CC1(C(N2C(S1)C(C2=O)NC(=O)C(C3=CC=C(C=C3)O)N)C(=O)O)C,approved,0,,,
Ciprofloxacin_1209,C1CC1N2C=C(C(=O)C3=CC(=C(C=C32)N4CCN(CC4)C)F)C(=O)O,approved,0,,,
Azithromycin_1210,CCC1C(C(C(N(CC(CC(C(C(C(C(C(=O)O1)C)OC2C(C(CC(O2)C)N(C)C)O)C)OC3C(C(CC(O3)C)N(C)C)O)C)C)C)O)O,approved,0,,,
Atorvastatin_1211,CC(C)C1=C(C(=C(N1CC[C@@H](C[C@@H](CC(=O)O)O)O)C2=CC=C(C=C2)F)C3=CC=CC=C3)C(=O)NC4=CC=CC=C4,approved,0,,,
Lisinopril_1212,C1CC(N(C1)C(=O)C(CC2=CC=CC=C2)NC(=O)C(CC3=CC=CC=C3)N)C(=O)O,approved,0,,,
Metoprolol_1213,CC(C)NCC(COC1=CC=C(C=C1)CCOC)O,approved,0,,,
Metformin_1214,CN(C)C(=N)N,approved,0,,,
Glipizide_1215,CC1=NC=C(N1C(=O)NC2=CC=C(C=C2)S(=O)(=O)NC(=O)NC3CCCCC3)C,approved,0,,,
Diazepam_1216,CN1C(=O)CN=C(C2=CC=CC=C2)C3=CC=CC=C3C1=O,approved,0,,,
Fluoxetine_1217,CNCCC(C1=CC=CC=C1)OC2=CC=C(C=C2)C(F)(F)F,approved,0,,,
Sertraline_1218,CNC(CC1=CC=CC=C1)C2=CC=CC=C2Cl,approved,0,,,
Salbutamol_1219,CC(C)(C)NCC(C1=CC(=C(C=C1)O)CO)O,approved,0,,,
Montelukast_1220,CC(C)(C)C1=CC=C(C=C1)CC(C2=CC=CC=C2)C3=CC=CC=C3,approved,0,,,
Aspirin_1221,CC(=O)OC1=CC=CC=C1C(=O)O,approved,0,,,
Paracetamol_1222,CC(=O)NC1=CC=C(O)C=C1,approved,0,,,
Ibuprofen_1223,CC(C)CC1=CC=C(C=C1)C(C)C(=O)O,approved,0,,,
Naproxen_1224,COC1=CC=C(C=C1)C(C)C(=O)O,approved,0,,,
Diclofenac_1225,ClC1=CC=C(C=C1)C(=O)NC2=CC=CC=C2Cl,approved,0,,,
Celecoxib_1226,CC1=CC=C(C=C1)C2=CC(=NN2C3=CC=C(C=C3)S(=O)(=O)N)C(F)(F)F,approved,0,,,
Penicillin G_1227,CC1(C(N2C(S1)C(C2=O)NC(=O)CC3=CC=CC=C3)C(=O)O)C,approved,0,,,
Amoxicillin_1228,CC1(C(N2C(S1)C(C2=O)NC(=O)C(C3=CC=C(C=C3)O)N)C(=O)O)C,approved,0,,,
Ciprofloxacin_1229,C1CC1N2C=C(C(=O)C3=CC(=C(C=C32)N4CCN(CC4)C)F)C(=O)O,approved,0,,,
Azithromycin_1230,CCC1C(C(C(N(CC(CC(C(C(C(C(C(=O)O1)C)OC2C(C(CC(O2)C)N(C)C)O)C)OC3C(C(CC(O3)C)N(C)C)O)C)C)C)O)O,approved,0,,,
Atorvastatin_1231,CC(C)C1=C(C(=C(N1CC[C@@H](C[C@@H](CC(=O)O)O)O)C2=CC=C(C=C2)F)C3=CC=CC=C3)C(=O)NC4=CC=CC=C4,approved,0,,,
Lisinopril_1232,C1CC(N(C1)C(=O)C(CC2=CC=CC=C2)NC(=O)C(CC3=CC=CC=C3)N)C(=O)O,approved,0,,,
Metoprolol_1233,CC(C)NCC(COC1=CC=C(C=C1)CCOC)O,approved,0,,,
Metformin_1234,CN(C)C(=N)N,approved,0,,,
Glipizide_1235,CC1=NC=C(N1C(=O)NC2=CC=C(C=C2)S(=O)(=O)NC(=O)NC3CCCCC3)C,approved,0,,,
Diazepam_1236,CN1C(=O)CN=C(C2=CC=CC=C2)C3=CC=CC=C3C1=O,approved,0,,,
Fluoxetine_1237,CNCCC(C1=CC=CC=C1)OC2=CC=C(C=C2)C(F)(F)F,approved,0,,,
Sertraline_1238,CNC(CC1=CC=CC=C1)C2=CC=CC=C2Cl,approved,0,,,
Salbutamol_1239,CC(C)(C)NCC(C1=CC(=C(C=C1)O)CO)O,approved,0,,,
Montelukast_1240,CC(C)(C)C1=CC=C(C=C1)CC(C2=CC=CC=C2)C3=CC=CC=C3,approved,0,,,
Aspirin_1241,CC(=O)OC1=CC=CC=C1C(=O)O,approved,0,,,
Paracetamol_1242,CC(=O)NC1=CC=C(O)C=C1,approved,0,,,
Ibuprofen_1243,CC(C)CC1=CC=C(C=C1)C(C)C(=O)O,approved,0,,,
Naproxen_1244,COC1=CC=C(C=C1)C(C)C(=O)O,approved,0,,,
Diclofenac_1245,ClC1=CC=C(C=C1)C(=O)NC2=CC=CC=C2Cl,approved,0,,,
Celecoxib_1246,CC1=CC=C(C=C1)C2=CC(=NN2C3=CC=C(C=C3)S(=O)(=O)N)C(F)(F)F,approved,0,,,
Penicillin G_1247,CC1(C(N2C(S1)C(C2=O)NC(=O)CC3=CC=CC=C3)C(=O)O)C,approved,0,,,
Amoxicillin_1248,CC1(C(N2C(S1)C(C2=O)NC(=O)C(C3=CC=C(C=C3)O)N)C(=O)O)C,approved,0,,,
Ciprofloxacin_1249,C1CC1N2C=C(C(=O)C3=CC(=C(C=C32)N4CCN(CC4)C)F)C(=O)O,approved,0,,,
Azithromycin_1250,CCC1C(C(C(N(CC(CC(C(C(C(C(C(=O)O1)C)OC2C(C(CC(O2)C)N(C)C)O)C)OC3C(C(CC(O3)C)N(C)C)O)C)C)C)O)O,approved,0,,,
Atorvastatin_1251,CC(C)C1=C(C(=C(N1CC[C@@H](C[C@@H](CC(=O)O)O)O)C2=CC=C(C=C2)F)C3=CC=CC=C3)C(=O)NC4=CC=CC=C4,approved,0,,,
Lisinopril_1252,C1CC(N(C1)C(=O)C(CC2=CC=CC=C2)NC(=O)C(CC3=CC=CC=C3)N)C(=O)O,approved,0,,,
Metoprolol_1253,CC(C)NCC(COC1=CC=C(C=C1)CCOC)O,approved,0,,,
Metformin_1254,CN(C)C(=N)N,approved,0,,,
Glipizide_1255,CC1=NC=C(N1C(=O)NC2=CC=C(C=C2)S(=O)(=O)NC(=O)NC3CCCCC3)C,approved,0,,,
Diazepam_1256,CN1C(=O)CN=C(C2=CC=CC=C2)C3=CC=CC=C3C1=O,approved,0,,,
Fluoxetine_1257,CNCCC(C1=CC=CC=C1)OC2=CC=C(C=C2)C(F)(F)F,approved,0,,,
Sertraline_1258,CNC(CC1=CC=CC=C1)C2=CC=CC=C2Cl,approved,0,,,
Salbutamol_1259,CC(C)(C)NCC(C1=CC(=C(C=C1)O)CO)O,approved,0,,,
Montelukast_1260,CC(C)(C)C1=CC=C(C=C1)CC(C2=CC=CC=C2)C3=CC=CC=C3,approved,0,,,
Aspirin_1261,CC(=O)OC1=CC=CC=C1C(=O)O,approved,0,,,
Paracetamol_1262,CC(=O)NC1=CC=C(O)C=C1,approved,0,,,
Ibuprofen_1263,CC(C)CC1=CC=C(C=C1)C(C)C(=O)O,approved,0,,,
Naproxen_1264,COC1=CC=C(C=C1)C(C)C(=O)O,approved,0,,,
Diclofenac_1265,ClC1=CC=C(C=C1)C(=O)NC2=CC=CC=C2Cl,approved,0,,,
Celecoxib_1266,CC1=CC=C(C=C1)C2=CC(=NN2C3=CC=C(C=C3)S(=O)(=O)N)C(F)(F)F,approved,0,,,
Penicillin G_1267,CC1(C(N2C(S1)C(C2=O)NC(=O)CC3=CC=CC=C3)C(=O)O)C,approved,0,,,
Amoxicillin_1268,CC1(C(N2C(S1)C(C2=O)NC(=O)C(C3=CC=C(C=C3)O)N)C(=O)O)C,approved,0,,,
Ciprofloxacin_1269,C1CC1N2C=C(C(=O)C3=CC(=C(C=C32)N4CCN(CC4)C)F)C(=O)O,approved,0,,,
Azithromycin_1270,CCC1C(C(C(N(CC(CC(C(C(C(C(C(=O)O1)C)OC2C(C(CC(O2)C)N(C)C)O)C)OC3C(C(CC(O3)C)N(C)C)O)C)C)C)O)O,approved,0,,,
Atorvastatin_1271,CC(C)C1=C(C(=C(N1CC[C@@H](C[C@@H](CC(=O)O)O)O)C2=CC=C(C=C2)F)C3=CC=CC=C3)C(=O)NC4=CC=CC=C4,approved,0,,,
Lisinopril_1272,C1CC(N(C1)C(=O)C(CC2=CC=CC=C2)NC(=O)C(CC3=CC=CC=C3)N)C(=O)O,approved,0,,,
Metoprolol_1273,CC(C)NCC(COC1=CC=C(C=C1)CCOC)O,approved,0,,,
Metformin_1274,CN(C)C(=N)N,approved,0,,,
Glipizide_1275,CC1=NC=C(N1C(=O)NC2=CC=C(C=C2)S(=O)(=O)NC(=O)NC3CCCCC3)C,approved,0,,,
Diazepam_1276,CN1C(=O)CN=C(C2=CC=CC=C2)C3=CC=CC=C3C1=O,approved,0,,,
Fluoxetine_1277,CNCCC(C1=CC=CC=C1)OC2=CC=C(C=C2)C(F)(F)F,approved,0,,,
Sertraline_1278,CNC(CC1=CC=CC=C1)C2=CC=CC=C2Cl,approved,0,,,
Salbutamol_1279,CC(C)(C)NCC(C1=CC(=C(C=C1)O)CO)O,approved,0,,,
Montelukast_1280,CC(C)(C)C1=CC=C(C=C1)CC(C2=CC=CC=C2)C3=CC=CC=C3,approved,0,,,
Aspirin_1281,CC(=O)OC1=CC=CC=C1C(=O)O,approved,0,,,
Paracetamol_1282,CC(=O)NC1=CC=C(O)C=C1,approved,0,,,
Ibuprofen_1283,CC(C)CC1=CC=C(C=C1)C(C)C(=O)O,approved,0,,,
Naproxen_1284,COC1=CC=C(C=C1)C(C)C(=O)O,approved,0,,,
Diclofenac_1285,ClC1=CC=C(C=C1)C(=O)NC2=CC=CC=C2Cl,approved,0,,,
Celecoxib_1286,CC1=CC=C(C=C1)C2=CC(=NN2C3=CC=C(C=C3)S(=O)(=O)N)C(F)(F)F,approved,0,,,
Penicillin G_1287,CC1(C(N2C(S1)C(C2=O)NC(=O)CC3=CC=CC=C3)C(=O)O)C,approved,0,,,
Amoxicillin_1288,CC1(C(N2C(S1)C(C2=O)NC(=O)C(C3=CC=C(C=C3)O)N)C(=O)O)C,approved,0,,,
Ciprofloxacin_1289,C1CC1N2C=C(C(=O)C3=CC(=C(C=C32)N4CCN(CC4)C)F)C(=O)O,approved,0,,,
Azithromycin_1290,CCC1C(C(C(N(CC(CC(C(C(C(C(C(=O)O1)C)OC2C(C(CC(O2)C)N(C)C)O)C)OC3C(C(CC(O3)C)N(C)C)O)C)C)C)O)O,approved,0,,,
Atorvastatin_1291,CC(C)C1=C(C(=C(N1CC[C@@H](C[C@@H](CC(=O)O)O)O)C2=CC=C(C=C2)F)C3=CC=CC=C3)C(=O)NC4=CC=CC=C4,approved,0,,,
Lisinopril_1292,C1CC(N(C1)C(=O)C(CC2=CC=CC=C2)NC(=O)C(CC3=CC=CC=C3)N)C(=O)O,approved,0,,,
Metoprolol_1293,CC(C)NCC(COC1=CC=C(C=C1)CCOC)O,approved,0,,,
Metformin_1294,CN(C)C(=N)N,approved,0,,,
Glipizide_1295,CC1=NC=C(N1C(=O)NC2=CC=C(C=C2)S(=O)(=O)NC(=O)NC3CCCCC3)C,approved,0,,,
Diazepam_1296,CN1C(=O)CN=C(C2=CC=CC=C2)C3=CC=CC=C3C1=O,approved,0,,,
Fluoxetine_1297,CNCCC(C1=CC=CC=C1)OC2=CC=C(C=C2)C(F)(F)F,approved,0,,,
Sertraline_1298,CNC(CC1=CC=CC=C1)C2=CC=CC=C2Cl,approved,0,,,
Salbutamol_1299,CC(C)(C)NCC(C1=CC(=C(C=C1)O)CO)O,approved,0,,,
Montelukast_1300,CC(C)(C)C1=CC=C(C=C1)CC(C2=CC=CC=C2)C3=CC=CC=C3,approved,0,,,
Aspirin_1301,CC(=O)OC1=CC=CC=C1C(=O)O,approved,0,,,
Paracetamol_1302,CC(=O)NC1=CC=C(O)C=C1,approved,0,,,
Ibuprofen_1303,CC(C)CC1=CC=C(C=C1)C(C)C(=O)O,approved,0,,,
Naproxen_1304,COC1=CC=C(C=C1)C(C)C(=O)O,approved,0,,,
Diclofenac_1305,ClC1=CC=C(C=C1)C(=O)NC2=CC=CC=C2Cl,approved,0,,,
Celecoxib_1306,CC1=CC=C(C=C1)C2=CC(=NN2C3=CC=C(C=C3)S(=O)(=O)N)C(F)(F)F,approved,0,,,
Penicillin G_1307,CC1(C(N2C(S1)C(C2=O)NC(=O)CC3=CC=CC=C3)C(=O)O)C,approved,0,,,
Amoxicillin_1308,CC1(C(N2C(S1)C(C2=O)NC(=O)C(C3=CC=C(C=C3)O)N)C(=O)O)C,approved,0,,,
Ciprofloxacin_1309,C1CC1N2C=C(C(=O)C3=CC(=C(C=C32)N4CCN(CC4)C)F)C(=O)O,approved,0,,,
Azithromycin_1310,CCC1C(C(C(N(CC(CC(C(C(C(C(C(=O)O1)C)OC2C(C(CC(O2)C)N(C)C)O)C)OC3C(C(CC(O3)C)N(C)C)O)C)C)C)O)O,approved,0,,,
Atorvastatin_1311,CC(C)C1=C(C(=C(N1CC[C@@H](C[C@@H](CC(=O)O)O)O)C2=CC=C(C=C2)F)C3=CC=CC=C3)C(=O)NC4=CC=CC=C4,approved,0,,,
Lisinopril_1312,C1CC(N(C1)C(=O)C(CC2=CC=CC=C2)NC(=O)C(CC3=CC=CC=C3)N)C(=O)O,approved,0,,,
Metoprolol_1313,CC(C)NCC(COC1=CC=C(C=C1)CCOC)O,approved,0,,,
Metformin_1314,CN(C)C(=N)N,approved,0,,,
Glipizide_1315,CC1=NC=C(N1C(=O)NC2=CC=C(C=C2)S(=O)(=O)NC(=O)NC3CCCCC3)C,approved,0,,,
Diazepam_1316,CN1C(=O)CN=C(C2=CC=CC=C2)C3=CC=CC=C3C1=O,approved,0,,,
Fluoxetine_1317,CNCCC(C1=CC=CC=C1)OC2=CC=C(C=C2)C(F)(F)F,approved,0,,,
Sertraline_1318,CNC(CC1=CC=CC=C1)C2=CC=CC=C2Cl,approved,0,,,
Salbutamol_1319,CC(C)(C)NCC(C1=CC(=C(C=C1)O)CO)O,approved,0,,,
Montelukast_1320,CC(C)(C)C1=CC=C(C=C1)CC(C2=CC=CC=C2)C3=CC=CC=C3,approved,0,,,
Aspirin_1321,CC(=O)OC1=CC=CC=C1C(=O)O,approved,0,,,
Paracetamol_1322,CC(=O)NC1=CC=C(O)C=C1,approved,0,,,
Ibuprofen_1323,CC(C)CC1=CC=C(C=C1)C(C)C(=O)O,approved,0,,,
Naproxen_1324,COC1=CC=C(C=C1)C(C)C(=O)O,approved,0,,,
Diclofenac_1325,ClC1=CC=C(C=C1)C(=O)NC2=CC=CC=C2Cl,approved,0,,,
Celecoxib_1326,CC1=CC=C(C=C1)C2=CC(=NN2C3=CC=C(C=C3)S(=O)(=O)N)C(F)(F)F,approved,0,,,
Penicillin G_1327,CC1(C(N2C(S1)C(C2=O)NC(=O)CC3=CC=CC=C3)C(=O)O)C,approved,0,,,
Amoxicillin_1328,CC1(C(N2C(S1)C(C2=O)NC(=O)C(C3=CC=C(C=C3)O)N)C(=O)O)C,approved,0,,,
Ciprofloxacin_1329,C1CC1N2C=C(C(=O)C3=CC(=C(C=C32)N4CCN(CC4)C)F)C(=O)O,approved,0,,,
Azithromycin_1330,CCC1C(C(C(N(CC(CC(C(C(C(C(C(=O)O1)C)OC2C(C(CC(O2)C)N(C)C)O)C)OC3C(C(CC(O3)C)N(C)C)O)C)C)C)O)O,approved,0,,,
Atorvastatin_1331,CC(C)C1=C(C(=C(N1CC[C@@H](C[C@@H](CC(=O)O)O)O)C2=CC=C(C=C2)F)C3=CC=CC=C3)C(=O)NC4=CC=CC=C4,approved,0,,,
Lisinopril_1332,C1CC(N(C1)C(=O)C(CC2=CC=CC=C2)NC(=O)C(CC3=CC=CC=C3)N)C(=O)O,approved,0,,,
Metoprolol_1333,CC(C)NCC(COC1=CC=C(C=C1)CCOC)O,approved,0,,,
Metformin_1334,CN(C)C(=N)N,approved,0,,,
Glipizide_1335,CC1=NC=C(N1C(=O)NC2=CC=C(C=C2)S(=O)(=O)NC(=O)NC3CCCCC3)C,approved,0,,,
Diazepam_1336,CN1C(=O)CN=C(C2=CC=CC=C2)C3=CC=CC=C3C1=O,approved,0,,,
Fluoxetine_1337,CNCCC(C1=CC=CC=C1)OC2=CC=C(C=C2)C(F)(F)F,approved,0,,,
Sertraline_1338,CNC(CC1=CC=CC=C1)C2=CC=CC=C2Cl,approved,0,,,
Salbutamol_1339,CC(C)(C)NCC(C1=CC(=C(C=C1)O)CO)O,approved,0,,,
Montelukast_1340,CC(C)(C)C1=CC=C(C=C1)CC(C2=CC=CC=C2)C3=CC=CC=C3,approved,0,,,
Aspirin_1341,CC(=O)OC1=CC=CC=C1C(=O)O,approved,0,,,
Paracetamol_1342,CC(=O)NC1=CC=C(O)C=C1,approved,0,,,
Ibuprofen_1343,CC(C)CC1=CC=C(C=C1)C(C)C(=O)O,approved,0,,,
Naproxen_1344,COC1=CC=C(C=C1)C(C)C(=O)O,approved,0,,,
Diclofenac_1345,ClC1=CC=C(C=C1)C(=O)NC2=CC=CC=C2Cl,approved,0,,,
Celecoxib_1346,CC1=CC=C(C=C1)C2=CC(=NN2C3=CC=C(C=C3)S(=O)(=O)N)C(F)(F)F,approved,0,,,
Penicillin G_1347,CC1(C(N2C(S1)C(C2=O)NC(=O)CC3=CC=CC=C3)C(=O)O)C,approved,0,,,
Amoxicillin_1348,CC1(C(N2C(S1)C(C2=O)NC(=O)C(C3=CC=C(C=C3)O)N)C(=O)O)C,approved,0,,,
Ciprofloxacin_1349,C1CC1N2C=C(C(=O)C3=CC(=C(C=C32)N4CCN(CC4)C)F)C(=O)O,approved,0,,,
Azithromycin_1350,CCC1C(C(C(N(CC(CC(C(C(C(C(C(=O)O1)C)OC2C(C(CC(O2)C)N(C)C)O)C)OC3C(C(CC(O3)C)N(C)C)O)C)C)C)O)O,approved,0,,,
Atorvastatin_1351,CC(C)C1=C(C(=C(N1CC[C@@H](C[C@@H](CC(=O)O)O)O)C2=CC=C(C=C2)F)C3=CC=CC=C3)C(=O)NC4=CC=CC=C4,approved,0,,,
Lisinopril_1352,C1CC(N(C1)C(=O)C(CC2=CC=CC=C2)NC(=O)C(CC3=CC=CC=C3)N)C(=O)O,approved,0,,,
Metoprolol_1353,CC(C)NCC(COC1=CC=C(C=C1)CCOC)O,approved,0,,,
Metformin_1354,CN(C)C(=N)N,approved,0,,,
Glipizide_1355,CC1=NC=C(N1C(=O)NC2=CC=C(C=C2)S(=O)(=O)NC(=O)NC3CCCCC3)C,approved,0,,,
Diazepam_1356,CN1C(=O)CN=C(C2=CC=CC=C2)C3=CC=CC=C3C1=O,approved,0,,,
Fluoxetine_1357,CNCCC(C1=CC=CC=C1)OC2=CC=C(C=C2)C(F)(F)F,approved,0,,,
Sertraline_1358,CNC(CC1=CC=CC=C1)C2=CC=CC=C2Cl,approved,0,,,
Salbutamol_1359,CC(C)(C)NCC(C1=CC(=C(C=C1)O)CO)O,approved,0,,,
Montelukast_1360,CC(C)(C)C1=CC=C(C=C1)CC(C2=CC=CC=C2)C3=CC=CC=C3,approved,0,,,
Aspirin_1361,CC(=O)OC1=CC=CC=C1C(=O)O,approved,0,,,
Paracetamol_1362,CC(=O)NC1=CC=C(O)C=C1,approved,0,,,
Ibuprofen_1363,CC(C)CC1=CC=C(C=C1)C(C)C(=O)O,approved,0,,,
Naproxen_1364,COC1=CC=C(C=C1)C(C)C(=O)O,approved,0,,,
Diclofenac_1365,ClC1=CC=C(C=C1)C(=O)NC2=CC=CC=C2Cl,approved,0,,,
Celecoxib_1366,CC1=CC=C(C=C1)C2=CC(=NN2C3=CC=C(C=C3)S(=O)(=O)N)C(F)(F)F,approved,0,,,
Penicillin G_1367,CC1(C(N2C(S1)C(C2=O)NC(=O)CC3=CC=CC=C3)C(=O)O)C,approved,0,,,
Amoxicillin_1368,CC1(C(N2C(S1)C(C2=O)NC(=O)C(C3=CC=C(C=C3)O)N)C(=O)O)C,approved,0,,,
Ciprofloxacin_1369,C1CC1N2C=C(C(=O)C3=CC(=C(C=C32)N4CCN(CC4)C)F)C(=O)O,approved,0,,,
Azithromycin_1370,CCC1C(C(C(N(CC(CC(C(C(C(C(C(=O)O1)C)OC2C(C(CC(O2)C)N(C)C)O)C)OC3C(C(CC(O3)C)N(C)C)O)C)C)C)O)O,approved,0,,,
Atorvastatin_1371,CC(C)C1=C(C(=C(N1CC[C@@H](C[C@@H](CC(=O)O)O)O)C2=CC=C(C=C2)F)C3=CC=CC=C3)C(=O)NC4=CC=CC=C4,approved,0,,,
Lisinopril_1372,C1CC(N(C1)C(=O)C(CC2=CC=CC=C2)NC(=O)C(CC3=CC=CC=C3)N)C(=O)O,approved,0,,,
Metoprolol_1373,CC(C)NCC(COC1=CC=C(C=C1)CCOC)O,approved,0,,,
Metformin_1374,CN(C)C(=N)N,approved,0,,,
Glipizide_1375,CC1=NC=C(N1C(=O)NC2=CC=C(C=C2)S(=O)(=O)NC(=O)NC3CCCCC3)C,approved,0,,,
Diazepam_1376,CN1C(=O)CN=C(C2=CC=CC=C2)C3=CC=CC=C3C1=O,approved,0,,,
Fluoxetine_1377,CNCCC(C1=CC=CC=C1)OC2=CC=C(C=C2)C(F)(F)F,approved,0,,,
Sertraline_1378,CNC(CC1=CC=CC=C1)C2=CC=CC=C2Cl,approved,0,,,
Salbutamol_1379,CC(C)(C)NCC(C1=CC(=C(C=C1)O)CO)O,approved,0,,,
Montelukast_1380,CC(C)(C)C1=CC=C(C=C1)CC(C2=CC=CC=C2)C3=CC=CC=C3,approved,0,,,
Aspirin_1381,CC(=O)OC1=CC=CC=C1C(=O)O,approved,0,,,
Paracetamol_1382,CC(=O)NC1=CC=C(O)C=C1,approved,0,,,
Ibuprofen_1383,CC(C)CC1=CC=C(C=C1)C(C)C(=O)O,approved,0,,,
Naproxen_1384,COC1=CC=C(C=C1)C(C)C(=O)O,approved,0,,,
Diclofenac_1385,ClC1=CC=C(C=C1)C(=O)NC2=CC=CC=C2Cl,approved,0,,,
Celecoxib_1386,CC1=CC=C(C=C1)C2=CC(=NN2C3=CC=C(C=C3)S(=O)(=O)N)C(F)(F)F,approved,0,,,
Penicillin G_1387,CC1(C(N2C(S1)C(C2=O)NC(=O)CC3=CC=CC=C3)C(=O)O)C,approved,0,,,
Amoxicillin_1388,CC1(C(N2C(S1)C(C2=O)NC(=O)C(C3=CC=C(C=C3)O)N)C(=O)O)C,approved,0,,,
Ciprofloxacin_1389,C1CC1N2C=C(C(=O)C3=CC(=C(C=C32)N4CCN(CC4)C)F)C(=O)O,approved,0,,,
Azithromycin_1390,CCC1C(C(C(N(CC(CC(C(C(C(C(C(=O)O1)C)OC2C(C(CC(O2)C)N(C)C)O)C)OC3C(C(CC(O3)C)N(C)C)O)C)C)C)O)O,approved,0,,,
Atorvastatin_1391,CC(C)C1=C(C(=C(N1CC[C@@H](C[C@@H](CC(=O)O)O)O)C2=CC=C(C=C2)F)C3=CC=CC=C3)C(=O)NC4=CC=CC=C4,approved,0,,,
Lisinopril_1392,C1CC(N(C1)C(=O)C(CC2=CC=CC=C2)NC(=O)C(CC3=CC=CC=C3)N)C(=O)O,approved,0,,,
Metoprolol_1393,CC(C)NCC(COC1=CC=C(C=C1)CCOC)O,approved,0,,,
Metformin_1394,CN(C)C(=N)N,approved,0,,,
Glipizide_1395,CC1=NC=C(N1C(=O)NC2=CC=C(C=C2)S(=O)(=O)NC(=O)NC3CCCCC3)C,approved,0,,,
Diazepam_1396,CN1C(=O)CN=C(C2=CC=CC=C2)C3=CC=CC=C3C1=O,approved,0,,,
Fluoxetine_1397,CNCCC(C1=CC=CC=C1)OC2=CC=C(C=C2)C(F)(F)F,approved,0,,,
Sertraline_1398,CNC(CC1=CC=CC=C1)C2=CC=CC=C2Cl,approved,0,,,
Salbutamol_1399,CC(C)(C)NCC(C1=CC(=C(C=C1)O)CO)O,approved,0,,,
Montelukast_1400,CC(C)(C)C1=CC=C(C=C1)CC(C2=CC=CC=C2)C3=CC=CC=C3,approved,0,,,
Aspirin_1401,CC(=O)OC1=CC=CC=C1C(=O)O,approved,0,,,
Paracetamol_1402,CC(=O)NC1=CC=C(O)C=C1,approved,0,,,
Ibuprofen_1403,CC(C)CC1=CC=C(C=C1)C(C)C(=O)O,approved,0,,,
Naproxen_1404,COC1=CC=C(C=C1)C(C)C(=O)O,approved,0,,,
Diclofenac_1405,ClC1=CC=C(C=C1)C(=O)NC2=CC=CC=C2Cl,approved,0,,,
Celecoxib_1406,CC1=CC=C(C=C1)C2=CC(=NN2C3=CC=C(C=C3)S(=O)(=O)N)C(F)(F)F,approved,0,,,
Penicillin G_1407,CC1(C(N2C(S1)C(C2=O)NC(=O)CC3=CC=CC=C3)C(=O)O)C,approved,0,,,
Amoxicillin_1408,CC1(C(N2C(S1)C(C2=O)NC(=O)C(C3=CC=C(C=C3)O)N)C(=O)O)C,approved,0,,,
Ciprofloxacin_1409,C1CC1N2C=C(C(=O)C3=CC(=C(C=C32)N4CCN(CC4)C)F)C(=O)O,approved,0,,,
Azithromycin_1410,CCC1C(C(C(N(CC(CC(C(C(C(C(C(=O)O1)C)OC2C(C(CC(O2)C)N(C)C)O)C)OC3C(C(CC(O3)C)N(C)C)O)C)C)C)O)O,approved,0,,,
Atorvastatin_1411,CC(C)C1=C(C(=C(N1CC[C@@H](C[C@@H](CC(=O)O)O)O)C2=CC=C(C=C2)F)C3=CC=CC=C3)C(=O)NC4=CC=CC=C4,approved,0,,,
Lisinopril_1412,C1CC(N(C1)C(=O)C(CC2=CC=CC=C2)NC(=O)C(CC3=CC=CC=C3)N)C(=O)O,approved,0,,,
Metoprolol_1413,CC(C)NCC(COC1=CC=C(C=C1)CCOC)O,approved,0,,,
Metformin_1414,CN(C)C(=N)N,approved,0,,,
Glipizide_1415,CC1=NC=C(N1C(=O)NC2=CC=C(C=C2)S(=O)(=O)NC(=O)NC3CCCCC3)C,approved,0,,,
Diazepam_1416,CN1C(=O)CN=C(C2=CC=CC=C2)C3=CC=CC=C3C1=O,approved,0,,,
Fluoxetine_1417,CNCCC(C1=CC=CC=C1)OC2=CC=C(C=C2)C(F)(F)F,approved,0,,,
Sertraline_1418,CNC(CC1=CC=CC=C1)C2=CC=CC=C2Cl,approved,0,,,
Salbutamol_1419,CC(C)(C)NCC(C1=CC(=C(C=C1)O)CO)O,approved,0,,,
Montelukast_1420,CC(C)(C)C1=CC=C(C=C1)CC(C2=CC=CC=C2)C3=CC=CC=C3,approved,0,,,
Aspirin_1421,CC(=O)OC1=CC=CC=C1C(=O)O,approved,0,,,
Paracetamol_1422,CC(=O)NC1=CC=C(O)C=C1,approved,0,,,
Ibuprofen_1423,CC(C)CC1=CC=C(C=C1)C(C)C(=O)O,approved,0,,,
Naproxen_1424,COC1=CC=C(C=C1)C(C)C(=O)O,approved,0,,,
Diclofenac_1425,ClC1=CC=C(C=C1)C(=O)NC2=CC=CC=C2Cl,approved,0,,,
Celecoxib_1426,CC1=CC=C(C=C1)C2=CC(=NN2C3=CC=C(C=C3)S(=O)(=O)N)C(F)(F)F,approved,0,,,
Penicillin G_1427,CC1(C(N2C(S1)C(C2=O)NC(=O)CC3=CC=CC=C3)C(=O)O)C,approved,0,,,
Amoxicillin_1428,CC1(C(N2C(S1)C(C2=O)NC(=O)C(C3=CC=C(C=C3)O)N)C(=O)O)C,approved,0,,,
Ciprofloxacin_1429,C1CC1N2C=C(C(=O)C3=CC(=C(C=C32)N4CCN(CC4)C)F)C(=O)O,approved,0,,,
Azithromycin_1430,CCC1C(C(C(N(CC(CC(C(C(C(C(C(=O)O1)C)OC2C(C(CC(O2)C)N(C)C)O)C)OC3C(C(CC(O3)C)N(C)C)O)C)C)C)O)O,approved,0,,,
Atorvastatin_1431,CC(C)C1=C(C(=C(N1CC[C@@H](C[C@@H](CC(=O)O)O)O)C2=CC=C(C=C2)F)C3=CC=CC=C3)C(=O)NC4=CC=CC=C4,approved,0,,,
Lisinopril_1432,C1CC(N(C1)C(=O)C(CC2=CC=CC=C2)NC(=O)C(CC3=CC=CC=C3)N)C(=O)O,approved,0,,,
Metoprolol_1433,CC(C)NCC(COC1=CC=C(C=C1)CCOC)O,approved,0,,,
Metformin_1434,CN(C)C(=N)N,approved,0,,,
Glipizide_1435,CC1=NC=C(N1C(=O)NC2=CC=C(C=C2)S(=O)(=O)NC(=O)NC3CCCCC3)C,approved,0,,,
Diazepam_1436,CN1C(=O)CN=C(C2=CC=CC=C2)C3=CC=CC=C3C1=O,approved,0,,,
Fluoxetine_1437,CNCCC(C1=CC=CC=C1)OC2=CC=C(C=C2)C(F)(F)F,approved,0,,,
Sertraline_1438,CNC(CC1=CC=CC=C1)C2=CC=CC=C2Cl,approved,0,,,
Salbutamol_1439,CC(C)(C)NCC(C1=CC(=C(C=C1)O)CO)O,approved,0,,,
Montelukast_1440,CC(C)(C)C1=CC=C(C=C1)CC(C2=CC=CC=C2)C3=CC=CC=C3,approved,0,,,
Aspirin_1441,CC(=O)OC1=CC=CC=C1C(=O)O,approved,0,,,
Paracetamol_1442,CC(=O)NC1=CC=C(O)C=C1,approved,0,,,
Ibuprofen_1443,CC(C)CC1=CC=C(C=C1)C(C)C(=O)O,approved,0,,,
Naproxen_1444,COC1=CC=C(C=C1)C(C)C(=O)O,approved,0,,,
Diclofenac_1445,ClC1=CC=C(C=C1)C(=O)NC2=CC=CC=C2Cl,approved,0,,,
Celecoxib_1446,CC1=CC=C(C=C1)C2=CC(=NN2C3=CC=C(C=C3)S(=O)(=O)N)C(F)(F)F,approved,0,,,
Penicillin G_1447,CC1(C(N2C(S1)C(C2=O)NC(=O)CC3=CC=CC=C3)C(=O)O)C,approved,0,,,
Amoxicillin_1448,CC1(C(N2C(S1)C(C2=O)NC(=O)C(C3=CC=C(C=C3)O)N)C(=O)O)C,approved,0,,,
Ciprofloxacin_1449,C1CC1N2C=C(C(=O)C3=CC(=C(C=C32)N4CCN(CC4)C)F)C(=O)O,approved,0,,,
Azithromycin_1450,CCC1C(C(C(N(CC(CC(C(C(C(C(C(=O)O1)C)OC2C(C(CC(O2)C)N(C)C)O)C)OC3C(C(CC(O3)C)N(C)C)O)C)C)C)O)O,approved,0,,,
Atorvastatin_1451,CC(C)C1=C(C(=C(N1CC[C@@H](C[C@@H](CC(=O)O)O)O)C2=CC=C(C=C2)F)C3=CC=CC=C3)C(=O)NC4=CC=CC=C4,approved,0,,,
Lisinopril_1452,C1CC(N(C1)C(=O)C(CC2=CC=CC=C2)NC(=O)C(CC3=CC=CC=C3)N)C(=O)O,approved,0,,,
Metoprolol_1453,CC(C)NCC(COC1=CC=C(C=C1)CCOC)O,approved,0,,,
Metformin_1454,CN(C)C(=N)N,approved,0,,,
Glipizide_1455,CC1=NC=C(N1C(=O)NC2=CC=C(C=C2)S(=O)(=O)NC(=O)NC3CCCCC3)C,approved,0,,,
Diazepam_1456,CN1C(=O)CN=C(C2=CC=CC=C2)C3=CC=CC=C3C1=O,approved,0,,,
Fluoxetine_1457,CNCCC(C1=CC=CC=C1)OC2=CC=C(C=C2)C(F)(F)F,approved,0,,,
Sertraline_1458,CNC(CC1=CC=CC=C1)C2=CC=CC=C2Cl,approved,0,,,
Salbutamol_1459,CC(C)(C)NCC(C1=CC(=C(C=C1)O)CO)O,approved,0,,,
Montelukast_1460,CC(C)(C)C1=CC=C(C=C1)CC(C2=CC=CC=C2)C3=CC=CC=C3,approved,0,,,
Aspirin_1461,CC(=O)OC1=CC=CC=C1C(=O)O,approved,0,,,
Paracetamol_1462,CC(=O)NC1=CC=C(O)C=C1,approved,0,,,
Ibuprofen_1463,CC(C)CC1=CC=C(C=C1)C(C)C(=O)O,approved,0,,,
Naproxen_1464,COC1=CC=C(C=C1)C(C)C(=O)O,approved,0,,,
Diclofenac_1465,ClC1=CC=C(C=C1)C(=O)NC2=CC=CC=C2Cl,approved,0,,,
Celecoxib_1466,CC1=CC=C(C=C1)C2=CC(=NN2C3=CC=C(C=C3)S(=O)(=O)N)C(F)(F)F,approved,0,,,
Penicillin G_1467,CC1(C(N2C(S1)C(C2=O)NC(=O)CC3=CC=CC=C3)C(=O)O)C,approved,0,,,
Amoxicillin_1468,CC1(C(N2C(S1)C(C2=O)NC(=O)C(C3=CC=C(C=C3)O)N)C(=O)O)C,approved,0,,,
Ciprofloxacin_1469,C1CC1N2C=C(C(=O)C3=CC(=C(C=C32)N4CCN(CC4)C)F)C(=O)O,approved,0,,,
Azithromycin_1470,CCC1C(C(C(N(CC(CC(C(C(C(C(C(=O)O1)C)OC2C(C(CC(O2)C)N(C)C)O)C)OC3C(C(CC(O3)C)N(C)C)O)C)C)C)O)O,approved,0,,,
Atorvastatin_1471,CC(C)C1=C(C(=C(N1CC[C@@H](C[C@@H](CC(=O)O)O)O)C2=CC=C(C=C2)F)C3=CC=CC=C3)C(=O)NC4=CC=CC=C4,approved,0,,,
Lisinopril_1472,C1CC(N(C1)C(=O)C(CC2=CC=CC=C2)NC(=O)C(CC3=CC=CC=C3)N)C(=O)O,approved,0,,,
Metoprolol_1473,CC(C)NCC(COC1=CC=C(C=C1)CCOC)O,approved,0,,,
Metformin_1474,CN(C)C(=N)N,approved,0,,,
Glipizide_1475,CC1=NC=C(N1C(=O)NC2=CC=C(C=C2)S(=O)(=O)NC(=O)NC3CCCCC3)C,approved,0,,,
Diazepam_1476,CN1C(=O)CN=C(C2=CC=CC=C2)C3=CC=CC=C3C1=O,approved,0,,,
Fluoxetine_1477,CNCCC(C1=CC=CC=C1)OC2=CC=C(C=C2)C(F)(F)F,approved,0,,,
Sertraline_1478,CNC(CC1=CC=CC=C1)C2=CC=CC=C2Cl,approved,0,,,
Salbutamol_1479,CC(C)(C)NCC(C1=CC(=C(C=C1)O)CO)O,approved,0,,,
Montelukast_1480,CC(C)(C)C1=CC=C(C=C1)CC(C2=CC=CC=C2)C3=CC=CC=C3,approved,0,,,
Aspirin_1481,CC(=O)OC1=CC=CC=C1C(=O)O,approved,0,,,
Paracetamol_1482,CC(=O)NC1=CC=C(O)C=C1,approved,0,,,
Ibuprofen_1483,CC(C)CC1=CC=C(C=C1)C(C)C(=O)O,approved,0,,,
Naproxen_1484,COC1=CC=C(C=C1)C(C)C(=O)O,approved,0,,,
Diclofenac_1485,ClC1=CC=C(C=C1)C(=O)NC2=CC=CC=C2Cl,approved,0,,,
Celecoxib_1486,CC1=CC=C(C=C1)C2=CC(=NN2C3=CC=C(C=C3)S(=O)(=O)N)C(F)(F)F,approved,0,,,
Penicillin G_1487,CC1(C(N2C(S1)C(C2=O)NC(=O)CC3=CC=CC=C3)C(=O)O)C,approved,0,,,
Amoxicillin_1488,CC1(C(N2C(S1)C(C2=O)NC(=O)C(C3=CC=C(C=C3)O)N)C(=O)O)C,approved,0,,,
Ciprofloxacin_1489,C1CC1N2C=C(C(=O)C3=CC(=C(C=C32)N4CCN(CC4)C)F)C(=O)O,approved,0,,,
Azithromycin_1490,CCC1C(C(C(N(CC(CC(C(C(C(C(C(=O)O1)C)OC2C(C(CC(O2)C)N(C)C)O)C)OC3C(C(CC(O3)C)N(C)C)O)C)C)C)O)O,approved,0,,,
Atorvastatin_1491,CC(C)C1=C(C(=C(N1CC[C@@H](C[C@@H](CC(=O)O)O)O)C2=CC=C(C=C2)F)C3=CC=CC=C3)C(=O)NC4=CC=CC=C4,approved,0,,,
Lisinopril_1492,C1CC(N(C1)C(=O)C(CC2=CC=CC=C2)NC(=O)C(CC3=CC=CC=C3)N)C(=O)O,approved,0,,,
Metoprolol_1493,CC(C)NCC(COC1=CC=C(C=C1)CCOC)O,approved,0,,,
Metformin_1494,CN(C)C(=N)N,approved,0,,,
Glipizide_1495,CC1=NC=C(N1C(=O)NC2=CC=C(C=C2)S(=O)(=O)NC(=O)NC3CCCCC3)C,approved,0,,,
Diazepam_1496,CN1C(=O)CN=C(C2=CC=CC=C2)C3=CC=CC=C3C1=O,approved,0,,,
Fluoxetine_1497,CNCCC(C1=CC=CC=C1)OC2=CC=C(C=C2)C(F)(F)F,approved,0,,,
Sertraline_1498,CNC(CC1=CC=CC=C1)C2=CC=CC=C2Cl,approved,0,,,
Salbutamol_1499,CC(C)(C)NCC(C1=CC(=C(C=C1)O)CO)O,approved,0,,,
Montelukast_1500,CC(C)(C)C1=CC=C(C=C1)CC(C2=CC=CC=C2)C3=CC=CC=C3,approved,0,,,
Aspirin_1501,CC(=O)OC1=CC=CC=C1C(=O)O,approved,0,,,
Paracetamol_1502,CC(=O)NC1=CC=C(O)C=C1,approved,0,,,
Ibuprofen_1503,CC(C)CC1=CC=C(C=C1)C(C)C(=O)O,approved,0,,,
Naproxen_1504,COC1=CC=C(C=C1)C(C)C(=O)O,approved,0,,,
Diclofenac_1505,ClC1=CC=C(C=C1)C(=O)NC2=CC=CC=C2Cl,approved,0,,,
Celecoxib_1506,CC1=CC=C(C=C1)C2=CC(=NN2C3=CC=C(C=C3)S(=O)(=O)N)C(F)(F)F,approved,0,,,
Penicillin G_1507,CC1(C(N2C(S1)C(C2=O)NC(=O)CC3=CC=CC=C3)C(=O)O)C,approved,0,,,
Amoxicillin_1508,CC1(C(N2C(S1)C(C2=O)NC(=O)C(C3=CC=C(C=C3)O)N)C(=O)O)C,approved,0,,,
Ciprofloxacin_1509,C1CC1N2C=C(C(=O)C3=CC(=C(C=C32)N4CCN(CC4)C)F)C(=O)O,approved,0,,,
Azithromycin_1510,CCC1C(C(C(N(CC(CC(C(C(C(C(C(=O)O1)C)OC2C(C(CC(O2)C)N(C)C)O)C)OC3C(C(CC(O3)C)N(C)C)O)C)C)C)O)O,approved,0,,,
Atorvastatin_1511,CC(C)C1=C(C(=C(N1CC[C@@H](C[C@@H](CC(=O)O)O)O)C2=CC=C(C=C2)F)C3=CC=CC=C3)C(=O)NC4=CC=CC=C4,approved,0,,,
Lisinopril_1512,C1CC(N(C1)C(=O)C(CC2=CC=CC=C2)NC(=O)C(CC3=CC=CC=C3)N)C(=O)O,approved,0,,,
Metoprolol_1513,CC(C)NCC(COC1=CC=C(C=C1)CCOC)O,approved,0,,,
Metformin_1514,CN(C)C(=N)N,approved,0,,,
Glipizide_1515,CC1=NC=C(N1C(=O)NC2=CC=C(C=C2)S(=O)(=O)NC(=O)NC3CCCCC3)C,approved,0,,,
Diazepam_1516,CN1C(=O)CN=C(C2=CC=CC=C2)C3=CC=CC=C3C1=O,approved,0,,,
Fluoxetine_1517,CNCCC(C1=CC=CC=C1)OC2=CC=C(C=C2)C(F)(F)F,approved,0,,,
Sertraline_1518,CNC(CC1=CC=CC=C1)C2=CC=CC=C2Cl,approved,0,,,
Salbutamol_1519,CC(C)(C)NCC(C1=CC(=C(C=C1)O)CO)O,approved,0,,,
Montelukast_1520,CC(C)(C)C1=CC=C(C=C1)CC(C2=CC=CC=C2)C3=CC=CC=C3,approved,0,,,
Aspirin_1521,CC(=O)OC1=CC=CC=C1C(=O)O,approved,0,,,
Paracetamol_1522,CC(=O)NC1=CC=C(O)C=C1,approved,0,,,
Ibuprofen_1523,CC(C)CC1=CC=C(C=C1)C(C)C(=O)O,approved,0,,,
Naproxen_1524,COC1=CC=C(C=C1)C(C)C(=O)O,approved,0,,,
Diclofenac_1525,ClC1=CC=C(C=C1)C(=O)NC2=CC=CC=C2Cl,approved,0,,,
Celecoxib_1526,CC1=CC=C(C=C1)C2=CC(=NN2C3=CC=C(C=C3)S(=O)(=O)N)C(F)(F)F,approved,0,,,
Penicillin G_1527,CC1(C(N2C(S1)C(C2=O)NC(=O)CC3=CC=CC=C3)C(=O)O)C,approved,0,,,
Amoxicillin_1528,CC1(C(N2C(S1)C(C2=O)NC(=O)C(C3=CC=C(C=C3)O)N)C(=O)O)C,approved,0,,,
Ciprofloxacin_1529,C1CC1N2C=C(C(=O)C3=CC(=C(C=C32)N4CCN(CC4)C)F)C(=O)O,approved,0,,,
Azithromycin_1530,CCC1C(C(C(N(CC(CC(C(C(C(C(C(=O)O1)C)OC2C(C(CC(O2)C)N(C)C)O)C)OC3C(C(CC(O3)C)N(C)C)O)C)C)C)O)O,approved,0,,,
Atorvastatin_1531,CC(C)C1=C(C(=C(N1CC[C@@H](C[C@@H](CC(=O)O)O)O)C2=CC=C(C=C2)F)C3=CC=CC=C3)C(=O)NC4=CC=CC=C4,approved,0,,,
Lisinopril_1532,C1CC(N(C1)C(=O)C(CC2=CC=CC=C2)NC(=O)C(CC3=CC=CC=C3)N)C(=O)O,approved,0,,,
Metoprolol_1533,CC(C)NCC(COC1=CC=C(C=C1)CCOC)O,approved,0,,,
Metformin_1534,CN(C)C(=N)N,approved,0,,,
Glipizide_1535,CC1=NC=C(N1C(=O)NC2=CC=C(C=C2)S(=O)(=O)NC(=O)NC3CCCCC3)C,approved,0,,,
Diazepam_1536,CN1C(=O)CN=C(C2=CC=CC=C2)C3=CC=CC=C3C1=O,approved,0,,,
Fluoxetine_1537,CNCCC(C1=CC=CC=C1)OC2=CC=C(C=C2)C(F)(F)F,approved,0,,,
Sertraline_1538,CNC(CC1=CC=CC=C1)C2=CC=CC=C2Cl,approved,0,,,
Salbutamol_1539,CC(C)(C)NCC(C1=CC(=C(C=C1)O)CO)O,approved,0,,,
Montelukast_1540,CC(C)(C)C1=CC=C(C=C1)CC(C2=CC=CC=C2)C3=CC=CC=C3,approved,0,,,
Aspirin_1541,CC(=O)OC1=CC=CC=C1C(=O)O,approved,0,,,
Paracetamol_1542,CC(=O)NC1=CC=C(O)C=C1,approved,0,,,
Ibuprofen_1543,CC(C)CC1=CC=C(C=C1)C(C)C(=O)O,approved,0,,,
Naproxen_1544,COC1=CC=C(C=C1)C(C)C(=O)O,approved,0,,,
Diclofenac_1545,ClC1=CC=C(C=C1)C(=O)NC2=CC=CC=C2Cl,approved,0,,,
Celecoxib_1546,CC1=CC=C(C=C1)C2=CC(=NN2C3=CC=C(C=C3)S(=O)(=O)N)C(F)(F)F,approved,0,,,
Penicillin G_1547,CC1(C(N2C(S1)C(C2=O)NC(=O)CC3=CC=CC=C3)C(=O)O)C,approved,0,,,
Amoxicillin_1548,CC1(C(N2C(S1)C(C2=O)NC(=O)C(C3=CC=C(C=C3)O)N)C(=O)O)C,approved,0,,,
Ciprofloxacin_1549,C1CC1N2C=C(C(=O)C3=CC(=C(C=C32)N4CCN(CC4)C)F)C(=O)O,approved,0,,,
Azithromycin_1550,CCC1C(C(C(N(CC(CC(C(C(C(C(C(=O)O1)C)OC2C(C(CC(O2)C)N(C)C)O)C)OC3C(C(CC(O3)C)N(C)C)O)C)C)C)O)O,approved,0,,,
Atorvastatin_1551,CC(C)C1=C(C(=C(N1CC[C@@H](C[C@@H](CC(=O)O)O)O)C2=CC=C(C=C2)F)C3=CC=CC=C3)C(=O)NC4=CC=CC=C4,approved,0,,,
Lisinopril_1552,C1CC(N(C1)C(=O)C(CC2=CC=CC=C2)NC(=O)C(CC3=CC=CC=C3)N)C(=O)O,approved,0,,,
Metoprolol_1553,CC(C)NCC(COC1=CC=C(C=C1)CCOC)O,approved,0,,,
Metformin_1554,CN(C)C(=N)N,approved,0,,,
Glipizide_1555,CC1=NC=C(N1C(=O)NC2=CC=C(C=C2)S(=O)(=O)NC(=O)NC3CCCCC3)C,approved,0,,,
Diazepam_1556,CN1C(=O)CN=C(C2=CC=CC=C2)C3=CC=CC=C3C1=O,approved,0,,,
Fluoxetine_1557,CNCCC(C1=CC=CC=C1)OC2=CC=C(C=C2)C(F)(F)F,approved,0,,,
Sertraline_1558,CNC(CC1=CC=CC=C1)C2=CC=CC=C2Cl,approved,0,,,
Salbutamol_1559,CC(C)(C)NCC(C1=CC(=C(C=C1)O)CO)O,approved,0,,,
Montelukast_1560,CC(C)(C)C1=CC=C(C=C1)CC(C2=CC=CC=C2)C3=CC=CC=C3,approved,0,,,
Aspirin_1561,CC(=O)OC1=CC=CC=C1C(=O)O,approved,0,,,
Paracetamol_1562,CC(=O)NC1=CC=C(O)C=C1,approved,0,,,
Ibuprofen_1563,CC(C)CC1=CC=C(C=C1)C(C)C(=O)O,approved,0,,,
Naproxen_1564,COC1=CC=C(C=C1)C(C)C(=O)O,approved,0,,,
Diclofenac_1565,ClC1=CC=C(C=C1)C(=O)NC2=CC=CC=C2Cl,approved,0,,,
Celecoxib_1566,CC1=CC=C(C=C1)C2=CC(=NN2C3=CC=C(C=C3)S(=O)(=O)N)C(F)(F)F,approved,0,,,
Penicillin G_1567,CC1(C(N2C(S1)C(C2=O)NC(=O)CC3=CC=CC=C3)C(=O)O)C,approved,0,,,
Amoxicillin_1568,CC1(C(N2C(S1)C(C2=O)NC(=O)C(C3=CC=C(C=C3)O)N)C(=O)O)C,approved,0,,,
Ciprofloxacin_1569,C1CC1N2C=C(C(=O)C3=CC(=C(C=C32)N4CCN(CC4)C)F)C(=O)O,approved,0,,,
Azithromycin_1570,CCC1C(C(C(N(CC(CC(C(C(C(C(C(=O)O1)C)OC2C(C(CC(O2)C)N(C)C)O)C)OC3C(C(CC(O3)C)N(C)C)O)C)C)C)O)O,approved,0,,,
Atorvastatin_1571,CC(C)C1=C(C(=C(N1CC[C@@H](C[C@@H](CC(=O)O)O)O)C2=CC=C(C=C2)F)C3=CC=CC=C3)C(=O)NC4=CC=CC=C4,approved,0,,,
Lisinopril_1572,C1CC(N(C1)C(=O)C(CC2=CC=CC=C2)NC(=O)C(CC3=CC=CC=C3)N)C(=O)O,approved,0,,,
Metoprolol_1573,CC(C)NCC(COC1=CC=C(C=C1)CCOC)O,approved,0,,,
Metformin_1574,CN(C)C(=N)N,approved,0,,,
Glipizide_1575,CC1=NC=C(N1C(=O)NC2=CC=C(C=C2)S(=O)(=O)NC(=O)NC3CCCCC3)C,approved,0,,,
Diazepam_1576,CN1C(=O)CN=C(C2=CC=CC=C2)C3=CC=CC=C3C1=O,approved,0,,,
Fluoxetine_1577,CNCCC(C1=CC=CC=C1)OC2=CC=C(C=C2)C(F)(F)F,approved,0,,,
Sertraline_1578,CNC(CC1=CC=CC=C1)C2=CC=CC=C2Cl,approved,0,,,
Salbutamol_1579,CC(C)(C)NCC(C1=CC(=C(C=C1)O)CO)O,approved,0,,,
Montelukast_1580,CC(C)(C)C1=CC=C(C=C1)CC(C2=CC=CC=C2)C3=CC=CC=C3,approved,0,,,
Aspirin_1581,CC(=O)OC1=CC=CC=C1C(=O)O,approved,0,,,
Paracetamol_1582,CC(=O)NC1=CC=C(O)C=C1,approved,0,,,
Ibuprofen_1583,CC(C)CC1=CC=C(C=C1)C(C)C(=O)O,approved,0,,,
Naproxen_1584,COC1=CC=C(C=C1)C(C)C(=O)O,approved,0,,,
Diclofenac_1585,ClC1=CC=C(C=C1)C(=O)NC2=CC=CC=C2Cl,approved,0,,,
Celecoxib_1586,CC1=CC=C(C=C1)C2=CC(=NN2C3=CC=C(C=C3)S(=O)(=O)N)C(F)(F)F,approved,0,,,
Penicillin G_1587,CC1(C(N2C(S1)C(C2=O)NC(=O)CC3=CC=CC=C3)C(=O)O)C,approved,0,,,
Amoxicillin_1588,CC1(C(N2C(S1)C(C2=O)NC(=O)C(C3=CC=C(C=C3)O)N)C(=O)O)C,approved,0,,,
Ciprofloxacin_1589,C1CC1N2C=C(C(=O)C3=CC(=C(C=C32)N4CCN(CC4)C)F)C(=O)O,approved,0,,,
Azithromycin_1590,CCC1C(C(C(N(CC(CC(C(C(C(C(C(=O)O1)C)OC2C(C(CC(O2)C)N(C)C)O)C)OC3C(C(CC(O3)C)N(C)C)O)C)C)C)O)O,approved,0,,,
Atorvastatin_1591,CC(C)C1=C(C(=C(N1CC[C@@H](C[C@@H](CC(=O)O)O)O)C2=CC=C(C=C2)F)C3=CC=CC=C3)C(=O)NC4=CC=CC=C4,approved,0,,,
Lisinopril_1592,C1CC(N(C1)C(=O)C(CC2=CC=CC=C2)NC(=O)C(CC3=CC=CC=C3)N)C(=O)O,approved,0,,,
Metoprolol_1593,CC(C)NCC(COC1=CC=C(C=C1)CCOC)O,approved,0,,,
Metformin_1594,CN(C)C(=N)N,approved,0,,,
Glipizide_1595,CC1=NC=C(N1C(=O)NC2=CC=C(C=C2)S(=O)(=O)NC(=O)NC3CCCCC3)C,approved,0,,,
Diazepam_1596,CN1C(=O)CN=C(C2=CC=CC=C2)C3=CC=CC=C3C1=O,approved,0,,,
Fluoxetine_1597,CNCCC(C1=CC=CC=C1)OC2=CC=C(C=C2)C(F)(F)F,approved,0,,,
Sertraline_1598,CNC(CC1=CC=CC=C1)C2=CC=CC=C2Cl,approved,0,,,
Salbutamol_1599,CC(C)(C)NCC(C1=CC(=C(C=C1)O)CO)O,approved,0,,,
Montelukast_1600,CC(C)(C)C1=CC=C(C=C1)CC(C2=CC=CC=C2)C3=CC=CC=C3,approved,0,,,
Aspirin_1601,CC(=O)OC1=CC=CC=C1C(=O)O,approved,0,,,
Paracetamol_1602,CC(=O)NC1=CC=C(O)C=C1,approved,0,,,
Ibuprofen_1603,CC(C)CC1=CC=C(C=C1)C(C)C(=O)O,approved,0,,,
Naproxen_1604,COC1=CC=C(C=C1)C(C)C(=O)O,approved,0,,,
Diclofenac_1605,ClC1=CC=C(C=C1)C(=O)NC2=CC=CC=C2Cl,approved,0,,,
Celecoxib_1606,CC1=CC=C(C=C1)C2=CC(=NN2C3=CC=C(C=C3)S(=O)(=O)N)C(F)(F)F,approved,0,,,
Penicillin G_1607,CC1(C(N2C(S1)C(C2=O)NC(=O)CC3=CC=CC=C3)C(=O)O)C,approved,0,,,
Amoxicillin_1608,CC1(C(N2C(S1)C(C2=O)NC(=O)C(C3=CC=C(C=C3)O)N)C(=O)O)C,approved,0,,,
Ciprofloxacin_1609,C1CC1N2C=C(C(=O)C3=CC(=C(C=C32)N4CCN(CC4)C)F)C(=O)O,approved,0,,,
Azithromycin_1610,CCC1C(C(C(N(CC(CC(C(C(C(C(C(=O)O1)C)OC2C(C(CC(O2)C)N(C)C)O)C)OC3C(C(CC(O3)C)N(C)C)O)C)C)C)O)O,approved,0,,,
Atorvastatin_1611,CC(C)C1=C(C(=C(N1CC[C@@H](C[C@@H](CC(=O)O)O)O)C2=CC=C(C=C2)F)C3=CC=CC=C3)C(=O)NC4=CC=CC=C4,approved,0,,,
Lisinopril_1612,C1CC(N(C1)C(=O)C(CC2=CC=CC=C2)NC(=O)C(CC3=CC=CC=C3)N)C(=O)O,approved,0,,,
Metoprolol_1613,CC(C)NCC(COC1=CC=C(C=C1)CCOC)O,approved,0,,,
Metformin_1614,CN(C)C(=N)N,approved,0,,,
Glipizide_1615,CC1=NC=C(N1C(=O)NC2=CC=C(C=C2)S(=O)(=O)NC(=O)NC3CCCCC3)C,approved,0,,,
Diazepam_1616,CN1C(=O)CN=C(C2=CC=CC=C2)C3=CC=CC=C3C1=O,approved,0,,,
Fluoxetine_1617,CNCCC(C1=CC=CC=C1)OC2=CC=C(C=C2)C(F)(F)F,approved,0,,,
Sertraline_1618,CNC(CC1=CC=CC=C1)C2=CC=CC=C2Cl,approved,0,,,
Salbutamol_1619,CC(C)(C)NCC(C1=CC(=C(C=C1)O)CO)O,approved,0,,,
Montelukast_1620,CC(C)(C)C1=CC=C(C=C1)CC(C2=CC=CC=C2)C3=CC=CC=C3,approved,0,,,
Aspirin_1621,CC(=O)OC1=CC=CC=C1C(=O)O,approved,0,,,
Paracetamol_1622,CC(=O)NC1=CC=C(O)C=C1,approved,0,,,
Ibuprofen_1623,CC(C)CC1=CC=C(C=C1)C(C)C(=O)O,approved,0,,,
Naproxen_1624,COC1=CC=C(C=C1)C(C)C(=O)O,approved,0,,,
Diclofenac_1625,ClC1=CC=C(C=C1)C(=O)NC2=CC=CC=C2Cl,approved,0,,,
Celecoxib_1626,CC1=CC=C(C=C1)C2=CC(=NN2C3=CC=C(C=C3)S(=O)(=O)N)C(F)(F)F,approved,0,,,
Penicillin G_1627,CC1(C(N2C(S1)C(C2=O)NC(=O)CC3=CC=CC=C3)C(=O)O)C,approved,0,,,
Amoxicillin_1628,CC1(C(N2C(S1)C(C2=O)NC(=O)C(C3=CC=C(C=C3)O)N)C(=O)O)C,approved,0,,,
Ciprofloxacin_1629,C1CC1N2C=C(C(=O)C3=CC(=C(C=C32)N4CCN(CC4)C)F)C(=O)O,approved,0,,,
Azithromycin_1630,CCC1C(C(C(N(CC(CC(C(C(C(C(C(=O)O1)C)OC2C(C(CC(O2)C)N(C)C)O)C)OC3C(C(CC(O3)C)N(C)C)O)C)C)C)O)O,approved,0,,,
Atorvastatin_1631,CC(C)C1=C(C(=C(N1CC[C@@H](C[C@@H](CC(=O)O)O)O)C2=CC=C(C=C2)F)C3=CC=CC=C3)C(=O)NC4=CC=CC=C4,approved,0,,,
Lisinopril_1632,C1CC(N(C1)C(=O)C(CC2=CC=CC=C2)NC(=O)C(CC3=CC=CC=C3)N)C(=O)O,approved,0,,,
Metoprolol_1633,CC(C)NCC(COC1=CC=C(C=C1)CCOC)O,approved,0,,,
Metformin_1634,CN(C)C(=N)N,approved,0,,,
Glipizide_1635,CC1=NC=C(N1C(=O)NC2=CC=C(C=C2)S(=O)(=O)NC(=O)NC3CCCCC3)C,approved,0,,,
Diazepam_1636,CN1C(=O)CN=C(C2=CC=CC=C2)C3=CC=CC=C3C1=O,approved,0,,,
Fluoxetine_1637,CNCCC(C1=CC=CC=C1)OC2=CC=C(C=C2)C(F)(F)F,approved,0,,,
Sertraline_1638,CNC(CC1=CC=CC=C1)C2=CC=CC=C2Cl,approved,0,,,
Salbutamol_1639,CC(C)(C)NCC(C1=CC(=C(C=C1)O)CO)O,approved,0,,,
Montelukast_1640,CC(C)(C)C1=CC=C(C=C1)CC(C2=CC=CC=C2)C3=CC=CC=C3,approved,0,,,
Aspirin_1641,CC(=O)OC1=CC=CC=C1C(=O)O,approved,0,,,
Paracetamol_1642,CC(=O)NC1=CC=C(O)C=C1,approved,0,,,
Ibuprofen_1643,CC(C)CC1=CC=C(C=C1)C(C)C(=O)O,approved,0,,,
Naproxen_1644,COC1=CC=C(C=C1)C(C)C(=O)O,approved,0,,,
Diclofenac_1645,ClC1=CC=C(C=C1)C(=O)NC2=CC=CC=C2Cl,approved,0,,,
Celecoxib_1646,CC1=CC=C(C=C1)C2=CC(=NN2C3=CC=C(C=C3)S(=O)(=O)N)C(F)(F)F,approved,0,,,
Penicillin G_1647,CC1(C(N2C(S1)C(C2=O)NC(=O)CC3=CC=CC=C3)C(=O)O)C,approved,0,,,
Amoxicillin_1648,CC1(C(N2C(S1)C(C2=O)NC(=O)C(C3=CC=C(C=C3)O)N)C(=O)O)C,approved,0,,,
Ciprofloxacin_1649,C1CC1N2C=C(C(=O)C3=CC(=C(C=C32)N4CCN(CC4)C)F)C(=O)O,approved,0,,,
Azithromycin_1650,CCC1C(C(C(N(CC(CC(C(C(C(C(C(=O)O1)C)OC2C(C(CC(O2)C)N(C)C)O)C)OC3C(C(CC(O3)C)N(C)C)O)C)C)C)O)O,approved,0,,,
Atorvastatin_1651,CC(C)C1=C(C(=C(N1CC[C@@H](C[C@@H](CC(=O)O)O)O)C2=CC=C(C=C2)F)C3=CC=CC=C3)C(=O)NC4=CC=CC=C4,approved,0,,,
Lisinopril_1652,C1CC(N(C1)C(=O)C(CC2=CC=CC=C2)NC(=O)C(CC3=CC=CC=C3)N)C(=O)O,approved,0,,,
Metoprolol_1653,CC(C)NCC(COC1=CC=C(C=C1)CCOC)O,approved,0,,,
Metformin_1654,CN(C)C(=N)N,approved,0,,,
Glipizide_1655,CC1=NC=C(N1C(=O)NC2=CC=C(C=C2)S(=O)(=O)NC(=O)NC3CCCCC3)C,approved,0,,,
Diazepam_1656,CN1C(=O)CN=C(C2=CC=CC=C2)C3=CC=CC=C3C1=O,approved,0,,,
Fluoxetine_1657,CNCCC(C1=CC=CC=C1)OC2=CC=C(C=C2)C(F)(F)F,approved,0,,,
Sertraline_1658,CNC(CC1=CC=CC=C1)C2=CC=CC=C2Cl,approved,0,,,
Salbutamol_1659,CC(C)(C)NCC(C1=CC(=C(C=C1)O)CO)O,approved,0,,,
Montelukast_1660,CC(C)(C)C1=CC=C(C=C1)CC(C2=CC=CC=C2)C3=CC=CC=C3,approved,0,,,
Aspirin_1661,CC(=O)OC1=CC=CC=C1C(=O)O,approved,0,,,
Paracetamol_1662,CC(=O)NC1=CC=C(O)C=C1,approved,0,,,
Ibuprofen_1663,CC(C)CC1=CC=C(C=C1)C(C)C(=O)O,approved,0,,,
Naproxen_1664,COC1=CC=C(C=C1)C(C)C(=O)O,approved,0,,,
Diclofenac_1665,ClC1=CC=C(C=C1)C(=O)NC2=CC=CC=C2Cl,approved,0,,,
Celecoxib_1666,CC1=CC=C(C=C1)C2=CC(=NN2C3=CC=C(C=C3)S(=O)(=O)N)C(F)(F)F,approved,0,,,
Penicillin G_1667,CC1(C(N2C(S1)C(C2=O)NC(=O)CC3=CC=CC=C3)C(=O)O)C,approved,0,,,
Amoxicillin_1668,CC1(C(N2C(S1)C(C2=O)NC(=O)C(C3=CC=C(C=C3)O)N)C(=O)O)C,approved,0,,,
Ciprofloxacin_1669,C1CC1N2C=C(C(=O)C3=CC(=C(C=C32)N4CCN(CC4)C)F)C(=O)O,approved,0,,,
Azithromycin_1670,CCC1C(C(C(N(CC(CC(C(C(C(C(C(=O)O1)C)OC2C(C(CC(O2)C)N(C)C)O)C)OC3C(C(CC(O3)C)N(C)C)O)C)C)C)O)O,approved,0,,,
Atorvastatin_1671,CC(C)C1=C(C(=C(N1CC[C@@H](C[C@@H](CC(=O)O)O)O)C2=CC=C(C=C2)F)C3=CC=CC=C3)C(=O)NC4=CC=CC=C4,approved,0,,,
Lisinopril_1672,C1CC(N(C1)C(=O)C(CC2=CC=CC=C2)NC(=O)C(CC3=CC=CC=C3)N)C(=O)O,approved,0,,,
Metoprolol_1673,CC(C)NCC(COC1=CC=C(C=C1)CCOC)O,approved,0,,,
Metformin_1674,CN(C)C(=N)N,approved,0,,,
Glipizide_1675,CC1=NC=C(N1C(=O)NC2=CC=C(C=C2)S(=O)(=O)NC(=O)NC3CCCCC3)C,approved,0,,,
Diazepam_1676,CN1C(=O)CN=C(C2=CC=CC=C2)C3=CC=CC=C3C1=O,approved,0,,,
Fluoxetine_1677,CNCCC(C1=CC=CC=C1)OC2=CC=C(C=C2)C(F)(F)F,approved,0,,,
Sertraline_1678,CNC(CC1=CC=CC=C1)C2=CC=CC=C2Cl,approved,0,,,
Salbutamol_1679,CC(C)(C)NCC(C1=CC(=C(C=C1)O)CO)O,approved,0,,,
Montelukast_1680,CC(C)(C)C1=CC=C(C=C1)CC(C2=CC=CC=C2)C3=CC=CC=C3,approved,0,,,
Aspirin_1681,CC(=O)OC1=CC=CC=C1C(=O)O,approved,0,,,
Paracetamol_1682,CC(=O)NC1=CC=C(O)C=C1,approved,0,,,
Ibuprofen_1683,CC(C)CC1=CC=C(C=C1)C(C)C(=O)O,approved,0,,,
Naproxen_1684,COC1=CC=C(C=C1)C(C)C(=O)O,approved,0,,,
Diclofenac_1685,ClC1=CC=C(C=C1)C(=O)NC2=CC=CC=C2Cl,approved,0,,,
Celecoxib_1686,CC1=CC=C(C=C1)C2=CC(=NN2C3=CC=C(C=C3)S(=O)(=O)N)C(F)(F)F,approved,0,,,
Penicillin G_1687,CC1(C(N2C(S1)C(C2=O)NC(=O)CC3=CC=CC=C3)C(=O)O)C,approved,0,,,
Amoxicillin_1688,CC1(C(N2C(S1)C(C2=O)NC(=O)C(C3=CC=C(C=C3)O)N)C(=O)O)C,approved,0,,,
Ciprofloxacin_1689,C1CC1N2C=C(C(=O)C3=CC(=C(C=C32)N4CCN(CC4)C)F)C(=O)O,approved,0,,,
Azithromycin_1690,CCC1C(C(C(N(CC(CC(C(C(C(C(C(=O)O1)C)OC2C(C(CC(O2)C)N(C)C)O)C)OC3C(C(CC(O3)C)N(C)C)O)C)C)C)O)O,approved,0,,,
Atorvastatin_1691,CC(C)C1=C(C(=C(N1CC[C@@H](C[C@@H](CC(=O)O)O)O)C2=CC=C(C=C2)F)C3=CC=CC=C3)C(=O)NC4=CC=CC=C4,approved,0,,,
Lisinopril_1692,C1CC(N(C1)C(=O)C(CC2=CC=CC=C2)NC(=O)C(CC3=CC=CC=C3)N)C(=O)O,approved,0,,,
Metoprolol_1693,CC(C)NCC(COC1=CC=C(C=C1)CCOC)O,approved,0,,,
Metformin_1694,CN(C)C(=N)N,approved,0,,,
Glipizide_1695,CC1=NC=C(N1C(=O)NC2=CC=C(C=C2)S(=O)(=O)NC(=O)NC3CCCCC3)C,approved,0,,,
Diazepam_1696,CN1C(=O)CN=C(C2=CC=CC=C2)C3=CC=CC=C3C1=O,approved,0,,,
Fluoxetine_1697,CNCCC(C1=CC=CC=C1)OC2=CC=C(C=C2)C(F)(F)F,approved,0,,,
Sertraline_1698,CNC(CC1=CC=CC=C1)C2=CC=CC=C2Cl,approved,0,,,
Salbutamol_1699,CC(C)(C)NCC(C1=CC(=C(C=C1)O)CO)O,approved,0,,,
Montelukast_1700,CC(C)(C)C1=CC=C(C=C1)CC(C2=CC=CC=C2)C3=CC=CC=C3,approved,0,,,
Aspirin_1701,CC(=O)OC1=CC=CC=C1C(=O)O,approved,0,,,
Paracetamol_1702,CC(=O)NC1=CC=C(O)C=C1,approved,0,,,
Ibuprofen_1703,CC(C)CC1=CC=C(C=C1)C(C)C(=O)O,approved,0,,,
Naproxen_1704,COC1=CC=C(C=C1)C(C)C(=O)O,approved,0,,,
Diclofenac_1705,ClC1=CC=C(C=C1)C(=O)NC2=CC=CC=C2Cl,approved,0,,,
Celecoxib_1706,CC1=CC=C(C=C1)C2=CC(=NN2C3=CC=C(C=C3)S(=O)(=O)N)C(F)(F)F,approved,0,,,
Penicillin G_1707,CC1(C(N2C(S1)C(C2=O)NC(=O)CC3=CC=CC=C3)C(=O)O)C,approved,0,,,
Amoxicillin_1708,CC1(C(N2C(S1)C(C2=O)NC(=O)C(C3=CC=C(C=C3)O)N)C(=O)O)C,approved,0,,,
Ciprofloxacin_1709,C1CC1N2C=C(C(=O)C3=CC(=C(C=C32)N4CCN(CC4)C)F)C(=O)O,approved,0,,,
Azithromycin_1710,CCC1C(C(C(N(CC(CC(C(C(C(C(C(=O)O1)C)OC2C(C(CC(O2)C)N(C)C)O)C)OC3C(C(CC(O3)C)N(C)C)O)C)C)C)O)O,approved,0,,,
Atorvastatin_1711,CC(C)C1=C(C(=C(N1CC[C@@H](C[C@@H](CC(=O)O)O)O)C2=CC=C(C=C2)F)C3=CC=CC=C3)C(=O)NC4=CC=CC=C4,approved,0,,,
Lisinopril_1712,C1CC(N(C1)C(=O)C(CC2=CC=CC=C2)NC(=O)C(CC3=CC=CC=C3)N)C(=O)O,approved,0,,,
Metoprolol_1713,CC(C)NCC(COC1=CC=C(C=C1)CCOC)O,approved,0,,,
Metformin_1714,CN(C)C(=N)N,approved,0,,,
Glipizide_1715,CC1=NC=C(N1C(=O)NC2=CC=C(C=C2)S(=O)(=O)NC(=O)NC3CCCCC3)C,approved,0,,,
Diazepam_1716,CN1C(=O)CN=C(C2=CC=CC=C2)C3=CC=CC=C3C1=O,approved,0,,,
Fluoxetine_1717,CNCCC(C1=CC=CC=C1)OC2=CC=C(C=C2)C(F)(F)F,approved,0,,,
Sertraline_1718,CNC(CC1=CC=CC=C1)C2=CC=CC=C2Cl,approved,0,,,
Salbutamol_1719,CC(C)(C)NCC(C1=CC(=C(C=C1)O)CO)O,approved,0,,,
Montelukast_1720,CC(C)(C)C1=CC=C(C=C1)CC(C2=CC=CC=C2)C3=CC=CC=C3,approved,0,,,
Aspirin_1721,CC(=O)OC1=CC=CC=C1C(=O)O,approved,0,,,
Paracetamol_1722,CC(=O)NC1=CC=C(O)C=C1,approved,0,,,
Ibuprofen_1723,CC(C)CC1=CC=C(C=C1)C(C)C(=O)O,approved,0,,,
Naproxen_1724,COC1=CC=C(C=C1)C(C)C(=O)O,approved,0,,,
Diclofenac_1725,ClC1=CC=C(C=C1)C(=O)NC2=CC=CC=C2Cl,approved,0,,,
Celecoxib_1726,CC1=CC=C(C=C1)C2=CC(=NN2C3=CC=C(C=C3)S(=O)(=O)N)C(F)(F)F,approved,0,,,
Penicillin G_1727,CC1(C(N2C(S1)C(C2=O)NC(=O)CC3=CC=CC=C3)C(=O)O)C,approved,0,,,
Amoxicillin_1728,CC1(C(N2C(S1)C(C2=O)NC(=O)C(C3=CC=C(C=C3)O)N)C(=O)O)C,approved,0,,,
Ciprofloxacin_1729,C1CC1N2C=C(C(=O)C3=CC(=C(C=C32)N4CCN(CC4)C)F)C(=O)O,approved,0,,,
Azithromycin_1730,CCC1C(C(C(N(CC(CC(C(C(C(C(C(=O)O1)C)OC2C(C(CC(O2)C)N(C)C)O)C)OC3C(C(CC(O3)C)N(C)C)O)C)C)C)O)O,approved,0,,,
Atorvastatin_1731,CC(C)C1=C(C(=C(N1CC[C@@H](C[C@@H](CC(=O)O)O)O)C2=CC=C(C=C2)F)C3=CC=CC=C3)C(=O)NC4=CC=CC=C4,approved,0,,,
Lisinopril_1732,C1CC(N(C1)C(=O)C(CC2=CC=CC=C2)NC(=O)C(CC3=CC=CC=C3)N)C(=O)O,approved,0,,,
Metoprolol_1733,CC(C)NCC(COC1=CC=C(C=C1)CCOC)O,approved,0,,,
Metformin_1734,CN(C)C(=N)N,approved,0,,,
Glipizide_1735,CC1=NC=C(N1C(=O)NC2=CC=C(C=C2)S(=O)(=O)NC(=O)NC3CCCCC3)C,approved,0,,,
Diazepam_1736,CN1C(=O)CN=C(C2=CC=CC=C2)C3=CC=CC=C3C1=O,approved,0,,,
Fluoxetine_1737,CNCCC(C1=CC=CC=C1)OC2=CC=C(C=C2)C(F)(F)F,approved,0,,,
Sertraline_1738,CNC(CC1=CC=CC=C1)C2=CC=CC=C2Cl,approved,0,,,
Salbutamol_1739,CC(C)(C)NCC(C1=CC(=C(C=C1)O)CO)O,approved,0,,,
Montelukast_1740,CC(C)(C)C1=CC=C(C=C1)CC(C2=CC=CC=C2)C3=CC=CC=C3,approved,0,,,
Aspirin_1741,CC(=O)OC1=CC=CC=C1C(=O)O,approved,0,,,
Paracetamol_1742,CC(=O)NC1=CC=C(O)C=C1,approved,0,,,
Ibuprofen_1743,CC(C)CC1=CC=C(C=C1)C(C)C(=O)O,approved,0,,,
Naproxen_1744,COC1=CC=C(C=C1)C(C)C(=O)O,approved,0,,,
Diclofenac_1745,ClC1=CC=C(C=C1)C(=O)NC2=CC=CC=C2Cl,approved,0,,,
Celecoxib_1746,CC1=CC=C(C=C1)C2=CC(=NN2C3=CC=C(C=C3)S(=O)(=O)N)C(F)(F)F,approved,0,,,
Penicillin G_1747,CC1(C(N2C(S1)C(C2=O)NC(=O)CC3=CC=CC=C3)C(=O)O)C,approved,0,,,
Amoxicillin_1748,CC1(C(N2C(S1)C(C2=O)NC(=O)C(C3=CC=C(C=C3)O)N)C(=O)O)C,approved,0,,,
Ciprofloxacin_1749,C1CC1N2C=C(C(=O)C3=CC(=C(C=C32)N4CCN(CC4)C)F)C(=O)O,approved,0,,,
Azithromycin_1750,CCC1C(C(C(N(CC(CC(C(C(C(C(C(=O)O1)C)OC2C(C(CC(O2)C)N(C)C)O)C)OC3C(C(CC(O3)C)N(C)C)O)C)C)C)O)O,approved,0,,,
Atorvastatin_1751,CC(C)C1=C(C(=C(N1CC[C@@H](C[C@@H](CC(=O)O)O)O)C2=CC=C(C=C2)F)C3=CC=CC=C3)C(=O)NC4=CC=CC=C4,approved,0,,,
Lisinopril_1752,C1CC(N(C1)C(=O)C(CC2=CC=CC=C2)NC(=O)C(CC3=CC=CC=C3)N)C(=O)O,approved,0,,,
Metoprolol_1753,CC(C)NCC(COC1=CC=C(C=C1)CCOC)O,approved,0,,,
Metformin_1754,CN(C)C(=N)N,approved,0,,,
Glipizide_1755,CC1=NC=C(N1C(=O)NC2=CC=C(C=C2)S(=O)(=O)NC(=O)NC3CCCCC3)C,approved,0,,,
Diazepam_1756,CN1C(=O)CN=C(C2=CC=CC=C2)C3=CC=CC=C3C1=O,approved,0,,,
Fluoxetine_1757,CNCCC(C1=CC=CC=C1)OC2=CC=C(C=C2)C(F)(F)F,approved,0,,,
Sertraline_1758,CNC(CC1=CC=CC=C1)C2=CC=CC=C2Cl,approved,0,,,
Salbutamol_1759,CC(C)(C)NCC(C1=CC(=C(C=C1)O)CO)O,approved,0,,,
Montelukast_1760,CC(C)(C)C1=CC=C(C=C1)CC(C2=CC=CC=C2)C3=CC=CC=C3,approved,0,,,
Aspirin_1761,CC(=O)OC1=CC=CC=C1C(=O)O,approved,0,,,
Paracetamol_1762,CC(=O)NC1=CC=C(O)C=C1,approved,0,,,
Ibuprofen_1763,CC(C)CC1=CC=C(C=C1)C(C)C(=O)O,approved,0,,,
Naproxen_1764,COC1=CC=C(C=C1)C(C)C(=O)O,approved,0,,,
Diclofenac_1765,ClC1=CC=C(C=C1)C(=O)NC2=CC=CC=C2Cl,approved,0,,,
Celecoxib_1766,CC1=CC=C(C=C1)C2=CC(=NN2C3=CC=C(C=C3)S(=O)(=O)N)C(F)(F)F,approved,0,,,
Penicillin G_1767,CC1(C(N2C(S1)C(C2=O)NC(=O)CC3=CC=CC=C3)C(=O)O)C,approved,0,,,
Amoxicillin_1768,CC1(C(N2C(S1)C(C2=O)NC(=O)C(C3=CC=C(C=C3)O)N)C(=O)O)C,approved,0,,,
Ciprofloxacin_1769,C1CC1N2C=C(C(=O)C3=CC(=C(C=C32)N4CCN(CC4)C)F)C(=O)O,approved,0,,,
Azithromycin_1770,CCC1C(C(C(N(CC(CC(C(C(C(C(C(=O)O1)C)OC2C(C(CC(O2)C)N(C)C)O)C)OC3C(C(CC(O3)C)N(C)C)O)C)C)C)O)O,approved,0,,,
Atorvastatin_1771,CC(C)C1=C(C(=C(N1CC[C@@H](C[C@@H](CC(=O)O)O)O)C2=CC=C(C=C2)F)C3=CC=CC=C3)C(=O)NC4=CC=CC=C4,approved,0,,,
Lisinopril_1772,C1CC(N(C1)C(=O)C(CC2=CC=CC=C2)NC(=O)C(CC3=CC=CC=C3)N)C(=O)O,approved,0,,,
Metoprolol_1773,CC(C)NCC(COC1=CC=C(C=C1)CCOC)O,approved,0,,,
Metformin_1774,CN(C)C(=N)N,approved,0,,,
Glipizide_1775,CC1=NC=C(N1C(=O)NC2=CC=C(C=C2)S(=O)(=O)NC(=O)NC3CCCCC3)C,approved,0,,,
Diazepam_1776,CN1C(=O)CN=C(C2=CC=CC=C2)C3=CC=CC=C3C1=O,approved,0,,,
Fluoxetine_1777,CNCCC(C1=CC=CC=C1)OC2=CC=C(C=C2)C(F)(F)F,approved,0,,,
Sertraline_1778,CNC(CC1=CC=CC=C1)C2=CC=CC=C2Cl,approved,0,,,
Salbutamol_1779,CC(C)(C)NCC(C1=CC(=C(C=C1)O)CO)O,approved,0,,,
Montelukast_1780,CC(C)(C)C1=CC=C(C=C1)CC(C2=CC=CC=C2)C3=CC=CC=C3,approved,0,,,
Aspirin_1781,CC(=O)OC1=CC=CC=C1C(=O)O,approved,0,,,
Paracetamol_1782,CC(=O)NC1=CC=C(O)C=C1,approved,0,,,
Ibuprofen_1783,CC(C)CC1=CC=C(C=C1)C(C)C(=O)O,approved,0,,,
Naproxen_1784,COC1=CC=C(C=C1)C(C)C(=O)O,approved,0,,,
Diclofenac_1785,ClC1=CC=C(C=C1)C(=O)NC2=CC=CC=C2Cl,approved,0,,,
Celecoxib_1786,CC1=CC=C(C=C1)C2=CC(=NN2C3=CC=C(C=C3)S(=O)(=O)N)C(F)(F)F,approved,0,,,
Penicillin G_1787,CC1(C(N2C(S1)C(C2=O)NC(=O)CC3=CC=CC=C3)C(=O)O)C,approved,0,,,
Amoxicillin_1788,CC1(C(N2C(S1)C(C2=O)NC(=O)C(C3=CC=C(C=C3)O)N)C(=O)O)C,approved,0,,,
Ciprofloxacin_1789,C1CC1N2C=C(C(=O)C3=CC(=C(C=C32)N4CCN(CC4)C)F)C(=O)O,approved,0,,,
Azithromycin_1790,CCC1C(C(C(N(CC(CC(C(C(C(C(C(=O)O1)C)OC2C(C(CC(O2)C)N(C)C)O)C)OC3C(C(CC(O3)C)N(C)C)O)C)C)C)O)O,approved,0,,,
Atorvastatin_1791,CC(C)C1=C(C(=C(N1CC[C@@H](C[C@@H](CC(=O)O)O)O)C2=CC=C(C=C2)F)C3=CC=CC=C3)C(=O)NC4=CC=CC=C4,approved,0,,,
Lisinopril_1792,C1CC(N(C1)C(=O)C(CC2=CC=CC=C2)NC(=O)C(CC3=CC=CC=C3)N)C(=O)O,approved,0,,,
Metoprolol_1793,CC(C)NCC(COC1=CC=C(C=C1)CCOC)O,approved,0,,,
Metformin_1794,CN(C)C(=N)N,approved,0,,,
Glipizide_1795,CC1=NC=C(N1C(=O)NC2=CC=C(C=C2)S(=O)(=O)NC(=O)NC3CCCCC3)C,approved,0,,,
Diazepam_1796,CN1C(=O)CN=C(C2=CC=CC=C2)C3=CC=CC=C3C1=O,approved,0,,,
Fluoxetine_1797,CNCCC(C1=CC=CC=C1)OC2=CC=C(C=C2)C(F)(F)F,approved,0,,,
Sertraline_1798,CNC(CC1=CC=CC=C1)C2=CC=CC=C2Cl,approved,0,,,
Salbutamol_1799,CC(C)(C)NCC(C1=CC(=C(C=C1)O)CO)O,approved,0,,,
Montelukast_1800,CC(C)(C)C1=CC=C(C=C1)CC(C2=CC=CC=C2)C3=CC=CC=C3,approved,0,,,
Aspirin_1801,CC(=O)OC1=CC=CC=C1C(=O)O,approved,0,,,
Paracetamol_1802,CC(=O)NC1=CC=C(O)C=C1,approved,0,,,
Ibuprofen_1803,CC(C)CC1=CC=C(C=C1)C(C)C(=O)O,approved,0,,,
Naproxen_1804,COC1=CC=C(C=C1)C(C)C(=O)O,approved,0,,,
Diclofenac_1805,ClC1=CC=C(C=C1)C(=O)NC2=CC=CC=C2Cl,approved,0,,,
Celecoxib_1806,CC1=CC=C(C=C1)C2=CC(=NN2C3=CC=C(C=C3)S(=O)(=O)N)C(F)(F)F,approved,0,,,
Penicillin G_1807,CC1(C(N2C(S1)C(C2=O)NC(=O)CC3=CC=CC=C3)C(=O)O)C,approved,0,,,
Amoxicillin_1808,CC1(C(N2C(S1)C(C2=O)NC(=O)C(C3=CC=C(C=C3)O)N)C(=O)O)C,approved,0,,,
Ciprofloxacin_1809,C1CC1N2C=C(C(=O)C3=CC(=C(C=C32)N4CCN(CC4)C)F)C(=O)O,approved,0,,,
Azithromycin_1810,CCC1C(C(C(N(CC(CC(C(C(C(C(C(=O)O1)C)OC2C(C(CC(O2)C)N(C)C)O)C)OC3C(C(CC(O3)C)N(C)C)O)C)C)C)O)O,approved,0,,,
Atorvastatin_1811,CC(C)C1=C(C(=C(N1CC[C@@H](C[C@@H](CC(=O)O)O)O)C2=CC=C(C=C2)F)C3=CC=CC=C3)C(=O)NC4=CC=CC=C4,approved,0,,,
Lisinopril_1812,C1CC(N(C1)C(=O)C(CC2=CC=CC=C2)NC(=O)C(CC3=CC=CC=C3)N)C(=O)O,approved,0,,,
Metoprolol_1813,CC(C)NCC(COC1=CC=C(C=C1)CCOC)O,approved,0,,,
Metformin_1814,CN(C)C(=N)N,approved,0,,,
Glipizide_1815,CC1=NC=C(N1C(=O)NC2=CC=C(C=C2)S(=O)(=O)NC(=O)NC3CCCCC3)C,approved,0,,,
Diazepam_1816,CN1C(=O)CN=C(C2=CC=CC=C2)C3=CC=CC=C3C1=O,approved,0,,,
Fluoxetine_1817,CNCCC(C1=CC=CC=C1)OC2=CC=C(C=C2)C(F)(F)F,approved,0,,,
Sertraline_1818,CNC(CC1=CC=CC=C1)C2=CC=CC=C2Cl,approved,0,,,
Salbutamol_1819,CC(C)(C)NCC(C1=CC(=C(C=C1)O)CO)O,approved,0,,,
Montelukast_1820,CC(C)(C)C1=CC=C(C=C1)CC(C2=CC=CC=C2)C3=CC=CC=C3,approved,0,,,
Aspirin_1821,CC(=O)OC1=CC=CC=C1C(=O)O,approved,0,,,
Paracetamol_1822,CC(=O)NC1=CC=C(O)C=C1,approved,0,,,
Ibuprofen_1823,CC(C)CC1=CC=C(C=C1)C(C)C(=O)O,approved,0,,,
Naproxen_1824,COC1=CC=C(C=C1)C(C)C(=O)O,approved,0,,,
Diclofenac_1825,ClC1=CC=C(C=C1)C(=O)NC2=CC=CC=C2Cl,approved,0,,,
Celecoxib_1826,CC1=CC=C(C=C1)C2=CC(=NN2C3=CC=C(C=C3)S(=O)(=O)N)C(F)(F)F,approved,0,,,
Penicillin G_1827,CC1(C(N2C(S1)C(C2=O)NC(=O)CC3=CC=CC=C3)C(=O)O)C,approved,0,,,
Amoxicillin_1828,CC1(C(N2C(S1)C(C2=O)NC(=O)C(C3=CC=C(C=C3)O)N)C(=O)O)C,approved,0,,,
Ciprofloxacin_1829,C1CC1N2C=C(C(=O)C3=CC(=C(C=C32)N4CCN(CC4)C)F)C(=O)O,approved,0,,,
Azithromycin_1830,CCC1C(C(C(N(CC(CC(C(C(C(C(C(=O)O1)C)OC2C(C(CC(O2)C)N(C)C)O)C)OC3C(C(CC(O3)C)N(C)C)O)C)C)C)O)O,approved,0,,,
Atorvastatin_1831,CC(C)C1=C(C(=C(N1CC[C@@H](C[C@@H](CC(=O)O)O)O)C2=CC=C(C=C2)F)C3=CC=CC=C3)C(=O)NC4=CC=CC=C4,approved,0,,,
Lisinopril_1832,C1CC(N(C1)C(=O)C(CC2=CC=CC=C2)NC(=O)C(CC3=CC=CC=C3)N)C(=O)O,approved,0,,,
Metoprolol_1833,CC(C)NCC(COC1=CC=C(C=C1)CCOC)O,approved,0,,,
Metformin_1834,CN(C)C(=N)N,approved,0,,,
Glipizide_1835,CC1=NC=C(N1C(=O)NC2=CC=C(C=C2)S(=O)(=O)NC(=O)NC3CCCCC3)C,approved,0,,,
Diazepam_1836,CN1C(=O)CN=C(C2=CC=CC=C2)C3=CC=CC=C3C1=O,approved,0,,,
Fluoxetine_1837,CNCCC(C1=CC=CC=C1)OC2=CC=C(C=C2)C(F)(F)F,approved,0,,,
Sertraline_1838,CNC(CC1=CC=CC=C1)C2=CC=CC=C2Cl,approved,0,,,
Salbutamol_1839,CC(C)(C)NCC(C1=CC(=C(C=C1)O)CO)O,approved,0,,,
Montelukast_1840,CC(C)(C)C1=CC=C(C=C1)CC(C2=CC=CC=C2)C3=CC=CC=C3,approved,0,,,
Aspirin_1841,CC(=O)OC1=CC=CC=C1C(=O)O,approved,0,,,
Paracetamol_1842,CC(=O)NC1=CC=C(O)C=C1,approved,0,,,
Ibuprofen_1843,CC(C)CC1=CC=C(C=C1)C(C)C(=O)O,approved,0,,,
Naproxen_1844,COC1=CC=C(C=C1)C(C)C(=O)O,approved,0,,,
Diclofenac_1845,ClC1=CC=C(C=C1)C(=O)NC2=CC=CC=C2Cl,approved,0,,,
Celecoxib_1846,CC1=CC=C(C=C1)C2=CC(=NN2C3=CC=C(C=C3)S(=O)(=O)N)C(F)(F)F,approved,0,,,
Penicillin G_1847,CC1(C(N2C(S1)C(C2=O)NC(=O)CC3=CC=CC=C3)C(=O)O)C,approved,0,,,
Amoxicillin_1848,CC1(C(N2C(S1)C(C2=O)NC(=O)C(C3=CC=C(C=C3)O)N)C(=O)O)C,approved,0,,,
Ciprofloxacin_1849,C1CC1N2C=C(C(=O)C3=CC(=C(C=C32)N4CCN(CC4)C)F)C(=O)O,approved,0,,,
Azithromycin_1850,CCC1C(C(C(N(CC(CC(C(C(C(C(C(=O)O1)C)OC2C(C(CC(O2)C)N(C)C)O)C)OC3C(C(CC(O3)C)N(C)C)O)C)C)C)O)O,approved,0,,,
Atorvastatin_1851,CC(C)C1=C(C(=C(N1CC[C@@H](C[C@@H](CC(=O)O)O)O)C2=CC=C(C=C2)F)C3=CC=CC=C3)C(=O)NC4=CC=CC=C4,approved,0,,,
Lisinopril_1852,C1CC(N(C1)C(=O)C(CC2=CC=CC=C2)NC(=O)C(CC3=CC=CC=C3)N)C(=O)O,approved,0,,,
Metoprolol_1853,CC(C)NCC(COC1=CC=C(C=C1)CCOC)O,approved,0,,,
Metformin_1854,CN(C)C(=N)N,approved,0,,,
Glipizide_1855,CC1=NC=C(N1C(=O)NC2=CC=C(C=C2)S(=O)(=O)NC(=O)NC3CCCCC3)C,approved,0,,,
Diazepam_1856,CN1C(=O)CN=C(C2=CC=CC=C2)C3=CC=CC=C3C1=O,approved,0,,,
Fluoxetine_1857,CNCCC(C1=CC=CC=C1)OC2=CC=C(C=C2)C(F)(F)F,approved,0,,,
Sertraline_1858,CNC(CC1=CC=CC=C1)C2=CC=CC=C2Cl,approved,0,,,
Salbutamol_1859,CC(C)(C)NCC(C1=CC(=C(C=C1)O)CO)O,approved,0,,,
Montelukast_1860,CC(C)(C)C1=CC=C(C=C1)CC(C2=CC=CC=C2)C3=CC=CC=C3,approved,0,,,
Aspirin_1861,CC(=O)OC1=CC=CC=C1C(=O)O,approved,0,,,
Paracetamol_1862,CC(=O)NC1=CC=C(O)C=C1,approved,0,,,
Ibuprofen_1863,CC(C)CC1=CC=C(C=C1)C(C)C(=O)O,approved,0,,,
Naproxen_1864,COC1=CC=C(C=C1)C(C)C(=O)O,approved,0,,,
Diclofenac_1865,ClC1=CC=C(C=C1)C(=O)NC2=CC=CC=C2Cl,approved,0,,,
Celecoxib_1866,CC1=CC=C(C=C1)C2=CC(=NN2C3=CC=C(C=C3)S(=O)(=O)N)C(F)(F)F,approved,0,,,
Penicillin G_1867,CC1(C(N2C(S1)C(C2=O)NC(=O)CC3=CC=CC=C3)C(=O)O)C,approved,0,,,
Amoxicillin_1868,CC1(C(N2C(S1)C(C2=O)NC(=O)C(C3=CC=C(C=C3)O)N)C(=O)O)C,approved,0,,,
Ciprofloxacin_1869,C1CC1N2C=C(C(=O)C3=CC(=C(C=C32)N4CCN(CC4)C)F)C(=O)O,approved,0,,,
Azithromycin_1870,CCC1C(C(C(N(CC(CC(C(C(C(C(C(=O)O1)C)OC2C(C(CC(O2)C)N(C)C)O)C)OC3C(C(CC(O3)C)N(C)C)O)C)C)C)O)O,approved,0,,,
Atorvastatin_1871,CC(C)C1=C(C(=C(N1CC[C@@H](C[C@@H](CC(=O)O)O)O)C2=CC=C(C=C2)F)C3=CC=CC=C3)C(=O)NC4=CC=CC=C4,approved,0,,,
Lisinopril_1872,C1CC(N(C1)C(=O)C(CC2=CC=CC=C2)NC(=O)C(CC3=CC=CC=C3)N)C(=O)O,approved,0,,,
Metoprolol_1873,CC(C)NCC(COC1=CC=C(C=C1)CCOC)O,approved,0,,,
Metformin_1874,CN(C)C(=N)N,approved,0,,,
Glipizide_1875,CC1=NC=C(N1C(=O)NC2=CC=C(C=C2)S(=O)(=O)NC(=O)NC3CCCCC3)C,approved,0,,,
Diazepam_1876,CN1C(=O)CN=C(C2=CC=CC=C2)C3=CC=CC=C3C1=O,approved,0,,,
Fluoxetine_1877,CNCCC(C1=CC=CC=C1)OC2=CC=C(C=C2)C(F)(F)F,approved,0,,,
Sertraline_1878,CNC(CC1=CC=CC=C1)C2=CC=CC=C2Cl,approved,0,,,
Salbutamol_1879,CC(C)(C)NCC(C1=CC(=C(C=C1)O)CO)O,approved,0,,,
Montelukast_1880,CC(C)(C)C1=CC=C(C=C1)CC(C2=CC=CC=C2)C3=CC=CC=C3,approved,0,,,
Aspirin_1881,CC(=O)OC1=CC=CC=C1C(=O)O,approved,0,,,
Paracetamol_1882,CC(=O)NC1=CC=C(O)C=C1,approved,0,,,
Ibuprofen_1883,CC(C)CC1=CC=C(C=C1)C(C)C(=O)O,approved,0,,,
Naproxen_1884,COC1=CC=C(C=C1)C(C)C(=O)O,approved,0,,,
Diclofenac_1885,ClC1=CC=C(C=C1)C(=O)NC2=CC=CC=C2Cl,approved,0,,,
Celecoxib_1886,CC1=CC=C(C=C1)C2=CC(=NN2C3=CC=C(C=C3)S(=O)(=O)N)C(F)(F)F,approved,0,,,
Penicillin G_1887,CC1(C(N2C(S1)C(C2=O)NC(=O)CC3=CC=CC=C3)C(=O)O)C,approved,0,,,
Amoxicillin_1888,CC1(C(N2C(S1)C(C2=O)NC(=O)C(C3=CC=C(C=C3)O)N)C(=O)O)C,approved,0,,,
Ciprofloxacin_1889,C1CC1N2C=C(C(=O)C3=CC(=C(C=C32)N4CCN(CC4)C)F)C(=O)O,approved,0,,,
Azithromycin_1890,CCC1C(C(C(N(CC(CC(C(C(C(C(C(=O)O1)C)OC2C(C(CC(O2)C)N(C)C)O)C)OC3C(C(CC(O3)C)N(C)C)O)C)C)C)O)O,approved,0,,,
Atorvastatin_1891,CC(C)C1=C(C(=C(N1CC[C@@H](C[C@@H](CC(=O)O)O)O)C2=CC=C(C=C2)F)C3=CC=CC=C3)C(=O)NC4=CC=CC=C4,approved,0,,,
Lisinopril_1892,C1CC(N(C1)C(=O)C(CC2=CC=CC=C2)NC(=O)C(CC3=CC=CC=C3)N)C(=O)O,approved,0,,,
Metoprolol_1893,CC(C)NCC(COC1=CC=C(C=C1)CCOC)O,approved,0,,,
Metformin_1894,CN(C)C(=N)N,approved,0,,,
Glipizide_1895,CC1=NC=C(N1C(=O)NC2=CC=C(C=C2)S(=O)(=O)NC(=O)NC3CCCCC3)C,approved,0,,,
Diazepam_1896,CN1C(=O)CN=C(C2=CC=CC=C2)C3=CC=CC=C3C1=O,approved,0,,,
Fluoxetine_1897,CNCCC(C1=CC=CC=C1)OC2=CC=C(C=C2)C(F)(F)F,approved,0,,,
Sertraline_1898,CNC(CC1=CC=CC=C1)C2=CC=CC=C2Cl,approved,0,,,
Salbutamol_1899,CC(C)(C)NCC(C1=CC(=C(C=C1)O)CO)O,approved,0,,,
Montelukast_1900,CC(C)(C)C1=CC=C(C=C1)CC(C2=CC=CC=C2)C3=CC=CC=C3,approved,0,,,
Aspirin_1901,CC(=O)OC1=CC=CC=C1C(=O)O,approved,0,,,
Paracetamol_1902,CC(=O)NC1=CC=C(O)C=C1,approved,0,,,
Ibuprofen_1903,CC(C)CC1=CC=C(C=C1)C(C)C(=O)O,approved,0,,,
Naproxen_1904,COC1=CC=C(C=C1)C(C)C(=O)O,approved,0,,,
Diclofenac_1905,ClC1=CC=C(C=C1)C(=O)NC2=CC=CC=C2Cl,approved,0,,,
Celecoxib_1906,CC1=CC=C(C=C1)C2=CC(=NN2C3=CC=C(C=C3)S(=O)(=O)N)C(F)(F)F,approved,0,,,
Penicillin G_1907,CC1(C(N2C(S1)C(C2=O)NC(=O)CC3=CC=CC=C3)C(=O)O)C,approved,0,,,
Amoxicillin_1908,CC1(C(N2C(S1)C(C2=O)NC(=O)C(C3=CC=C(C=C3)O)N)C(=O)O)C,approved,0,,,
Ciprofloxacin_1909,C1CC1N2C=C(C(=O)C3=CC(=C(C=C32)N4CCN(CC4)C)F)C(=O)O,approved,0,,,
Azithromycin_1910,CCC1C(C(C(N(CC(CC(C(C(C(C(C(=O)O1)C)OC2C(C(CC(O2)C)N(C)C)O)C)OC3C(C(CC(O3)C)N(C)C)O)C)C)C)O)O,approved,0,,,
Atorvastatin_1911,CC(C)C1=C(C(=C(N1CC[C@@H](C[C@@H](CC(=O)O)O)O)C2=CC=C(C=C2)F)C3=CC=CC=C3)C(=O)NC4=CC=CC=C4,approved,0,,,
Lisinopril_1912,C1CC(N(C1)C(=O)C(CC2=CC=CC=C2)NC(=O)C(CC3=CC=CC=C3)N)C(=O)O,approved,0,,,
Metoprolol_1913,CC(C)NCC(COC1=CC=C(C=C1)CCOC)O,approved,0,,,
Metformin_1914,CN(C)C(=N)N,approved,0,,,
Glipizide_1915,CC1=NC=C(N1C(=O)NC2=CC=C(C=C2)S(=O)(=O)NC(=O)NC3CCCCC3)C,approved,0,,,
Diazepam_1916,CN1C(=O)CN=C(C2=CC=CC=C2)C3=CC=CC=C3C1=O,approved,0,,,
Fluoxetine_1917,CNCCC(C1=CC=CC=C1)OC2=CC=C(C=C2)C(F)(F)F,approved,0,,,
Sertraline_1918,CNC(CC1=CC=CC=C1)C2=CC=CC=C2Cl,approved,0,,,
Salbutamol_1919,CC(C)(C)NCC(C1=CC(=C(C=C1)O)CO)O,approved,0,,,
Montelukast_1920,CC(C)(C)C1=CC=C(C=C1)CC(C2=CC=CC=C2)C3=CC=CC=C3,approved,0,,,
Aspirin_1921,CC(=O)OC1=CC=CC=C1C(=O)O,approved,0,,,
Paracetamol_1922,CC(=O)NC1=CC=C(O)C=C1,approved,0,,,
Ibuprofen_1923,CC(C)CC1=CC=C(C=C1)C(C)C(=O)O,approved,0,,,
Naproxen_1924,COC1=CC=C(C=C1)C(C)C(=O)O,approved,0,,,
Diclofenac_1925,ClC1=CC=C(C=C1)C(=O)NC2=CC=CC=C2Cl,approved,0,,,
Celecoxib_1926,CC1=CC=C(C=C1)C2=CC(=NN2C3=CC=C(C=C3)S(=O)(=O)N)C(F)(F)F,approved,0,,,
Penicillin G_1927,CC1(C(N2C(S1)C(C2=O)NC(=O)CC3=CC=CC=C3)C(=O)O)C,approved,0,,,
Amoxicillin_1928,CC1(C(N2C(S1)C(C2=O)NC(=O)C(C3=CC=C(C=C3)O)N)C(=O)O)C,approved,0,,,
Ciprofloxacin_1929,C1CC1N2C=C(C(=O)C3=CC(=C(C=C32)N4CCN(CC4)C)F)C(=O)O,approved,0,,,
Azithromycin_1930,CCC1C(C(C(N(CC(CC(C(C(C(C(C(=O)O1)C)OC2C(C(CC(O2)C)N(C)C)O)C)OC3C(C(CC(O3)C)N(C)C)O)C)C)C)O)O,approved,0,,,
Atorvastatin_1931,CC(C)C1=C(C(=C(N1CC[C@@H](C[C@@H](CC(=O)O)O)O)C2=CC=C(C=C2)F)C3=CC=CC=C3)C(=O)NC4=CC=CC=C4,approved,0,,,
Lisinopril_1932,C1CC(N(C1)C(=O)C(CC2=CC=CC=C2)NC(=O)C(CC3=CC=CC=C3)N)C(=O)O,approved,0,,,
Metoprolol_1933,CC(C)NCC(COC1=CC=C(C=C1)CCOC)O,approved,0,,,
Metformin_1934,CN(C)C(=N)N,approved,0,,,
Glipizide_1935,CC1=NC=C(N1C(=O)NC2=CC=C(C=C2)S(=O)(=O)NC(=O)NC3CCCCC3)C,approved,0,,,
Diazepam_1936,CN1C(=O)CN=C(C2=CC=CC=C2)C3=CC=CC=C3C1=O,approved,0,,,
Fluoxetine_1937,CNCCC(C1=CC=CC=C1)OC2=CC=C(C=C2)C(F)(F)F,approved,0,,,
Sertraline_1938,CNC(CC1=CC=CC=C1)C2=CC=CC=C2Cl,approved,0,,,
Salbutamol_1939,CC(C)(C)NCC(C1=CC(=C(C=C1)O)CO)O,approved,0,,,
Montelukast_1940,CC(C)(C)C1=CC=C(C=C1)CC(C2=CC=CC=C2)C3=CC=CC=C3,approved,0,,,
Aspirin_1941,CC(=O)OC1=CC=CC=C1C(=O)O,approved,0,,,
Paracetamol_1942,CC(=O)NC1=CC=C(O)C=C1,approved,0,,,
Ibuprofen_1943,CC(C)CC1=CC=C(C=C1)C(C)C(=O)O,approved,0,,,
Naproxen_1944,COC1=CC=C(C=C1)C(C)C(=O)O,approved,0,,,
Diclofenac_1945,ClC1=CC=C(C=C1)C(=O)NC2=CC=CC=C2Cl,approved,0,,,
Celecoxib_1946,CC1=CC=C(C=C1)C2=CC(=NN2C3=CC=C(C=C3)S(=O)(=O)N)C(F)(F)F,approved,0,,,
Penicillin G_1947,CC1(C(N2C(S1)C(C2=O)NC(=O)CC3=CC=CC=C3)C(=O)O)C,approved,0,,,
Amoxicillin_1948,CC1(C(N2C(S1)C(C2=O)NC(=O)C(C3=CC=C(C=C3)O)N)C(=O)O)C,approved,0,,,
Ciprofloxacin_1949,C1CC1N2C=C(C(=O)C3=CC(=C(C=C32)N4CCN(CC4)C)F)C(=O)O,approved,0,,,
Azithromycin_1950,CCC1C(C(C(N(CC(CC(C(C(C(C(C(=O)O1)C)OC2C(C(CC(O2)C)N(C)C)O)C)OC3C(C(CC(O3)C)N(C)C)O)C)C)C)O)O,approved,0,,,
Atorvastatin_1951,CC(C)C1=C(C(=C(N1CC[C@@H](C[C@@H](CC(=O)O)O)O)C2=CC=C(C=C2)F)C3=CC=CC=C3)C(=O)NC4=CC=CC=C4,approved,0,,,
Lisinopril_1952,C1CC(N(C1)C(=O)C(CC2=CC=CC=C2)NC(=O)C(CC3=CC=CC=C3)N)C(=O)O,approved,0,,,
Metoprolol_1953,CC(C)NCC(COC1=CC=C(C=C1)CCOC)O,approved,0,,,
Metformin_1954,CN(C)C(=N)N,approved,0,,,
Glipizide_1955,CC1=NC=C(N1C(=O)NC2=CC=C(C=C2)S(=O)(=O)NC(=O)NC3CCCCC3)C,approved,0,,,
Diazepam_1956,CN1C(=O)CN=C(C2=CC=CC=C2)C3=CC=CC=C3C1=O,approved,0,,,
Fluoxetine_1957,CNCCC(C1=CC=CC=C1)OC2=CC=C(C=C2)C(F)(F)F,approved,0,,,
Sertraline_1958,CNC(CC1=CC=CC=C1)C2=CC=CC=C2Cl,approved,0,,,
Salbutamol_1959,CC(C)(C)NCC(C1=CC(=C(C=C1)O)CO)O,approved,0,,,
Montelukast_1960,CC(C)(C)C1=CC=C(C=C1)CC(C2=CC=CC=C2)C3=CC=CC=C3,approved,0,,,
Aspirin_1961,CC(=O)OC1=CC=CC=C1C(=O)O,approved,0,,,
Paracetamol_1962,CC(=O)NC1=CC=C(O)C=C1,approved,0,,,
Ibuprofen_1963,CC(C)CC1=CC=C(C=C1)C(C)C(=O)O,approved,0,,,
Naproxen_1964,COC1=CC=C(C=C1)C(C)C(=O)O,approved,0,,,
Diclofenac_1965,ClC1=CC=C(C=C1)C(=O)NC2=CC=CC=C2Cl,approved,0,,,
Celecoxib_1966,CC1=CC=C(C=C1)C2=CC(=NN2C3=CC=C(C=C3)S(=O)(=O)N)C(F)(F)F,approved,0,,,
Penicillin G_1967,CC1(C(N2C(S1)C(C2=O)NC(=O)CC3=CC=CC=C3)C(=O)O)C,approved,0,,,
Amoxicillin_1968,CC1(C(N2C(S1)C(C2=O)NC(=O)C(C3=CC=C(C=C3)O)N)C(=O)O)C,approved,0,,,
Ciprofloxacin_1969,C1CC1N2C=C(C(=O)C3=CC(=C(C=C32)N4CCN(CC4)C)F)C(=O)O,approved,0,,,
Azithromycin_1970,CCC1C(C(C(N(CC(CC(C(C(C(C(C(=O)O1)C)OC2C(C(CC(O2)C)N(C)C)O)C)OC3C(C(CC(O3)C)N(C)C)O)C)C)C)O)O,approved,0,,,
Atorvastatin_1971,CC(C)C1=C(C(=C(N1CC[C@@H](C[C@@H](CC(=O)O)O)O)C2=CC=C(C=C2)F)C3=CC=CC=C3)C(=O)NC4=CC=CC=C4,approved,0,,,
Lisinopril_1972,C1CC(N(C1)C(=O)C(CC2=CC=CC=C2)NC(=O)C(CC3=CC=CC=C3)N)C(=O)O,approved,0,,,
Metoprolol_1973,CC(C)NCC(COC1=CC=C(C=C1)CCOC)O,approved,0,,,
Metformin_1974,CN(C)C(=N)N,approved,0,,,
Glipizide_1975,CC1=NC=C(N1C(=O)NC2=CC=C(C=C2)S(=O)(=O)NC(=O)NC3CCCCC3)C,approved,0,,,
Diazepam_1976,CN1C(=O)CN=C(C2=CC=CC=C2)C3=CC=CC=C3C1=O,approved,0,,,
Fluoxetine_1977,CNCCC(C1=CC=CC=C1)OC2=CC=C(C=C2)C(F)(F)F,approved,0,,,
Sertraline_1978,CNC(CC1=CC=CC=C1)C2=CC=CC=C2Cl,approved,0,,,
Salbutamol_1979,CC(C)(C)NCC(C1=CC(=C(C=C1)O)CO)O,approved,0,,,
Montelukast_1980,CC(C)(C)C1=CC=C(C=C1)CC(C2=CC=CC=C2)C3=CC=CC=C3,approved,0,,,
Aspirin_1981,CC(=O)OC1=CC=CC=C1C(=O)O,approved,0,,,
Paracetamol_1982,CC(=O)NC1=CC=C(O)C=C1,approved,0,,,
Ibuprofen_1983,CC(C)CC1=CC=C(C=C1)C(C)C(=O)O,approved,0,,,
Naproxen_1984,COC1=CC=C(C=C1)C(C)C(=O)O,approved,0,,,
Diclofenac_1985,ClC1=CC=C(C=C1)C(=O)NC2=CC=CC=C2Cl,approved,0,,,
Celecoxib_1986,CC1=CC=C(C=C1)C2=CC(=NN2C3=CC=C(C=C3)S(=O)(=O)N)C(F)(F)F,approved,0,,,
Penicillin G_1987,CC1(C(N2C(S1)C(C2=O)NC(=O)CC3=CC=CC=C3)C(=O)O)C,approved,0,,,
Amoxicillin_1988,CC1(C(N2C(S1)C(C2=O)NC(=O)C(C3=CC=C(C=C3)O)N)C(=O)O)C,approved,0,,,
Ciprofloxacin_1989,C1CC1N2C=C(C(=O)C3=CC(=C(C=C32)N4CCN(CC4)C)F)C(=O)O,approved,0,,,
Azithromycin_1990,CCC1C(C(C(N(CC(CC(C(C(C(C(C(=O)O1)C)OC2C(C(CC(O2)C)N(C)C)O)C)OC3C(C(CC(O3)C)N(C)C)O)C)C)C)O)O,approved,0,,,
Atorvastatin_1991,CC(C)C1=C(C(=C(N1CC[C@@H](C[C@@H](CC(=O)O)O)O)C2=CC=C(C=C2)F)C3=CC=CC=C3)C(=O)NC4=CC=CC=C4,approved,0,,,
Lisinopril_1992,C1CC(N(C1)C(=O)C(CC2=CC=CC=C2)NC(=O)C(CC3=CC=CC=C3)N)C(=O)O,approved,0,,,
Metoprolol_1993,CC(C)NCC(COC1=CC=C(C=C1)CCOC)O,approved,0,,,
Metformin_1994,CN(C)C(=N)N,approved,0,,,
Glipizide_1995,CC1=NC=C(N1C(=O)NC2=CC=C(C=C2)S(=O)(=O)NC(=O)NC3CCCCC3)C,approved,0,,,
Diazepam_1996,CN1C(=O)CN=C(C2=CC=CC=C2)C3=CC=CC=C3C1=O,approved,0,,,
Fluoxetine_1997,CNCCC(C1=CC=CC=C1)OC2=CC=C(C=C2)C(F)(F)F,approved,0,,,
Sertraline_1998,CNC(CC1=CC=CC=C1)C2=CC=CC=C2Cl,approved,0,,,
Salbutamol_1999,CC(C)(C)NCC(C1=CC(=C(C=C1)O)CO)O,approved,0,,,
Montelukast_2000,CC(C)(C)C1=CC=C(C=C1)CC(C2=CC=CC=C2)C3=CC=CC=C3,approved,0,,,
Thalidomide_1,O=C1CCC(N1)C(=O)c2ccccc2C(=O)N3C(=O)CCC3=O,,1,teratogenicity,,
Vioxx_2,CC1=CC=C(C=C1)C2=CC(=NN2C3=CC=C(C=C3)S(=O)(=O)C)C(F)(F)F,,1,cardiotoxicity,,
Baycol_3,CC(C)C1=C(C(=C(N1CC[C@@H](C[C@@H](CC(=O)O)O)O)C2=CC=C(C=C2)F)C3=CC=CC=C3)C(=O)O,,1,rhabdomyolysis,,
Troglitazone_4,CC1=C(C(=C(N1C(=O)C2=CC=CC=C2)C)C)C3=CC=C(C=C3)O,,1,hepatotoxicity,,
Rofecoxib_5,CC1=CC=C(C=C1)C2=CC(=NN2C3=CC=C(C=C3)S(=O)(=O)C)C(F)(F)F,,1,cardiovascular,,
Temafloxacin_6,CC1=CC(=O)C2=CC(=C(C=C2N1C3CC3)F)N4CCN(CC4)C,,1,hemolytic anemia,,
Terfenadine_7,CN1CCC(=C2c3ccccc3CCc4ccccc24)CC1,,1,cardiotoxicity,,
Astemizole_8,COC1=CC=C(C=C1)CCN2CCC(CC2)NC3=NC4=CC=CC=C4N3CC5=CC=C(C=C5)F,,1,cardiotoxicity,,
Cisapride_9,COC1=CC=C(C=C1)C2=NC(=C(N2)C(=O)NC3CCCCC3)N,,1,cardiotoxicity,,
Grepafloxacin_10,CC1CN(CCN1)C2=C(C=C3C(=O)C(=CN(C3=C2)C4CC4)C(=O)O)F,,1,cardiotoxicity,,
Thalidomide_11,O=C1CCC(N1)C(=O)c2ccccc2C(=O)N3C(=O)CCC3=O,,1,teratogenicity,,
Vioxx_12,CC1=CC=C(C=C1)C2=CC(=NN2C3=CC=C(C=C3)S(=O)(=O)C)C(F)(F)F,,1,cardiotoxicity,,
Baycol_13,CC(C)C1=C(C(=C(N1CC[C@@H](C[C@@H](CC(=O)O)O)O)C2=CC=C(C=C2)F)C3=CC=CC=C3)C(=O)O,,1,rhabdomyolysis,,
Troglitazone_14,CC1=C(C(=C(N1C(=O)C2=CC=CC=C2)C)C)C3=CC=C(C=C3)O,,1,hepatotoxicity,,
Rofecoxib_15,CC1=CC=C(C=C1)C2=CC(=NN2C3=CC=C(C=C3)S(=O)(=O)C)C(F)(F)F,,1,cardiovascular,,
Temafloxacin_16,CC1=CC(=O)C2=CC(=C(C=C2N1C3CC3)F)N4CCN(CC4)C,,1,hemolytic anemia,,
Terfenadine_17,CN1CCC(=C2c3ccccc3CCc4ccccc24)CC1,,1,cardiotoxicity,,
Astemizole_18,COC1=CC=C(C=C1)CCN2CCC(CC2)NC3=NC4=CC=CC=C4N3CC5=CC=C(C=C5)F,,1,cardiotoxicity,,
Cisapride_19,COC1=CC=C(C=C1)C2=NC(=C(N2)C(=O)NC3CCCCC3)N,,1,cardiotoxicity,,
Grepafloxacin_20,CC1CN(CCN1)C2=C(C=C3C(=O)C(=CN(C3=C2)C4CC4)C(=O)O)F,,1,cardiotoxicity,,
Thalidomide_21,O=C1CCC(N1)C(=O)c2ccccc2C(=O)N3C(=O)CCC3=O,,1,teratogenicity,,
Vioxx_22,CC1=CC=C(C=C1)C2=CC(=NN2C3=CC=C(C=C3)S(=O)(=O)C)C(F)(F)F,,1,cardiotoxicity,,
Baycol_23,CC(C)C1=C(C(=C(N1CC[C@@H](C[C@@H](CC(=O)O)O)O)C2=CC=C(C=C2)F)C3=CC=CC=C3)C(=O)O,,1,rhabdomyolysis,,
Troglitazone_24,CC1=C(C(=C(N1C(=O)C2=CC=CC=C2)C)C)C3=CC=C(C=C3)O,,1,hepatotoxicity,,
Rofecoxib_25,CC1=CC=C(C=C1)C2=CC(=NN2C3=CC=C(C=C3)S(=O)(=O)C)C(F)(F)F,,1,cardiovascular,,
Temafloxacin_26,CC1=CC(=O)C2=CC(=C(C=C2N1C3CC3)F)N4CCN(CC4)C,,1,hemolytic anemia,,
Terfenadine_27,CN1CCC(=C2c3ccccc3CCc4ccccc24)CC1,,1,cardiotoxicity,,
Astemizole_28,COC1=CC=C(C=C1)CCN2CCC(CC2)NC3=NC4=CC=CC=C4N3CC5=CC=C(C=C5)F,,1,cardiotoxicity,,
Cisapride_29,COC1=CC=C(C=C1)C2=NC(=C(N2)C(=O)NC3CCCCC3)N,,1,cardiotoxicity,,
Grepafloxacin_30,CC1CN(CCN1)C2=C(C=C3C(=O)C(=CN(C3=C2)C4CC4)C(=O)O)F,,1,cardiotoxicity,,
Thalidomide_31,O=C1CCC(N1)C(=O)c2ccccc2C(=O)N3C(=O)CCC3=O,,1,teratogenicity,,
Vioxx_32,CC1=CC=C(C=C1)C2=CC(=NN2C3=CC=C(C=C3)S(=O)(=O)C)C(F)(F)F,,1,cardiotoxicity,,
Baycol_33,CC(C)C1=C(C(=C(N1CC[C@@H](C[C@@H](CC(=O)O)O)O)C2=CC=C(C=C2)F)C3=CC=CC=C3)C(=O)O,,1,rhabdomyolysis,,
Troglitazone_34,CC1=C(C(=C(N1C(=O)C2=CC=CC=C2)C)C)C3=CC=C(C=C3)O,,1,hepatotoxicity,,
Rofecoxib_35,CC1=CC=C(C=C1)C2=CC(=NN2C3=CC=C(C=C3)S(=O)(=O)C)C(F)(F)F,,1,cardiovascular,,
Temafloxacin_36,CC1=CC(=O)C2=CC(=C(C=C2N1C3CC3)F)N4CCN(CC4)C,,1,hemolytic anemia,,
Terfenadine_37,CN1CCC(=C2c3ccccc3CCc4ccccc24)CC1,,1,cardiotoxicity,,
Astemizole_38,COC1=CC=C(C=C1)CCN2CCC(CC2)NC3=NC4=CC=CC=C4N3CC5=CC=C(C=C5)F,,1,cardiotoxicity,,
Cisapride_39,COC1=CC=C(C=C1)C2=NC(=C(N2)C(=O)NC3CCCCC3)N,,1,cardiotoxicity,,
Grepafloxacin_40,CC1CN(CCN1)C2=C(C=C3C(=O)C(=CN(C3=C2)C4CC4)C(=O)O)F,,1,cardiotoxicity,,
Thalidomide_41,O=C1CCC(N1)C(=O)c2ccccc2C(=O)N3C(=O)CCC3=O,,1,teratogenicity,,
Vioxx_42,CC1=CC=C(C=C1)C2=CC(=NN2C3=CC=C(C=C3)S(=O)(=O)C)C(F)(F)F,,1,cardiotoxicity,,
Baycol_43,CC(C)C1=C(C(=C(N1CC[C@@H](C[C@@H](CC(=O)O)O)O)C2=CC=C(C=C2)F)C3=CC=CC=C3)C(=O)O,,1,rhabdomyolysis,,
Troglitazone_44,CC1=C(C(=C(N1C(=O)C2=CC=CC=C2)C)C)C3=CC=C(C=C3)O,,1,hepatotoxicity,,
Rofecoxib_45,CC1=CC=C(C=C1)C2=CC(=NN2C3=CC=C(C=C3)S(=O)(=O)C)C(F)(F)F,,1,cardiovascular,,
Temafloxacin_46,CC1=CC(=O)C2=CC(=C(C=C2N1C3CC3)F)N4CCN(CC4)C,,1,hemolytic anemia,,
Terfenadine_47,CN1CCC(=C2c3ccccc3CCc4ccccc24)CC1,,1,cardiotoxicity,,
Astemizole_48,COC1=CC=C(C=C1)CCN2CCC(CC2)NC3=NC4=CC=CC=C4N3CC5=CC=C(C=C5)F,,1,cardiotoxicity,,
Cisapride_49,COC1=CC=C(C=C1)C2=NC(=C(N2)C(=O)NC3CCCCC3)N,,1,cardiotoxicity,,
Grepafloxacin_50,CC1CN(CCN1)C2=C(C=C3C(=O)C(=CN(C3=C2)C4CC4)C(=O)O)F,,1,cardiotoxicity,,
Thalidomide_51,O=C1CCC(N1)C(=O)c2ccccc2C(=O)N3C(=O)CCC3=O,,1,teratogenicity,,
Vioxx_52,CC1=CC=C(C=C1)C2=CC(=NN2C3=CC=C(C=C3)S(=O)(=O)C)C(F)(F)F,,1,cardiotoxicity,,
Baycol_53,CC(C)C1=C(C(=C(N1CC[C@@H](C[C@@H](CC(=O)O)O)O)C2=CC=C(C=C2)F)C3=CC=CC=C3)C(=O)O,,1,rhabdomyolysis,,
Troglitazone_54,CC1=C(C(=C(N1C(=O)C2=CC=CC=C2)C)C)C3=CC=C(C=C3)O,,1,hepatotoxicity,,
Rofecoxib_55,CC1=CC=C(C=C1)C2=CC(=NN2C3=CC=C(C=C3)S(=O)(=O)C)C(F)(F)F,,1,cardiovascular,,
Temafloxacin_56,CC1=CC(=O)C2=CC(=C(C=C2N1C3CC3)F)N4CCN(CC4)C,,1,hemolytic anemia,,
Terfenadine_57,CN1CCC(=C2c3ccccc3CCc4ccccc24)CC1,,1,cardiotoxicity,,
Astemizole_58,COC1=CC=C(C=C1)CCN2CCC(CC2)NC3=NC4=CC=CC=C4N3CC5=CC=C(C=C5)F,,1,cardiotoxicity,,
Cisapride_59,COC1=CC=C(C=C1)C2=NC(=C(N2)C(=O)NC3CCCCC3)N,,1,cardiotoxicity,,
Grepafloxacin_60,CC1CN(CCN1)C2=C(C=C3C(=O)C(=CN(C3=C2)C4CC4)C(=O)O)F,,1,cardiotoxicity,,
Thalidomide_61,O=C1CCC(N1)C(=O)c2ccccc2C(=O)N3C(=O)CCC3=O,,1,teratogenicity,,
Vioxx_62,CC1=CC=C(C=C1)C2=CC(=NN2C3=CC=C(C=C3)S(=O)(=O)C)C(F)(F)F,,1,cardiotoxicity,,
Baycol_63,CC(C)C1=C(C(=C(N1CC[C@@H](C[C@@H](CC(=O)O)O)O)C2=CC=C(C=C2)F)C3=CC=CC=C3)C(=O)O,,1,rhabdomyolysis,,
Troglitazone_64,CC1=C(C(=C(N1C(=O)C2=CC=CC=C2)C)C)C3=CC=C(C=C3)O,,1,hepatotoxicity,,
Rofecoxib_65,CC1=CC=C(C=C1)C2=CC(=NN2C3=CC=C(C=C3)S(=O)(=O)C)C(F)(F)F,,1,cardiovascular,,
Temafloxacin_66,CC1=CC(=O)C2=CC(=C(C=C2N1C3CC3)F)N4CCN(CC4)C,,1,hemolytic anemia,,
Terfenadine_67,CN1CCC(=C2c3ccccc3CCc4ccccc24)CC1,,1,cardiotoxicity,,
Astemizole_68,COC1=CC=C(C=C1)CCN2CCC(CC2)NC3=NC4=CC=CC=C4N3CC5=CC=C(C=C5)F,,1,cardiotoxicity,,
Cisapride_69,COC1=CC=C(C=C1)C2=NC(=C(N2)C(=O)NC3CCCCC3)N,,1,cardiotoxicity,,
Grepafloxacin_70,CC1CN(CCN1)C2=C(C=C3C(=O)C(=CN(C3=C2)C4CC4)C(=O)O)F,,1,cardiotoxicity,,
Thalidomide_71,O=C1CCC(N1)C(=O)c2ccccc2C(=O)N3C(=O)CCC3=O,,1,teratogenicity,,
Vioxx_72,CC1=CC=C(C=C1)C2=CC(=NN2C3=CC=C(C=C3)S(=O)(=O)C)C(F)(F)F,,1,cardiotoxicity,,
Baycol_73,CC(C)C1=C(C(=C(N1CC[C@@H](C[C@@H](CC(=O)O)O)O)C2=CC=C(C=C2)F)C3=CC=CC=C3)C(=O)O,,1,rhabdomyolysis,,
Troglitazone_74,CC1=C(C(=C(N1C(=O)C2=CC=CC=C2)C)C)C3=CC=C(C=C3)O,,1,hepatotoxicity,,
Rofecoxib_75,CC1=CC=C(C=C1)C2=CC(=NN2C3=CC=C(C=C3)S(=O)(=O)C)C(F)(F)F,,1,cardiovascular,,
Temafloxacin_76,CC1=CC(=O)C2=CC(=C(C=C2N1C3CC3)F)N4CCN(CC4)C,,1,hemolytic anemia,,
Terfenadine_77,CN1CCC(=C2c3ccccc3CCc4ccccc24)CC1,,1,cardiotoxicity,,
Astemizole_78,COC1=CC=C(C=C1)CCN2CCC(CC2)NC3=NC4=CC=CC=C4N3CC5=CC=C(C=C5)F,,1,cardiotoxicity,,
Cisapride_79,COC1=CC=C(C=C1)C2=NC(=C(N2)C(=O)NC3CCCCC3)N,,1,cardiotoxicity,,
Grepafloxacin_80,CC1CN(CCN1)C2=C(C=C3C(=O)C(=CN(C3=C2)C4CC4)C(=O)O)F,,1,cardiotoxicity,,
Thalidomide_81,O=C1CCC(N1)C(=O)c2ccccc2C(=O)N3C(=O)CCC3=O,,1,teratogenicity,,
Vioxx_82,CC1=CC=C(C=C1)C2=CC(=NN2C3=CC=C(C=C3)S(=O)(=O)C)C(F)(F)F,,1,cardiotoxicity,,
Baycol_83,CC(C)C1=C(C(=C(N1CC[C@@H](C[C@@H](CC(=O)O)O)O)C2=CC=C(C=C2)F)C3=CC=CC=C3)C(=O)O,,1,rhabdomyolysis,,
Troglitazone_84,CC1=C(C(=C(N1C(=O)C2=CC=CC=C2)C)C)C3=CC=C(C=C3)O,,1,hepatotoxicity,,
Rofecoxib_85,CC1=CC=C(C=C1)C2=CC(=NN2C3=CC=C(C=C3)S(=O)(=O)C)C(F)(F)F,,1,cardiovascular,,
Temafloxacin_86,CC1=CC(=O)C2=CC(=C(C=C2N1C3CC3)F)N4CCN(CC4)C,,1,hemolytic anemia,,
Terfenadine_87,CN1CCC(=C2c3ccccc3CCc4ccccc24)CC1,,1,cardiotoxicity,,
Astemizole_88,COC1=CC=C(C=C1)CCN2CCC(CC2)NC3=NC4=CC=CC=C4N3CC5=CC=C(C=C5)F,,1,cardiotoxicity,,
Cisapride_89,COC1=CC=C(C=C1)C2=NC(=C(N2)C(=O)NC3CCCCC3)N,,1,cardiotoxicity,,
Grepafloxacin_90,CC1CN(CCN1)C2=C(C=C3C(=O)C(=CN(C3=C2)C4CC4)C(=O)O)F,,1,cardiotoxicity,,
Thalidomide_91,O=C1CCC(N1)C(=O)c2ccccc2C(=O)N3C(=O)CCC3=O,,1,teratogenicity,,
Vioxx_92,CC1=CC=C(C=C1)C2=CC(=NN2C3=CC=C(C=C3)S(=O)(=O)C)C(F)(F)F,,1,cardiotoxicity,,
Baycol_93,CC(C)C1=C(C(=C(N1CC[C@@H](C[C@@H](CC(=O)O)O)O)C2=CC=C(C=C2)F)C3=CC=CC=C3)C(=O)O,,1,rhabdomyolysis,,
Troglitazone_94,CC1=C(C(=C(N1C(=O)C2=CC=CC=C2)C)C)C3=CC=C(C=C3)O,,1,hepatotoxicity,,
Rofecoxib_95,CC1=CC=C(C=C1)C2=CC(=NN2C3=CC=C(C=C3)S(=O)(=O)C)C(F)(F)F,,1,cardiovascular,,
Temafloxacin_96,CC1=CC(=O)C2=CC(=C(C=C2N1C3CC3)F)N4CCN(CC4)C,,1,hemolytic anemia,,
Terfenadine_97,CN1CCC(=C2c3ccccc3CCc4ccccc24)CC1,,1,cardiotoxicity,,
Astemizole_98,COC1=CC=C(C=C1)CCN2CCC(CC2)NC3=NC4=CC=CC=C4N3CC5=CC=C(C=C5)F,,1,cardiotoxicity,,
Cisapride_99,COC1=CC=C(C=C1)C2=NC(=C(N2)C(=O)NC3CCCCC3)N,,1,cardiotoxicity,,
Grepafloxacin_100,CC1CN(CCN1)C2=C(C=C3C(=O)C(=CN(C3=C2)C4CC4)C(=O)O)F,,1,cardiotoxicity,,
Thalidomide_101,O=C1CCC(N1)C(=O)c2ccccc2C(=O)N3C(=O)CCC3=O,,1,teratogenicity,,
Vioxx_102,CC1=CC=C(C=C1)C2=CC(=NN2C3=CC=C(C=C3)S(=O)(=O)C)C(F)(F)F,,1,cardiotoxicity,,
Baycol_103,CC(C)C1=C(C(=C(N1CC[C@@H](C[C@@H](CC(=O)O)O)O)C2=CC=C(C=C2)F)C3=CC=CC=C3)C(=O)O,,1,rhabdomyolysis,,
Troglitazone_104,CC1=C(C(=C(N1C(=O)C2=CC=CC=C2)C)C)C3=CC=C(C=C3)O,,1,hepatotoxicity,,
Rofecoxib_105,CC1=CC=C(C=C1)C2=CC(=NN2C3=CC=C(C=C3)S(=O)(=O)C)C(F)(F)F,,1,cardiovascular,,
Temafloxacin_106,CC1=CC(=O)C2=CC(=C(C=C2N1C3CC3)F)N4CCN(CC4)C,,1,hemolytic anemia,,
Terfenadine_107,CN1CCC(=C2c3ccccc3CCc4ccccc24)CC1,,1,cardiotoxicity,,
Astemizole_108,COC1=CC=C(C=C1)CCN2CCC(CC2)NC3=NC4=CC=CC=C4N3CC5=CC=C(C=C5)F,,1,cardiotoxicity,,
Cisapride_109,COC1=CC=C(C=C1)C2=NC(=C(N2)C(=O)NC3CCCCC3)N,,1,cardiotoxicity,,
Grepafloxacin_110,CC1CN(CCN1)C2=C(C=C3C(=O)C(=CN(C3=C2)C4CC4)C(=O)O)F,,1,cardiotoxicity,,
Thalidomide_111,O=C1CCC(N1)C(=O)c2ccccc2C(=O)N3C(=O)CCC3=O,,1,teratogenicity,,
Vioxx_112,CC1=CC=C(C=C1)C2=CC(=NN2C3=CC=C(C=C3)S(=O)(=O)C)C(F)(F)F,,1,cardiotoxicity,,
Baycol_113,CC(C)C1=C(C(=C(N1CC[C@@H](C[C@@H](CC(=O)O)O)O)C2=CC=C(C=C2)F)C3=CC=CC=C3)C(=O)O,,1,rhabdomyolysis,,
Troglitazone_114,CC1=C(C(=C(N1C(=O)C2=CC=CC=C2)C)C)C3=CC=C(C=C3)O,,1,hepatotoxicity,,
Rofecoxib_115,CC1=CC=C(C=C1)C2=CC(=NN2C3=CC=C(C=C3)S(=O)(=O)C)C(F)(F)F,,1,cardiovascular,,
Temafloxacin_116,CC1=CC(=O)C2=CC(=C(C=C2N1C3CC3)F)N4CCN(CC4)C,,1,hemolytic anemia,,
Terfenadine_117,CN1CCC(=C2c3ccccc3CCc4ccccc24)CC1,,1,cardiotoxicity,,
Astemizole_118,COC1=CC=C(C=C1)CCN2CCC(CC2)NC3=NC4=CC=CC=C4N3CC5=CC=C(C=C5)F,,1,cardiotoxicity,,
Cisapride_119,COC1=CC=C(C=C1)C2=NC(=C(N2)C(=O)NC3CCCCC3)N,,1,cardiotoxicity,,
Grepafloxacin_120,CC1CN(CCN1)C2=C(C=C3C(=O)C(=CN(C3=C2)C4CC4)C(=O)O)F,,1,cardiotoxicity,,
Thalidomide_121,O=C1CCC(N1)C(=O)c2ccccc2C(=O)N3C(=O)CCC3=O,,1,teratogenicity,,
Vioxx_122,CC1=CC=C(C=C1)C2=CC(=NN2C3=CC=C(C=C3)S(=O)(=O)C)C(F)(F)F,,1,cardiotoxicity,,
Baycol_123,CC(C)C1=C(C(=C(N1CC[C@@H](C[C@@H](CC(=O)O)O)O)C2=CC=C(C=C2)F)C3=CC=CC=C3)C(=O)O,,1,rhabdomyolysis,,
Troglitazone_124,CC1=C(C(=C(N1C(=O)C2=CC=CC=C2)C)C)C3=CC=C(C=C3)O,,1,hepatotoxicity,,
Rofecoxib_125,CC1=CC=C(C=C1)C2=CC(=NN2C3=CC=C(C=C3)S(=O)(=O)C)C(F)(F)F,,1,cardiovascular,,
Temafloxacin_126,CC1=CC(=O)C2=CC(=C(C=C2N1C3CC3)F)N4CCN(CC4)C,,1,hemolytic anemia,,
Terfenadine_127,CN1CCC(=C2c3ccccc3CCc4ccccc24)CC1,,1,cardiotoxicity,,
Astemizole_128,COC1=CC=C(C=C1)CCN2CCC(CC2)NC3=NC4=CC=CC=C4N3CC5=CC=C(C=C5)F,,1,cardiotoxicity,,
Cisapride_129,COC1=CC=C(C=C1)C2=NC(=C(N2)C(=O)NC3CCCCC3)N,,1,cardiotoxicity,,
Grepafloxacin_130,CC1CN(CCN1)C2=C(C=C3C(=O)C(=CN(C3=C2)C4CC4)C(=O)O)F,,1,cardiotoxicity,,
Thalidomide_131,O=C1CCC(N1)C(=O)c2ccccc2C(=O)N3C(=O)CCC3=O,,1,teratogenicity,,
Vioxx_132,CC1=CC=C(C=C1)C2=CC(=NN2C3=CC=C(C=C3)S(=O)(=O)C)C(F)(F)F,,1,cardiotoxicity,,
Baycol_133,CC(C)C1=C(C(=C(N1CC[C@@H](C[C@@H](CC(=O)O)O)O)C2=CC=C(C=C2)F)C3=CC=CC=C3)C(=O)O,,1,rhabdomyolysis,,
Troglitazone_134,CC1=C(C(=C(N1C(=O)C2=CC=CC=C2)C)C)C3=CC=C(C=C3)O,,1,hepatotoxicity,,
Rofecoxib_135,CC1=CC=C(C=C1)C2=CC(=NN2C3=CC=C(C=C3)S(=O)(=O)C)C(F)(F)F,,1,cardiovascular,,
Temafloxacin_136,CC1=CC(=O)C2=CC(=C(C=C2N1C3CC3)F)N4CCN(CC4)C,,1,hemolytic anemia,,
Terfenadine_137,CN1CCC(=C2c3ccccc3CCc4ccccc24)CC1,,1,cardiotoxicity,,
Astemizole_138,COC1=CC=C(C=C1)CCN2CCC(CC2)NC3=NC4=CC=CC=C4N3CC5=CC=C(C=C5)F,,1,cardiotoxicity,,
Cisapride_139,COC1=CC=C(C=C1)C2=NC(=C(N2)C(=O)NC3CCCCC3)N,,1,cardiotoxicity,,
Grepafloxacin_140,CC1CN(CCN1)C2=C(C=C3C(=O)C(=CN(C3=C2)C4CC4)C(=O)O)F,,1,cardiotoxicity,,
Thalidomide_141,O=C1CCC(N1)C(=O)c2ccccc2C(=O)N3C(=O)CCC3=O,,1,teratogenicity,,
Vioxx_142,CC1=CC=C(C=C1)C2=CC(=NN2C3=CC=C(C=C3)S(=O)(=O)C)C(F)(F)F,,1,cardiotoxicity,,
Baycol_143,CC(C)C1=C(C(=C(N1CC[C@@H](C[C@@H](CC(=O)O)O)O)C2=CC=C(C=C2)F)C3=CC=CC=C3)C(=O)O,,1,rhabdomyolysis,,
Troglitazone_144,CC1=C(C(=C(N1C(=O)C2=CC=CC=C2)C)C)C3=CC=C(C=C3)O,,1,hepatotoxicity,,
Rofecoxib_145,CC1=CC=C(C=C1)C2=CC(=NN2C3=CC=C(C=C3)S(=O)(=O)C)C(F)(F)F,,1,cardiovascular,,
Temafloxacin_146,CC1=CC(=O)C2=CC(=C(C=C2N1C3CC3)F)N4CCN(CC4)C,,1,hemolytic anemia,,
Terfenadine_147,CN1CCC(=C2c3ccccc3CCc4ccccc24)CC1,,1,cardiotoxicity,,
Astemizole_148,COC1=CC=C(C=C1)CCN2CCC(CC2)NC3=NC4=CC=CC=C4N3CC5=CC=C(C=C5)F,,1,cardiotoxicity,,
Cisapride_149,COC1=CC=C(C=C1)C2=NC(=C(N2)C(=O)NC3CCCCC3)N,,1,cardiotoxicity,,
Grepafloxacin_150,CC1CN(CCN1)C2=C(C=C3C(=O)C(=CN(C3=C2)C4CC4)C(=O)O)F,,1,cardiotoxicity,,
Thalidomide_151,O=C1CCC(N1)C(=O)c2ccccc2C(=O)N3C(=O)CCC3=O,,1,teratogenicity,,
Vioxx_152,CC1=CC=C(C=C1)C2=CC(=NN2C3=CC=C(C=C3)S(=O)(=O)C)C(F)(F)F,,1,cardiotoxicity,,
Baycol_153,CC(C)C1=C(C(=C(N1CC[C@@H](C[C@@H](CC(=O)O)O)O)C2=CC=C(C=C2)F)C3=CC=CC=C3)C(=O)O,,1,rhabdomyolysis,,
Troglitazone_154,CC1=C(C(=C(N1C(=O)C2=CC=CC=C2)C)C)C3=CC=C(C=C3)O,,1,hepatotoxicity,,
Rofecoxib_155,CC1=CC=C(C=C1)C2=CC(=NN2C3=CC=C(C=C3)S(=O)(=O)C)C(F)(F)F,,1,cardiovascular,,
Temafloxacin_156,CC1=CC(=O)C2=CC(=C(C=C2N1C3CC3)F)N4CCN(CC4)C,,1,hemolytic anemia,,
Terfenadine_157,CN1CCC(=C2c3ccccc3CCc4ccccc24)CC1,,1,cardiotoxicity,,
Astemizole_158,COC1=CC=C(C=C1)CCN2CCC(CC2)NC3=NC4=CC=CC=C4N3CC5=CC=C(C=C5)F,,1,cardiotoxicity,,
Cisapride_159,COC1=CC=C(C=C1)C2=NC(=C(N2)C(=O)NC3CCCCC3)N,,1,cardiotoxicity,,
Grepafloxacin_160,CC1CN(CCN1)C2=C(C=C3C(=O)C(=CN(C3=C2)C4CC4)C(=O)O)F,,1,cardiotoxicity,,
Thalidomide_161,O=C1CCC(N1)C(=O)c2ccccc2C(=O)N3C(=O)CCC3=O,,1,teratogenicity,,
Vioxx_162,CC1=CC=C(C=C1)C2=CC(=NN2C3=CC=C(C=C3)S(=O)(=O)C)C(F)(F)F,,1,cardiotoxicity,,
Baycol_163,CC(C)C1=C(C(=C(N1CC[C@@H](C[C@@H](CC(=O)O)O)O)C2=CC=C(C=C2)F)C3=CC=CC=C3)C(=O)O,,1,rhabdomyolysis,,
Troglitazone_164,CC1=C(C(=C(N1C(=O)C2=CC=CC=C2)C)C)C3=CC=C(C=C3)O,,1,hepatotoxicity,,
Rofecoxib_165,CC1=CC=C(C=C1)C2=CC(=NN2C3=CC=C(C=C3)S(=O)(=O)C)C(F)(F)F,,1,cardiovascular,,
Temafloxacin_166,CC1=CC(=O)C2=CC(=C(C=C2N1C3CC3)F)N4CCN(CC4)C,,1,hemolytic anemia,,
Terfenadine_167,CN1CCC(=C2c3ccccc3CCc4ccccc24)CC1,,1,cardiotoxicity,,
Astemizole_168,COC1=CC=C(C=C1)CCN2CCC(CC2)NC3=NC4=CC=CC=C4N3CC5=CC=C(C=C5)F,,1,cardiotoxicity,,
Cisapride_169,COC1=CC=C(C=C1)C2=NC(=C(N2)C(=O)NC3CCCCC3)N,,1,cardiotoxicity,,
Grepafloxacin_170,CC1CN(CCN1)C2=C(C=C3C(=O)C(=CN(C3=C2)C4CC4)C(=O)O)F,,1,cardiotoxicity,,
Thalidomide_171,O=C1CCC(N1)C(=O)c2ccccc2C(=O)N3C(=O)CCC3=O,,1,teratogenicity,,
Vioxx_172,CC1=CC=C(C=C1)C2=CC(=NN2C3=CC=C(C=C3)S(=O)(=O)C)C(F)(F)F,,1,cardiotoxicity,,
Baycol_173,CC(C)C1=C(C(=C(N1CC[C@@H](C[C@@H](CC(=O)O)O)O)C2=CC=C(C=C2)F)C3=CC=CC=C3)C(=O)O,,1,rhabdomyolysis,,
Troglitazone_174,CC1=C(C(=C(N1C(=O)C2=CC=CC=C2)C)C)C3=CC=C(C=C3)O,,1,hepatotoxicity,,
Rofecoxib_175,CC1=CC=C(C=C1)C2=CC(=NN2C3=CC=C(C=C3)S(=O)(=O)C)C(F)(F)F,,1,cardiovascular,,
Temafloxacin_176,CC1=CC(=O)C2=CC(=C(C=C2N1C3CC3)F)N4CCN(CC4)C,,1,hemolytic anemia,,
Terfenadine_177,CN1CCC(=C2c3ccccc3CCc4ccccc24)CC1,,1,cardiotoxicity,,
Astemizole_178,COC1=CC=C(C=C1)CCN2CCC(CC2)NC3=NC4=CC=CC=C4N3CC5=CC=C(C=C5)F,,1,cardiotoxicity,,
Cisapride_179,COC1=CC=C(C=C1)C2=NC(=C(N2)C(=O)NC3CCCCC3)N,,1,cardiotoxicity,,
Grepafloxacin_180,CC1CN(CCN1)C2=C(C=C3C(=O)C(=CN(C3=C2)C4CC4)C(=O)O)F,,1,cardiotoxicity,,
Thalidomide_181,O=C1CCC(N1)C(=O)c2ccccc2C(=O)N3C(=O)CCC3=O,,1,teratogenicity,,
Vioxx_182,CC1=CC=C(C=C1)C2=CC(=NN2C3=CC=C(C=C3)S(=O)(=O)C)C(F)(F)F,,1,cardiotoxicity,,
Baycol_183,CC(C)C1=C(C(=C(N1CC[C@@H](C[C@@H](CC(=O)O)O)O)C2=CC=C(C=C2)F)C3=CC=CC=C3)C(=O)O,,1,rhabdomyolysis,,
Troglitazone_184,CC1=C(C(=C(N1C(=O)C2=CC=CC=C2)C)C)C3=CC=C(C=C3)O,,1,hepatotoxicity,,
Rofecoxib_185,CC1=CC=C(C=C1)C2=CC(=NN2C3=CC=C(C=C3)S(=O)(=O)C)C(F)(F)F,,1,cardiovascular,,
Temafloxacin_186,CC1=CC(=O)C2=CC(=C(C=C2N1C3CC3)F)N4CCN(CC4)C,,1,hemolytic anemia,,
Terfenadine_187,CN1CCC(=C2c3ccccc3CCc4ccccc24)CC1,,1,cardiotoxicity,,
Astemizole_188,COC1=CC=C(C=C1)CCN2CCC(CC2)NC3=NC4=CC=CC=C4N3CC5=CC=C(C=C5)F,,1,cardiotoxicity,,
Cisapride_189,COC1=CC=C(C=C1)C2=NC(=C(N2)C(=O)NC3CCCCC3)N,,1,cardiotoxicity,,
Grepafloxacin_190,CC1CN(CCN1)C2=C(C=C3C(=O)C(=CN(C3=C2)C4CC4)C(=O)O)F,,1,cardiotoxicity,,
Thalidomide_191,O=C1CCC(N1)C(=O)c2ccccc2C(=O)N3C(=O)CCC3=O,,1,teratogenicity,,
Vioxx_192,CC1=CC=C(C=C1)C2=CC(=NN2C3=CC=C(C=C3)S(=O)(=O)C)C(F)(F)F,,1,cardiotoxicity,,
Baycol_193,CC(C)C1=C(C(=C(N1CC[C@@H](C[C@@H](CC(=O)O)O)O)C2=CC=C(C=C2)F)C3=CC=CC=C3)C(=O)O,,1,rhabdomyolysis,,
Troglitazone_194,CC1=C(C(=C(N1C(=O)C2=CC=CC=C2)C)C)C3=CC=C(C=C3)O,,1,hepatotoxicity,,
Rofecoxib_195,CC1=CC=C(C=C1)C2=CC(=NN2C3=CC=C(C=C3)S(=O)(=O)C)C(F)(F)F,,1,cardiovascular,,
Temafloxacin_196,CC1=CC(=O)C2=CC(=C(C=C2N1C3CC3)F)N4CCN(CC4)C,,1,hemolytic anemia,,
Terfenadine_197,CN1CCC(=C2c3ccccc3CCc4ccccc24)CC1,,1,cardiotoxicity,,
Astemizole_198,COC1=CC=C(C=C1)CCN2CCC(CC2)NC3=NC4=CC=CC=C4N3CC5=CC=C(C=C5)F,,1,cardiotoxicity,,
Cisapride_199,COC1=CC=C(C=C1)C2=NC(=C(N2)C(=O)NC3CCCCC3)N,,1,cardiotoxicity,,
Grepafloxacin_200,CC1CN(CCN1)C2=C(C=C3C(=O)C(=CN(C3=C2)C4CC4)C(=O)O)F,,1,cardiotoxicity,,
Thalidomide_201,O=C1CCC(N1)C(=O)c2ccccc2C(=O)N3C(=O)CCC3=O,,1,teratogenicity,,
Vioxx_202,CC1=CC=C(C=C1)C2=CC(=NN2C3=CC=C(C=C3)S(=O)(=O)C)C(F)(F)F,,1,cardiotoxicity,,
Baycol_203,CC(C)C1=C(C(=C(N1CC[C@@H](C[C@@H](CC(=O)O)O)O)C2=CC=C(C=C2)F)C3=CC=CC=C3)C(=O)O,,1,rhabdomyolysis,,
Troglitazone_204,CC1=C(C(=C(N1C(=O)C2=CC=CC=C2)C)C)C3=CC=C(C=C3)O,,1,hepatotoxicity,,
Rofecoxib_205,CC1=CC=C(C=C1)C2=CC(=NN2C3=CC=C(C=C3)S(=O)(=O)C)C(F)(F)F,,1,cardiovascular,,
Temafloxacin_206,CC1=CC(=O)C2=CC(=C(C=C2N1C3CC3)F)N4CCN(CC4)C,,1,hemolytic anemia,,
Terfenadine_207,CN1CCC(=C2c3ccccc3CCc4ccccc24)CC1,,1,cardiotoxicity,,
Astemizole_208,COC1=CC=C(C=C1)CCN2CCC(CC2)NC3=NC4=CC=CC=C4N3CC5=CC=C(C=C5)F,,1,cardiotoxicity,,
Cisapride_209,COC1=CC=C(C=C1)C2=NC(=C(N2)C(=O)NC3CCCCC3)N,,1,cardiotoxicity,,
Grepafloxacin_210,CC1CN(CCN1)C2=C(C=C3C(=O)C(=CN(C3=C2)C4CC4)C(=O)O)F,,1,cardiotoxicity,,
Thalidomide_211,O=C1CCC(N1)C(=O)c2ccccc2C(=O)N3C(=O)CCC3=O,,1,teratogenicity,,
Vioxx_212,CC1=CC=C(C=C1)C2=CC(=NN2C3=CC=C(C=C3)S(=O)(=O)C)C(F)(F)F,,1,cardiotoxicity,,
Baycol_213,CC(C)C1=C(C(=C(N1CC[C@@H](C[C@@H](CC(=O)O)O)O)C2=CC=C(C=C2)F)C3=CC=CC=C3)C(=O)O,,1,rhabdomyolysis,,
Troglitazone_214,CC1=C(C(=C(N1C(=O)C2=CC=CC=C2)C)C)C3=CC=C(C=C3)O,,1,hepatotoxicity,,
Rofecoxib_215,CC1=CC=C(C=C1)C2=CC(=NN2C3=CC=C(C=C3)S(=O)(=O)C)C(F)(F)F,,1,cardiovascular,,
Temafloxacin_216,CC1=CC(=O)C2=CC(=C(C=C2N1C3CC3)F)N4CCN(CC4)C,,1,hemolytic anemia,,
Terfenadine_217,CN1CCC(=C2c3ccccc3CCc4ccccc24)CC1,,1,cardiotoxicity,,
Astemizole_218,COC1=CC=C(C=C1)CCN2CCC(CC2)NC3=NC4=CC=CC=C4N3CC5=CC=C(C=C5)F,,1,cardiotoxicity,,
Cisapride_219,COC1=CC=C(C=C1)C2=NC(=C(N2)C(=O)NC3CCCCC3)N,,1,cardiotoxicity,,
Grepafloxacin_220,CC1CN(CCN1)C2=C(C=C3C(=O)C(=CN(C3=C2)C4CC4)C(=O)O)F,,1,cardiotoxicity,,
Thalidomide_221,O=C1CCC(N1)C(=O)c2ccccc2C(=O)N3C(=O)CCC3=O,,1,teratogenicity,,
Vioxx_222,CC1=CC=C(C=C1)C2=CC(=NN2C3=CC=C(C=C3)S(=O)(=O)C)C(F)(F)F,,1,cardiotoxicity,,
Baycol_223,CC(C)C1=C(C(=C(N1CC[C@@H](C[C@@H](CC(=O)O)O)O)C2=CC=C(C=C2)F)C3=CC=CC=C3)C(=O)O,,1,rhabdomyolysis,,
Troglitazone_224,CC1=C(C(=C(N1C(=O)C2=CC=CC=C2)C)C)C3=CC=C(C=C3)O,,1,hepatotoxicity,,
Rofecoxib_225,CC1=CC=C(C=C1)C2=CC(=NN2C3=CC=C(C=C3)S(=O)(=O)C)C(F)(F)F,,1,cardiovascular,,
Temafloxacin_226,CC1=CC(=O)C2=CC(=C(C=C2N1C3CC3)F)N4CCN(CC4)C,,1,hemolytic anemia,,
Terfenadine_227,CN1CCC(=C2c3ccccc3CCc4ccccc24)CC1,,1,cardiotoxicity,,
Astemizole_228,COC1=CC=C(C=C1)CCN2CCC(CC2)NC3=NC4=CC=CC=C4N3CC5=CC=C(C=C5)F,,1,cardiotoxicity,,
Cisapride_229,COC1=CC=C(C=C1)C2=NC(=C(N2)C(=O)NC3CCCCC3)N,,1,cardiotoxicity,,
Grepafloxacin_230,CC1CN(CCN1)C2=C(C=C3C(=O)C(=CN(C3=C2)C4CC4)C(=O)O)F,,1,cardiotoxicity,,
Thalidomide_231,O=C1CCC(N1)C(=O)c2ccccc2C(=O)N3C(=O)CCC3=O,,1,teratogenicity,,
Vioxx_232,CC1=CC=C(C=C1)C2=CC(=NN2C3=CC=C(C=C3)S(=O)(=O)C)C(F)(F)F,,1,cardiotoxicity,,
Baycol_233,CC(C)C1=C(C(=C(N1CC[C@@H](C[C@@H](CC(=O)O)O)O)C2=CC=C(C=C2)F)C3=CC=CC=C3)C(=O)O,,1,rhabdomyolysis,,
Troglitazone_234,CC1=C(C(=C(N1C(=O)C2=CC=CC=C2)C)C)C3=CC=C(C=C3)O,,1,hepatotoxicity,,
Rofecoxib_235,CC1=CC=C(C=C1)C2=CC(=NN2C3=CC=C(C=C3)S(=O)(=O)C)C(F)(F)F,,1,cardiovascular,,
Temafloxacin_236,CC1=CC(=O)C2=CC(=C(C=C2N1C3CC3)F)N4CCN(CC4)C,,1,hemolytic anemia,,
Terfenadine_237,CN1CCC(=C2c3ccccc3CCc4ccccc24)CC1,,1,cardiotoxicity,,
Astemizole_238,COC1=CC=C(C=C1)CCN2CCC(CC2)NC3=NC4=CC=CC=C4N3CC5=CC=C(C=C5)F,,1,cardiotoxicity,,
Cisapride_239,COC1=CC=C(C=C1)C2=NC(=C(N2)C(=O)NC3CCCCC3)N,,1,cardiotoxicity,,
Grepafloxacin_240,CC1CN(CCN1)C2=C(C=C3C(=O)C(=CN(C3=C2)C4CC4)C(=O)O)F,,1,cardiotoxicity,,
Thalidomide_241,O=C1CCC(N1)C(=O)c2ccccc2C(=O)N3C(=O)CCC3=O,,1,teratogenicity,,
Vioxx_242,CC1=CC=C(C=C1)C2=CC(=NN2C3=CC=C(C=C3)S(=O)(=O)C)C(F)(F)F,,1,cardiotoxicity,,
Baycol_243,CC(C)C1=C(C(=C(N1CC[C@@H](C[C@@H](CC(=O)O)O)O)C2=CC=C(C=C2)F)C3=CC=CC=C3)C(=O)O,,1,rhabdomyolysis,,
Troglitazone_244,CC1=C(C(=C(N1C(=O)C2=CC=CC=C2)C)C)C3=CC=C(C=C3)O,,1,hepatotoxicity,,
Rofecoxib_245,CC1=CC=C(C=C1)C2=CC(=NN2C3=CC=C(C=C3)S(=O)(=O)C)C(F)(F)F,,1,cardiovascular,,
Temafloxacin_246,CC1=CC(=O)C2=CC(=C(C=C2N1C3CC3)F)N4CCN(CC4)C,,1,hemolytic anemia,,
Terfenadine_247,CN1CCC(=C2c3ccccc3CCc4ccccc24)CC1,,1,cardiotoxicity,,
Astemizole_248,COC1=CC=C(C=C1)CCN2CCC(CC2)NC3=NC4=CC=CC=C4N3CC5=CC=C(C=C5)F,,1,cardiotoxicity,,
Cisapride_249,COC1=CC=C(C=C1)C2=NC(=C(N2)C(=O)NC3CCCCC3)N,,1,cardiotoxicity,,
Grepafloxacin_250,CC1CN(CCN1)C2=C(C=C3C(=O)C(=CN(C3=C2)C4CC4)C(=O)O)F,,1,cardiotoxicity,,
Thalidomide_251,O=C1CCC(N1)C(=O)c2ccccc2C(=O)N3C(=O)CCC3=O,,1,teratogenicity,,
Vioxx_252,CC1=CC=C(C=C1)C2=CC(=NN2C3=CC=C(C=C3)S(=O)(=O)C)C(F)(F)F,,1,cardiotoxicity,,
Baycol_253,CC(C)C1=C(C(=C(N1CC[C@@H](C[C@@H](CC(=O)O)O)O)C2=CC=C(C=C2)F)C3=CC=CC=C3)C(=O)O,,1,rhabdomyolysis,,
Troglitazone_254,CC1=C(C(=C(N1C(=O)C2=CC=CC=C2)C)C)C3=CC=C(C=C3)O,,1,hepatotoxicity,,
Rofecoxib_255,CC1=CC=C(C=C1)C2=CC(=NN2C3=CC=C(C=C3)S(=O)(=O)C)C(F)(F)F,,1,cardiovascular,,
Temafloxacin_256,CC1=CC(=O)C2=CC(=C(C=C2N1C3CC3)F)N4CCN(CC4)C,,1,hemolytic anemia,,
Terfenadine_257,CN1CCC(=C2c3ccccc3CCc4ccccc24)CC1,,1,cardiotoxicity,,
Astemizole_258,COC1=CC=C(C=C1)CCN2CCC(CC2)NC3=NC4=CC=CC=C4N3CC5=CC=C(C=C5)F,,1,cardiotoxicity,,
Cisapride_259,COC1=CC=C(C=C1)C2=NC(=C(N2)C(=O)NC3CCCCC3)N,,1,cardiotoxicity,,
Grepafloxacin_260,CC1CN(CCN1)C2=C(C=C3C(=O)C(=CN(C3=C2)C4CC4)C(=O)O)F,,1,cardiotoxicity,,
Thalidomide_261,O=C1CCC(N1)C(=O)c2ccccc2C(=O)N3C(=O)CCC3=O,,1,teratogenicity,,
Vioxx_262,CC1=CC=C(C=C1)C2=CC(=NN2C3=CC=C(C=C3)S(=O)(=O)C)C(F)(F)F,,1,cardiotoxicity,,
Baycol_263,CC(C)C1=C(C(=C(N1CC[C@@H](C[C@@H](CC(=O)O)O)O)C2=CC=C(C=C2)F)C3=CC=CC=C3)C(=O)O,,1,rhabdomyolysis,,
Troglitazone_264,CC1=C(C(=C(N1C(=O)C2=CC=CC=C2)C)C)C3=CC=C(C=C3)O,,1,hepatotoxicity,,
Rofecoxib_265,CC1=CC=C(C=C1)C2=CC(=NN2C3=CC=C(C=C3)S(=O)(=O)C)C(F)(F)F,,1,cardiovascular,,
Temafloxacin_266,CC1=CC(=O)C2=CC(=C(C=C2N1C3CC3)F)N4CCN(CC4)C,,1,hemolytic anemia,,
Terfenadine_267,CN1CCC(=C2c3ccccc3CCc4ccccc24)CC1,,1,cardiotoxicity,,
Astemizole_268,COC1=CC=C(C=C1)CCN2CCC(CC2)NC3=NC4=CC=CC=C4N3CC5=CC=C(C=C5)F,,1,cardiotoxicity,,
Cisapride_269,COC1=CC=C(C=C1)C2=NC(=C(N2)C(=O)NC3CCCCC3)N,,1,cardiotoxicity,,
Grepafloxacin_270,CC1CN(CCN1)C2=C(C=C3C(=O)C(=CN(C3=C2)C4CC4)C(=O)O)F,,1,cardiotoxicity,,
Thalidomide_271,O=C1CCC(N1)C(=O)c2ccccc2C(=O)N3C(=O)CCC3=O,,1,teratogenicity,,
Vioxx_272,CC1=CC=C(C=C1)C2=CC(=NN2C3=CC=C(C=C3)S(=O)(=O)C)C(F)(F)F,,1,cardiotoxicity,,
Baycol_273,CC(C)C1=C(C(=C(N1CC[C@@H](C[C@@H](CC(=O)O)O)O)C2=CC=C(C=C2)F)C3=CC=CC=C3)C(=O)O,,1,rhabdomyolysis,,
Troglitazone_274,CC1=C(C(=C(N1C(=O)C2=CC=CC=C2)C)C)C3=CC=C(C=C3)O,,1,hepatotoxicity,,
Rofecoxib_275,CC1=CC=C(C=C1)C2=CC(=NN2C3=CC=C(C=C3)S(=O)(=O)C)C(F)(F)F,,1,cardiovascular,,
Temafloxacin_276,CC1=CC(=O)C2=CC(=C(C=C2N1C3CC3)F)N4CCN(CC4)C,,1,hemolytic anemia,,
Terfenadine_277,CN1CCC(=C2c3ccccc3CCc4ccccc24)CC1,,1,cardiotoxicity,,
Astemizole_278,COC1=CC=C(C=C1)CCN2CCC(CC2)NC3=NC4=CC=CC=C4N3CC5=CC=C(C=C5)F,,1,cardiotoxicity,,
Cisapride_279,COC1=CC=C(C=C1)C2=NC(=C(N2)C(=O)NC3CCCCC3)N,,1,cardiotoxicity,,
Grepafloxacin_280,CC1CN(CCN1)C2=C(C=C3C(=O)C(=CN(C3=C2)C4CC4)C(=O)O)F,,1,cardiotoxicity,,
Thalidomide_281,O=C1CCC(N1)C(=O)c2ccccc2C(=O)N3C(=O)CCC3=O,,1,teratogenicity,,
Vioxx_282,CC1=CC=C(C=C1)C2=CC(=NN2C3=CC=C(C=C3)S(=O)(=O)C)C(F)(F)F,,1,cardiotoxicity,,
Baycol_283,CC(C)C1=C(C(=C(N1CC[C@@H](C[C@@H](CC(=O)O)O)O)C2=CC=C(C=C2)F)C3=CC=CC=C3)C(=O)O,,1,rhabdomyolysis,,
Troglitazone_284,CC1=C(C(=C(N1C(=O)C2=CC=CC=C2)C)C)C3=CC=C(C=C3)O,,1,hepatotoxicity,,
Rofecoxib_285,CC1=CC=C(C=C1)C2=CC(=NN2C3=CC=C(C=C3)S(=O)(=O)C)C(F)(F)F,,1,cardiovascular,,
Temafloxacin_286,CC1=CC(=O)C2=CC(=C(C=C2N1C3CC3)F)N4CCN(CC4)C,,1,hemolytic anemia,,
Terfenadine_287,CN1CCC(=C2c3ccccc3CCc4ccccc24)CC1,,1,cardiotoxicity,,
Astemizole_288,COC1=CC=C(C=C1)CCN2CCC(CC2)NC3=NC4=CC=CC=C4N3CC5=CC=C(C=C5)F,,1,cardiotoxicity,,
Cisapride_289,COC1=CC=C(C=C1)C2=NC(=C(N2)C(=O)NC3CCCCC3)N,,1,cardiotoxicity,,
Grepafloxacin_290,CC1CN(CCN1)C2=C(C=C3C(=O)C(=CN(C3=C2)C4CC4)C(=O)O)F,,1,cardiotoxicity,,
Thalidomide_291,O=C1CCC(N1)C(=O)c2ccccc2C(=O)N3C(=O)CCC3=O,,1,teratogenicity,,
Vioxx_292,CC1=CC=C(C=C1)C2=CC(=NN2C3=CC=C(C=C3)S(=O)(=O)C)C(F)(F)F,,1,cardiotoxicity,,
Baycol_293,CC(C)C1=C(C(=C(N1CC[C@@H](C[C@@H](CC(=O)O)O)O)C2=CC=C(C=C2)F)C3=CC=CC=C3)C(=O)O,,1,rhabdomyolysis,,
Troglitazone_294,CC1=C(C(=C(N1C(=O)C2=CC=CC=C2)C)C)C3=CC=C(C=C3)O,,1,hepatotoxicity,,
Rofecoxib_295,CC1=CC=C(C=C1)C2=CC(=NN2C3=CC=C(C=C3)S(=O)(=O)C)C(F)(F)F,,1,cardiovascular,,
Temafloxacin_296,CC1=CC(=O)C2=CC(=C(C=C2N1C3CC3)F)N4CCN(CC4)C,,1,hemolytic anemia,,
Terfenadine_297,CN1CCC(=C2c3ccccc3CCc4ccccc24)CC1,,1,cardiotoxicity,,
Astemizole_298,COC1=CC=C(C=C1)CCN2CCC(CC2)NC3=NC4=CC=CC=C4N3CC5=CC=C(C=C5)F,,1,cardiotoxicity,,
Cisapride_299,COC1=CC=C(C=C1)C2=NC(=C(N2)C(=O)NC3CCCCC3)N,,1,cardiotoxicity,,
Grepafloxacin_300,CC1CN(CCN1)C2=C(C=C3C(=O)C(=CN(C3=C2)C4CC4)C(=O)O)F,,1,cardiotoxicity,,
Thalidomide_301,O=C1CCC(N1)C(=O)c2ccccc2C(=O)N3C(=O)CCC3=O,,1,teratogenicity,,
Vioxx_302,CC1=CC=C(C=C1)C2=CC(=NN2C3=CC=C(C=C3)S(=O)(=O)C)C(F)(F)F,,1,cardiotoxicity,,
Baycol_303,CC(C)C1=C(C(=C(N1CC[C@@H](C[C@@H](CC(=O)O)O)O)C2=CC=C(C=C2)F)C3=CC=CC=C3)C(=O)O,,1,rhabdomyolysis,,
Troglitazone_304,CC1=C(C(=C(N1C(=O)C2=CC=CC=C2)C)C)C3=CC=C(C=C3)O,,1,hepatotoxicity,,
Rofecoxib_305,CC1=CC=C(C=C1)C2=CC(=NN2C3=CC=C(C=C3)S(=O)(=O)C)C(F)(F)F,,1,cardiovascular,,
Temafloxacin_306,CC1=CC(=O)C2=CC(=C(C=C2N1C3CC3)F)N4CCN(CC4)C,,1,hemolytic anemia,,
Terfenadine_307,CN1CCC(=C2c3ccccc3CCc4ccccc24)CC1,,1,cardiotoxicity,,
Astemizole_308,COC1=CC=C(C=C1)CCN2CCC(CC2)NC3=NC4=CC=CC=C4N3CC5=CC=C(C=C5)F,,1,cardiotoxicity,,
Cisapride_309,COC1=CC=C(C=C1)C2=NC(=C(N2)C(=O)NC3CCCCC3)N,,1,cardiotoxicity,,
Grepafloxacin_310,CC1CN(CCN1)C2=C(C=C3C(=O)C(=CN(C3=C2)C4CC4)C(=O)O)F,,1,cardiotoxicity,,
Thalidomide_311,O=C1CCC(N1)C(=O)c2ccccc2C(=O)N3C(=O)CCC3=O,,1,teratogenicity,,
Vioxx_312,CC1=CC=C(C=C1)C2=CC(=NN2C3=CC=C(C=C3)S(=O)(=O)C)C(F)(F)F,,1,cardiotoxicity,,
Baycol_313,CC(C)C1=C(C(=C(N1CC[C@@H](C[C@@H](CC(=O)O)O)O)C2=CC=C(C=C2)F)C3=CC=CC=C3)C(=O)O,,1,rhabdomyolysis,,
Troglitazone_314,CC1=C(C(=C(N1C(=O)C2=CC=CC=C2)C)C)C3=CC=C(C=C3)O,,1,hepatotoxicity,,
Rofecoxib_315,CC1=CC=C(C=C1)C2=CC(=NN2C3=CC=C(C=C3)S(=O)(=O)C)C(F)(F)F,,1,cardiovascular,,
Temafloxacin_316,CC1=CC(=O)C2=CC(=C(C=C2N1C3CC3)F)N4CCN(CC4)C,,1,hemolytic anemia,,
Terfenadine_317,CN1CCC(=C2c3ccccc3CCc4ccccc24)CC1,,1,cardiotoxicity,,
Astemizole_318,COC1=CC=C(C=C1)CCN2CCC(CC2)NC3=NC4=CC=CC=C4N3CC5=CC=C(C=C5)F,,1,cardiotoxicity,,
Cisapride_319,COC1=CC=C(C=C1)C2=NC(=C(N2)C(=O)NC3CCCCC3)N,,1,cardiotoxicity,,
Grepafloxacin_320,CC1CN(CCN1)C2=C(C=C3C(=O)C(=CN(C3=C2)C4CC4)C(=O)O)F,,1,cardiotoxicity,,
Thalidomide_321,O=C1CCC(N1)C(=O)c2ccccc2C(=O)N3C(=O)CCC3=O,,1,teratogenicity,,
Vioxx_322,CC1=CC=C(C=C1)C2=CC(=NN2C3=CC=C(C=C3)S(=O)(=O)C)C(F)(F)F,,1,cardiotoxicity,,
Baycol_323,CC(C)C1=C(C(=C(N1CC[C@@H](C[C@@H](CC(=O)O)O)O)C2=CC=C(C=C2)F)C3=CC=CC=C3)C(=O)O,,1,rhabdomyolysis,,
Troglitazone_324,CC1=C(C(=C(N1C(=O)C2=CC=CC=C2)C)C)C3=CC=C(C=C3)O,,1,hepatotoxicity,,
Rofecoxib_325,CC1=CC=C(C=C1)C2=CC(=NN2C3=CC=C(C=C3)S(=O)(=O)C)C(F)(F)F,,1,cardiovascular,,
Temafloxacin_326,CC1=CC(=O)C2=CC(=C(C=C2N1C3CC3)F)N4CCN(CC4)C,,1,hemolytic anemia,,
Terfenadine_327,CN1CCC(=C2c3ccccc3CCc4ccccc24)CC1,,1,cardiotoxicity,,
Astemizole_328,COC1=CC=C(C=C1)CCN2CCC(CC2)NC3=NC4=CC=CC=C4N3CC5=CC=C(C=C5)F,,1,cardiotoxicity,,
Cisapride_329,COC1=CC=C(C=C1)C2=NC(=C(N2)C(=O)NC3CCCCC3)N,,1,cardiotoxicity,,
Grepafloxacin_330,CC1CN(CCN1)C2=C(C=C3C(=O)C(=CN(C3=C2)C4CC4)C(=O)O)F,,1,cardiotoxicity,,
Thalidomide_331,O=C1CCC(N1)C(=O)c2ccccc2C(=O)N3C(=O)CCC3=O,,1,teratogenicity,,
Vioxx_332,CC1=CC=C(C=C1)C2=CC(=NN2C3=CC=C(C=C3)S(=O)(=O)C)C(F)(F)F,,1,cardiotoxicity,,
Baycol_333,CC(C)C1=C(C(=C(N1CC[C@@H](C[C@@H](CC(=O)O)O)O)C2=CC=C(C=C2)F)C3=CC=CC=C3)C(=O)O,,1,rhabdomyolysis,,
Troglitazone_334,CC1=C(C(=C(N1C(=O)C2=CC=CC=C2)C)C)C3=CC=C(C=C3)O,,1,hepatotoxicity,,
Rofecoxib_335,CC1=CC=C(C=C1)C2=CC(=NN2C3=CC=C(C=C3)S(=O)(=O)C)C(F)(F)F,,1,cardiovascular,,
Temafloxacin_336,CC1=CC(=O)C2=CC(=C(C=C2N1C3CC3)F)N4CCN(CC4)C,,1,hemolytic anemia,,
Terfenadine_337,CN1CCC(=C2c3ccccc3CCc4ccccc24)CC1,,1,cardiotoxicity,,
Astemizole_338,COC1=CC=C(C=C1)CCN2CCC(CC2)NC3=NC4=CC=CC=C4N3CC5=CC=C(C=C5)F,,1,cardiotoxicity,,
Cisapride_339,COC1=CC=C(C=C1)C2=NC(=C(N2)C(=O)NC3CCCCC3)N,,1,cardiotoxicity,,
Grepafloxacin_340,CC1CN(CCN1)C2=C(C=C3C(=O)C(=CN(C3=C2)C4CC4)C(=O)O)F,,1,cardiotoxicity,,
Thalidomide_341,O=C1CCC(N1)C(=O)c2ccccc2C(=O)N3C(=O)CCC3=O,,1,teratogenicity,,
Vioxx_342,CC1=CC=C(C=C1)C2=CC(=NN2C3=CC=C(C=C3)S(=O)(=O)C)C(F)(F)F,,1,cardiotoxicity,,
Baycol_343,CC(C)C1=C(C(=C(N1CC[C@@H](C[C@@H](CC(=O)O)O)O)C2=CC=C(C=C2)F)C3=CC=CC=C3)C(=O)O,,1,rhabdomyolysis,,
Troglitazone_344,CC1=C(C(=C(N1C(=O)C2=CC=CC=C2)C)C)C3=CC=C(C=C3)O,,1,hepatotoxicity,,
Rofecoxib_345,CC1=CC=C(C=C1)C2=CC(=NN2C3=CC=C(C=C3)S(=O)(=O)C)C(F)(F)F,,1,cardiovascular,,
Temafloxacin_346,CC1=CC(=O)C2=CC(=C(C=C2N1C3CC3)F)N4CCN(CC4)C,,1,hemolytic anemia,,
Terfenadine_347,CN1CCC(=C2c3ccccc3CCc4ccccc24)CC1,,1,cardiotoxicity,,
Astemizole_348,COC1=CC=C(C=C1)CCN2CCC(CC2)NC3=NC4=CC=CC=C4N3CC5=CC=C(C=C5)F,,1,cardiotoxicity,,
Cisapride_349,COC1=CC=C(C=C1)C2=NC(=C(N2)C(=O)NC3CCCCC3)N,,1,cardiotoxicity,,
Grepafloxacin_350,CC1CN(CCN1)C2=C(C=C3C(=O)C(=CN(C3=C2)C4CC4)C(=O)O)F,,1,cardiotoxicity,,
Thalidomide_351,O=C1CCC(N1)C(=O)c2ccccc2C(=O)N3C(=O)CCC3=O,,1,teratogenicity,,
Vioxx_352,CC1=CC=C(C=C1)C2=CC(=NN2C3=CC=C(C=C3)S(=O)(=O)C)C(F)(F)F,,1,cardiotoxicity,,
Baycol_353,CC(C)C1=C(C(=C(N1CC[C@@H](C[C@@H](CC(=O)O)O)O)C2=CC=C(C=C2)F)C3=CC=CC=C3)C(=O)O,,1,rhabdomyolysis,,
Troglitazone_354,CC1=C(C(=C(N1C(=O)C2=CC=CC=C2)C)C)C3=CC=C(C=C3)O,,1,hepatotoxicity,,
Rofecoxib_355,CC1=CC=C(C=C1)C2=CC(=NN2C3=CC=C(C=C3)S(=O)(=O)C)C(F)(F)F,,1,cardiovascular,,
Temafloxacin_356,CC1=CC(=O)C2=CC(=C(C=C2N1C3CC3)F)N4CCN(CC4)C,,1,hemolytic anemia,,
Terfenadine_357,CN1CCC(=C2c3ccccc3CCc4ccccc24)CC1,,1,cardiotoxicity,,
Astemizole_358,COC1=CC=C(C=C1)CCN2CCC(CC2)NC3=NC4=CC=CC=C4N3CC5=CC=C(C=C5)F,,1,cardiotoxicity,,
Cisapride_359,COC1=CC=C(C=C1)C2=NC(=C(N2)C(=O)NC3CCCCC3)N,,1,cardiotoxicity,,
Grepafloxacin_360,CC1CN(CCN1)C2=C(C=C3C(=O)C(=CN(C3=C2)C4CC4)C(=O)O)F,,1,cardiotoxicity,,
Thalidomide_361,O=C1CCC(N1)C(=O)c2ccccc2C(=O)N3C(=O)CCC3=O,,1,teratogenicity,,
Vioxx_362,CC1=CC=C(C=C1)C2=CC(=NN2C3=CC=C(C=C3)S(=O)(=O)C)C(F)(F)F,,1,cardiotoxicity,,
Baycol_363,CC(C)C1=C(C(=C(N1CC[C@@H](C[C@@H](CC(=O)O)O)O)C2=CC=C(C=C2)F)C3=CC=CC=C3)C(=O)O,,1,rhabdomyolysis,,
Troglitazone_364,CC1=C(C(=C(N1C(=O)C2=CC=CC=C2)C)C)C3=CC=C(C=C3)O,,1,hepatotoxicity,,
Rofecoxib_365,CC1=CC=C(C=C1)C2=CC(=NN2C3=CC=C(C=C3)S(=O)(=O)C)C(F)(F)F,,1,cardiovascular,,
Temafloxacin_366,CC1=CC(=O)C2=CC(=C(C=C2N1C3CC3)F)N4CCN(CC4)C,,1,hemolytic anemia,,
Terfenadine_367,CN1CCC(=C2c3ccccc3CCc4ccccc24)CC1,,1,cardiotoxicity,,
Astemizole_368,COC1=CC=C(C=C1)CCN2CCC(CC2)NC3=NC4=CC=CC=C4N3CC5=CC=C(C=C5)F,,1,cardiotoxicity,,
Cisapride_369,COC1=CC=C(C=C1)C2=NC(=C(N2)C(=O)NC3CCCCC3)N,,1,cardiotoxicity,,
Grepafloxacin_370,CC1CN(CCN1)C2=C(C=C3C(=O)C(=CN(C3=C2)C4CC4)C(=O)O)F,,1,cardiotoxicity,,
Thalidomide_371,O=C1CCC(N1)C(=O)c2ccccc2C(=O)N3C(=O)CCC3=O,,1,teratogenicity,,
Vioxx_372,CC1=CC=C(C=C1)C2=CC(=NN2C3=CC=C(C=C3)S(=O)(=O)C)C(F)(F)F,,1,cardiotoxicity,,
Baycol_373,CC(C)C1=C(C(=C(N1CC[C@@H](C[C@@H](CC(=O)O)O)O)C2=CC=C(C=C2)F)C3=CC=CC=C3)C(=O)O,,1,rhabdomyolysis,,
Troglitazone_374,CC1=C(C(=C(N1C(=O)C2=CC=CC=C2)C)C)C3=CC=C(C=C3)O,,1,hepatotoxicity,,
Rofecoxib_375,CC1=CC=C(C=C1)C2=CC(=NN2C3=CC=C(C=C3)S(=O)(=O)C)C(F)(F)F,,1,cardiovascular,,
Temafloxacin_376,CC1=CC(=O)C2=CC(=C(C=C2N1C3CC3)F)N4CCN(CC4)C,,1,hemolytic anemia,,
Terfenadine_377,CN1CCC(=C2c3ccccc3CCc4ccccc24)CC1,,1,cardiotoxicity,,
Astemizole_378,COC1=CC=C(C=C1)CCN2CCC(CC2)NC3=NC4=CC=CC=C4N3CC5=CC=C(C=C5)F,,1,cardiotoxicity,,
Cisapride_379,COC1=CC=C(C=C1)C2=NC(=C(N2)C(=O)NC3CCCCC3)N,,1,cardiotoxicity,,
Grepafloxacin_380,CC1CN(CCN1)C2=C(C=C3C(=O)C(=CN(C3=C2)C4CC4)C(=O)O)F,,1,cardiotoxicity,,
Thalidomide_381,O=C1CCC(N1)C(=O)c2ccccc2C(=O)N3C(=O)CCC3=O,,1,teratogenicity,,
Vioxx_382,CC1=CC=C(C=C1)C2=CC(=NN2C3=CC=C(C=C3)S(=O)(=O)C)C(F)(F)F,,1,cardiotoxicity,,
Baycol_383,CC(C)C1=C(C(=C(N1CC[C@@H](C[C@@H](CC(=O)O)O)O)C2=CC=C(C=C2)F)C3=CC=CC=C3)C(=O)O,,1,rhabdomyolysis,,
Troglitazone_384,CC1=C(C(=C(N1C(=O)C2=CC=CC=C2)C)C)C3=CC=C(C=C3)O,,1,hepatotoxicity,,
Rofecoxib_385,CC1=CC=C(C=C1)C2=CC(=NN2C3=CC=C(C=C3)S(=O)(=O)C)C(F)(F)F,,1,cardiovascular,,
Temafloxacin_386,CC1=CC(=O)C2=CC(=C(C=C2N1C3CC3)F)N4CCN(CC4)C,,1,hemolytic anemia,,
Terfenadine_387,CN1CCC(=C2c3ccccc3CCc4ccccc24)CC1,,1,cardiotoxicity,,
Astemizole_388,COC1=CC=C(C=C1)CCN2CCC(CC2)NC3=NC4=CC=CC=C4N3CC5=CC=C(C=C5)F,,1,cardiotoxicity,,
Cisapride_389,COC1=CC=C(C=C1)C2=NC(=C(N2)C(=O)NC3CCCCC3)N,,1,cardiotoxicity,,
Grepafloxacin_390,CC1CN(CCN1)C2=C(C=C3C(=O)C(=CN(C3=C2)C4CC4)C(=O)O)F,,1,cardiotoxicity,,
Thalidomide_391,O=C1CCC(N1)C(=O)c2ccccc2C(=O)N3C(=O)CCC3=O,,1,teratogenicity,,
Vioxx_392,CC1=CC=C(C=C1)C2=CC(=NN2C3=CC=C(C=C3)S(=O)(=O)C)C(F)(F)F,,1,cardiotoxicity,,
Baycol_393,CC(C)C1=C(C(=C(N1CC[C@@H](C[C@@H](CC(=O)O)O)O)C2=CC=C(C=C2)F)C3=CC=CC=C3)C(=O)O,,1,rhabdomyolysis,,
Troglitazone_394,CC1=C(C(=C(N1C(=O)C2=CC=CC=C2)C)C)C3=CC=C(C=C3)O,,1,hepatotoxicity,,
Rofecoxib_395,CC1=CC=C(C=C1)C2=CC(=NN2C3=CC=C(C=C3)S(=O)(=O)C)C(F)(F)F,,1,cardiovascular,,
Temafloxacin_396,CC1=CC(=O)C2=CC(=C(C=C2N1C3CC3)F)N4CCN(CC4)C,,1,hemolytic anemia,,
Terfenadine_397,CN1CCC(=C2c3ccccc3CCc4ccccc24)CC1,,1,cardiotoxicity,,
Astemizole_398,COC1=CC=C(C=C1)CCN2CCC(CC2)NC3=NC4=CC=CC=C4N3CC5=CC=C(C=C5)F,,1,cardiotoxicity,,
Cisapride_399,COC1=CC=C(C=C1)C2=NC(=C(N2)C(=O)NC3CCCCC3)N,,1,cardiotoxicity,,
Grepafloxacin_400,CC1CN(CCN1)C2=C(C=C3C(=O)C(=CN(C3=C2)C4CC4)C(=O)O)F,,1,cardiotoxicity,,
Thalidomide_401,O=C1CCC(N1)C(=O)c2ccccc2C(=O)N3C(=O)CCC3=O,,1,teratogenicity,,
Vioxx_402,CC1=CC=C(C=C1)C2=CC(=NN2C3=CC=C(C=C3)S(=O)(=O)C)C(F)(F)F,,1,cardiotoxicity,,
Baycol_403,CC(C)C1=C(C(=C(N1CC[C@@H](C[C@@H](CC(=O)O)O)O)C2=CC=C(C=C2)F)C3=CC=CC=C3)C(=O)O,,1,rhabdomyolysis,,
Troglitazone_404,CC1=C(C(=C(N1C(=O)C2=CC=CC=C2)C)C)C3=CC=C(C=C3)O,,1,hepatotoxicity,,
Rofecoxib_405,CC1=CC=C(C=C1)C2=CC(=NN2C3=CC=C(C=C3)S(=O)(=O)C)C(F)(F)F,,1,cardiovascular,,
Temafloxacin_406,CC1=CC(=O)C2=CC(=C(C=C2N1C3CC3)F)N4CCN(CC4)C,,1,hemolytic anemia,,
Terfenadine_407,CN1CCC(=C2c3ccccc3CCc4ccccc24)CC1,,1,cardiotoxicity,,
Astemizole_408,COC1=CC=C(C=C1)CCN2CCC(CC2)NC3=NC4=CC=CC=C4N3CC5=CC=C(C=C5)F,,1,cardiotoxicity,,
Cisapride_409,COC1=CC=C(C=C1)C2=NC(=C(N2)C(=O)NC3CCCCC3)N,,1,cardiotoxicity,,
Grepafloxacin_410,CC1CN(CCN1)C2=C(C=C3C(=O)C(=CN(C3=C2)C4CC4)C(=O)O)F,,1,cardiotoxicity,,
Thalidomide_411,O=C1CCC(N1)C(=O)c2ccccc2C(=O)N3C(=O)CCC3=O,,1,teratogenicity,,
Vioxx_412,CC1=CC=C(C=C1)C2=CC(=NN2C3=CC=C(C=C3)S(=O)(=O)C)C(F)(F)F,,1,cardiotoxicity,,
Baycol_413,CC(C)C1=C(C(=C(N1CC[C@@H](C[C@@H](CC(=O)O)O)O)C2=CC=C(C=C2)F)C3=CC=CC=C3)C(=O)O,,1,rhabdomyolysis,,
Troglitazone_414,CC1=C(C(=C(N1C(=O)C2=CC=CC=C2)C)C)C3=CC=C(C=C3)O,,1,hepatotoxicity,,
Rofecoxib_415,CC1=CC=C(C=C1)C2=CC(=NN2C3=CC=C(C=C3)S(=O)(=O)C)C(F)(F)F,,1,cardiovascular,,
Temafloxacin_416,CC1=CC(=O)C2=CC(=C(C=C2N1C3CC3)F)N4CCN(CC4)C,,1,hemolytic anemia,,
Terfenadine_417,CN1CCC(=C2c3ccccc3CCc4ccccc24)CC1,,1,cardiotoxicity,,
Astemizole_418,COC1=CC=C(C=C1)CCN2CCC(CC2)NC3=NC4=CC=CC=C4N3CC5=CC=C(C=C5)F,,1,cardiotoxicity,,
Cisapride_419,COC1=CC=C(C=C1)C2=NC(=C(N2)C(=O)NC3CCCCC3)N,,1,cardiotoxicity,,
Grepafloxacin_420,CC1CN(CCN1)C2=C(C=C3C(=O)C(=CN(C3=C2)C4CC4)C(=O)O)F,,1,cardiotoxicity,,
Thalidomide_421,O=C1CCC(N1)C(=O)c2ccccc2C(=O)N3C(=O)CCC3=O,,1,teratogenicity,,
Vioxx_422,CC1=CC=C(C=C1)C2=CC(=NN2C3=CC=C(C=C3)S(=O)(=O)C)C(F)(F)F,,1,cardiotoxicity,,
Baycol_423,CC(C)C1=C(C(=C(N1CC[C@@H](C[C@@H](CC(=O)O)O)O)C2=CC=C(C=C2)F)C3=CC=CC=C3)C(=O)O,,1,rhabdomyolysis,,
Troglitazone_424,CC1=C(C(=C(N1C(=O)C2=CC=CC=C2)C)C)C3=CC=C(C=C3)O,,1,hepatotoxicity,,
Rofecoxib_425,CC1=CC=C(C=C1)C2=CC(=NN2C3=CC=C(C=C3)S(=O)(=O)C)C(F)(F)F,,1,cardiovascular,,
Temafloxacin_426,CC1=CC(=O)C2=CC(=C(C=C2N1C3CC3)F)N4CCN(CC4)C,,1,hemolytic anemia,,
Terfenadine_427,CN1CCC(=C2c3ccccc3CCc4ccccc24)CC1,,1,cardiotoxicity,,
Astemizole_428,COC1=CC=C(C=C1)CCN2CCC(CC2)NC3=NC4=CC=CC=C4N3CC5=CC=C(C=C5)F,,1,cardiotoxicity,,
Cisapride_429,COC1=CC=C(C=C1)C2=NC(=C(N2)C(=O)NC3CCCCC3)N,,1,cardiotoxicity,,
Grepafloxacin_430,CC1CN(CCN1)C2=C(C=C3C(=O)C(=CN(C3=C2)C4CC4)C(=O)O)F,,1,cardiotoxicity,,
Thalidomide_431,O=C1CCC(N1)C(=O)c2ccccc2C(=O)N3C(=O)CCC3=O,,1,teratogenicity,,
Vioxx_432,CC1=CC=C(C=C1)C2=CC(=NN2C3=CC=C(C=C3)S(=O)(=O)C)C(F)(F)F,,1,cardiotoxicity,,
Baycol_433,CC(C)C1=C(C(=C(N1CC[C@@H](C[C@@H](CC(=O)O)O)O)C2=CC=C(C=C2)F)C3=CC=CC=C3)C(=O)O,,1,rhabdomyolysis,,
Troglitazone_434,CC1=C(C(=C(N1C(=O)C2=CC=CC=C2)C)C)C3=CC=C(C=C3)O,,1,hepatotoxicity,,
Rofecoxib_435,CC1=CC=C(C=C1)C2=CC(=NN2C3=CC=C(C=C3)S(=O)(=O)C)C(F)(F)F,,1,cardiovascular,,
Temafloxacin_436,CC1=CC(=O)C2=CC(=C(C=C2N1C3CC3)F)N4CCN(CC4)C,,1,hemolytic anemia,,
Terfenadine_437,CN1CCC(=C2c3ccccc3CCc4ccccc24)CC1,,1,cardiotoxicity,,
Astemizole_438,COC1=CC=C(C=C1)CCN2CCC(CC2)NC3=NC4=CC=CC=C4N3CC5=CC=C(C=C5)F,,1,cardiotoxicity,,
Cisapride_439,COC1=CC=C(C=C1)C2=NC(=C(N2)C(=O)NC3CCCCC3)N,,1,cardiotoxicity,,
Grepafloxacin_440,CC1CN(CCN1)C2=C(C=C3C(=O)C(=CN(C3=C2)C4CC4)C(=O)O)F,,1,cardiotoxicity,,
Thalidomide_441,O=C1CCC(N1)C(=O)c2ccccc2C(=O)N3C(=O)CCC3=O,,1,teratogenicity,,
Vioxx_442,CC1=CC=C(C=C1)C2=CC(=NN2C3=CC=C(C=C3)S(=O)(=O)C)C(F)(F)F,,1,cardiotoxicity,,
Baycol_443,CC(C)C1=C(C(=C(N1CC[C@@H](C[C@@H](CC(=O)O)O)O)C2=CC=C(C=C2)F)C3=CC=CC=C3)C(=O)O,,1,rhabdomyolysis,,
Troglitazone_444,CC1=C(C(=C(N1C(=O)C2=CC=CC=C2)C)C)C3=CC=C(C=C3)O,,1,hepatotoxicity,,
Rofecoxib_445,CC1=CC=C(C=C1)C2=CC(=NN2C3=CC=C(C=C3)S(=O)(=O)C)C(F)(F)F,,1,cardiovascular,,
Temafloxacin_446,CC1=CC(=O)C2=CC(=C(C=C2N1C3CC3)F)N4CCN(CC4)C,,1,hemolytic anemia,,
Terfenadine_447,CN1CCC(=C2c3ccccc3CCc4ccccc24)CC1,,1,cardiotoxicity,,
Astemizole_448,COC1=CC=C(C=C1)CCN2CCC(CC2)NC3=NC4=CC=CC=C4N3CC5=CC=C(C=C5)F,,1,cardiotoxicity,,
Cisapride_449,COC1=CC=C(C=C1)C2=NC(=C(N2)C(=O)NC3CCCCC3)N,,1,cardiotoxicity,,
Grepafloxacin_450,CC1CN(CCN1)C2=C(C=C3C(=O)C(=CN(C3=C2)C4CC4)C(=O)O)F,,1,cardiotoxicity,,
Thalidomide_451,O=C1CCC(N1)C(=O)c2ccccc2C(=O)N3C(=O)CCC3=O,,1,teratogenicity,,
Vioxx_452,CC1=CC=C(C=C1)C2=CC(=NN2C3=CC=C(C=C3)S(=O)(=O)C)C(F)(F)F,,1,cardiotoxicity,,
Baycol_453,CC(C)C1=C(C(=C(N1CC[C@@H](C[C@@H](CC(=O)O)O)O)C2=CC=C(C=C2)F)C3=CC=CC=C3)C(=O)O,,1,rhabdomyolysis,,
Troglitazone_454,CC1=C(C(=C(N1C(=O)C2=CC=CC=C2)C)C)C3=CC=C(C=C3)O,,1,hepatotoxicity,,
Rofecoxib_455,CC1=CC=C(C=C1)C2=CC(=NN2C3=CC=C(C=C3)S(=O)(=O)C)C(F)(F)F,,1,cardiovascular,,
Temafloxacin_456,CC1=CC(=O)C2=CC(=C(C=C2N1C3CC3)F)N4CCN(CC4)C,,1,hemolytic anemia,,
Terfenadine_457,CN1CCC(=C2c3ccccc3CCc4ccccc24)CC1,,1,cardiotoxicity,,
Astemizole_458,COC1=CC=C(C=C1)CCN2CCC(CC2)NC3=NC4=CC=CC=C4N3CC5=CC=C(C=C5)F,,1,cardiotoxicity,,
Cisapride_459,COC1=CC=C(C=C1)C2=NC(=C(N2)C(=O)NC3CCCCC3)N,,1,cardiotoxicity,,
Grepafloxacin_460,CC1CN(CCN1)C2=C(C=C3C(=O)C(=CN(C3=C2)C4CC4)C(=O)O)F,,1,cardiotoxicity,,
Thalidomide_461,O=C1CCC(N1)C(=O)c2ccccc2C(=O)N3C(=O)CCC3=O,,1,teratogenicity,,
Vioxx_462,CC1=CC=C(C=C1)C2=CC(=NN2C3=CC=C(C=C3)S(=O)(=O)C)C(F)(F)F,,1,cardiotoxicity,,
Baycol_463,CC(C)C1=C(C(=C(N1CC[C@@H](C[C@@H](CC(=O)O)O)O)C2=CC=C(C=C2)F)C3=CC=CC=C3)C(=O)O,,1,rhabdomyolysis,,
Troglitazone_464,CC1=C(C(=C(N1C(=O)C2=CC=CC=C2)C)C)C3=CC=C(C=C3)O,,1,hepatotoxicity,,
Rofecoxib_465,CC1=CC=C(C=C1)C2=CC(=NN2C3=CC=C(C=C3)S(=O)(=O)C)C(F)(F)F,,1,cardiovascular,,
Temafloxacin_466,CC1=CC(=O)C2=CC(=C(C=C2N1C3CC3)F)N4CCN(CC4)C,,1,hemolytic anemia,,
Terfenadine_467,CN1CCC(=C2c3ccccc3CCc4ccccc24)CC1,,1,cardiotoxicity,,
Astemizole_468,COC1=CC=C(C=C1)CCN2CCC(CC2)NC3=NC4=CC=CC=C4N3CC5=CC=C(C=C5)F,,1,cardiotoxicity,,
Cisapride_469,COC1=CC=C(C=C1)C2=NC(=C(N2)C(=O)NC3CCCCC3)N,,1,cardiotoxicity,,
Grepafloxacin_470,CC1CN(CCN1)C2=C(C=C3C(=O)C(=CN(C3=C2)C4CC4)C(=O)O)F,,1,cardiotoxicity,,
Thalidomide_471,O=C1CCC(N1)C(=O)c2ccccc2C(=O)N3C(=O)CCC3=O,,1,teratogenicity,,
Vioxx_472,CC1=CC=C(C=C1)C2=CC(=NN2C3=CC=C(C=C3)S(=O)(=O)C)C(F)(F)F,,1,cardiotoxicity,,
Baycol_473,CC(C)C1=C(C(=C(N1CC[C@@H](C[C@@H](CC(=O)O)O)O)C2=CC=C(C=C2)F)C3=CC=CC=C3)C(=O)O,,1,rhabdomyolysis,,
Troglitazone_474,CC1=C(C(=C(N1C(=O)C2=CC=CC=C2)C)C)C3=CC=C(C=C3)O,,1,hepatotoxicity,,
Rofecoxib_475,CC1=CC=C(C=C1)C2=CC(=NN2C3=CC=C(C=C3)S(=O)(=O)C)C(F)(F)F,,1,cardiovascular,,
Temafloxacin_476,CC1=CC(=O)C2=CC(=C(C=C2N1C3CC3)F)N4CCN(CC4)C,,1,hemolytic anemia,,
Terfenadine_477,CN1CCC(=C2c3ccccc3CCc4ccccc24)CC1,,1,cardiotoxicity,,
Astemizole_478,COC1=CC=C(C=C1)CCN2CCC(CC2)NC3=NC4=CC=CC=C4N3CC5=CC=C(C=C5)F,,1,cardiotoxicity,,
Cisapride_479,COC1=CC=C(C=C1)C2=NC(=C(N2)C(=O)NC3CCCCC3)N,,1,cardiotoxicity,,
Grepafloxacin_480,CC1CN(CCN1)C2=C(C=C3C(=O)C(=CN(C3=C2)C4CC4)C(=O)O)F,,1,cardiotoxicity,,
Thalidomide_481,O=C1CCC(N1)C(=O)c2ccccc2C(=O)N3C(=O)CCC3=O,,1,teratogenicity,,
Vioxx_482,CC1=CC=C(C=C1)C2=CC(=NN2C3=CC=C(C=C3)S(=O)(=O)C)C(F)(F)F,,1,cardiotoxicity,,
Baycol_483,CC(C)C1=C(C(=C(N1CC[C@@H](C[C@@H](CC(=O)O)O)O)C2=CC=C(C=C2)F)C3=CC=CC=C3)C(=O)O,,1,rhabdomyolysis,,
Troglitazone_484,CC1=C(C(=C(N1C(=O)C2=CC=CC=C2)C)C)C3=CC=C(C=C3)O,,1,hepatotoxicity,,
Rofecoxib_485,CC1=CC=C(C=C1)C2=CC(=NN2C3=CC=C(C=C3)S(=O)(=O)C)C(F)(F)F,,1,cardiovascular,,
Temafloxacin_486,CC1=CC(=O)C2=CC(=C(C=C2N1C3CC3)F)N4CCN(CC4)C,,1,hemolytic anemia,,
Terfenadine_487,CN1CCC(=C2c3ccccc3CCc4ccccc24)CC1,,1,cardiotoxicity,,
Astemizole_488,COC1=CC=C(C=C1)CCN2CCC(CC2)NC3=NC4=CC=CC=C4N3CC5=CC=C(C=C5)F,,1,cardiotoxicity,,
Cisapride_489,COC1=CC=C(C=C1)C2=NC(=C(N2)C(=O)NC3CCCCC3)N,,1,cardiotoxicity,,
Grepafloxacin_490,CC1CN(CCN1)C2=C(C=C3C(=O)C(=CN(C3=C2)C4CC4)C(=O)O)F,,1,cardiotoxicity,,
Thalidomide_491,O=C1CCC(N1)C(=O)c2ccccc2C(=O)N3C(=O)CCC3=O,,1,teratogenicity,,
Vioxx_492,CC1=CC=C(C=C1)C2=CC(=NN2C3=CC=C(C=C3)S(=O)(=O)C)C(F)(F)F,,1,cardiotoxicity,,
Baycol_493,CC(C)C1=C(C(=C(N1CC[C@@H](C[C@@H](CC(=O)O)O)O)C2=CC=C(C=C2)F)C3=CC=CC=C3)C(=O)O,,1,rhabdomyolysis,,
Troglitazone_494,CC1=C(C(=C(N1C(=O)C2=CC=CC=C2)C)C)C3=CC=C(C=C3)O,,1,hepatotoxicity,,
Rofecoxib_495,CC1=CC=C(C=C1)C2=CC(=NN2C3=CC=C(C=C3)S(=O)(=O)C)C(F)(F)F,,1,cardiovascular,,
Temafloxacin_496,CC1=CC(=O)C2=CC(=C(C=C2N1C3CC3)F)N4CCN(CC4)C,,1,hemolytic anemia,,
Terfenadine_497,CN1CCC(=C2c3ccccc3CCc4ccccc24)CC1,,1,cardiotoxicity,,
Astemizole_498,COC1=CC=C(C=C1)CCN2CCC(CC2)NC3=NC4=CC=CC=C4N3CC5=CC=C(C=C5)F,,1,cardiotoxicity,,
Cisapride_499,COC1=CC=C(C=C1)C2=NC(=C(N2)C(=O)NC3CCCCC3)N,,1,cardiotoxicity,,
Grepafloxacin_500,CC1CN(CCN1)C2=C(C=C3C(=O)C(=CN(C3=C2)C4CC4)C(=O)O)F,,1,cardiotoxicity,,
Aflatoxin B1_1,O=C1C=C2C3=C(C(=O)CC3)OC4=C2C5=C(C(=O)OCC5)O4,,1,,mycotoxin,
Dioxin_2,Clc1cc2c(Cl)c(Cl)c3c(c2c(Cl)c1Cl)Oc4c(Cl)c(Cl)c5c(c4O3)Cl,,1,,environmental,
Sarin_3,CC(C)OP(=O)(C)F,,1,,nerve agent,
Cyanide_4,N#C,,1,,mitochondrial toxin,
Hydrazine_5,NN,,1,,hepatotoxin,
Carbon tetrachloride_6,ClC(Cl)(Cl)Cl,,1,,hepatotoxin,
Parathion_7,CCOP(=S)(OCC)Oc1ccc(cc1)[N+](=O)[O-],,1,,pesticide,
Vinyl chloride_8,ClC=C,,1,,carcinogen,
Benzene_9,c1ccccc1,,1,,carcinogen,
Formaldehyde_10,C=O,,1,,carcinogen,
Aflatoxin B1_11,O=C1C=C2C3=C(C(=O)CC3)OC4=C2C5=C(C(=O)OCC5)O4,,1,,mycotoxin,
Dioxin_12,Clc1cc2c(Cl)c(Cl)c3c(c2c(Cl)c1Cl)Oc4c(Cl)c(Cl)c5c(c4O3)Cl,,1,,environmental,
Sarin_13,CC(C)OP(=O)(C)F,,1,,nerve agent,
Cyanide_14,N#C,,1,,mitochondrial toxin,
Hydrazine_15,NN,,1,,hepatotoxin,
Carbon tetrachloride_16,ClC(Cl)(Cl)Cl,,1,,hepatotoxin,
Parathion_17,CCOP(=S)(OCC)Oc1ccc(cc1)[N+](=O)[O-],,1,,pesticide,
Vinyl chloride_18,ClC=C,,1,,carcinogen,
Benzene_19,c1ccccc1,,1,,carcinogen,
Formaldehyde_20,C=O,,1,,carcinogen,
Aflatoxin B1_21,O=C1C=C2C3=C(C(=O)CC3)OC4=C2C5=C(C(=O)OCC5)O4,,1,,mycotoxin,
Dioxin_22,Clc1cc2c(Cl)c(Cl)c3c(c2c(Cl)c1Cl)Oc4c(Cl)c(Cl)c5c(c4O3)Cl,,1,,environmental,
Sarin_23,CC(C)OP(=O)(C)F,,1,,nerve agent,
Cyanide_24,N#C,,1,,mitochondrial toxin,
Hydrazine_25,NN,,1,,hepatotoxin,
Carbon tetrachloride_26,ClC(Cl)(Cl)Cl,,1,,hepatotoxin,
Parathion_27,CCOP(=S)(OCC)Oc1ccc(cc1)[N+](=O)[O-],,1,,pesticide,
Vinyl chloride_28,ClC=C,,1,,carcinogen,
Benzene_29,c1ccccc1,,1,,carcinogen,
Formaldehyde_30,C=O,,1,,carcinogen,
Aflatoxin B1_31,O=C1C=C2C3=C(C(=O)CC3)OC4=C2C5=C(C(=O)OCC5)O4,,1,,mycotoxin,
Dioxin_32,Clc1cc2c(Cl)c(Cl)c3c(c2c(Cl)c1Cl)Oc4c(Cl)c(Cl)c5c(c4O3)Cl,,1,,environmental,
Sarin_33,CC(C)OP(=O)(C)F,,1,,nerve agent,
Cyanide_34,N#C,,1,,mitochondrial toxin,
Hydrazine_35,NN,,1,,hepatotoxin,
Carbon tetrachloride_36,ClC(Cl)(Cl)Cl,,1,,hepatotoxin,
Parathion_37,CCOP(=S)(OCC)Oc1ccc(cc1)[N+](=O)[O-],,1,,pesticide,
Vinyl chloride_38,ClC=C,,1,,carcinogen,
Benzene_39,c1ccccc1,,1,,carcinogen,
Formaldehyde_40,C=O,,1,,carcinogen,
Aflatoxin B1_41,O=C1C=C2C3=C(C(=O)CC3)OC4=C2C5=C(C(=O)OCC5)O4,,1,,mycotoxin,
Dioxin_42,Clc1cc2c(Cl)c(Cl)c3c(c2c(Cl)c1Cl)Oc4c(Cl)c(Cl)c5c(c4O3)Cl,,1,,environmental,
Sarin_43,CC(C)OP(=O)(C)F,,1,,nerve agent,
Cyanide_44,N#C,,1,,mitochondrial toxin,
Hydrazine_45,NN,,1,,hepatotoxin,
Carbon tetrachloride_46,ClC(Cl)(Cl)Cl,,1,,hepatotoxin,
Parathion_47,CCOP(=S)(OCC)Oc1ccc(cc1)[N+](=O)[O-],,1,,pesticide,
Vinyl chloride_48,ClC=C,,1,,carcinogen,
Benzene_49,c1ccccc1,,1,,carcinogen,
Formaldehyde_50,C=O,,1,,carcinogen,
Aflatoxin B1_51,O=C1C=C2C3=C(C(=O)CC3)OC4=C2C5=C(C(=O)OCC5)O4,,1,,mycotoxin,
Dioxin_52,Clc1cc2c(Cl)c(Cl)c3c(c2c(Cl)c1Cl)Oc4c(Cl)c(Cl)c5c(c4O3)Cl,,1,,environmental,
Sarin_53,CC(C)OP(=O)(C)F,,1,,nerve agent,
Cyanide_54,N#C,,1,,mitochondrial toxin,
Hydrazine_55,NN,,1,,hepatotoxin,
Carbon tetrachloride_56,ClC(Cl)(Cl)Cl,,1,,hepatotoxin,
Parathion_57,CCOP(=S)(OCC)Oc1ccc(cc1)[N+](=O)[O-],,1,,pesticide,
Vinyl chloride_58,ClC=C,,1,,carcinogen,
Benzene_59,c1ccccc1,,1,,carcinogen,
Formaldehyde_60,C=O,,1,,carcinogen,
Aflatoxin B1_61,O=C1C=C2C3=C(C(=O)CC3)OC4=C2C5=C(C(=O)OCC5)O4,,1,,mycotoxin,
Dioxin_62,Clc1cc2c(Cl)c(Cl)c3c(c2c(Cl)c1Cl)Oc4c(Cl)c(Cl)c5c(c4O3)Cl,,1,,environmental,
Sarin_63,CC(C)OP(=O)(C)F,,1,,nerve agent,
Cyanide_64,N#C,,1,,mitochondrial toxin,
Hydrazine_65,NN,,1,,hepatotoxin,
Carbon tetrachloride_66,ClC(Cl)(Cl)Cl,,1,,hepatotoxin,
Parathion_67,CCOP(=S)(OCC)Oc1ccc(cc1)[N+](=O)[O-],,1,,pesticide,
Vinyl chloride_68,ClC=C,,1,,carcinogen,
Benzene_69,c1ccccc1,,1,,carcinogen,
Formaldehyde_70,C=O,,1,,carcinogen,
Aflatoxin B1_71,O=C1C=C2C3=C(C(=O)CC3)OC4=C2C5=C(C(=O)OCC5)O4,,1,,mycotoxin,
Dioxin_72,Clc1cc2c(Cl)c(Cl)c3c(c2c(Cl)c1Cl)Oc4c(Cl)c(Cl)c5c(c4O3)Cl,,1,,environmental,
Sarin_73,CC(C)OP(=O)(C)F,,1,,nerve agent,
Cyanide_74,N#C,,1,,mitochondrial toxin,
Hydrazine_75,NN,,1,,hepatotoxin,
Carbon tetrachloride_76,ClC(Cl)(Cl)Cl,,1,,hepatotoxin,
Parathion_77,CCOP(=S)(OCC)Oc1ccc(cc1)[N+](=O)[O-],,1,,pesticide,
Vinyl chloride_78,ClC=C,,1,,carcinogen,
Benzene_79,c1ccccc1,,1,,carcinogen,
Formaldehyde_80,C=O,,1,,carcinogen,
Aflatoxin B1_81,O=C1C=C2C3=C(C(=O)CC3)OC4=C2C5=C(C(=O)OCC5)O4,,1,,mycotoxin,
Dioxin_82,Clc1cc2c(Cl)c(Cl)c3c(c2c(Cl)c1Cl)Oc4c(Cl)c(Cl)c5c(c4O3)Cl,,1,,environmental,
Sarin_83,CC(C)OP(=O)(C)F,,1,,nerve agent,
Cyanide_84,N#C,,1,,mitochondrial toxin,
Hydrazine_85,NN,,1,,hepatotoxin,
Carbon tetrachloride_86,ClC(Cl)(Cl)Cl,,1,,hepatotoxin,
Parathion_87,CCOP(=S)(OCC)Oc1ccc(cc1)[N+](=O)[O-],,1,,pesticide,
Vinyl chloride_88,ClC=C,,1,,carcinogen,
Benzene_89,c1ccccc1,,1,,carcinogen,
Formaldehyde_90,C=O,,1,,carcinogen,
Aflatoxin B1_91,O=C1C=C2C3=C(C(=O)CC3)OC4=C2C5=C(C(=O)OCC5)O4,,1,,mycotoxin,
Dioxin_92,Clc1cc2c(Cl)c(Cl)c3c(c2c(Cl)c1Cl)Oc4c(Cl)c(Cl)c5c(c4O3)Cl,,1,,environmental,
Sarin_93,CC(C)OP(=O)(C)F,,1,,nerve agent,
Cyanide_94,N#C,,1,,mitochondrial toxin,
Hydrazine_95,NN,,1,,hepatotoxin,
Carbon tetrachloride_96,ClC(Cl)(Cl)Cl,,1,,hepatotoxin,
Parathion_97,CCOP(=S)(OCC)Oc1ccc(cc1)[N+](=O)[O-],,1,,pesticide,
Vinyl chloride_98,ClC=C,,1,,carcinogen,
Benzene_99,c1ccccc1,,1,,carcinogen,
Formaldehyde_100,C=O,,1,,carcinogen,
Aflatoxin B1_101,O=C1C=C2C3=C(C(=O)CC3)OC4=C2C5=C(C(=O)OCC5)O4,,1,,mycotoxin,
Dioxin_102,Clc1cc2c(Cl)c(Cl)c3c(c2c(Cl)c1Cl)Oc4c(Cl)c(Cl)c5c(c4O3)Cl,,1,,environmental,
Sarin_103,CC(C)OP(=O)(C)F,,1,,nerve agent,
Cyanide_104,N#C,,1,,mitochondrial toxin,
Hydrazine_105,NN,,1,,hepatotoxin,
Carbon tetrachloride_106,ClC(Cl)(Cl)Cl,,1,,hepatotoxin,
Parathion_107,CCOP(=S)(OCC)Oc1ccc(cc1)[N+](=O)[O-],,1,,pesticide,
Vinyl chloride_108,ClC=C,,1,,carcinogen,
Benzene_109,c1ccccc1,,1,,carcinogen,
Formaldehyde_110,C=O,,1,,carcinogen,
Aflatoxin B1_111,O=C1C=C2C3=C(C(=O)CC3)OC4=C2C5=C(C(=O)OCC5)O4,,1,,mycotoxin,
Dioxin_112,Clc1cc2c(Cl)c(Cl)c3c(c2c(Cl)c1Cl)Oc4c(Cl)c(Cl)c5c(c4O3)Cl,,1,,environmental,
Sarin_113,CC(C)OP(=O)(C)F,,1,,nerve agent,
Cyanide_114,N#C,,1,,mitochondrial toxin,
Hydrazine_115,NN,,1,,hepatotoxin,
Carbon tetrachloride_116,ClC(Cl)(Cl)Cl,,1,,hepatotoxin,
Parathion_117,CCOP(=S)(OCC)Oc1ccc(cc1)[N+](=O)[O-],,1,,pesticide,
Vinyl chloride_118,ClC=C,,1,,carcinogen,
Benzene_119,c1ccccc1,,1,,carcinogen,
Formaldehyde_120,C=O,,1,,carcinogen,
Aflatoxin B1_121,O=C1C=C2C3=C(C(=O)CC3)OC4=C2C5=C(C(=O)OCC5)O4,,1,,mycotoxin,
Dioxin_122,Clc1cc2c(Cl)c(Cl)c3c(c2c(Cl)c1Cl)Oc4c(Cl)c(Cl)c5c(c4O3)Cl,,1,,environmental,
Sarin_123,CC(C)OP(=O)(C)F,,1,,nerve agent,
Cyanide_124,N#C,,1,,mitochondrial toxin,
Hydrazine_125,NN,,1,,hepatotoxin,
Carbon tetrachloride_126,ClC(Cl)(Cl)Cl,,1,,hepatotoxin,
Parathion_127,CCOP(=S)(OCC)Oc1ccc(cc1)[N+](=O)[O-],,1,,pesticide,
Vinyl chloride_128,ClC=C,,1,,carcinogen,
Benzene_129,c1ccccc1,,1,,carcinogen,
Formaldehyde_130,C=O,,1,,carcinogen,
Aflatoxin B1_131,O=C1C=C2C3=C(C(=O)CC3)OC4=C2C5=C(C(=O)OCC5)O4,,1,,mycotoxin,
Dioxin_132,Clc1cc2c(Cl)c(Cl)c3c(c2c(Cl)c1Cl)Oc4c(Cl)c(Cl)c5c(c4O3)Cl,,1,,environmental,
Sarin_133,CC(C)OP(=O)(C)F,,1,,nerve agent,
Cyanide_134,N#C,,1,,mitochondrial toxin,
Hydrazine_135,NN,,1,,hepatotoxin,
Carbon tetrachloride_136,ClC(Cl)(Cl)Cl,,1,,hepatotoxin,
Parathion_137,CCOP(=S)(OCC)Oc1ccc(cc1)[N+](=O)[O-],,1,,pesticide,
Vinyl chloride_138,ClC=C,,1,,carcinogen,
Benzene_139,c1ccccc1,,1,,carcinogen,
Formaldehyde_140,C=O,,1,,carcinogen,
Aflatoxin B1_141,O=C1C=C2C3=C(C(=O)CC3)OC4=C2C5=C(C(=O)OCC5)O4,,1,,mycotoxin,
Dioxin_142,Clc1cc2c(Cl)c(Cl)c3c(c2c(Cl)c1Cl)Oc4c(Cl)c(Cl)c5c(c4O3)Cl,,1,,environmental,
Sarin_143,CC(C)OP(=O)(C)F,,1,,nerve agent,
Cyanide_144,N#C,,1,,mitochondrial toxin,
Hydrazine_145,NN,,1,,hepatotoxin,
Carbon tetrachloride_146,ClC(Cl)(Cl)Cl,,1,,hepatotoxin,
Parathion_147,CCOP(=S)(OCC)Oc1ccc(cc1)[N+](=O)[O-],,1,,pesticide,
Vinyl chloride_148,ClC=C,,1,,carcinogen,
Benzene_149,c1ccccc1,,1,,carcinogen,
Formaldehyde_150,C=O,,1,,carcinogen,
Aflatoxin B1_151,O=C1C=C2C3=C(C(=O)CC3)OC4=C2C5=C(C(=O)OCC5)O4,,1,,mycotoxin,
Dioxin_152,Clc1cc2c(Cl)c(Cl)c3c(c2c(Cl)c1Cl)Oc4c(Cl)c(Cl)c5c(c4O3)Cl,,1,,environmental,
Sarin_153,CC(C)OP(=O)(C)F,,1,,nerve agent,
Cyanide_154,N#C,,1,,mitochondrial toxin,
Hydrazine_155,NN,,1,,hepatotoxin,
Carbon tetrachloride_156,ClC(Cl)(Cl)Cl,,1,,hepatotoxin,
Parathion_157,CCOP(=S)(OCC)Oc1ccc(cc1)[N+](=O)[O-],,1,,pesticide,
Vinyl chloride_158,ClC=C,,1,,carcinogen,
Benzene_159,c1ccccc1,,1,,carcinogen,
Formaldehyde_160,C=O,,1,,carcinogen,
Aflatoxin B1_161,O=C1C=C2C3=C(C(=O)CC3)OC4=C2C5=C(C(=O)OCC5)O4,,1,,mycotoxin,
Dioxin_162,Clc1cc2c(Cl)c(Cl)c3c(c2c(Cl)c1Cl)Oc4c(Cl)c(Cl)c5c(c4O3)Cl,,1,,environmental,
Sarin_163,CC(C)OP(=O)(C)F,,1,,nerve agent,
Cyanide_164,N#C,,1,,mitochondrial toxin,
Hydrazine_165,NN,,1,,hepatotoxin,
Carbon tetrachloride_166,ClC(Cl)(Cl)Cl,,1,,hepatotoxin,
Parathion_167,CCOP(=S)(OCC)Oc1ccc(cc1)[N+](=O)[O-],,1,,pesticide,
Vinyl chloride_168,ClC=C,,1,,carcinogen,
Benzene_169,c1ccccc1,,1,,carcinogen,
Formaldehyde_170,C=O,,1,,carcinogen,
Aflatoxin B1_171,O=C1C=C2C3=C(C(=O)CC3)OC4=C2C5=C(C(=O)OCC5)O4,,1,,mycotoxin,
Dioxin_172,Clc1cc2c(Cl)c(Cl)c3c(c2c(Cl)c1Cl)Oc4c(Cl)c(Cl)c5c(c4O3)Cl,,1,,environmental,
Sarin_173,CC(C)OP(=O)(C)F,,1,,nerve agent,
Cyanide_174,N#C,,1,,mitochondrial toxin,
Hydrazine_175,NN,,1,,hepatotoxin,
Carbon tetrachloride_176,ClC(Cl)(Cl)Cl,,1,,hepatotoxin,
Parathion_177,CCOP(=S)(OCC)Oc1ccc(cc1)[N+](=O)[O-],,1,,pesticide,
Vinyl chloride_178,ClC=C,,1,,carcinogen,
Benzene_179,c1ccccc1,,1,,carcinogen,
Formaldehyde_180,C=O,,1,,carcinogen,
Aflatoxin B1_181,O=C1C=C2C3=C(C(=O)CC3)OC4=C2C5=C(C(=O)OCC5)O4,,1,,mycotoxin,
Dioxin_182,Clc1cc2c(Cl)c(Cl)c3c(c2c(Cl)c1Cl)Oc4c(Cl)c(Cl)c5c(c4O3)Cl,,1,,environmental,
Sarin_183,CC(C)OP(=O)(C)F,,1,,nerve agent,
Cyanide_184,N#C,,1,,mitochondrial toxin,
Hydrazine_185,NN,,1,,hepatotoxin,
Carbon tetrachloride_186,ClC(Cl)(Cl)Cl,,1,,hepatotoxin,
Parathion_187,CCOP(=S)(OCC)Oc1ccc(cc1)[N+](=O)[O-],,1,,pesticide,
Vinyl chloride_188,ClC=C,,1,,carcinogen,
Benzene_189,c1ccccc1,,1,,carcinogen,
Formaldehyde_190,C=O,,1,,carcinogen,
Aflatoxin B1_191,O=C1C=C2C3=C(C(=O)CC3)OC4=C2C5=C(C(=O)OCC5)O4,,1,,mycotoxin,
Dioxin_192,Clc1cc2c(Cl)c(Cl)c3c(c2c(Cl)c1Cl)Oc4c(Cl)c(Cl)c5c(c4O3)Cl,,1,,environmental,
Sarin_193,CC(C)OP(=O)(C)F,,1,,nerve agent,
Cyanide_194,N#C,,1,,mitochondrial toxin,
Hydrazine_195,NN,,1,,hepatotoxin,
Carbon tetrachloride_196,ClC(Cl)(Cl)Cl,,1,,hepatotoxin,
Parathion_197,CCOP(=S)(OCC)Oc1ccc(cc1)[N+](=O)[O-],,1,,pesticide,
Vinyl chloride_198,ClC=C,,1,,carcinogen,
Benzene_199,c1ccccc1,,1,,carcinogen,
Formaldehyde_200,C=O,,1,,carcinogen,
Aflatoxin B1_201,O=C1C=C2C3=C(C(=O)CC3)OC4=C2C5=C(C(=O)OCC5)O4,,1,,mycotoxin,
Dioxin_202,Clc1cc2c(Cl)c(Cl)c3c(c2c(Cl)c1Cl)Oc4c(Cl)c(Cl)c5c(c4O3)Cl,,1,,environmental,
Sarin_203,CC(C)OP(=O)(C)F,,1,,nerve agent,
Cyanide_204,N#C,,1,,mitochondrial toxin,
Hydrazine_205,NN,,1,,hepatotoxin,
Carbon tetrachloride_206,ClC(Cl)(Cl)Cl,,1,,hepatotoxin,
Parathion_207,CCOP(=S)(OCC)Oc1ccc(cc1)[N+](=O)[O-],,1,,pesticide,
Vinyl chloride_208,ClC=C,,1,,carcinogen,
Benzene_209,c1ccccc1,,1,,carcinogen,
Formaldehyde_210,C=O,,1,,carcinogen,
Aflatoxin B1_211,O=C1C=C2C3=C(C(=O)CC3)OC4=C2C5=C(C(=O)OCC5)O4,,1,,mycotoxin,
Dioxin_212,Clc1cc2c(Cl)c(Cl)c3c(c2c(Cl)c1Cl)Oc4c(Cl)c(Cl)c5c(c4O3)Cl,,1,,environmental,
Sarin_213,CC(C)OP(=O)(C)F,,1,,nerve agent,
Cyanide_214,N#C,,1,,mitochondrial toxin,
Hydrazine_215,NN,,1,,hepatotoxin,
Carbon tetrachloride_216,ClC(Cl)(Cl)Cl,,1,,hepatotoxin,
Parathion_217,CCOP(=S)(OCC)Oc1ccc(cc1)[N+](=O)[O-],,1,,pesticide,
Vinyl chloride_218,ClC=C,,1,,carcinogen,
Benzene_219,c1ccccc1,,1,,carcinogen,
Formaldehyde_220,C=O,,1,,carcinogen,
Aflatoxin B1_221,O=C1C=C2C3=C(C(=O)CC3)OC4=C2C5=C(C(=O)OCC5)O4,,1,,mycotoxin,
Dioxin_222,Clc1cc2c(Cl)c(Cl)c3c(c2c(Cl)c1Cl)Oc4c(Cl)c(Cl)c5c(c4O3)Cl,,1,,environmental,
Sarin_223,CC(C)OP(=O)(C)F,,1,,nerve agent,
Cyanide_224,N#C,,1,,mitochondrial toxin,
Hydrazine_225,NN,,1,,hepatotoxin,
Carbon tetrachloride_226,ClC(Cl)(Cl)Cl,,1,,hepatotoxin,
Parathion_227,CCOP(=S)(OCC)Oc1ccc(cc1)[N+](=O)[O-],,1,,pesticide,
Vinyl chloride_228,ClC=C,,1,,carcinogen,
Benzene_229,c1ccccc1,,1,,carcinogen,
Formaldehyde_230,C=O,,1,,carcinogen,
Aflatoxin B1_231,O=C1C=C2C3=C(C(=O)CC3)OC4=C2C5=C(C(=O)OCC5)O4,,1,,mycotoxin,
Dioxin_232,Clc1cc2c(Cl)c(Cl)c3c(c2c(Cl)c1Cl)Oc4c(Cl)c(Cl)c5c(c4O3)Cl,,1,,environmental,
Sarin_233,CC(C)OP(=O)(C)F,,1,,nerve agent,
Cyanide_234,N#C,,1,,mitochondrial toxin,
Hydrazine_235,NN,,1,,hepatotoxin,
Carbon tetrachloride_236,ClC(Cl)(Cl)Cl,,1,,hepatotoxin,
Parathion_237,CCOP(=S)(OCC)Oc1ccc(cc1)[N+](=O)[O-],,1,,pesticide,
Vinyl chloride_238,ClC=C,,1,,carcinogen,
Benzene_239,c1ccccc1,,1,,carcinogen,
Formaldehyde_240,C=O,,1,,carcinogen,
Aflatoxin B1_241,O=C1C=C2C3=C(C(=O)CC3)OC4=C2C5=C(C(=O)OCC5)O4,,1,,mycotoxin,
Dioxin_242,Clc1cc2c(Cl)c(Cl)c3c(c2c(Cl)c1Cl)Oc4c(Cl)c(Cl)c5c(c4O3)Cl,,1,,environmental,
Sarin_243,CC(C)OP(=O)(C)F,,1,,nerve agent,
Cyanide_244,N#C,,1,,mitochondrial toxin,
Hydrazine_245,NN,,1,,hepatotoxin,
Carbon tetrachloride_246,ClC(Cl)(Cl)Cl,,1,,hepatotoxin,
Parathion_247,CCOP(=S)(OCC)Oc1ccc(cc1)[N+](=O)[O-],,1,,pesticide,
Vinyl chloride_248,ClC=C,,1,,carcinogen,
Benzene_249,c1ccccc1,,1,,carcinogen,
Formaldehyde_250,C=O,,1,,carcinogen,
Aflatoxin B1_251,O=C1C=C2C3=C(C(=O)CC3)OC4=C2C5=C(C(=O)OCC5)O4,,1,,mycotoxin,
Dioxin_252,Clc1cc2c(Cl)c(Cl)c3c(c2c(Cl)c1Cl)Oc4c(Cl)c(Cl)c5c(c4O3)Cl,,1,,environmental,
Sarin_253,CC(C)OP(=O)(C)F,,1,,nerve agent,
Cyanide_254,N#C,,1,,mitochondrial toxin,
Hydrazine_255,NN,,1,,hepatotoxin,
Carbon tetrachloride_256,ClC(Cl)(Cl)Cl,,1,,hepatotoxin,
Parathion_257,CCOP(=S)(OCC)Oc1ccc(cc1)[N+](=O)[O-],,1,,pesticide,
Vinyl chloride_258,ClC=C,,1,,carcinogen,
Benzene_259,c1ccccc1,,1,,carcinogen,
Formaldehyde_260,C=O,,1,,carcinogen,
Aflatoxin B1_261,O=C1C=C2C3=C(C(=O)CC3)OC4=C2C5=C(C(=O)OCC5)O4,,1,,mycotoxin,
Dioxin_262,Clc1cc2c(Cl)c(Cl)c3c(c2c(Cl)c1Cl)Oc4c(Cl)c(Cl)c5c(c4O3)Cl,,1,,environmental,
Sarin_263,CC(C)OP(=O)(C)F,,1,,nerve agent,
Cyanide_264,N#C,,1,,mitochondrial toxin,
Hydrazine_265,NN,,1,,hepatotoxin,
Carbon tetrachloride_266,ClC(Cl)(Cl)Cl,,1,,hepatotoxin,
Parathion_267,CCOP(=S)(OCC)Oc1ccc(cc1)[N+](=O)[O-],,1,,pesticide,
Vinyl chloride_268,ClC=C,,1,,carcinogen,
Benzene_269,c1ccccc1,,1,,carcinogen,
Formaldehyde_270,C=O,,1,,carcinogen,
Aflatoxin B1_271,O=C1C=C2C3=C(C(=O)CC3)OC4=C2C5=C(C(=O)OCC5)O4,,1,,mycotoxin,
Dioxin_272,Clc1cc2c(Cl)c(Cl)c3c(c2c(Cl)c1Cl)Oc4c(Cl)c(Cl)c5c(c4O3)Cl,,1,,environmental,
Sarin_273,CC(C)OP(=O)(C)F,,1,,nerve agent,
Cyanide_274,N#C,,1,,mitochondrial toxin,
Hydrazine_275,NN,,1,,hepatotoxin,
Carbon tetrachloride_276,ClC(Cl)(Cl)Cl,,1,,hepatotoxin,
Parathion_277,CCOP(=S)(OCC)Oc1ccc(cc1)[N+](=O)[O-],,1,,pesticide,
Vinyl chloride_278,ClC=C,,1,,carcinogen,
Benzene_279,c1ccccc1,,1,,carcinogen,
Formaldehyde_280,C=O,,1,,carcinogen,
Aflatoxin B1_281,O=C1C=C2C3=C(C(=O)CC3)OC4=C2C5=C(C(=O)OCC5)O4,,1,,mycotoxin,
Dioxin_282,Clc1cc2c(Cl)c(Cl)c3c(c2c(Cl)c1Cl)Oc4c(Cl)c(Cl)c5c(c4O3)Cl,,1,,environmental,
Sarin_283,CC(C)OP(=O)(C)F,,1,,nerve agent,
Cyanide_284,N#C,,1,,mitochondrial toxin,
Hydrazine_285,NN,,1,,hepatotoxin,
Carbon tetrachloride_286,ClC(Cl)(Cl)Cl,,1,,hepatotoxin,
Parathion_287,CCOP(=S)(OCC)Oc1ccc(cc1)[N+](=O)[O-],,1,,pesticide,
Vinyl chloride_288,ClC=C,,1,,carcinogen,
Benzene_289,c1ccccc1,,1,,carcinogen,
Formaldehyde_290,C=O,,1,,carcinogen,
Aflatoxin B1_291,O=C1C=C2C3=C(C(=O)CC3)OC4=C2C5=C(C(=O)OCC5)O4,,1,,mycotoxin,
Dioxin_292,Clc1cc2c(Cl)c(Cl)c3c(c2c(Cl)c1Cl)Oc4c(Cl)c(Cl)c5c(c4O3)Cl,,1,,environmental,
Sarin_293,CC(C)OP(=O)(C)F,,1,,nerve agent,
Cyanide_294,N#C,,1,,mitochondrial toxin,
Hydrazine_295,NN,,1,,hepatotoxin,
Carbon tetrachloride_296,ClC(Cl)(Cl)Cl,,1,,hepatotoxin,
Parathion_297,CCOP(=S)(OCC)Oc1ccc(cc1)[N+](=O)[O-],,1,,pesticide,
Vinyl chloride_298,ClC=C,,1,,carcinogen,
Benzene_299,c1ccccc1,,1,,carcinogen,
Formaldehyde_300,C=O,,1,,carcinogen,
Aflatoxin B1_301,O=C1C=C2C3=C(C(=O)CC3)OC4=C2C5=C(C(=O)OCC5)O4,,1,,mycotoxin,
Dioxin_302,Clc1cc2c(Cl)c(Cl)c3c(c2c(Cl)c1Cl)Oc4c(Cl)c(Cl)c5c(c4O3)Cl,,1,,environmental,
Sarin_303,CC(C)OP(=O)(C)F,,1,,nerve agent,
Cyanide_304,N#C,,1,,mitochondrial toxin,
Hydrazine_305,NN,,1,,hepatotoxin,
Carbon tetrachloride_306,ClC(Cl)(Cl)Cl,,1,,hepatotoxin,
Parathion_307,CCOP(=S)(OCC)Oc1ccc(cc1)[N+](=O)[O-],,1,,pesticide,
Vinyl chloride_308,ClC=C,,1,,carcinogen,
Benzene_309,c1ccccc1,,1,,carcinogen,
Formaldehyde_310,C=O,,1,,carcinogen,
Aflatoxin B1_311,O=C1C=C2C3=C(C(=O)CC3)OC4=C2C5=C(C(=O)OCC5)O4,,1,,mycotoxin,
Dioxin_312,Clc1cc2c(Cl)c(Cl)c3c(c2c(Cl)c1Cl)Oc4c(Cl)c(Cl)c5c(c4O3)Cl,,1,,environmental,
Sarin_313,CC(C)OP(=O)(C)F,,1,,nerve agent,
Cyanide_314,N#C,,1,,mitochondrial toxin,
Hydrazine_315,NN,,1,,hepatotoxin,
Carbon tetrachloride_316,ClC(Cl)(Cl)Cl,,1,,hepatotoxin,
Parathion_317,CCOP(=S)(OCC)Oc1ccc(cc1)[N+](=O)[O-],,1,,pesticide,
Vinyl chloride_318,ClC=C,,1,,carcinogen,
Benzene_319,c1ccccc1,,1,,carcinogen,
Formaldehyde_320,C=O,,1,,carcinogen,
Aflatoxin B1_321,O=C1C=C2C3=C(C(=O)CC3)OC4=C2C5=C(C(=O)OCC5)O4,,1,,mycotoxin,
Dioxin_322,Clc1cc2c(Cl)c(Cl)c3c(c2c(Cl)c1Cl)Oc4c(Cl)c(Cl)c5c(c4O3)Cl,,1,,environmental,
Sarin_323,CC(C)OP(=O)(C)F,,1,,nerve agent,
Cyanide_324,N#C,,1,,mitochondrial toxin,
Hydrazine_325,NN,,1,,hepatotoxin,
Carbon tetrachloride_326,ClC(Cl)(Cl)Cl,,1,,hepatotoxin,
Parathion_327,CCOP(=S)(OCC)Oc1ccc(cc1)[N+](=O)[O-],,1,,pesticide,
Vinyl chloride_328,ClC=C,,1,,carcinogen,
Benzene_329,c1ccccc1,,1,,carcinogen,
Formaldehyde_330,C=O,,1,,carcinogen,
Aflatoxin B1_331,O=C1C=C2C3=C(C(=O)CC3)OC4=C2C5=C(C(=O)OCC5)O4,,1,,mycotoxin,
Dioxin_332,Clc1cc2c(Cl)c(Cl)c3c(c2c(Cl)c1Cl)Oc4c(Cl)c(Cl)c5c(c4O3)Cl,,1,,environmental,
Sarin_333,CC(C)OP(=O)(C)F,,1,,nerve agent,
Cyanide_334,N#C,,1,,mitochondrial toxin,
Hydrazine_335,NN,,1,,hepatotoxin,
Carbon tetrachloride_336,ClC(Cl)(Cl)Cl,,1,,hepatotoxin,
Parathion_337,CCOP(=S)(OCC)Oc1ccc(cc1)[N+](=O)[O-],,1,,pesticide,
Vinyl chloride_338,ClC=C,,1,,carcinogen,
Benzene_339,c1ccccc1,,1,,carcinogen,
Formaldehyde_340,C=O,,1,,carcinogen,
Aflatoxin B1_341,O=C1C=C2C3=C(C(=O)CC3)OC4=C2C5=C(C(=O)OCC5)O4,,1,,mycotoxin,
Dioxin_342,Clc1cc2c(Cl)c(Cl)c3c(c2c(Cl)c1Cl)Oc4c(Cl)c(Cl)c5c(c4O3)Cl,,1,,environmental,
Sarin_343,CC(C)OP(=O)(C)F,,1,,nerve agent,
Cyanide_344,N#C,,1,,mitochondrial toxin,
Hydrazine_345,NN,,1,,hepatotoxin,
Carbon tetrachloride_346,ClC(Cl)(Cl)Cl,,1,,hepatotoxin,
Parathion_347,CCOP(=S)(OCC)Oc1ccc(cc1)[N+](=O)[O-],,1,,pesticide,
Vinyl chloride_348,ClC=C,,1,,carcinogen,
Benzene_349,c1ccccc1,,1,,carcinogen,
Formaldehyde_350,C=O,,1,,carcinogen,
Aflatoxin B1_351,O=C1C=C2C3=C(C(=O)CC3)OC4=C2C5=C(C(=O)OCC5)O4,,1,,mycotoxin,
Dioxin_352,Clc1cc2c(Cl)c(Cl)c3c(c2c(Cl)c1Cl)Oc4c(Cl)c(Cl)c5c(c4O3)Cl,,1,,environmental,
Sarin_353,CC(C)OP(=O)(C)F,,1,,nerve agent,
Cyanide_354,N#C,,1,,mitochondrial toxin,
Hydrazine_355,NN,,1,,hepatotoxin,
Carbon tetrachloride_356,ClC(Cl)(Cl)Cl,,1,,hepatotoxin,
Parathion_357,CCOP(=S)(OCC)Oc1ccc(cc1)[N+](=O)[O-],,1,,pesticide,
Vinyl chloride_358,ClC=C,,1,,carcinogen,
Benzene_359,c1ccccc1,,1,,carcinogen,
Formaldehyde_360,C=O,,1,,carcinogen,
Aflatoxin B1_361,O=C1C=C2C3=C(C(=O)CC3)OC4=C2C5=C(C(=O)OCC5)O4,,1,,mycotoxin,
Dioxin_362,Clc1cc2c(Cl)c(Cl)c3c(c2c(Cl)c1Cl)Oc4c(Cl)c(Cl)c5c(c4O3)Cl,,1,,environmental,
Sarin_363,CC(C)OP(=O)(C)F,,1,,nerve agent,
Cyanide_364,N#C,,1,,mitochondrial toxin,
Hydrazine_365,NN,,1,,hepatotoxin,
Carbon tetrachloride_366,ClC(Cl)(Cl)Cl,,1,,hepatotoxin,
Parathion_367,CCOP(=S)(OCC)Oc1ccc(cc1)[N+](=O)[O-],,1,,pesticide,
Vinyl chloride_368,ClC=C,,1,,carcinogen,
Benzene_369,c1ccccc1,,1,,carcinogen,
Formaldehyde_370,C=O,,1,,carcinogen,
Aflatoxin B1_371,O=C1C=C2C3=C(C(=O)CC3)OC4=C2C5=C(C(=O)OCC5)O4,,1,,mycotoxin,
Dioxin_372,Clc1cc2c(Cl)c(Cl)c3c(c2c(Cl)c1Cl)Oc4c(Cl)c(Cl)c5c(c4O3)Cl,,1,,environmental,
Sarin_373,CC(C)OP(=O)(C)F,,1,,nerve agent,
Cyanide_374,N#C,,1,,mitochondrial toxin,
Hydrazine_375,NN,,1,,hepatotoxin,
Carbon tetrachloride_376,ClC(Cl)(Cl)Cl,,1,,hepatotoxin,
Parathion_377,CCOP(=S)(OCC)Oc1ccc(cc1)[N+](=O)[O-],,1,,pesticide,
Vinyl chloride_378,ClC=C,,1,,carcinogen,
Benzene_379,c1ccccc1,,1,,carcinogen,
Formaldehyde_380,C=O,,1,,carcinogen,
Aflatoxin B1_381,O=C1C=C2C3=C(C(=O)CC3)OC4=C2C5=C(C(=O)OCC5)O4,,1,,mycotoxin,
Dioxin_382,Clc1cc2c(Cl)c(Cl)c3c(c2c(Cl)c1Cl)Oc4c(Cl)c(Cl)c5c(c4O3)Cl,,1,,environmental,
Sarin_383,CC(C)OP(=O)(C)F,,1,,nerve agent,
Cyanide_384,N#C,,1,,mitochondrial toxin,
Hydrazine_385,NN,,1,,hepatotoxin,
Carbon tetrachloride_386,ClC(Cl)(Cl)Cl,,1,,hepatotoxin,
Parathion_387,CCOP(=S)(OCC)Oc1ccc(cc1)[N+](=O)[O-],,1,,pesticide,
Vinyl chloride_388,ClC=C,,1,,carcinogen,
Benzene_389,c1ccccc1,,1,,carcinogen,
Formaldehyde_390,C=O,,1,,carcinogen,
Aflatoxin B1_391,O=C1C=C2C3=C(C(=O)CC3)OC4=C2C5=C(C(=O)OCC5)O4,,1,,mycotoxin,
Dioxin_392,Clc1cc2c(Cl)c(Cl)c3c(c2c(Cl)c1Cl)Oc4c(Cl)c(Cl)c5c(c4O3)Cl,,1,,environmental,
Sarin_393,CC(C)OP(=O)(C)F,,1,,nerve agent,
Cyanide_394,N#C,,1,,mitochondrial toxin,
Hydrazine_395,NN,,1,,hepatotoxin,
Carbon tetrachloride_396,ClC(Cl)(Cl)Cl,,1,,hepatotoxin,
Parathion_397,CCOP(=S)(OCC)Oc1ccc(cc1)[N+](=O)[O-],,1,,pesticide,
Vinyl chloride_398,ClC=C,,1,,carcinogen,
Benzene_399,c1ccccc1,,1,,carcinogen,
Formaldehyde_400,C=O,,1,,carcinogen,
Aflatoxin B1_401,O=C1C=C2C3=C(C(=O)CC3)OC4=C2C5=C(C(=O)OCC5)O4,,1,,mycotoxin,
Dioxin_402,Clc1cc2c(Cl)c(Cl)c3c(c2c(Cl)c1Cl)Oc4c(Cl)c(Cl)c5c(c4O3)Cl,,1,,environmental,
Sarin_403,CC(C)OP(=O)(C)F,,1,,nerve agent,
Cyanide_404,N#C,,1,,mitochondrial toxin,
Hydrazine_405,NN,,1,,hepatotoxin,
Carbon tetrachloride_406,ClC(Cl)(Cl)Cl,,1,,hepatotoxin,
Parathion_407,CCOP(=S)(OCC)Oc1ccc(cc1)[N+](=O)[O-],,1,,pesticide,
Vinyl chloride_408,ClC=C,,1,,carcinogen,
Benzene_409,c1ccccc1,,1,,carcinogen,
Formaldehyde_410,C=O,,1,,carcinogen,
Aflatoxin B1_411,O=C1C=C2C3=C(C(=O)CC3)OC4=C2C5=C(C(=O)OCC5)O4,,1,,mycotoxin,
Dioxin_412,Clc1cc2c(Cl)c(Cl)c3c(c2c(Cl)c1Cl)Oc4c(Cl)c(Cl)c5c(c4O3)Cl,,1,,environmental,
Sarin_413,CC(C)OP(=O)(C)F,,1,,nerve agent,
Cyanide_414,N#C,,1,,mitochondrial toxin,
Hydrazine_415,NN,,1,,hepatotoxin,
Carbon tetrachloride_416,ClC(Cl)(Cl)Cl,,1,,hepatotoxin,
Parathion_417,CCOP(=S)(OCC)Oc1ccc(cc1)[N+](=O)[O-],,1,,pesticide,
Vinyl chloride_418,ClC=C,,1,,carcinogen,
Benzene_419,c1ccccc1,,1,,carcinogen,
Formaldehyde_420,C=O,,1,,carcinogen,
Aflatoxin B1_421,O=C1C=C2C3=C(C(=O)CC3)OC4=C2C5=C(C(=O)OCC5)O4,,1,,mycotoxin,
Dioxin_422,Clc1cc2c(Cl)c(Cl)c3c(c2c(Cl)c1Cl)Oc4c(Cl)c(Cl)c5c(c4O3)Cl,,1,,environmental,
Sarin_423,CC(C)OP(=O)(C)F,,1,,nerve agent,
Cyanide_424,N#C,,1,,mitochondrial toxin,
Hydrazine_425,NN,,1,,hepatotoxin,
Carbon tetrachloride_426,ClC(Cl)(Cl)Cl,,1,,hepatotoxin,
Parathion_427,CCOP(=S)(OCC)Oc1ccc(cc1)[N+](=O)[O-],,1,,pesticide,
Vinyl chloride_428,ClC=C,,1,,carcinogen,
Benzene_429,c1ccccc1,,1,,carcinogen,
Formaldehyde_430,C=O,,1,,carcinogen,
Aflatoxin B1_431,O=C1C=C2C3=C(C(=O)CC3)OC4=C2C5=C(C(=O)OCC5)O4,,1,,mycotoxin,
Dioxin_432,Clc1cc2c(Cl)c(Cl)c3c(c2c(Cl)c1Cl)Oc4c(Cl)c(Cl)c5c(c4O3)Cl,,1,,environmental,
Sarin_433,CC(C)OP(=O)(C)F,,1,,nerve agent,
Cyanide_434,N#C,,1,,mitochondrial toxin,
Hydrazine_435,NN,,1,,hepatotoxin,
Carbon tetrachloride_436,ClC(Cl)(Cl)Cl,,1,,hepatotoxin,
Parathion_437,CCOP(=S)(OCC)Oc1ccc(cc1)[N+](=O)[O-],,1,,pesticide,
Vinyl chloride_438,ClC=C,,1,,carcinogen,
Benzene_439,c1ccccc1,,1,,carcinogen,
Formaldehyde_440,C=O,,1,,carcinogen,
Aflatoxin B1_441,O=C1C=C2C3=C(C(=O)CC3)OC4=C2C5=C(C(=O)OCC5)O4,,1,,mycotoxin,
Dioxin_442,Clc1cc2c(Cl)c(Cl)c3c(c2c(Cl)c1Cl)Oc4c(Cl)c(Cl)c5c(c4O3)Cl,,1,,environmental,
Sarin_443,CC(C)OP(=O)(C)F,,1,,nerve agent,
Cyanide_444,N#C,,1,,mitochondrial toxin,
Hydrazine_445,NN,,1,,hepatotoxin,
Carbon tetrachloride_446,ClC(Cl)(Cl)Cl,,1,,hepatotoxin,
Parathion_447,CCOP(=S)(OCC)Oc1ccc(cc1)[N+](=O)[O-],,1,,pesticide,
Vinyl chloride_448,ClC=C,,1,,carcinogen,
Benzene_449,c1ccccc1,,1,,carcinogen,
Formaldehyde_450,C=O,,1,,carcinogen,
Aflatoxin B1_451,O=C1C=C2C3=C(C(=O)CC3)OC4=C2C5=C(C(=O)OCC5)O4,,1,,mycotoxin,
Dioxin_452,Clc1cc2c(Cl)c(Cl)c3c(c2c(Cl)c1Cl)Oc4c(Cl)c(Cl)c5c(c4O3)Cl,,1,,environmental,
Sarin_453,CC(C)OP(=O)(C)F,,1,,nerve agent,
Cyanide_454,N#C,,1,,mitochondrial toxin,
Hydrazine_455,NN,,1,,hepatotoxin,
Carbon tetrachloride_456,ClC(Cl)(Cl)Cl,,1,,hepatotoxin,
Parathion_457,CCOP(=S)(OCC)Oc1ccc(cc1)[N+](=O)[O-],,1,,pesticide,
Vinyl chloride_458,ClC=C,,1,,carcinogen,
Benzene_459,c1ccccc1,,1,,carcinogen,
Formaldehyde_460,C=O,,1,,carcinogen,
Aflatoxin B1_461,O=C1C=C2C3=C(C(=O)CC3)OC4=C2C5=C(C(=O)OCC5)O4,,1,,mycotoxin,
Dioxin_462,Clc1cc2c(Cl)c(Cl)c3c(c2c(Cl)c1Cl)Oc4c(Cl)c(Cl)c5c(c4O3)Cl,,1,,environmental,
Sarin_463,CC(C)OP(=O)(C)F,,1,,nerve agent,
Cyanide_464,N#C,,1,,mitochondrial toxin,
Hydrazine_465,NN,,1,,hepatotoxin,
Carbon tetrachloride_466,ClC(Cl)(Cl)Cl,,1,,hepatotoxin,
Parathion_467,CCOP(=S)(OCC)Oc1ccc(cc1)[N+](=O)[O-],,1,,pesticide,
Vinyl chloride_468,ClC=C,,1,,carcinogen,
Benzene_469,c1ccccc1,,1,,carcinogen,
Formaldehyde_470,C=O,,1,,carcinogen,
Aflatoxin B1_471,O=C1C=C2C3=C(C(=O)CC3)OC4=C2C5=C(C(=O)OCC5)O4,,1,,mycotoxin,
Dioxin_472,Clc1cc2c(Cl)c(Cl)c3c(c2c(Cl)c1Cl)Oc4c(Cl)c(Cl)c5c(c4O3)Cl,,1,,environmental,
Sarin_473,CC(C)OP(=O)(C)F,,1,,nerve agent,
Cyanide_474,N#C,,1,,mitochondrial toxin,
Hydrazine_475,NN,,1,,hepatotoxin,
Carbon tetrachloride_476,ClC(Cl)(Cl)Cl,,1,,hepatotoxin,
Parathion_477,CCOP(=S)(OCC)Oc1ccc(cc1)[N+](=O)[O-],,1,,pesticide,
Vinyl chloride_478,ClC=C,,1,,carcinogen,
Benzene_479,c1ccccc1,,1,,carcinogen,
Formaldehyde_480,C=O,,1,,carcinogen,
Aflatoxin B1_481,O=C1C=C2C3=C(C(=O)CC3)OC4=C2C5=C(C(=O)OCC5)O4,,1,,mycotoxin,
Dioxin_482,Clc1cc2c(Cl)c(Cl)c3c(c2c(Cl)c1Cl)Oc4c(Cl)c(Cl)c5c(c4O3)Cl,,1,,environmental,
Sarin_483,CC(C)OP(=O)(C)F,,1,,nerve agent,
Cyanide_484,N#C,,1,,mitochondrial toxin,
Hydrazine_485,NN,,1,,hepatotoxin,
Carbon tetrachloride_486,ClC(Cl)(Cl)Cl,,1,,hepatotoxin,
Parathion_487,CCOP(=S)(OCC)Oc1ccc(cc1)[N+](=O)[O-],,1,,pesticide,
Vinyl chloride_488,ClC=C,,1,,carcinogen,
Benzene_489,c1ccccc1,,1,,carcinogen,
Formaldehyde_490,C=O,,1,,carcinogen,
Aflatoxin B1_491,O=C1C=C2C3=C(C(=O)CC3)OC4=C2C5=C(C(=O)OCC5)O4,,1,,mycotoxin,
Dioxin_492,Clc1cc2c(Cl)c(Cl)c3c(c2c(Cl)c1Cl)Oc4c(Cl)c(Cl)c5c(c4O3)Cl,,1,,environmental,
Sarin_493,CC(C)OP(=O)(C)F,,1,,nerve agent,
Cyanide_494,N#C,,1,,mitochondrial toxin,
Hydrazine_495,NN,,1,,hepatotoxin,
Carbon tetrachloride_496,ClC(Cl)(Cl)Cl,,1,,hepatotoxin,
Parathion_497,CCOP(=S)(OCC)Oc1ccc(cc1)[N+](=O)[O-],,1,,pesticide,
Vinyl chloride_498,ClC=C,,1,,carcinogen,
Benzene_499,c1ccccc1,,1,,carcinogen,
Formaldehyde_500,C=O,,1,,carcinogen,
Aflatoxin B1_501,O=C1C=C2C3=C(C(=O)CC3)OC4=C2C5=C(C(=O)OCC5)O4,,1,,mycotoxin,
Dioxin_502,Clc1cc2c(Cl)c(Cl)c3c(c2c(Cl)c1Cl)Oc4c(Cl)c(Cl)c5c(c4O3)Cl,,1,,environmental,
Sarin_503,CC(C)OP(=O)(C)F,,1,,nerve agent,
Cyanide_504,N#C,,1,,mitochondrial toxin,
Hydrazine_505,NN,,1,,hepatotoxin,
Carbon tetrachloride_506,ClC(Cl)(Cl)Cl,,1,,hepatotoxin,
Parathion_507,CCOP(=S)(OCC)Oc1ccc(cc1)[N+](=O)[O-],,1,,pesticide,
Vinyl chloride_508,ClC=C,,1,,carcinogen,
Benzene_509,c1ccccc1,,1,,carcinogen,
Formaldehyde_510,C=O,,1,,carcinogen,
Aflatoxin B1_511,O=C1C=C2C3=C(C(=O)CC3)OC4=C2C5=C(C(=O)OCC5)O4,,1,,mycotoxin,
Dioxin_512,Clc1cc2c(Cl)c(Cl)c3c(c2c(Cl)c1Cl)Oc4c(Cl)c(Cl)c5c(c4O3)Cl,,1,,environmental,
Sarin_513,CC(C)OP(=O)(C)F,,1,,nerve agent,
Cyanide_514,N#C,,1,,mitochondrial toxin,
Hydrazine_515,NN,,1,,hepatotoxin,
Carbon tetrachloride_516,ClC(Cl)(Cl)Cl,,1,,hepatotoxin,
Parathion_517,CCOP(=S)(OCC)Oc1ccc(cc1)[N+](=O)[O-],,1,,pesticide,
Vinyl chloride_518,ClC=C,,1,,carcinogen,
Benzene_519,c1ccccc1,,1,,carcinogen,
Formaldehyde_520,C=O,,1,,carcinogen,
Aflatoxin B1_521,O=C1C=C2C3=C(C(=O)CC3)OC4=C2C5=C(C(=O)OCC5)O4,,1,,mycotoxin,
Dioxin_522,Clc1cc2c(Cl)c(Cl)c3c(c2c(Cl)c1Cl)Oc4c(Cl)c(Cl)c5c(c4O3)Cl,,1,,environmental,
Sarin_523,CC(C)OP(=O)(C)F,,1,,nerve agent,
Cyanide_524,N#C,,1,,mitochondrial toxin,
Hydrazine_525,NN,,1,,hepatotoxin,
Carbon tetrachloride_526,ClC(Cl)(Cl)Cl,,1,,hepatotoxin,
Parathion_527,CCOP(=S)(OCC)Oc1ccc(cc1)[N+](=O)[O-],,1,,pesticide,
Vinyl chloride_528,ClC=C,,1,,carcinogen,
Benzene_529,c1ccccc1,,1,,carcinogen,
Formaldehyde_530,C=O,,1,,carcinogen,
Aflatoxin B1_531,O=C1C=C2C3=C(C(=O)CC3)OC4=C2C5=C(C(=O)OCC5)O4,,1,,mycotoxin,
Dioxin_532,Clc1cc2c(Cl)c(Cl)c3c(c2c(Cl)c1Cl)Oc4c(Cl)c(Cl)c5c(c4O3)Cl,,1,,environmental,
Sarin_533,CC(C)OP(=O)(C)F,,1,,nerve agent,
Cyanide_534,N#C,,1,,mitochondrial toxin,
Hydrazine_535,NN,,1,,hepatotoxin,
Carbon tetrachloride_536,ClC(Cl)(Cl)Cl,,1,,hepatotoxin,
Parathion_537,CCOP(=S)(OCC)Oc1ccc(cc1)[N+](=O)[O-],,1,,pesticide,
Vinyl chloride_538,ClC=C,,1,,carcinogen,
Benzene_539,c1ccccc1,,1,,carcinogen,
Formaldehyde_540,C=O,,1,,carcinogen,
Aflatoxin B1_541,O=C1C=C2C3=C(C(=O)CC3)OC4=C2C5=C(C(=O)OCC5)O4,,1,,mycotoxin,
Dioxin_542,Clc1cc2c(Cl)c(Cl)c3c(c2c(Cl)c1Cl)Oc4c(Cl)c(Cl)c5c(c4O3)Cl,,1,,environmental,
Sarin_543,CC(C)OP(=O)(C)F,,1,,nerve agent,
Cyanide_544,N#C,,1,,mitochondrial toxin,
Hydrazine_545,NN,,1,,hepatotoxin,
Carbon tetrachloride_546,ClC(Cl)(Cl)Cl,,1,,hepatotoxin,
Parathion_547,CCOP(=S)(OCC)Oc1ccc(cc1)[N+](=O)[O-],,1,,pesticide,
Vinyl chloride_548,ClC=C,,1,,carcinogen,
Benzene_549,c1ccccc1,,1,,carcinogen,
Formaldehyde_550,C=O,,1,,carcinogen,
Aflatoxin B1_551,O=C1C=C2C3=C(C(=O)CC3)OC4=C2C5=C(C(=O)OCC5)O4,,1,,mycotoxin,
Dioxin_552,Clc1cc2c(Cl)c(Cl)c3c(c2c(Cl)c1Cl)Oc4c(Cl)c(Cl)c5c(c4O3)Cl,,1,,environmental,
Sarin_553,CC(C)OP(=O)(C)F,,1,,nerve agent,
Cyanide_554,N#C,,1,,mitochondrial toxin,
Hydrazine_555,NN,,1,,hepatotoxin,
Carbon tetrachloride_556,ClC(Cl)(Cl)Cl,,1,,hepatotoxin,
Parathion_557,CCOP(=S)(OCC)Oc1ccc(cc1)[N+](=O)[O-],,1,,pesticide,
Vinyl chloride_558,ClC=C,,1,,carcinogen,
Benzene_559,c1ccccc1,,1,,carcinogen,
Formaldehyde_560,C=O,,1,,carcinogen,
Aflatoxin B1_561,O=C1C=C2C3=C(C(=O)CC3)OC4=C2C5=C(C(=O)OCC5)O4,,1,,mycotoxin,
Dioxin_562,Clc1cc2c(Cl)c(Cl)c3c(c2c(Cl)c1Cl)Oc4c(Cl)c(Cl)c5c(c4O3)Cl,,1,,environmental,
Sarin_563,CC(C)OP(=O)(C)F,,1,,nerve agent,
Cyanide_564,N#C,,1,,mitochondrial toxin,
Hydrazine_565,NN,,1,,hepatotoxin,
Carbon tetrachloride_566,ClC(Cl)(Cl)Cl,,1,,hepatotoxin,
Parathion_567,CCOP(=S)(OCC)Oc1ccc(cc1)[N+](=O)[O-],,1,,pesticide,
Vinyl chloride_568,ClC=C,,1,,carcinogen,
Benzene_569,c1ccccc1,,1,,carcinogen,
Formaldehyde_570,C=O,,1,,carcinogen,
Aflatoxin B1_571,O=C1C=C2C3=C(C(=O)CC3)OC4=C2C5=C(C(=O)OCC5)O4,,1,,mycotoxin,
Dioxin_572,Clc1cc2c(Cl)c(Cl)c3c(c2c(Cl)c1Cl)Oc4c(Cl)c(Cl)c5c(c4O3)Cl,,1,,environmental,
Sarin_573,CC(C)OP(=O)(C)F,,1,,nerve agent,
Cyanide_574,N#C,,1,,mitochondrial toxin,
Hydrazine_575,NN,,1,,hepatotoxin,
Carbon tetrachloride_576,ClC(Cl)(Cl)Cl,,1,,hepatotoxin,
Parathion_577,CCOP(=S)(OCC)Oc1ccc(cc1)[N+](=O)[O-],,1,,pesticide,
Vinyl chloride_578,ClC=C,,1,,carcinogen,
Benzene_579,c1ccccc1,,1,,carcinogen,
Formaldehyde_580,C=O,,1,,carcinogen,
Aflatoxin B1_581,O=C1C=C2C3=C(C(=O)CC3)OC4=C2C5=C(C(=O)OCC5)O4,,1,,mycotoxin,
Dioxin_582,Clc1cc2c(Cl)c(Cl)c3c(c2c(Cl)c1Cl)Oc4c(Cl)c(Cl)c5c(c4O3)Cl,,1,,environmental,
Sarin_583,CC(C)OP(=O)(C)F,,1,,nerve agent,
Cyanide_584,N#C,,1,,mitochondrial toxin,
Hydrazine_585,NN,,1,,hepatotoxin,
Carbon tetrachloride_586,ClC(Cl)(Cl)Cl,,1,,hepatotoxin,
Parathion_587,CCOP(=S)(OCC)Oc1ccc(cc1)[N+](=O)[O-],,1,,pesticide,
Vinyl chloride_588,ClC=C,,1,,carcinogen,
Benzene_589,c1ccccc1,,1,,carcinogen,
Formaldehyde_590,C=O,,1,,carcinogen,
Aflatoxin B1_591,O=C1C=C2C3=C(C(=O)CC3)OC4=C2C5=C(C(=O)OCC5)O4,,1,,mycotoxin,
Dioxin_592,Clc1cc2c(Cl)c(Cl)c3c(c2c(Cl)c1Cl)Oc4c(Cl)c(Cl)c5c(c4O3)Cl,,1,,environmental,
Sarin_593,CC(C)OP(=O)(C)F,,1,,nerve agent,
Cyanide_594,N#C,,1,,mitochondrial toxin,
Hydrazine_595,NN,,1,,hepatotoxin,
Carbon tetrachloride_596,ClC(Cl)(Cl)Cl,,1,,hepatotoxin,
Parathion_597,CCOP(=S)(OCC)Oc1ccc(cc1)[N+](=O)[O-],,1,,pesticide,
Vinyl chloride_598,ClC=C,,1,,carcinogen,
Benzene_599,c1ccccc1,,1,,carcinogen,
Formaldehyde_600,C=O,,1,,carcinogen,
Aflatoxin B1_601,O=C1C=C2C3=C(C(=O)CC3)OC4=C2C5=C(C(=O)OCC5)O4,,1,,mycotoxin,
Dioxin_602,Clc1cc2c(Cl)c(Cl)c3c(c2c(Cl)c1Cl)Oc4c(Cl)c(Cl)c5c(c4O3)Cl,,1,,environmental,
Sarin_603,CC(C)OP(=O)(C)F,,1,,nerve agent,
Cyanide_604,N#C,,1,,mitochondrial toxin,
Hydrazine_605,NN,,1,,hepatotoxin,
Carbon tetrachloride_606,ClC(Cl)(Cl)Cl,,1,,hepatotoxin,
Parathion_607,CCOP(=S)(OCC)Oc1ccc(cc1)[N+](=O)[O-],,1,,pesticide,
Vinyl chloride_608,ClC=C,,1,,carcinogen,
Benzene_609,c1ccccc1,,1,,carcinogen,
Formaldehyde_610,C=O,,1,,carcinogen,
Aflatoxin B1_611,O=C1C=C2C3=C(C(=O)CC3)OC4=C2C5=C(C(=O)OCC5)O4,,1,,mycotoxin,
Dioxin_612,Clc1cc2c(Cl)c(Cl)c3c(c2c(Cl)c1Cl)Oc4c(Cl)c(Cl)c5c(c4O3)Cl,,1,,environmental,
Sarin_613,CC(C)OP(=O)(C)F,,1,,nerve agent,
Cyanide_614,N#C,,1,,mitochondrial toxin,
Hydrazine_615,NN,,1,,hepatotoxin,
Carbon tetrachloride_616,ClC(Cl)(Cl)Cl,,1,,hepatotoxin,
Parathion_617,CCOP(=S)(OCC)Oc1ccc(cc1)[N+](=O)[O-],,1,,pesticide,
Vinyl chloride_618,ClC=C,,1,,carcinogen,
Benzene_619,c1ccccc1,,1,,carcinogen,
Formaldehyde_620,C=O,,1,,carcinogen,
Aflatoxin B1_621,O=C1C=C2C3=C(C(=O)CC3)OC4=C2C5=C(C(=O)OCC5)O4,,1,,mycotoxin,
Dioxin_622,Clc1cc2c(Cl)c(Cl)c3c(c2c(Cl)c1Cl)Oc4c(Cl)c(Cl)c5c(c4O3)Cl,,1,,environmental,
Sarin_623,CC(C)OP(=O)(C)F,,1,,nerve agent,
Cyanide_624,N#C,,1,,mitochondrial toxin,
Hydrazine_625,NN,,1,,hepatotoxin,
Carbon tetrachloride_626,ClC(Cl)(Cl)Cl,,1,,hepatotoxin,
Parathion_627,CCOP(=S)(OCC)Oc1ccc(cc1)[N+](=O)[O-],,1,,pesticide,
Vinyl chloride_628,ClC=C,,1,,carcinogen,
Benzene_629,c1ccccc1,,1,,carcinogen,
Formaldehyde_630,C=O,,1,,carcinogen,
Aflatoxin B1_631,O=C1C=C2C3=C(C(=O)CC3)OC4=C2C5=C(C(=O)OCC5)O4,,1,,mycotoxin,
Dioxin_632,Clc1cc2c(Cl)c(Cl)c3c(c2c(Cl)c1Cl)Oc4c(Cl)c(Cl)c5c(c4O3)Cl,,1,,environmental,
Sarin_633,CC(C)OP(=O)(C)F,,1,,nerve agent,
Cyanide_634,N#C,,1,,mitochondrial toxin,
Hydrazine_635,NN,,1,,hepatotoxin,
Carbon tetrachloride_636,ClC(Cl)(Cl)Cl,,1,,hepatotoxin,
Parathion_637,CCOP(=S)(OCC)Oc1ccc(cc1)[N+](=O)[O-],,1,,pesticide,
Vinyl chloride_638,ClC=C,,1,,carcinogen,
Benzene_639,c1ccccc1,,1,,carcinogen,
Formaldehyde_640,C=O,,1,,carcinogen,
Aflatoxin B1_641,O=C1C=C2C3=C(C(=O)CC3)OC4=C2C5=C(C(=O)OCC5)O4,,1,,mycotoxin,
Dioxin_642,Clc1cc2c(Cl)c(Cl)c3c(c2c(Cl)c1Cl)Oc4c(Cl)c(Cl)c5c(c4O3)Cl,,1,,environmental,
Sarin_643,CC(C)OP(=O)(C)F,,1,,nerve agent,
Cyanide_644,N#C,,1,,mitochondrial toxin,
Hydrazine_645,NN,,1,,hepatotoxin,
Carbon tetrachloride_646,ClC(Cl)(Cl)Cl,,1,,hepatotoxin,
Parathion_647,CCOP(=S)(OCC)Oc1ccc(cc1)[N+](=O)[O-],,1,,pesticide,
Vinyl chloride_648,ClC=C,,1,,carcinogen,
Benzene_649,c1ccccc1,,1,,carcinogen,
Formaldehyde_650,C=O,,1,,carcinogen,
Aflatoxin B1_651,O=C1C=C2C3=C(C(=O)CC3)OC4=C2C5=C(C(=O)OCC5)O4,,1,,mycotoxin,
Dioxin_652,Clc1cc2c(Cl)c(Cl)c3c(c2c(Cl)c1Cl)Oc4c(Cl)c(Cl)c5c(c4O3)Cl,,1,,environmental,
Sarin_653,CC(C)OP(=O)(C)F,,1,,nerve agent,
Cyanide_654,N#C,,1,,mitochondrial toxin,
Hydrazine_655,NN,,1,,hepatotoxin,
Carbon tetrachloride_656,ClC(Cl)(Cl)Cl,,1,,hepatotoxin,
Parathion_657,CCOP(=S)(OCC)Oc1ccc(cc1)[N+](=O)[O-],,1,,pesticide,
Vinyl chloride_658,ClC=C,,1,,carcinogen,
Benzene_659,c1ccccc1,,1,,carcinogen,
Formaldehyde_660,C=O,,1,,carcinogen,
Aflatoxin B1_661,O=C1C=C2C3=C(C(=O)CC3)OC4=C2C5=C(C(=O)OCC5)O4,,1,,mycotoxin,
Dioxin_662,Clc1cc2c(Cl)c(Cl)c3c(c2c(Cl)c1Cl)Oc4c(Cl)c(Cl)c5c(c4O3)Cl,,1,,environmental,
Sarin_663,CC(C)OP(=O)(C)F,,1,,nerve agent,
Cyanide_664,N#C,,1,,mitochondrial toxin,
Hydrazine_665,NN,,1,,hepatotoxin,
Carbon tetrachloride_666,ClC(Cl)(Cl)Cl,,1,,hepatotoxin,
Parathion_667,CCOP(=S)(OCC)Oc1ccc(cc1)[N+](=O)[O-],,1,,pesticide,
Vinyl chloride_668,ClC=C,,1,,carcinogen,
Benzene_669,c1ccccc1,,1,,carcinogen,
Formaldehyde_670,C=O,,1,,carcinogen,
Aflatoxin B1_671,O=C1C=C2C3=C(C(=O)CC3)OC4=C2C5=C(C(=O)OCC5)O4,,1,,mycotoxin,
Dioxin_672,Clc1cc2c(Cl)c(Cl)c3c(c2c(Cl)c1Cl)Oc4c(Cl)c(Cl)c5c(c4O3)Cl,,1,,environmental,
Sarin_673,CC(C)OP(=O)(C)F,,1,,nerve agent,
Cyanide_674,N#C,,1,,mitochondrial toxin,
Hydrazine_675,NN,,1,,hepatotoxin,
Carbon tetrachloride_676,ClC(Cl)(Cl)Cl,,1,,hepatotoxin,
Parathion_677,CCOP(=S)(OCC)Oc1ccc(cc1)[N+](=O)[O-],,1,,pesticide,
Vinyl chloride_678,ClC=C,,1,,carcinogen,
Benzene_679,c1ccccc1,,1,,carcinogen,
Formaldehyde_680,C=O,,1,,carcinogen,
Aflatoxin B1_681,O=C1C=C2C3=C(C(=O)CC3)OC4=C2C5=C(C(=O)OCC5)O4,,1,,mycotoxin,
Dioxin_682,Clc1cc2c(Cl)c(Cl)c3c(c2c(Cl)c1Cl)Oc4c(Cl)c(Cl)c5c(c4O3)Cl,,1,,environmental,
Sarin_683,CC(C)OP(=O)(C)F,,1,,nerve agent,
Cyanide_684,N#C,,1,,mitochondrial toxin,
Hydrazine_685,NN,,1,,hepatotoxin,
Carbon tetrachloride_686,ClC(Cl)(Cl)Cl,,1,,hepatotoxin,
Parathion_687,CCOP(=S)(OCC)Oc1ccc(cc1)[N+](=O)[O-],,1,,pesticide,
Vinyl chloride_688,ClC=C,,1,,carcinogen,
Benzene_689,c1ccccc1,,1,,carcinogen,
Formaldehyde_690,C=O,,1,,carcinogen,
Aflatoxin B1_691,O=C1C=C2C3=C(C(=O)CC3)OC4=C2C5=C(C(=O)OCC5)O4,,1,,mycotoxin,
Dioxin_692,Clc1cc2c(Cl)c(Cl)c3c(c2c(Cl)c1Cl)Oc4c(Cl)c(Cl)c5c(c4O3)Cl,,1,,environmental,
Sarin_693,CC(C)OP(=O)(C)F,,1,,nerve agent,
Cyanide_694,N#C,,1,,mitochondrial toxin,
Hydrazine_695,NN,,1,,hepatotoxin,
Carbon tetrachloride_696,ClC(Cl)(Cl)Cl,,1,,hepatotoxin,
Parathion_697,CCOP(=S)(OCC)Oc1ccc(cc1)[N+](=O)[O-],,1,,pesticide,
Vinyl chloride_698,ClC=C,,1,,carcinogen,
Benzene_699,c1ccccc1,,1,,carcinogen,
Formaldehyde_700,C=O,,1,,carcinogen,
Aflatoxin B1_701,O=C1C=C2C3=C(C(=O)CC3)OC4=C2C5=C(C(=O)OCC5)O4,,1,,mycotoxin,
Dioxin_702,Clc1cc2c(Cl)c(Cl)c3c(c2c(Cl)c1Cl)Oc4c(Cl)c(Cl)c5c(c4O3)Cl,,1,,environmental,
Sarin_703,CC(C)OP(=O)(C)F,,1,,nerve agent,
Cyanide_704,N#C,,1,,mitochondrial toxin,
Hydrazine_705,NN,,1,,hepatotoxin,
Carbon tetrachloride_706,ClC(Cl)(Cl)Cl,,1,,hepatotoxin,
Parathion_707,CCOP(=S)(OCC)Oc1ccc(cc1)[N+](=O)[O-],,1,,pesticide,
Vinyl chloride_708,ClC=C,,1,,carcinogen,
Benzene_709,c1ccccc1,,1,,carcinogen,
Formaldehyde_710,C=O,,1,,carcinogen,
Aflatoxin B1_711,O=C1C=C2C3=C(C(=O)CC3)OC4=C2C5=C(C(=O)OCC5)O4,,1,,mycotoxin,
Dioxin_712,Clc1cc2c(Cl)c(Cl)c3c(c2c(Cl)c1Cl)Oc4c(Cl)c(Cl)c5c(c4O3)Cl,,1,,environmental,
Sarin_713,CC(C)OP(=O)(C)F,,1,,nerve agent,
Cyanide_714,N#C,,1,,mitochondrial toxin,
Hydrazine_715,NN,,1,,hepatotoxin,
Carbon tetrachloride_716,ClC(Cl)(Cl)Cl,,1,,hepatotoxin,
Parathion_717,CCOP(=S)(OCC)Oc1ccc(cc1)[N+](=O)[O-],,1,,pesticide,
Vinyl chloride_718,ClC=C,,1,,carcinogen,
Benzene_719,c1ccccc1,,1,,carcinogen,
Formaldehyde_720,C=O,,1,,carcinogen,
Aflatoxin B1_721,O=C1C=C2C3=C(C(=O)CC3)OC4=C2C5=C(C(=O)OCC5)O4,,1,,mycotoxin,
Dioxin_722,Clc1cc2c(Cl)c(Cl)c3c(c2c(Cl)c1Cl)Oc4c(Cl)c(Cl)c5c(c4O3)Cl,,1,,environmental,
Sarin_723,CC(C)OP(=O)(C)F,,1,,nerve agent,
Cyanide_724,N#C,,1,,mitochondrial toxin,
Hydrazine_725,NN,,1,,hepatotoxin,
Carbon tetrachloride_726,ClC(Cl)(Cl)Cl,,1,,hepatotoxin,
Parathion_727,CCOP(=S)(OCC)Oc1ccc(cc1)[N+](=O)[O-],,1,,pesticide,
Vinyl chloride_728,ClC=C,,1,,carcinogen,
Benzene_729,c1ccccc1,,1,,carcinogen,
Formaldehyde_730,C=O,,1,,carcinogen,
Aflatoxin B1_731,O=C1C=C2C3=C(C(=O)CC3)OC4=C2C5=C(C(=O)OCC5)O4,,1,,mycotoxin,
Dioxin_732,Clc1cc2c(Cl)c(Cl)c3c(c2c(Cl)c1Cl)Oc4c(Cl)c(Cl)c5c(c4O3)Cl,,1,,environmental,
Sarin_733,CC(C)OP(=O)(C)F,,1,,nerve agent,
Cyanide_734,N#C,,1,,mitochondrial toxin,
Hydrazine_735,NN,,1,,hepatotoxin,
Carbon tetrachloride_736,ClC(Cl)(Cl)Cl,,1,,hepatotoxin,
Parathion_737,CCOP(=S)(OCC)Oc1ccc(cc1)[N+](=O)[O-],,1,,pesticide,
Vinyl chloride_738,ClC=C,,1,,carcinogen,
Benzene_739,c1ccccc1,,1,,carcinogen,
Formaldehyde_740,C=O,,1,,carcinogen,
Aflatoxin B1_741,O=C1C=C2C3=C(C(=O)CC3)OC4=C2C5=C(C(=O)OCC5)O4,,1,,mycotoxin,
Dioxin_742,Clc1cc2c(Cl)c(Cl)c3c(c2c(Cl)c1Cl)Oc4c(Cl)c(Cl)c5c(c4O3)Cl,,1,,environmental,
Sarin_743,CC(C)OP(=O)(C)F,,1,,nerve agent,
Cyanide_744,N#C,,1,,mitochondrial toxin,
Hydrazine_745,NN,,1,,hepatotoxin,
Carbon tetrachloride_746,ClC(Cl)(Cl)Cl,,1,,hepatotoxin,
Parathion_747,CCOP(=S)(OCC)Oc1ccc(cc1)[N+](=O)[O-],,1,,pesticide,
Vinyl chloride_748,ClC=C,,1,,carcinogen,
Benzene_749,c1ccccc1,,1,,carcinogen,
Formaldehyde_750,C=O,,1,,carcinogen,
Aflatoxin B1_751,O=C1C=C2C3=C(C(=O)CC3)OC4=C2C5=C(C(=O)OCC5)O4,,1,,mycotoxin,
Dioxin_752,Clc1cc2c(Cl)c(Cl)c3c(c2c(Cl)c1Cl)Oc4c(Cl)c(Cl)c5c(c4O3)Cl,,1,,environmental,
Sarin_753,CC(C)OP(=O)(C)F,,1,,nerve agent,
Cyanide_754,N#C,,1,,mitochondrial toxin,
Hydrazine_755,NN,,1,,hepatotoxin,
Carbon tetrachloride_756,ClC(Cl)(Cl)Cl,,1,,hepatotoxin,
Parathion_757,CCOP(=S)(OCC)Oc1ccc(cc1)[N+](=O)[O-],,1,,pesticide,
Vinyl chloride_758,ClC=C,,1,,carcinogen,
Benzene_759,c1ccccc1,,1,,carcinogen,
Formaldehyde_760,C=O,,1,,carcinogen,
Aflatoxin B1_761,O=C1C=C2C3=C(C(=O)CC3)OC4=C2C5=C(C(=O)OCC5)O4,,1,,mycotoxin,
Dioxin_762,Clc1cc2c(Cl)c(Cl)c3c(c2c(Cl)c1Cl)Oc4c(Cl)c(Cl)c5c(c4O3)Cl,,1,,environmental,
Sarin_763,CC(C)OP(=O)(C)F,,1,,nerve agent,
Cyanide_764,N#C,,1,,mitochondrial toxin,
Hydrazine_765,NN,,1,,hepatotoxin,
Carbon tetrachloride_766,ClC(Cl)(Cl)Cl,,1,,hepatotoxin,
Parathion_767,CCOP(=S)(OCC)Oc1ccc(cc1)[N+](=O)[O-],,1,,pesticide,
Vinyl chloride_768,ClC=C,,1,,carcinogen,
Benzene_769,c1ccccc1,,1,,carcinogen,
Formaldehyde_770,C=O,,1,,carcinogen,
Aflatoxin B1_771,O=C1C=C2C3=C(C(=O)CC3)OC4=C2C5=C(C(=O)OCC5)O4,,1,,mycotoxin,
Dioxin_772,Clc1cc2c(Cl)c(Cl)c3c(c2c(Cl)c1Cl)Oc4c(Cl)c(Cl)c5c(c4O3)Cl,,1,,environmental,
Sarin_773,CC(C)OP(=O)(C)F,,1,,nerve agent,
Cyanide_774,N#C,,1,,mitochondrial toxin,
Hydrazine_775,NN,,1,,hepatotoxin,
Carbon tetrachloride_776,ClC(Cl)(Cl)Cl,,1,,hepatotoxin,
Parathion_777,CCOP(=S)(OCC)Oc1ccc(cc1)[N+](=O)[O-],,1,,pesticide,
Vinyl chloride_778,ClC=C,,1,,carcinogen,
Benzene_779,c1ccccc1,,1,,carcinogen,
Formaldehyde_780,C=O,,1,,carcinogen,
Aflatoxin B1_781,O=C1C=C2C3=C(C(=O)CC3)OC4=C2C5=C(C(=O)OCC5)O4,,1,,mycotoxin,
Dioxin_782,Clc1cc2c(Cl)c(Cl)c3c(c2c(Cl)c1Cl)Oc4c(Cl)c(Cl)c5c(c4O3)Cl,,1,,environmental,
Sarin_783,CC(C)OP(=O)(C)F,,1,,nerve agent,
Cyanide_784,N#C,,1,,mitochondrial toxin,
Hydrazine_785,NN,,1,,hepatotoxin,
Carbon tetrachloride_786,ClC(Cl)(Cl)Cl,,1,,hepatotoxin,
Parathion_787,CCOP(=S)(OCC)Oc1ccc(cc1)[N+](=O)[O-],,1,,pesticide,
Vinyl chloride_788,ClC=C,,1,,carcinogen,
Benzene_789,c1ccccc1,,1,,carcinogen,
Formaldehyde_790,C=O,,1,,carcinogen,
Aflatoxin B1_791,O=C1C=C2C3=C(C(=O)CC3)OC4=C2C5=C(C(=O)OCC5)O4,,1,,mycotoxin,
Dioxin_792,Clc1cc2c(Cl)c(Cl)c3c(c2c(Cl)c1Cl)Oc4c(Cl)c(Cl)c5c(c4O3)Cl,,1,,environmental,
Sarin_793,CC(C)OP(=O)(C)F,,1,,nerve agent,
Cyanide_794,N#C,,1,,mitochondrial toxin,
Hydrazine_795,NN,,1,,hepatotoxin,
Carbon tetrachloride_796,ClC(Cl)(Cl)Cl,,1,,hepatotoxin,
Parathion_797,CCOP(=S)(OCC)Oc1ccc(cc1)[N+](=O)[O-],,1,,pesticide,
Vinyl chloride_798,ClC=C,,1,,carcinogen,
Benzene_799,c1ccccc1,,1,,carcinogen,
Formaldehyde_800,C=O,,1,,carcinogen,
Aflatoxin B1_801,O=C1C=C2C3=C(C(=O)CC3)OC4=C2C5=C(C(=O)OCC5)O4,,1,,mycotoxin,
Dioxin_802,Clc1cc2c(Cl)c(Cl)c3c(c2c(Cl)c1Cl)Oc4c(Cl)c(Cl)c5c(c4O3)Cl,,1,,environmental,
Sarin_803,CC(C)OP(=O)(C)F,,1,,nerve agent,
Cyanide_804,N#C,,1,,mitochondrial toxin,
Hydrazine_805,NN,,1,,hepatotoxin,
Carbon tetrachloride_806,ClC(Cl)(Cl)Cl,,1,,hepatotoxin,
Parathion_807,CCOP(=S)(OCC)Oc1ccc(cc1)[N+](=O)[O-],,1,,pesticide,
Vinyl chloride_808,ClC=C,,1,,carcinogen,
Benzene_809,c1ccccc1,,1,,carcinogen,
Formaldehyde_810,C=O,,1,,carcinogen,
Aflatoxin B1_811,O=C1C=C2C3=C(C(=O)CC3)OC4=C2C5=C(C(=O)OCC5)O4,,1,,mycotoxin,
Dioxin_812,Clc1cc2c(Cl)c(Cl)c3c(c2c(Cl)c1Cl)Oc4c(Cl)c(Cl)c5c(c4O3)Cl,,1,,environmental,
Sarin_813,CC(C)OP(=O)(C)F,,1,,nerve agent,
Cyanide_814,N#C,,1,,mitochondrial toxin,
Hydrazine_815,NN,,1,,hepatotoxin,
Carbon tetrachloride_816,ClC(Cl)(Cl)Cl,,1,,hepatotoxin,
Parathion_817,CCOP(=S)(OCC)Oc1ccc(cc1)[N+](=O)[O-],,1,,pesticide,
Vinyl chloride_818,ClC=C,,1,,carcinogen,
Benzene_819,c1ccccc1,,1,,carcinogen,
Formaldehyde_820,C=O,,1,,carcinogen,
Aflatoxin B1_821,O=C1C=C2C3=C(C(=O)CC3)OC4=C2C5=C(C(=O)OCC5)O4,,1,,mycotoxin,
Dioxin_822,Clc1cc2c(Cl)c(Cl)c3c(c2c(Cl)c1Cl)Oc4c(Cl)c(Cl)c5c(c4O3)Cl,,1,,environmental,
Sarin_823,CC(C)OP(=O)(C)F,,1,,nerve agent,
Cyanide_824,N#C,,1,,mitochondrial toxin,
Hydrazine_825,NN,,1,,hepatotoxin,
Carbon tetrachloride_826,ClC(Cl)(Cl)Cl,,1,,hepatotoxin,
Parathion_827,CCOP(=S)(OCC)Oc1ccc(cc1)[N+](=O)[O-],,1,,pesticide,
Vinyl chloride_828,ClC=C,,1,,carcinogen,
Benzene_829,c1ccccc1,,1,,carcinogen,
Formaldehyde_830,C=O,,1,,carcinogen,
Aflatoxin B1_831,O=C1C=C2C3=C(C(=O)CC3)OC4=C2C5=C(C(=O)OCC5)O4,,1,,mycotoxin,
Dioxin_832,Clc1cc2c(Cl)c(Cl)c3c(c2c(Cl)c1Cl)Oc4c(Cl)c(Cl)c5c(c4O3)Cl,,1,,environmental,
Sarin_833,CC(C)OP(=O)(C)F,,1,,nerve agent,
Cyanide_834,N#C,,1,,mitochondrial toxin,
Hydrazine_835,NN,,1,,hepatotoxin,
Carbon tetrachloride_836,ClC(Cl)(Cl)Cl,,1,,hepatotoxin,
Parathion_837,CCOP(=S)(OCC)Oc1ccc(cc1)[N+](=O)[O-],,1,,pesticide,
Vinyl chloride_838,ClC=C,,1,,carcinogen,
Benzene_839,c1ccccc1,,1,,carcinogen,
Formaldehyde_840,C=O,,1,,carcinogen,
Aflatoxin B1_841,O=C1C=C2C3=C(C(=O)CC3)OC4=C2C5=C(C(=O)OCC5)O4,,1,,mycotoxin,
Dioxin_842,Clc1cc2c(Cl)c(Cl)c3c(c2c(Cl)c1Cl)Oc4c(Cl)c(Cl)c5c(c4O3)Cl,,1,,environmental,
Sarin_843,CC(C)OP(=O)(C)F,,1,,nerve agent,
Cyanide_844,N#C,,1,,mitochondrial toxin,
Hydrazine_845,NN,,1,,hepatotoxin,
Carbon tetrachloride_846,ClC(Cl)(Cl)Cl,,1,,hepatotoxin,
Parathion_847,CCOP(=S)(OCC)Oc1ccc(cc1)[N+](=O)[O-],,1,,pesticide,
Vinyl chloride_848,ClC=C,,1,,carcinogen,
Benzene_849,c1ccccc1,,1,,carcinogen,
Formaldehyde_850,C=O,,1,,carcinogen,
Aflatoxin B1_851,O=C1C=C2C3=C(C(=O)CC3)OC4=C2C5=C(C(=O)OCC5)O4,,1,,mycotoxin,
Dioxin_852,Clc1cc2c(Cl)c(Cl)c3c(c2c(Cl)c1Cl)Oc4c(Cl)c(Cl)c5c(c4O3)Cl,,1,,environmental,
Sarin_853,CC(C)OP(=O)(C)F,,1,,nerve agent,
Cyanide_854,N#C,,1,,mitochondrial toxin,
Hydrazine_855,NN,,1,,hepatotoxin,
Carbon tetrachloride_856,ClC(Cl)(Cl)Cl,,1,,hepatotoxin,
Parathion_857,CCOP(=S)(OCC)Oc1ccc(cc1)[N+](=O)[O-],,1,,pesticide,
Vinyl chloride_858,ClC=C,,1,,carcinogen,
Benzene_859,c1ccccc1,,1,,carcinogen,
Formaldehyde_860,C=O,,1,,carcinogen,
Aflatoxin B1_861,O=C1C=C2C3=C(C(=O)CC3)OC4=C2C5=C(C(=O)OCC5)O4,,1,,mycotoxin,
Dioxin_862,Clc1cc2c(Cl)c(Cl)c3c(c2c(Cl)c1Cl)Oc4c(Cl)c(Cl)c5c(c4O3)Cl,,1,,environmental,
Sarin_863,CC(C)OP(=O)(C)F,,1,,nerve agent,
Cyanide_864,N#C,,1,,mitochondrial toxin,
Hydrazine_865,NN,,1,,hepatotoxin,
Carbon tetrachloride_866,ClC(Cl)(Cl)Cl,,1,,hepatotoxin,
Parathion_867,CCOP(=S)(OCC)Oc1ccc(cc1)[N+](=O)[O-],,1,,pesticide,
Vinyl chloride_868,ClC=C,,1,,carcinogen,
Benzene_869,c1ccccc1,,1,,carcinogen,
Formaldehyde_870,C=O,,1,,carcinogen,
Aflatoxin B1_871,O=C1C=C2C3=C(C(=O)CC3)OC4=C2C5=C(C(=O)OCC5)O4,,1,,mycotoxin,
Dioxin_872,Clc1cc2c(Cl)c(Cl)c3c(c2c(Cl)c1Cl)Oc4c(Cl)c(Cl)c5c(c4O3)Cl,,1,,environmental,
Sarin_873,CC(C)OP(=O)(C)F,,1,,nerve agent,
Cyanide_874,N#C,,1,,mitochondrial toxin,
Hydrazine_875,NN,,1,,hepatotoxin,
Carbon tetrachloride_876,ClC(Cl)(Cl)Cl,,1,,hepatotoxin,
Parathion_877,CCOP(=S)(OCC)Oc1ccc(cc1)[N+](=O)[O-],,1,,pesticide,
Vinyl chloride_878,ClC=C,,1,,carcinogen,
Benzene_879,c1ccccc1,,1,,carcinogen,
Formaldehyde_880,C=O,,1,,carcinogen,
Aflatoxin B1_881,O=C1C=C2C3=C(C(=O)CC3)OC4=C2C5=C(C(=O)OCC5)O4,,1,,mycotoxin,
Dioxin_882,Clc1cc2c(Cl)c(Cl)c3c(c2c(Cl)c1Cl)Oc4c(Cl)c(Cl)c5c(c4O3)Cl,,1,,environmental,
Sarin_883,CC(C)OP(=O)(C)F,,1,,nerve agent,
Cyanide_884,N#C,,1,,mitochondrial toxin,
Hydrazine_885,NN,,1,,hepatotoxin,
Carbon tetrachloride_886,ClC(Cl)(Cl)Cl,,1,,hepatotoxin,
Parathion_887,CCOP(=S)(OCC)Oc1ccc(cc1)[N+](=O)[O-],,1,,pesticide,
Vinyl chloride_888,ClC=C,,1,,carcinogen,
Benzene_889,c1ccccc1,,1,,carcinogen,
Formaldehyde_890,C=O,,1,,carcinogen,
Aflatoxin B1_891,O=C1C=C2C3=C(C(=O)CC3)OC4=C2C5=C(C(=O)OCC5)O4,,1,,mycotoxin,
Dioxin_892,Clc1cc2c(Cl)c(Cl)c3c(c2c(Cl)c1Cl)Oc4c(Cl)c(Cl)c5c(c4O3)Cl,,1,,environmental,
Sarin_893,CC(C)OP(=O)(C)F,,1,,nerve agent,
Cyanide_894,N#C,,1,,mitochondrial toxin,
Hydrazine_895,NN,,1,,hepatotoxin,
Carbon tetrachloride_896,ClC(Cl)(Cl)Cl,,1,,hepatotoxin,
Parathion_897,CCOP(=S)(OCC)Oc1ccc(cc1)[N+](=O)[O-],,1,,pesticide,
Vinyl chloride_898,ClC=C,,1,,carcinogen,
Benzene_899,c1ccccc1,,1,,carcinogen,
Formaldehyde_900,C=O,,1,,carcinogen,
Aflatoxin B1_901,O=C1C=C2C3=C(C(=O)CC3)OC4=C2C5=C(C(=O)OCC5)O4,,1,,mycotoxin,
Dioxin_902,Clc1cc2c(Cl)c(Cl)c3c(c2c(Cl)c1Cl)Oc4c(Cl)c(Cl)c5c(c4O3)Cl,,1,,environmental,
Sarin_903,CC(C)OP(=O)(C)F,,1,,nerve agent,
Cyanide_904,N#C,,1,,mitochondrial toxin,
Hydrazine_905,NN,,1,,hepatotoxin,
Carbon tetrachloride_906,ClC(Cl)(Cl)Cl,,1,,hepatotoxin,
Parathion_907,CCOP(=S)(OCC)Oc1ccc(cc1)[N+](=O)[O-],,1,,pesticide,
Vinyl chloride_908,ClC=C,,1,,carcinogen,
Benzene_909,c1ccccc1,,1,,carcinogen,
Formaldehyde_910,C=O,,1,,carcinogen,
Aflatoxin B1_911,O=C1C=C2C3=C(C(=O)CC3)OC4=C2C5=C(C(=O)OCC5)O4,,1,,mycotoxin,
Dioxin_912,Clc1cc2c(Cl)c(Cl)c3c(c2c(Cl)c1Cl)Oc4c(Cl)c(Cl)c5c(c4O3)Cl,,1,,environmental,
Sarin_913,CC(C)OP(=O)(C)F,,1,,nerve agent,
Cyanide_914,N#C,,1,,mitochondrial toxin,
Hydrazine_915,NN,,1,,hepatotoxin,
Carbon tetrachloride_916,ClC(Cl)(Cl)Cl,,1,,hepatotoxin,
Parathion_917,CCOP(=S)(OCC)Oc1ccc(cc1)[N+](=O)[O-],,1,,pesticide,
Vinyl chloride_918,ClC=C,,1,,carcinogen,
Benzene_919,c1ccccc1,,1,,carcinogen,
Formaldehyde_920,C=O,,1,,carcinogen,
Aflatoxin B1_921,O=C1C=C2C3=C(C(=O)CC3)OC4=C2C5=C(C(=O)OCC5)O4,,1,,mycotoxin,
Dioxin_922,Clc1cc2c(Cl)c(Cl)c3c(c2c(Cl)c1Cl)Oc4c(Cl)c(Cl)c5c(c4O3)Cl,,1,,environmental,
Sarin_923,CC(C)OP(=O)(C)F,,1,,nerve agent,
Cyanide_924,N#C,,1,,mitochondrial toxin,
Hydrazine_925,NN,,1,,hepatotoxin,
Carbon tetrachloride_926,ClC(Cl)(Cl)Cl,,1,,hepatotoxin,
Parathion_927,CCOP(=S)(OCC)Oc1ccc(cc1)[N+](=O)[O-],,1,,pesticide,
Vinyl chloride_928,ClC=C,,1,,carcinogen,
Benzene_929,c1ccccc1,,1,,carcinogen,
Formaldehyde_930,C=O,,1,,carcinogen,
Aflatoxin B1_931,O=C1C=C2C3=C(C(=O)CC3)OC4=C2C5=C(C(=O)OCC5)O4,,1,,mycotoxin,
Dioxin_932,Clc1cc2c(Cl)c(Cl)c3c(c2c(Cl)c1Cl)Oc4c(Cl)c(Cl)c5c(c4O3)Cl,,1,,environmental,
Sarin_933,CC(C)OP(=O)(C)F,,1,,nerve agent,
Cyanide_934,N#C,,1,,mitochondrial toxin,
Hydrazine_935,NN,,1,,hepatotoxin,
Carbon tetrachloride_936,ClC(Cl)(Cl)Cl,,1,,hepatotoxin,
Parathion_937,CCOP(=S)(OCC)Oc1ccc(cc1)[N+](=O)[O-],,1,,pesticide,
Vinyl chloride_938,ClC=C,,1,,carcinogen,
Benzene_939,c1ccccc1,,1,,carcinogen,
Formaldehyde_940,C=O,,1,,carcinogen,
Aflatoxin B1_941,O=C1C=C2C3=C(C(=O)CC3)OC4=C2C5=C(C(=O)OCC5)O4,,1,,mycotoxin,
Dioxin_942,Clc1cc2c(Cl)c(Cl)c3c(c2c(Cl)c1Cl)Oc4c(Cl)c(Cl)c5c(c4O3)Cl,,1,,environmental,
Sarin_943,CC(C)OP(=O)(C)F,,1,,nerve agent,
Cyanide_944,N#C,,1,,mitochondrial toxin,
Hydrazine_945,NN,,1,,hepatotoxin,
Carbon tetrachloride_946,ClC(Cl)(Cl)Cl,,1,,hepatotoxin,
Parathion_947,CCOP(=S)(OCC)Oc1ccc(cc1)[N+](=O)[O-],,1,,pesticide,
Vinyl chloride_948,ClC=C,,1,,carcinogen,
Benzene_949,c1ccccc1,,1,,carcinogen,
Formaldehyde_950,C=O,,1,,carcinogen,
Aflatoxin B1_951,O=C1C=C2C3=C(C(=O)CC3)OC4=C2C5=C(C(=O)OCC5)O4,,1,,mycotoxin,
Dioxin_952,Clc1cc2c(Cl)c(Cl)c3c(c2c(Cl)c1Cl)Oc4c(Cl)c(Cl)c5c(c4O3)Cl,,1,,environmental,
Sarin_953,CC(C)OP(=O)(C)F,,1,,nerve agent,
Cyanide_954,N#C,,1,,mitochondrial toxin,
Hydrazine_955,NN,,1,,hepatotoxin,
Carbon tetrachloride_956,ClC(Cl)(Cl)Cl,,1,,hepatotoxin,
Parathion_957,CCOP(=S)(OCC)Oc1ccc(cc1)[N+](=O)[O-],,1,,pesticide,
Vinyl chloride_958,ClC=C,,1,,carcinogen,
Benzene_959,c1ccccc1,,1,,carcinogen,
Formaldehyde_960,C=O,,1,,carcinogen,
Aflatoxin B1_961,O=C1C=C2C3=C(C(=O)CC3)OC4=C2C5=C(C(=O)OCC5)O4,,1,,mycotoxin,
Dioxin_962,Clc1cc2c(Cl)c(Cl)c3c(c2c(Cl)c1Cl)Oc4c(Cl)c(Cl)c5c(c4O3)Cl,,1,,environmental,
Sarin_963,CC(C)OP(=O)(C)F,,1,,nerve agent,
Cyanide_964,N#C,,1,,mitochondrial toxin,
Hydrazine_965,NN,,1,,hepatotoxin,
Carbon tetrachloride_966,ClC(Cl)(Cl)Cl,,1,,hepatotoxin,
Parathion_967,CCOP(=S)(OCC)Oc1ccc(cc1)[N+](=O)[O-],,1,,pesticide,
Vinyl chloride_968,ClC=C,,1,,carcinogen,
Benzene_969,c1ccccc1,,1,,carcinogen,
Formaldehyde_970,C=O,,1,,carcinogen,
Aflatoxin B1_971,O=C1C=C2C3=C(C(=O)CC3)OC4=C2C5=C(C(=O)OCC5)O4,,1,,mycotoxin,
Dioxin_972,Clc1cc2c(Cl)c(Cl)c3c(c2c(Cl)c1Cl)Oc4c(Cl)c(Cl)c5c(c4O3)Cl,,1,,environmental,
Sarin_973,CC(C)OP(=O)(C)F,,1,,nerve agent,
Cyanide_974,N#C,,1,,mitochondrial toxin,
Hydrazine_975,NN,,1,,hepatotoxin,
Carbon tetrachloride_976,ClC(Cl)(Cl)Cl,,1,,hepatotoxin,
Parathion_977,CCOP(=S)(OCC)Oc1ccc(cc1)[N+](=O)[O-],,1,,pesticide,
Vinyl chloride_978,ClC=C,,1,,carcinogen,
Benzene_979,c1ccccc1,,1,,carcinogen,
Formaldehyde_980,C=O,,1,,carcinogen,
Aflatoxin B1_981,O=C1C=C2C3=C(C(=O)CC3)OC4=C2C5=C(C(=O)OCC5)O4,,1,,mycotoxin,
Dioxin_982,Clc1cc2c(Cl)c(Cl)c3c(c2c(Cl)c1Cl)Oc4c(Cl)c(Cl)c5c(c4O3)Cl,,1,,environmental,
Sarin_983,CC(C)OP(=O)(C)F,,1,,nerve agent,
Cyanide_984,N#C,,1,,mitochondrial toxin,
Hydrazine_985,NN,,1,,hepatotoxin,
Carbon tetrachloride_986,ClC(Cl)(Cl)Cl,,1,,hepatotoxin,
Parathion_987,CCOP(=S)(OCC)Oc1ccc(cc1)[N+](=O)[O-],,1,,pesticide,
Vinyl chloride_988,ClC=C,,1,,carcinogen,
Benzene_989,c1ccccc1,,1,,carcinogen,
Formaldehyde_990,C=O,,1,,carcinogen,
Aflatoxin B1_991,O=C1C=C2C3=C(C(=O)CC3)OC4=C2C5=C(C(=O)OCC5)O4,,1,,mycotoxin,
Dioxin_992,Clc1cc2c(Cl)c(Cl)c3c(c2c(Cl)c1Cl)Oc4c(Cl)c(Cl)c5c(c4O3)Cl,,1,,environmental,
Sarin_993,CC(C)OP(=O)(C)F,,1,,nerve agent,
Cyanide_994,N#C,,1,,mitochondrial toxin,
Hydrazine_995,NN,,1,,hepatotoxin,
Carbon tetrachloride_996,ClC(Cl)(Cl)Cl,,1,,hepatotoxin,
Parathion_997,CCOP(=S)(OCC)Oc1ccc(cc1)[N+](=O)[O-],,1,,pesticide,
Vinyl chloride_998,ClC=C,,1,,carcinogen,
Benzene_999,c1ccccc1,,1,,carcinogen,
Formaldehyde_1000,C=O,,1,,carcinogen,
EXP_1,CCO,experimental,1,,,
EXP_2,CC(=O)O,experimental,0,,,
EXP_3,C1CCCCC1,experimental,0,,,
EXP_4,CCCCCC,experimental,1,,,
EXP_5,CC(=O)C,experimental,0,,,
EXP_6,C(C(=O)O)N,experimental,0,,,
EXP_7,C1CC1,experimental,1,,,
EXP_8,CCCC,experimental,0,,,
EXP_9,C1=CC=C2C=CC=CC2=C1,experimental,0,,,
EXP_10,CO,experimental,1,,,
EXP_11,CCCCCO,experimental,0,,,
EXP_12,C1CCCC1,experimental,0,,,
EXP_13,CC(C)O,experimental,1,,,
EXP_14,CCCCCCCC,experimental,0,,,
EXP_15,CCO,experimental,0,,,
EXP_16,CC(=O)O,experimental,1,,,
EXP_17,C1CCCCC1,experimental,0,,,
EXP_18,CCCCCC,experimental,0,,,
EXP_19,CC(=O)C,experimental,1,,,
EXP_20,C(C(=O)O)N,experimental,0,,,
EXP_21,C1CC1,experimental,0,,,
EXP_22,CCCC,experimental,1,,,
EXP_23,C1=CC=C2C=CC=CC2=C1,experimental,0,,,
EXP_24,CO,experimental,0,,,
EXP_25,CCCCCO,experimental,1,,,
EXP_26,C1CCCC1,experimental,0,,,
EXP_27,CC(C)O,experimental,0,,,
EXP_28,CCCCCCCC,experimental,1,,,
EXP_29,CCO,experimental,0,,,
EXP_30,CC(=O)O,experimental,0,,,
EXP_31,C1CCCCC1,experimental,1,,,
EXP_32,CCCCCC,experimental,0,,,
EXP_33,CC(=O)C,experimental,0,,,
EXP_34,C(C(=O)O)N,experimental,1,,,
EXP_35,C1CC1,experimental,0,,,
EXP_36,CCCC,experimental,0,,,
EXP_37,C1=CC=C2C=CC=CC2=C1,experimental,1,,,
EXP_38,CO,experimental,0,,,
EXP_39,CCCCCO,experimental,0,,,
EXP_40,C1CCCC1,experimental,1,,,
EXP_41,CC(C)O,experimental,0,,,
EXP_42,CCCCCCCC,experimental,0,,,
EXP_43,CCO,experimental,1,,,
EXP_44,CC(=O)O,experimental,0,,,
EXP_45,C1CCCCC1,experimental,0,,,
EXP_46,CCCCCC,experimental,1,,,
EXP_47,CC(=O)C,experimental,0,,,
EXP_48,C(C(=O)O)N,experimental,0,,,
EXP_49,C1CC1,experimental,1,,,
EXP_50,CCCC,experimental,0,,,
EXP_51,C1=CC=C2C=CC=CC2=C1,experimental,0,,,
EXP_52,CO,experimental,1,,,
EXP_53,CCCCCO,experimental,0,,,
EXP_54,C1CCCC1,experimental,0,,,
EXP_55,CC(C)O,experimental,1,,,
EXP_56,CCCCCCCC,experimental,0,,,
EXP_57,CCO,experimental,0,,,
EXP_58,CC(=O)O,experimental,1,,,
EXP_59,C1CCCCC1,experimental,0,,,
EXP_60,CCCCCC,experimental,0,,,
EXP_61,CC(=O)C,experimental,1,,,
EXP_62,C(C(=O)O)N,experimental,0,,,
EXP_63,C1CC1,experimental,0,,,
EXP_64,CCCC,experimental,1,,,
EXP_65,C1=CC=C2C=CC=CC2=C1,experimental,0,,,
EXP_66,CO,experimental,0,,,
EXP_67,CCCCCO,experimental,1,,,
EXP_68,C1CCCC1,experimental,0,,,
EXP_69,CC(C)O,experimental,0,,,
EXP_70,CCCCCCCC,experimental,1,,,
EXP_71,CCO,experimental,0,,,
EXP_72,CC(=O)O,experimental,0,,,
EXP_73,C1CCCCC1,experimental,1,,,
EXP_74,CCCCCC,experimental,0,,,
EXP_75,CC(=O)C,experimental,0,,,
EXP_76,C(C(=O)O)N,experimental,1,,,
EXP_77,C1CC1,experimental,0,,,
EXP_78,CCCC,experimental,0,,,
EXP_79,C1=CC=C2C=CC=CC2=C1,experimental,1,,,
EXP_80,CO,experimental,0,,,
EXP_81,CCCCCO,experimental,0,,,
EXP_82,C1CCCC1,experimental,1,,,
EXP_83,CC(C)O,experimental,0,,,
EXP_84,CCCCCCCC,experimental,0,,,
EXP_85,CCO,experimental,1,,,
EXP_86,CC(=O)O,experimental,0,,,
EXP_87,C1CCCCC1,experimental,0,,,
EXP_88,CCCCCC,experimental,1,,,
EXP_89,CC(=O)C,experimental,0,,,
EXP_90,C(C(=O)O)N,experimental,0,,,
EXP_91,C1CC1,experimental,1,,,
EXP_92,CCCC,experimental,0,,,
EXP_93,C1=CC=C2C=CC=CC2=C1,experimental,0,,,
EXP_94,CO,experimental,1,,,
EXP_95,CCCCCO,experimental,0,,,
EXP_96,C1CCCC1,experimental,0,,,
EXP_97,CC(C)O,experimental,1,,,
EXP_98,CCCCCCCC,experimental,0,,,
EXP_99,CCO,experimental,0,,,
EXP_100,CC(=O)O,experimental,1,,,
EXP_101,C1CCCCC1,experimental,0,,,
EXP_102,CCCCCC,experimental,0,,,
EXP_103,CC(=O)C,experimental,1,,,
EXP_104,C(C(=O)O)N,experimental,0,,,
EXP_105,C1CC1,experimental,0,,,
EXP_106,CCCC,experimental,1,,,
EXP_107,C1=CC=C2C=CC=CC2=C1,experimental,0,,,
EXP_108,CO,experimental,0,,,
EXP_109,CCCCCO,experimental,1,,,
EXP_110,C1CCCC1,experimental,0,,,
EXP_111,CC(C)O,experimental,0,,,
EXP_112,CCCCCCCC,experimental,1,,,
EXP_113,CCO,experimental,0,,,
EXP_114,CC(=O)O,experimental,0,,,
EXP_115,C1CCCCC1,experimental,1,,,
EXP_116,CCCCCC,experimental,0,,,
EXP_117,CC(=O)C,experimental,0,,,
EXP_118,C(C(=O)O)N,experimental,1,,,
EXP_119,C1CC1,experimental,0,,,
EXP_120,CCCC,experimental,0,,,
EXP_121,C1=CC=C2C=CC=CC2=C1,experimental,1,,,
EXP_122,CO,experimental,0,,,
EXP_123,CCCCCO,experimental,0,,,
EXP_124,C1CCCC1,experimental,1,,,
EXP_125,CC(C)O,experimental,0,,,
EXP_126,CCCCCCCC,experimental,0,,,
EXP_127,CCO,experimental,1,,,
EXP_128,CC(=O)O,experimental,0,,,
EXP_129,C1CCCCC1,experimental,0,,,
EXP_130,CCCCCC,experimental,1,,,
EXP_131,CC(=O)C,experimental,0,,,
EXP_132,C(C(=O)O)N,experimental,0,,,
EXP_133,C1CC1,experimental,1,,,
EXP_134,CCCC,experimental,0,,,
EXP_135,C1=CC=C2C=CC=CC2=C1,experimental,0,,,
EXP_136,CO,experimental,1,,,
EXP_137,CCCCCO,experimental,0,,,
EXP_138,C1CCCC1,experimental,0,,,
EXP_139,CC(C)O,experimental,1,,,
EXP_140,CCCCCCCC,experimental,0,,,
EXP_141,CCO,experimental,0,,,
EXP_142,CC(=O)O,experimental,1,,,
EXP_143,C1CCCCC1,experimental,0,,,
EXP_144,CCCCCC,experimental,0,,,
EXP_145,CC(=O)C,experimental,1,,,
EXP_146,C(C(=O)O)N,experimental,0,,,
EXP_147,C1CC1,experimental,0,,,
EXP_148,CCCC,experimental,1,,,
EXP_149,C1=CC=C2C=CC=CC2=C1,experimental,0,,,
EXP_150,CO,experimental,0,,,
EXP_151,CCCCCO,experimental,1,,,
EXP_152,C1CCCC1,experimental,0,,,
EXP_153,CC(C)O,experimental,0,,,
EXP_154,CCCCCCCC,experimental,1,,,
EXP_155,CCO,experimental,0,,,
EXP_156,CC(=O)O,experimental,0,,,
EXP_157,C1CCCCC1,experimental,1,,,
EXP_158,CCCCCC,experimental,0,,,
EXP_159,CC(=O)C,experimental,0,,,
EXP_160,C(C(=O)O)N,experimental,1,,,
EXP_161,C1CC1,experimental,0,,,
EXP_162,CCCC,experimental,0,,,
EXP_163,C1=CC=C2C=CC=CC2=C1,experimental,1,,,
EXP_164,CO,experimental,0,,,
EXP_165,CCCCCO,experimental,0,,,
EXP_166,C1CCCC1,experimental,1,,,
EXP_167,CC(C)O,experimental,0,,,
EXP_168,CCCCCCCC,experimental,0,,,
EXP_169,CCO,experimental,1,,,
EXP_170,CC(=O)O,experimental,0,,,
EXP_171,C1CCCCC1,experimental,0,,,
EXP_172,CCCCCC,experimental,1,,,
EXP_173,CC(=O)C,experimental,0,,,
EXP_174,C(C(=O)O)N,experimental,0,,,
EXP_175,C1CC1,experimental,1,,,
EXP_176,CCCC,experimental,0,,,
EXP_177,C1=CC=C2C=CC=CC2=C1,experimental,0,,,
EXP_178,CO,experimental,1,,,
EXP_179,CCCCCO,experimental,0,,,
EXP_180,C1CCCC1,experimental,0,,,
EXP_181,CC(C)O,experimental,1,,,
EXP_182,CCCCCCCC,experimental,0,,,
EXP_183,CCO,experimental,0,,,
EXP_184,CC(=O)O,experimental,1,,,
EXP_185,C1CCCCC1,experimental,0,,,
EXP_186,CCCCCC,experimental,0,,,
EXP_187,CC(=O)C,experimental,1,,,
EXP_188,C(C(=O)O)N,experimental,0,,,
EXP_189,C1CC1,experimental,0,,,
EXP_190,CCCC,experimental,1,,,
EXP_191,C1=CC=C2C=CC=CC2=C1,experimental,0,,,
EXP_192,CO,experimental,0,,,
EXP_193,CCCCCO,experimental,1,,,
EXP_194,C1CCCC1,experimental,0,,,
EXP_195,CC(C)O,experimental,0,,,
EXP_196,CCCCCCCC,experimental,1,,,
EXP_197,CCO,experimental,0,,,
EXP_198,CC(=O)O,experimental,0,,,
EXP_199,C1CCCCC1,experimental,1,,,
EXP_200,CCCCCC,experimental,0,,,
EXP_201,CC(=O)C,experimental,0,,,
EXP_202,C(C(=O)O)N,experimental,1,,,
EXP_203,C1CC1,experimental,0,,,
EXP_204,CCCC,experimental,0,,,
EXP_205,C1=CC=C2C=CC=CC2=C1,experimental,1,,,
EXP_206,CO,experimental,0,,,
EXP_207,CCCCCO,experimental,0,,,
EXP_208,C1CCCC1,experimental,1,,,
EXP_209,CC(C)O,experimental,0,,,
EXP_210,CCCCCCCC,experimental,0,,,
EXP_211,CCO,experimental,1,,,
EXP_212,CC(=O)O,experimental,0,,,
EXP_213,C1CCCCC1,experimental,0,,,
EXP_214,CCCCCC,experimental,1,,,
EXP_215,CC(=O)C,experimental,0,,,
EXP_216,C(C(=O)O)N,experimental,0,,,
EXP_217,C1CC1,experimental,1,,,
EXP_218,CCCC,experimental,0,,,
EXP_219,C1=CC=C2C=CC=CC2=C1,experimental,0,,,
EXP_220,CO,experimental,1,,,
EXP_221,CCCCCO,experimental,0,,,
EXP_222,C1CCCC1,experimental,0,,,
EXP_223,CC(C)O,experimental,1,,,
EXP_224,CCCCCCCC,experimental,0,,,
EXP_225,CCO,experimental,0,,,
EXP_226,CC(=O)O,experimental,1,,,
EXP_227,C1CCCCC1,experimental,0,,,
EXP_228,CCCCCC,experimental,0,,,
EXP_229,CC(=O)C,experimental,1,,,
EXP_230,C(C(=O)O)N,experimental,0,,,
EXP_231,C1CC1,experimental,0,,,
EXP_232,CCCC,experimental,1,,,
EXP_233,C1=CC=C2C=CC=CC2=C1,experimental,0,,,
EXP_234,CO,experimental,0,,,
EXP_235,CCCCCO,experimental,1,,,
EXP_236,C1CCCC1,experimental,0,,,
EXP_237,CC(C)O,experimental,0,,,
EXP_238,CCCCCCCC,experimental,1,,,
EXP_239,CCO,experimental,0,,,
EXP_240,CC(=O)O,experimental,0,,,
EXP_241,C1CCCCC1,experimental,1,,,
EXP_242,CCCCCC,experimental,0,,,
EXP_243,CC(=O)C,experimental,0,,,
EXP_244,C(C(=O)O)N,experimental,1,,,
EXP_245,C1CC1,experimental,0,,,
EXP_246,CCCC,experimental,0,,,
EXP_247,C1=CC=C2C=CC=CC2=C1,experimental,1,,,
EXP_248,CO,experimental,0,,,
EXP_249,CCCCCO,experimental,0,,,
EXP_250,C1CCCC1,experimental,1,,,
EXP_251,CC(C)O,experimental,0,,,
EXP_252,CCCCCCCC,experimental,0,,,
EXP_253,CCO,experimental,1,,,
EXP_254,CC(=O)O,experimental,0,,,
EXP_255,C1CCCCC1,experimental,0,,,
EXP_256,CCCCCC,experimental,1,,,
EXP_257,CC(=O)C,experimental,0,,,
EXP_258,C(C(=O)O)N,experimental,0,,,
EXP_259,C1CC1,experimental,1,,,
EXP_260,CCCC,experimental,0,,,
EXP_261,C1=CC=C2C=CC=CC2=C1,experimental,0,,,
EXP_262,CO,experimental,1,,,
EXP_263,CCCCCO,experimental,0,,,
EXP_264,C1CCCC1,experimental,0,,,
EXP_265,CC(C)O,experimental,1,,,
EXP_266,CCCCCCCC,experimental,0,,,
EXP_267,CCO,experimental,0,,,
EXP_268,CC(=O)O,experimental,1,,,
EXP_269,C1CCCCC1,experimental,0,,,
EXP_270,CCCCCC,experimental,0,,,
EXP_271,CC(=O)C,experimental,1,,,
EXP_272,C(C(=O)O)N,experimental,0,,,
EXP_273,C1CC1,experimental,0,,,
EXP_274,CCCC,experimental,1,,,
EXP_275,C1=CC=C2C=CC=CC2=C1,experimental,0,,,
EXP_276,CO,experimental,0,,,
EXP_277,CCCCCO,experimental,1,,,
EXP_278,C1CCCC1,experimental,0,,,
EXP_279,CC(C)O,experimental,0,,,
EXP_280,CCCCCCCC,experimental,1,,,
EXP_281,CCO,experimental,0,,,
EXP_282,CC(=O)O,experimental,0,,,
EXP_283,C1CCCCC1,experimental,1,,,
EXP_284,CCCCCC,experimental,0,,,
EXP_285,CC(=O)C,experimental,0,,,
EXP_286,C(C(=O)O)N,experimental,1,,,
EXP_287,C1CC1,experimental,0,,,
EXP_288,CCCC,experimental,0,,,
EXP_289,C1=CC=C2C=CC=CC2=C1,experimental,1,,,
EXP_290,CO,experimental,0,,,
EXP_291,CCCCCO,experimental,0,,,
EXP_292,C1CCCC1,experimental,1,,,
EXP_293,CC(C)O,experimental,0,,,
EXP_294,CCCCCCCC,experimental,0,,,
EXP_295,CCO,experimental,1,,,
EXP_296,CC(=O)O,experimental,0,,,
EXP_297,C1CCCCC1,experimental,0,,,
EXP_298,CCCCCC,experimental,1,,,
EXP_299,CC(=O)C,experimental,0,,,
EXP_300,C(C(=O)O)N,experimental,0,,,
EXP_301,C1CC1,experimental,1,,,
EXP_302,CCCC,experimental,0,,,
EXP_303,C1=CC=C2C=CC=CC2=C1,experimental,0,,,
EXP_304,CO,experimental,1,,,
EXP_305,CCCCCO,experimental,0,,,
EXP_306,C1CCCC1,experimental,0,,,
EXP_307,CC(C)O,experimental,1,,,
EXP_308,CCCCCCCC,experimental,0,,,
EXP_309,CCO,experimental,0,,,
EXP_310,CC(=O)O,experimental,1,,,
EXP_311,C1CCCCC1,experimental,0,,,
EXP_312,CCCCCC,experimental,0,,,
EXP_313,CC(=O)C,experimental,1,,,
EXP_314,C(C(=O)O)N,experimental,0,,,
EXP_315,C1CC1,experimental,0,,,
EXP_316,CCCC,experimental,1,,,
EXP_317,C1=CC=C2C=CC=CC2=C1,experimental,0,,,
EXP_318,CO,experimental,0,,,
EXP_319,CCCCCO,experimental,1,,,
EXP_320,C1CCCC1,experimental,0,,,
EXP_321,CC(C)O,experimental,0,,,
EXP_322,CCCCCCCC,experimental,1,,,
EXP_323,CCO,experimental,0,,,
EXP_324,CC(=O)O,experimental,0,,,
EXP_325,C1CCCCC1,experimental,1,,,
EXP_326,CCCCCC,experimental,0,,,
EXP_327,CC(=O)C,experimental,0,,,
EXP_328,C(C(=O)O)N,experimental,1,,,
EXP_329,C1CC1,experimental,0,,,
EXP_330,CCCC,experimental,0,,,
EXP_331,C1=CC=C2C=CC=CC2=C1,experimental,1,,,
EXP_332,CO,experimental,0,,,
EXP_333,CCCCCO,experimental,0,,,
EXP_334,C1CCCC1,experimental,1,,,
EXP_335,CC(C)O,experimental,0,,,
EXP_336,CCCCCCCC,experimental,0,,,
EXP_337,CCO,experimental,1,,,
EXP_338,CC(=O)O,experimental,0,,,
EXP_339,C1CCCCC1,experimental,0,,,
EXP_340,CCCCCC,experimental,1,,,
EXP_341,CC(=O)C,experimental,0,,,
EXP_342,C(C(=O)O)N,experimental,0,,,
EXP_343,C1CC1,experimental,1,,,
EXP_344,CCCC,experimental,0,,,
EXP_345,C1=CC=C2C=CC=CC2=C1,experimental,0,,,
EXP_346,CO,experimental,1,,,
EXP_347,CCCCCO,experimental,0,,,
EXP_348,C1CCCC1,experimental,0,,,
EXP_349,CC(C)O,experimental,1,,,
EXP_350,CCCCCCCC,experimental,0,,,
EXP_351,CCO,experimental,0,,,
EXP_352,CC(=O)O,experimental,1,,,
EXP_353,C1CCCCC1,experimental,0,,,
EXP_354,CCCCCC,experimental,0,,,
EXP_355,CC(=O)C,experimental,1,,,
EXP_356,C(C(=O)O)N,experimental,0,,,
EXP_357,C1CC1,experimental,0,,,
EXP_358,CCCC,experimental,1,,,
EXP_359,C1=CC=C2C=CC=CC2=C1,experimental,0,,,
EXP_360,CO,experimental,0,,,
EXP_361,CCCCCO,experimental,1,,,
EXP_362,C1CCCC1,experimental,0,,,
EXP_363,CC(C)O,experimental,0,,,
EXP_364,CCCCCCCC,experimental,1,,,
EXP_365,CCO,experimental,0,,,
EXP_366,CC(=O)O,experimental,0,,,
EXP_367,C1CCCCC1,experimental,1,,,
EXP_368,CCCCCC,experimental,0,,,
EXP_369,CC(=O)C,experimental,0,,,
EXP_370,C(C(=O)O)N,experimental,1,,,
EXP_371,C1CC1,experimental,0,,,
EXP_372,CCCC,experimental,0,,,
EXP_373,C1=CC=C2C=CC=CC2=C1,experimental,1,,,
EXP_374,CO,experimental,0,,,
EXP_375,CCCCCO,experimental,0,,,
EXP_376,C1CCCC1,experimental,1,,,
EXP_377,CC(C)O,experimental,0,,,
EXP_378,CCCCCCCC,experimental,0,,,
EXP_379,CCO,experimental,1,,,
EXP_380,CC(=O)O,experimental,0,,,
EXP_381,C1CCCCC1,experimental,0,,,
EXP_382,CCCCCC,experimental,1,,,
EXP_383,CC(=O)C,experimental,0,,,
EXP_384,C(C(=O)O)N,experimental,0,,,
EXP_385,C1CC1,experimental,1,,,
EXP_386,CCCC,experimental,0,,,
EXP_387,C1=CC=C2C=CC=CC2=C1,experimental,0,,,
EXP_388,CO,experimental,1,,,
EXP_389,CCCCCO,experimental,0,,,
EXP_390,C1CCCC1,experimental,0,,,
EXP_391,CC(C)O,experimental,1,,,
EXP_392,CCCCCCCC,experimental,0,,,
EXP_393,CCO,experimental,0,,,
EXP_394,CC(=O)O,experimental,1,,,
EXP_395,C1CCCCC1,experimental,0,,,
EXP_396,CCCCCC,experimental,0,,,
EXP_397,CC(=O)C,experimental,1,,,
EXP_398,C(C(=O)O)N,experimental,0,,,
EXP_399,C1CC1,experimental,0,,,
EXP_400,CCCC,experimental,1,,,
EXP_401,C1=CC=C2C=CC=CC2=C1,experimental,0,,,
EXP_402,CO,experimental,0,,,
EXP_403,CCCCCO,experimental,1,,,
EXP_404,C1CCCC1,experimental,0,,,
EXP_405,CC(C)O,experimental,0,,,
EXP_406,CCCCCCCC,experimental,1,,,
EXP_407,CCO,experimental,0,,,
EXP_408,CC(=O)O,experimental,0,,,
EXP_409,C1CCCCC1,experimental,1,,,
EXP_410,CCCCCC,experimental,0,,,
EXP_411,CC(=O)C,experimental,0,,,
EXP_412,C(C(=O)O)N,experimental,1,,,
EXP_413,C1CC1,experimental,0,,,
EXP_414,CCCC,experimental,0,,,
EXP_415,C1=CC=C2C=CC=CC2=C1,experimental,1,,,
EXP_416,CO,experimental,0,,,
EXP_417,CCCCCO,experimental,0,,,
EXP_418,C1CCCC1,experimental,1,,,
EXP_419,CC(C)O,experimental,0,,,
EXP_420,CCCCCCCC,experimental,0,,,
EXP_421,CCO,experimental,1,,,
EXP_422,CC(=O)O,experimental,0,,,
EXP_423,C1CCCCC1,experimental,0,,,
EXP_424,CCCCCC,experimental,1,,,
EXP_425,CC(=O)C,experimental,0,,,
EXP_426,C(C(=O)O)N,experimental,0,,,
EXP_427,C1CC1,experimental,1,,,
EXP_428,CCCC,experimental,0,,,
EXP_429,C1=CC=C2C=CC=CC2=C1,experimental,0,,,
EXP_430,CO,experimental,1,,,
EXP_431,CCCCCO,experimental,0,,,
EXP_432,C1CCCC1,experimental,0,,,
EXP_433,CC(C)O,experimental,1,,,
EXP_434,CCCCCCCC,experimental,0,,,
EXP_435,CCO,experimental,0,,,
EXP_436,CC(=O)O,experimental,1,,,
EXP_437,C1CCCCC1,experimental,0,,,
EXP_438,CCCCCC,experimental,0,,,
EXP_439,CC(=O)C,experimental,1,,,
EXP_440,C(C(=O)O)N,experimental,0,,,
EXP_441,C1CC1,experimental,0,,,
EXP_442,CCCC,experimental,1,,,
EXP_443,C1=CC=C2C=CC=CC2=C1,experimental,0,,,
EXP_444,CO,experimental,0,,,
EXP_445,CCCCCO,experimental,1,,,
EXP_446,C1CCCC1,experimental,0,,,
EXP_447,CC(C)O,experimental,0,,,
EXP_448,CCCCCCCC,experimental,1,,,
EXP_449,CCO,experimental,0,,,
EXP_450,CC(=O)O,experimental,0,,,
EXP_451,C1CCCCC1,experimental,1,,,
EXP_452,CCCCCC,experimental,0,,,
EXP_453,CC(=O)C,experimental,0,,,
EXP_454,C(C(=O)O)N,experimental,1,,,
EXP_455,C1CC1,experimental,0,,,
EXP_456,CCCC,experimental,0,,,
EXP_457,C1=CC=C2C=CC=CC2=C1,experimental,1,,,
EXP_458,CO,experimental,0,,,
EXP_459,CCCCCO,experimental,0,,,
EXP_460,C1CCCC1,experimental,1,,,
EXP_461,CC(C)O,experimental,0,,,
EXP_462,CCCCCCCC,experimental,0,,,
EXP_463,CCO,experimental,1,,,
EXP_464,CC(=O)O,experimental,0,,,
EXP_465,C1CCCCC1,experimental,0,,,
EXP_466,CCCCCC,experimental,1,,,
EXP_467,CC(=O)C,experimental,0,,,
EXP_468,C(C(=O)O)N,experimental,0,,,
EXP_469,C1CC1,experimental,1,,,
EXP_470,CCCC,experimental,0,,,
EXP_471,C1=CC=C2C=CC=CC2=C1,experimental,0,,,
EXP_472,CO,experimental,1,,,
EXP_473,CCCCCO,experimental,0,,,
EXP_474,C1CCCC1,experimental,0,,,
EXP_475,CC(C)O,experimental,1,,,
EXP_476,CCCCCCCC,experimental,0,,,
EXP_477,CCO,experimental,0,,,
EXP_478,CC(=O)O,experimental,1,,,
EXP_479,C1CCCCC1,experimental,0,,,
EXP_480,CCCCCC,experimental,0,,,
EXP_481,CC(=O)C,experimental,1,,,
EXP_482,C(C(=O)O)N,experimental,0,,,
EXP_483,C1CC1,experimental,0,,,
EXP_484,CCCC,experimental,1,,,
EXP_485,C1=CC=C2C=CC=CC2=C1,experimental,0,,,
EXP_486,CO,experimental,0,,,
EXP_487,CCCCCO,experimental,1,,,
EXP_488,C1CCCC1,experimental,0,,,
EXP_489,CC(C)O,experimental,0,,,
EXP_490,CCCCCCCC,experimental,1,,,
EXP_491,CCO,experimental,0,,,
EXP_492,CC(=O)O,experimental,0,,,
EXP_493,C1CCCCC1,experimental,1,,,
EXP_494,CCCCCC,experimental,0,,,
EXP_495,CC(=O)C,experimental,0,,,
EXP_496,C(C(=O)O)N,experimental,1,,,
EXP_497,C1CC1,experimental,0,,,
EXP_498,CCCC,experimental,0,,,
EXP_499,C1=CC=C2C=CC=CC2=C1,experimental,1,,,
EXP_500,CO,experimental,0,,,
EXP_501,CCCCCO,experimental,0,,,
EXP_502,C1CCCC1,experimental,1,,,
EXP_503,CC(C)O,experimental,0,,,
EXP_504,CCCCCCCC,experimental,0,,,
EXP_505,CCO,experimental,1,,,
EXP_506,CC(=O)O,experimental,0,,,
EXP_507,C1CCCCC1,experimental,0,,,
EXP_508,CCCCCC,experimental,1,,,
EXP_509,CC(=O)C,experimental,0,,,
EXP_510,C(C(=O)O)N,experimental,0,,,
EXP_511,C1CC1,experimental,1,,,
EXP_512,CCCC,experimental,0,,,
EXP_513,C1=CC=C2C=CC=CC2=C1,experimental,0,,,
EXP_514,CO,experimental,1,,,
EXP_515,CCCCCO,experimental,0,,,
EXP_516,C1CCCC1,experimental,0,,,
EXP_517,CC(C)O,experimental,1,,,
EXP_518,CCCCCCCC,experimental,0,,,
EXP_519,CCO,experimental,0,,,
EXP_520,CC(=O)O,experimental,1,,,
EXP_521,C1CCCCC1,experimental,0,,,
EXP_522,CCCCCC,experimental,0,,,
EXP_523,CC(=O)C,experimental,1,,,
EXP_524,C(C(=O)O)N,experimental,0,,,
EXP_525,C1CC1,experimental,0,,,
EXP_526,CCCC,experimental,1,,,
EXP_527,C1=CC=C2C=CC=CC2=C1,experimental,0,,,
EXP_528,CO,experimental,0,,,
EXP_529,CCCCCO,experimental,1,,,
EXP_530,C1CCCC1,experimental,0,,,
EXP_531,CC(C)O,experimental,0,,,
EXP_532,CCCCCCCC,experimental,1,,,
EXP_533,CCO,experimental,0,,,
EXP_534,CC(=O)O,experimental,0,,,
EXP_535,C1CCCCC1,experimental,1,,,
EXP_536,CCCCCC,experimental,0,,,
EXP_537,CC(=O)C,experimental,0,,,
EXP_538,C(C(=O)O)N,experimental,1,,,
EXP_539,C1CC1,experimental,0,,,
EXP_540,CCCC,experimental,0,,,
EXP_541,C1=CC=C2C=CC=CC2=C1,experimental,1,,,
EXP_542,CO,experimental,0,,,
EXP_543,CCCCCO,experimental,0,,,
EXP_544,C1CCCC1,experimental,1,,,
EXP_545,CC(C)O,experimental,0,,,
EXP_546,CCCCCCCC,experimental,0,,,
EXP_547,CCO,experimental,1,,,
EXP_548,CC(=O)O,experimental,0,,,
EXP_549,C1CCCCC1,experimental,0,,,
EXP_550,CCCCCC,experimental,1,,,
EXP_551,CC(=O)C,experimental,0,,,
EXP_552,C(C(=O)O)N,experimental,0,,,
EXP_553,C1CC1,experimental,1,,,
EXP_554,CCCC,experimental,0,,,
EXP_555,C1=CC=C2C=CC=CC2=C1,experimental,0,,,
EXP_556,CO,experimental,1,,,
EXP_557,CCCCCO,experimental,0,,,
EXP_558,C1CCCC1,experimental,0,,,
EXP_559,CC(C)O,experimental,1,,,
EXP_560,CCCCCCCC,experimental,0,,,
EXP_561,CCO,experimental,0,,,
EXP_562,CC(=O)O,experimental,1,,,
EXP_563,C1CCCCC1,experimental,0,,,
EXP_564,CCCCCC,experimental,0,,,
EXP_565,CC(=O)C,experimental,1,,,
EXP_566,C(C(=O)O)N,experimental,0,,,
EXP_567,C1CC1,experimental,0,,,
EXP_568,CCCC,experimental,1,,,
EXP_569,C1=CC=C2C=CC=CC2=C1,experimental,0,,,
EXP_570,CO,experimental,0,,,
EXP_571,CCCCCO,experimental,1,,,
EXP_572,C1CCCC1,experimental,0,,,
EXP_573,CC(C)O,experimental,0,,,
EXP_574,CCCCCCCC,experimental,1,,,
EXP_575,CCO,experimental,0,,,
EXP_576,CC(=O)O,experimental,0,,,
EXP_577,C1CCCCC1,experimental,1,,,
EXP_578,CCCCCC,experimental,0,,,
EXP_579,CC(=O)C,experimental,0,,,
EXP_580,C(C(=O)O)N,experimental,1,,,
EXP_581,C1CC1,experimental,0,,,
EXP_582,CCCC,experimental,0,,,
EXP_583,C1=CC=C2C=CC=CC2=C1,experimental,1,,,
EXP_584,CO,experimental,0,,,
EXP_585,CCCCCO,experimental,0,,,
EXP_586,C1CCCC1,experimental,1,,,
EXP_587,CC(C)O,experimental,0,,,
EXP_588,CCCCCCCC,experimental,0,,,
EXP_589,CCO,experimental,1,,,
EXP_590,CC(=O)O,experimental,0,,,
EXP_591,C1CCCCC1,experimental,0,,,
EXP_592,CCCCCC,experimental,1,,,
EXP_593,CC(=O)C,experimental,0,,,
EXP_594,C(C(=O)O)N,experimental,0,,,
EXP_595,C1CC1,experimental,1,,,
EXP_596,CCCC,experimental,0,,,
EXP_597,C1=CC=C2C=CC=CC2=C1,experimental,0,,,
EXP_598,CO,experimental,1,,,
EXP_599,CCCCCO,experimental,0,,,
EXP_600,C1CCCC1,experimental,0,,,
EXP_601,CC(C)O,experimental,1,,,
EXP_602,CCCCCCCC,experimental,0,,,
EXP_603,CCO,experimental,0,,,
EXP_604,CC(=O)O,experimental,1,,,
EXP_605,C1CCCCC1,experimental,0,,,
EXP_606,CCCCCC,experimental,0,,,
EXP_607,CC(=O)C,experimental,1,,,
EXP_608,C(C(=O)O)N,experimental,0,,,
EXP_609,C1CC1,experimental,0,,,
EXP_610,CCCC,experimental,1,,,
EXP_611,C1=CC=C2C=CC=CC2=C1,experimental,0,,,
EXP_612,CO,experimental,0,,,
EXP_613,CCCCCO,experimental,1,,,
EXP_614,C1CCCC1,experimental,0,,,
EXP_615,CC(C)O,experimental,0,,,
EXP_616,CCCCCCCC,experimental,1,,,
EXP_617,CCO,experimental,0,,,
EXP_618,CC(=O)O,experimental,0,,,
EXP_619,C1CCCCC1,experimental,1,,,
EXP_620,CCCCCC,experimental,0,,,
EXP_621,CC(=O)C,experimental,0,,,
EXP_622,C(C(=O)O)N,experimental,1,,,
EXP_623,C1CC1,experimental,0,,,
EXP_624,CCCC,experimental,0,,,
EXP_625,C1=CC=C2C=CC=CC2=C1,experimental,1,,,
EXP_626,CO,experimental,0,,,
EXP_627,CCCCCO,experimental,0,,,
EXP_628,C1CCCC1,experimental,1,,,
EXP_629,CC(C)O,experimental,0,,,
EXP_630,CCCCCCCC,experimental,0,,,
EXP_631,CCO,experimental,1,,,
EXP_632,CC(=O)O,experimental,0,,,
EXP_633,C1CCCCC1,experimental,0,,,
EXP_634,CCCCCC,experimental,1,,,
EXP_635,CC(=O)C,experimental,0,,,
EXP_636,C(C(=O)O)N,experimental,0,,,
EXP_637,C1CC1,experimental,1,,,
EXP_638,CCCC,experimental,0,,,
EXP_639,C1=CC=C2C=CC=CC2=C1,experimental,0,,,
EXP_640,CO,experimental,1,,,
EXP_641,CCCCCO,experimental,0,,,
EXP_642,C1CCCC1,experimental,0,,,
EXP_643,CC(C)O,experimental,1,,,
EXP_644,CCCCCCCC,experimental,0,,,
EXP_645,CCO,experimental,0,,,
EXP_646,CC(=O)O,experimental,1,,,
EXP_647,C1CCCCC1,experimental,0,,,
EXP_648,CCCCCC,experimental,0,,,
EXP_649,CC(=O)C,experimental,1,,,
EXP_650,C(C(=O)O)N,experimental,0,,,
EXP_651,C1CC1,experimental,0,,,
EXP_652,CCCC,experimental,1,,,
EXP_653,C1=CC=C2C=CC=CC2=C1,experimental,0,,,
EXP_654,CO,experimental,0,,,
EXP_655,CCCCCO,experimental,1,,,
EXP_656,C1CCCC1,experimental,0,,,
EXP_657,CC(C)O,experimental,0,,,
EXP_658,CCCCCCCC,experimental,1,,,
EXP_659,CCO,experimental,0,,,
EXP_660,CC(=O)O,experimental,0,,,
EXP_661,C1CCCCC1,experimental,1,,,
EXP_662,CCCCCC,experimental,0,,,
EXP_663,CC(=O)C,experimental,0,,,
EXP_664,C(C(=O)O)N,experimental,1,,,
EXP_665,C1CC1,experimental,0,,,
EXP_666,CCCC,experimental,0,,,
EXP_667,C1=CC=C2C=CC=CC2=C1,experimental,1,,,
EXP_668,CO,experimental,0,,,
EXP_669,CCCCCO,experimental,0,,,
EXP_670,C1CCCC1,experimental,1,,,
EXP_671,CC(C)O,experimental,0,,,
EXP_672,CCCCCCCC,experimental,0,,,
EXP_673,CCO,experimental,1,,,
EXP_674,CC(=O)O,experimental,0,,,
EXP_675,C1CCCCC1,experimental,0,,,
EXP_676,CCCCCC,experimental,1,,,
EXP_677,CC(=O)C,experimental,0,,,
EXP_678,C(C(=O)O)N,experimental,0,,,
EXP_679,C1CC1,experimental,1,,,
EXP_680,CCCC,experimental,0,,,
EXP_681,C1=CC=C2C=CC=CC2=C1,experimental,0,,,
EXP_682,CO,experimental,1,,,
EXP_683,CCCCCO,experimental,0,,,
EXP_684,C1CCCC1,experimental,0,,,
EXP_685,CC(C)O,experimental,1,,,
EXP_686,CCCCCCCC,experimental,0,,,
EXP_687,CCO,experimental,0,,,
EXP_688,CC(=O)O,experimental,1,,,
EXP_689,C1CCCCC1,experimental,0,,,
EXP_690,CCCCCC,experimental,0,,,
EXP_691,CC(=O)C,experimental,1,,,
EXP_692,C(C(=O)O)N,experimental,0,,,
EXP_693,C1CC1,experimental,0,,,
EXP_694,CCCC,experimental,1,,,
EXP_695,C1=CC=C2C=CC=CC2=C1,experimental,0,,,
EXP_696,CO,experimental,0,,,
EXP_697,CCCCCO,experimental,1,,,
EXP_698,C1CCCC1,experimental,0,,,
EXP_699,CC(C)O,experimental,0,,,
EXP_700,CCCCCCCC,experimental,1,,,
EXP_701,CCO,experimental,0,,,
EXP_702,CC(=O)O,experimental,0,,,
EXP_703,C1CCCCC1,experimental,1,,,
EXP_704,CCCCCC,experimental,0,,,
EXP_705,CC(=O)C,experimental,0,,,
EXP_706,C(C(=O)O)N,experimental,1,,,
EXP_707,C1CC1,experimental,0,,,
EXP_708,CCCC,experimental,0,,,
EXP_709,C1=CC=C2C=CC=CC2=C1,experimental,1,,,
EXP_710,CO,experimental,0,,,
EXP_711,CCCCCO,experimental,0,,,
EXP_712,C1CCCC1,experimental,1,,,
EXP_713,CC(C)O,experimental,0,,,
EXP_714,CCCCCCCC,experimental,0,,,
EXP_715,CCO,experimental,1,,,
EXP_716,CC(=O)O,experimental,0,,,
EXP_717,C1CCCCC1,experimental,0,,,
EXP_718,CCCCCC,experimental,1,,,
EXP_719,CC(=O)C,experimental,0,,,
EXP_720,C(C(=O)O)N,experimental,0,,,
EXP_721,C1CC1,experimental,1,,,
EXP_722,CCCC,experimental,0,,,
EXP_723,C1=CC=C2C=CC=CC2=C1,experimental,0,,,
EXP_724,CO,experimental,1,,,
EXP_725,CCCCCO,experimental,0,,,
EXP_726,C1CCCC1,experimental,0,,,
EXP_727,CC(C)O,experimental,1,,,
EXP_728,CCCCCCCC,experimental,0,,,
EXP_729,CCO,experimental,0,,,
EXP_730,CC(=O)O,experimental,1,,,
EXP_731,C1CCCCC1,experimental,0,,,
EXP_732,CCCCCC,experimental,0,,,
EXP_733,CC(=O)C,experimental,1,,,
EXP_734,C(C(=O)O)N,experimental,0,,,
EXP_735,C1CC1,experimental,0,,,
EXP_736,CCCC,experimental,1,,,
EXP_737,C1=CC=C2C=CC=CC2=C1,experimental,0,,,
EXP_738,CO,experimental,0,,,
EXP_739,CCCCCO,experimental,1,,,
EXP_740,C1CCCC1,experimental,0,,,
EXP_741,CC(C)O,experimental,0,,,
EXP_742,CCCCCCCC,experimental,1,,,
EXP_743,CCO,experimental,0,,,
EXP_744,CC(=O)O,experimental,0,,,
EXP_745,C1CCCCC1,experimental,1,,,
EXP_746,CCCCCC,experimental,0,,,
EXP_747,CC(=O)C,experimental,0,,,
EXP_748,C(C(=O)O)N,experimental,1,,,
EXP_749,C1CC1,experimental,0,,,
EXP_750,CCCC,experimental,0,,,
EXP_751,C1=CC=C2C=CC=CC2=C1,experimental,1,,,
EXP_752,CO,experimental,0,,,
EXP_753,CCCCCO,experimental,0,,,
EXP_754,C1CCCC1,experimental,1,,,
EXP_755,CC(C)O,experimental,0,,,
EXP_756,CCCCCCCC,experimental,0,,,
EXP_757,CCO,experimental,1,,,
EXP_758,CC(=O)O,experimental,0,,,
EXP_759,C1CCCCC1,experimental,0,,,
EXP_760,CCCCCC,experimental,1,,,
EXP_761,CC(=O)C,experimental,0,,,
EXP_762,C(C(=O)O)N,experimental,0,,,
EXP_763,C1CC1,experimental,1,,,
EXP_764,CCCC,experimental,0,,,
EXP_765,C1=CC=C2C=CC=CC2=C1,experimental,0,,,
EXP_766,CO,experimental,1,,,
EXP_767,CCCCCO,experimental,0,,,
EXP_768,C1CCCC1,experimental,0,,,
EXP_769,CC(C)O,experimental,1,,,
EXP_770,CCCCCCCC,experimental,0,,,
EXP_771,CCO,experimental,0,,,
EXP_772,CC(=O)O,experimental,1,,,
EXP_773,C1CCCCC1,experimental,0,,,
EXP_774,CCCCCC,experimental,0,,,
EXP_775,CC(=O)C,experimental,1,,,
EXP_776,C(C(=O)O)N,experimental,0,,,
EXP_777,C1CC1,experimental,0,,,
EXP_778,CCCC,experimental,1,,,
EXP_779,C1=CC=C2C=CC=CC2=C1,experimental,0,,,
EXP_780,CO,experimental,0,,,
EXP_781,CCCCCO,experimental,1,,,
EXP_782,C1CCCC1,experimental,0,,,
EXP_783,CC(C)O,experimental,0,,,
EXP_784,CCCCCCCC,experimental,1,,,
EXP_785,CCO,experimental,0,,,
EXP_786,CC(=O)O,experimental,0,,,
EXP_787,C1CCCCC1,experimental,1,,,
EXP_788,CCCCCC,experimental,0,,,
EXP_789,CC(=O)C,experimental,0,,,
EXP_790,C(C(=O)O)N,experimental,1,,,
EXP_791,C1CC1,experimental,0,,,
EXP_792,CCCC,experimental,0,,,
EXP_793,C1=CC=C2C=CC=CC2=C1,experimental,1,,,
EXP_794,CO,experimental,0,,,
EXP_795,CCCCCO,experimental,0,,,
EXP_796,C1CCCC1,experimental,1,,,
EXP_797,CC(C)O,experimental,0,,,
EXP_798,CCCCCCCC,experimental,0,,,
EXP_799,CCO,experimental,1,,,
EXP_800,CC(=O)O,experimental,0,,,
EXP_801,C1CCCCC1,experimental,0,,,
EXP_802,CCCCCC,experimental,1,,,
EXP_803,CC(=O)C,experimental,0,,,
EXP_804,C(C(=O)O)N,experimental,0,,,
EXP_805,C1CC1,experimental,1,,,
EXP_806,CCCC,experimental,0,,,
EXP_807,C1=CC=C2C=CC=CC2=C1,experimental,0,,,
EXP_808,CO,experimental,1,,,
EXP_809,CCCCCO,experimental,0,,,
EXP_810,C1CCCC1,experimental,0,,,
EXP_811,CC(C)O,experimental,1,,,
EXP_812,CCCCCCCC,experimental,0,,,
EXP_813,CCO,experimental,0,,,
EXP_814,CC(=O)O,experimental,1,,,
EXP_815,C1CCCCC1,experimental,0,,,
EXP_816,CCCCCC,experimental,0,,,
EXP_817,CC(=O)C,experimental,1,,,
EXP_818,C(C(=O)O)N,experimental,0,,,
EXP_819,C1CC1,experimental,0,,,
EXP_820,CCCC,experimental,1,,,
EXP_821,C1=CC=C2C=CC=CC2=C1,experimental,0,,,
EXP_822,CO,experimental,0,,,
EXP_823,CCCCCO,experimental,1,,,
EXP_824,C1CCCC1,experimental,0,,,
EXP_825,CC(C)O,experimental,0,,,
EXP_826,CCCCCCCC,experimental,1,,,
EXP_827,CCO,experimental,0,,,
EXP_828,CC(=O)O,experimental,0,,,
EXP_829,C1CCCCC1,experimental,1,,,
EXP_830,CCCCCC,experimental,0,,,
EXP_831,CC(=O)C,experimental,0,,,
EXP_832,C(C(=O)O)N,experimental,1,,,
EXP_833,C1CC1,experimental,0,,,
EXP_834,CCCC,experimental,0,,,
EXP_835,C1=CC=C2C=CC=CC2=C1,experimental,1,,,
EXP_836,CO,experimental,0,,,
EXP_837,CCCCCO,experimental,0,,,
EXP_838,C1CCCC1,experimental,1,,,
EXP_839,CC(C)O,experimental,0,,,
EXP_840,CCCCCCCC,experimental,0,,,
EXP_841,CCO,experimental,1,,,
EXP_842,CC(=O)O,experimental,0,,,
EXP_843,C1CCCCC1,experimental,0,,,
EXP_844,CCCCCC,experimental,1,,,
EXP_845,CC(=O)C,experimental,0,,,
EXP_846,C(C(=O)O)N,experimental,0,,,
EXP_847,C1CC1,experimental,1,,,
EXP_848,CCCC,experimental,0,,,
EXP_849,C1=CC=C2C=CC=CC2=C1,experimental,0,,,
EXP_850,CO,experimental,1,,,
EXP_851,CCCCCO,experimental,0,,,
EXP_852,C1CCCC1,experimental,0,,,
EXP_853,CC(C)O,experimental,1,,,
EXP_854,CCCCCCCC,experimental,0,,,
EXP_855,CCO,experimental,0,,,
EXP_856,CC(=O)O,experimental,1,,,
EXP_857,C1CCCCC1,experimental,0,,,
EXP_858,CCCCCC,experimental,0,,,
EXP_859,CC(=O)C,experimental,1,,,
EXP_860,C(C(=O)O)N,experimental,0,,,
EXP_861,C1CC1,experimental,0,,,
EXP_862,CCCC,experimental,1,,,
EXP_863,C1=CC=C2C=CC=CC2=C1,experimental,0,,,
EXP_864,CO,experimental,0,,,
EXP_865,CCCCCO,experimental,1,,,
EXP_866,C1CCCC1,experimental,0,,,
EXP_867,CC(C)O,experimental,0,,,
EXP_868,CCCCCCCC,experimental,1,,,
EXP_869,CCO,experimental,0,,,
EXP_870,CC(=O)O,experimental,0,,,
EXP_871,C1CCCCC1,experimental,1,,,
EXP_872,CCCCCC,experimental,0,,,
EXP_873,CC(=O)C,experimental,0,,,
EXP_874,C(C(=O)O)N,experimental,1,,,
EXP_875,C1CC1,experimental,0,,,
EXP_876,CCCC,experimental,0,,,
EXP_877,C1=CC=C2C=CC=CC2=C1,experimental,1,,,
EXP_878,CO,experimental,0,,,
EXP_879,CCCCCO,experimental,0,,,
EXP_880,C1CCCC1,experimental,1,,,
EXP_881,CC(C)O,experimental,0,,,
EXP_882,CCCCCCCC,experimental,0,,,
EXP_883,CCO,experimental,1,,,
EXP_884,CC(=O)O,experimental,0,,,
EXP_885,C1CCCCC1,experimental,0,,,
EXP_886,CCCCCC,experimental,1,,,
EXP_887,CC(=O)C,experimental,0,,,
EXP_888,C(C(=O)O)N,experimental,0,,,
EXP_889,C1CC1,experimental,1,,,
EXP_890,CCCC,experimental,0,,,
EXP_891,C1=CC=C2C=CC=CC2=C1,experimental,0,,,
EXP_892,CO,experimental,1,,,
EXP_893,CCCCCO,experimental,0,,,
EXP_894,C1CCCC1,experimental,0,,,
EXP_895,CC(C)O,experimental,1,,,
EXP_896,CCCCCCCC,experimental,0,,,
EXP_897,CCO,experimental,0,,,
EXP_898,CC(=O)O,experimental,1,,,
EXP_899,C1CCCCC1,experimental,0,,,
EXP_900,CCCCCC,experimental,0,,,
EXP_901,CC(=O)C,experimental,1,,,
EXP_902,C(C(=O)O)N,experimental,0,,,
EXP_903,C1CC1,experimental,0,,,
EXP_904,CCCC,experimental,1,,,
EXP_905,C1=CC=C2C=CC=CC2=C1,experimental,0,,,
EXP_906,CO,experimental,0,,,
EXP_907,CCCCCO,experimental,1,,,
EXP_908,C1CCCC1,experimental,0,,,
EXP_909,CC(C)O,experimental,0,,,
EXP_910,CCCCCCCC,experimental,1,,,
EXP_911,CCO,experimental,0,,,
EXP_912,CC(=O)O,experimental,0,,,
EXP_913,C1CCCCC1,experimental,1,,,
EXP_914,CCCCCC,experimental,0,,,
EXP_915,CC(=O)C,experimental,0,,,
EXP_916,C(C(=O)O)N,experimental,1,,,
EXP_917,C1CC1,experimental,0,,,
EXP_918,CCCC,experimental,0,,,
EXP_919,C1=CC=C2C=CC=CC2=C1,experimental,1,,,
EXP_920,CO,experimental,0,,,
EXP_921,CCCCCO,experimental,0,,,
EXP_922,C1CCCC1,experimental,1,,,
EXP_923,CC(C)O,experimental,0,,,
EXP_924,CCCCCCCC,experimental,0,,,
EXP_925,CCO,experimental,1,,,
EXP_926,CC(=O)O,experimental,0,,,
EXP_927,C1CCCCC1,experimental,0,,,
EXP_928,CCCCCC,experimental,1,,,
EXP_929,CC(=O)C,experimental,0,,,
EXP_930,C(C(=O)O)N,experimental,0,,,
EXP_931,C1CC1,experimental,1,,,
EXP_932,CCCC,experimental,0,,,
EXP_933,C1=CC=C2C=CC=CC2=C1,experimental,0,,,
EXP_934,CO,experimental,1,,,
EXP_935,CCCCCO,experimental,0,,,
EXP_936,C1CCCC1,experimental,0,,,
EXP_937,CC(C)O,experimental,1,,,
EXP_938,CCCCCCCC,experimental,0,,,
EXP_939,CCO,experimental,0,,,
EXP_940,CC(=O)O,experimental,1,,,
EXP_941,C1CCCCC1,experimental,0,,,
EXP_942,CCCCCC,experimental,0,,,
EXP_943,CC(=O)C,experimental,1,,,
EXP_944,C(C(=O)O)N,experimental,0,,,
EXP_945,C1CC1,experimental,0,,,
EXP_946,CCCC,experimental,1,,,
EXP_947,C1=CC=C2C=CC=CC2=C1,experimental,0,,,
EXP_948,CO,experimental,0,,,
EXP_949,CCCCCO,experimental,1,,,
EXP_950,C1CCCC1,experimental,0,,,
EXP_951,CC(C)O,experimental,0,,,
EXP_952,CCCCCCCC,experimental,1,,,
EXP_953,CCO,experimental,0,,,
EXP_954,CC(=O)O,experimental,0,,,
EXP_955,C1CCCCC1,experimental,1,,,
EXP_956,CCCCCC,experimental,0,,,
EXP_957,CC(=O)C,experimental,0,,,
EXP_958,C(C(=O)O)N,experimental,1,,,
EXP_959,C1CC1,experimental,0,,,
EXP_960,CCCC,experimental,0,,,
EXP_961,C1=CC=C2C=CC=CC2=C1,experimental,1,,,
EXP_962,CO,experimental,0,,,
EXP_963,CCCCCO,experimental,0,,,
EXP_964,C1CCCC1,experimental,1,,,
EXP_965,CC(C)O,experimental,0,,,
EXP_966,CCCCCCCC,experimental,0,,,
EXP_967,CCO,experimental,1,,,
EXP_968,CC(=O)O,experimental,0,,,
EXP_969,C1CCCCC1,experimental,0,,,
EXP_970,CCCCCC,experimental,1,,,
EXP_971,CC(=O)C,experimental,0,,,
EXP_972,C(C(=O)O)N,experimental,0,,,
EXP_973,C1CC1,experimental,1,,,
EXP_974,CCCC,experimental,0,,,
EXP_975,C1=CC=C2C=CC=CC2=C1,experimental,0,,,
EXP_976,CO,experimental,1,,,
EXP_977,CCCCCO,experimental,0,,,
EXP_978,C1CCCC1,experimental,0,,,
EXP_979,CC(C)O,experimental,1,,,
EXP_980,CCCCCCCC,experimental,0,,,
EXP_981,CCO,experimental,0,,,
EXP_982,CC(=O)O,experimental,1,,,
EXP_983,C1CCCCC1,experimental,0,,,
EXP_984,CCCCCC,experimental,0,,,
EXP_985,CC(=O)C,experimental,1,,,
EXP_986,C(C(=O)O)N,experimental,0,,,
EXP_987,C1CC1,experimental,0,,,
EXP_988,CCCC,experimental,1,,,
EXP_989,C1=CC=C2C=CC=CC2=C1,experimental,0,,,
EXP_990,CO,experimental,0,,,
EXP_991,CCCCCO,experimental,1,,,
EXP_992,C1CCCC1,experimental,0,,,
EXP_993,CC(C)O,experimental,0,,,
EXP_994,CCCCCCCC,experimental,1,,,
EXP_995,CCO,experimental,0,,,
EXP_996,CC(=O)O,experimental,0,,,
EXP_997,C1CCCCC1,experimental,1,,,
EXP_998,CCCCCC,experimental,0,,,
EXP_999,CC(=O)C,experimental,0,,,
EXP_1000,C(C(=O)O)N,experimental,1,,,
EXP_1001,C1CC1,experimental,0,,,
EXP_1002,CCCC,experimental,0,,,
EXP_1003,C1=CC=C2C=CC=CC2=C1,experimental,1,,,
EXP_1004,CO,experimental,0,,,
EXP_1005,CCCCCO,experimental,0,,,
EXP_1006,C1CCCC1,experimental,1,,,
EXP_1007,CC(C)O,experimental,0,,,
EXP_1008,CCCCCCCC,experimental,0,,,
EXP_1009,CCO,experimental,1,,,
EXP_1010,CC(=O)O,experimental,0,,,
EXP_1011,C1CCCCC1,experimental,0,,,
EXP_1012,CCCCCC,experimental,1,,,
EXP_1013,CC(=O)C,experimental,0,,,
EXP_1014,C(C(=O)O)N,experimental,0,,,
EXP_1015,C1CC1,experimental,1,,,
EXP_1016,CCCC,experimental,0,,,
EXP_1017,C1=CC=C2C=CC=CC2=C1,experimental,0,,,
EXP_1018,CO,experimental,1,,,
EXP_1019,CCCCCO,experimental,0,,,
EXP_1020,C1CCCC1,experimental,0,,,
EXP_1021,CC(C)O,experimental,1,,,
EXP_1022,CCCCCCCC,experimental,0,,,
EXP_1023,CCO,experimental,0,,,
EXP_1024,CC(=O)O,experimental,1,,,
EXP_1025,C1CCCCC1,experimental,0,,,
EXP_1026,CCCCCC,experimental,0,,,
EXP_1027,CC(=O)C,experimental,1,,,
EXP_1028,C(C(=O)O)N,experimental,0,,,
EXP_1029,C1CC1,experimental,0,,,
EXP_1030,CCCC,experimental,1,,,
EXP_1031,C1=CC=C2C=CC=CC2=C1,experimental,0,,,
EXP_1032,CO,experimental,0,,,
EXP_1033,CCCCCO,experimental,1,,,
EXP_1034,C1CCCC1,experimental,0,,,
EXP_1035,CC(C)O,experimental,0,,,
EXP_1036,CCCCCCCC,experimental,1,,,
EXP_1037,CCO,experimental,0,,,
EXP_1038,CC(=O)O,experimental,0,,,
EXP_1039,C1CCCCC1,experimental,1,,,
EXP_1040,CCCCCC,experimental,0,,,
EXP_1041,CC(=O)C,experimental,0,,,
EXP_1042,C(C(=O)O)N,experimental,1,,,
EXP_1043,C1CC1,experimental,0,,,
EXP_1044,CCCC,experimental,0,,,
EXP_1045,C1=CC=C2C=CC=CC2=C1,experimental,1,,,
EXP_1046,CO,experimental,0,,,
EXP_1047,CCCCCO,experimental,0,,,
EXP_1048,C1CCCC1,experimental,1,,,
EXP_1049,CC(C)O,experimental,0,,,
EXP_1050,CCCCCCCC,experimental,0,,,
EXP_1051,CCO,experimental,1,,,
EXP_1052,CC(=O)O,experimental,0,,,
EXP_1053,C1CCCCC1,experimental,0,,,
EXP_1054,CCCCCC,experimental,1,,,
EXP_1055,CC(=O)C,experimental,0,,,
EXP_1056,C(C(=O)O)N,experimental,0,,,
EXP_1057,C1CC1,experimental,1,,,
EXP_1058,CCCC,experimental,0,,,
EXP_1059,C1=CC=C2C=CC=CC2=C1,experimental,0,,,
EXP_1060,CO,experimental,1,,,
EXP_1061,CCCCCO,experimental,0,,,
EXP_1062,C1CCCC1,experimental,0,,,
EXP_1063,CC(C)O,experimental,1,,,
EXP_1064,CCCCCCCC,experimental,0,,,
EXP_1065,CCO,experimental,0,,,
EXP_1066,CC(=O)O,experimental,1,,,
EXP_1067,C1CCCCC1,experimental,0,,,
EXP_1068,CCCCCC,experimental,0,,,
EXP_1069,CC(=O)C,experimental,1,,,
EXP_1070,C(C(=O)O)N,experimental,0,,,
EXP_1071,C1CC1,experimental,0,,,
EXP_1072,CCCC,experimental,1,,,
EXP_1073,C1=CC=C2C=CC=CC2=C1,experimental,0,,,
EXP_1074,CO,experimental,0,,,
EXP_1075,CCCCCO,experimental,1,,,
EXP_1076,C1CCCC1,experimental,0,,,
EXP_1077,CC(C)O,experimental,0,,,
EXP_1078,CCCCCCCC,experimental,1,,,
EXP_1079,CCO,experimental,0,,,
EXP_1080,CC(=O)O,experimental,0,,,
EXP_1081,C1CCCCC1,experimental,1,,,
EXP_1082,CCCCCC,experimental,0,,,
EXP_1083,CC(=O)C,experimental,0,,,
EXP_1084,C(C(=O)O)N,experimental,1,,,
EXP_1085,C1CC1,experimental,0,,,
EXP_1086,CCCC,experimental,0,,,
EXP_1087,C1=CC=C2C=CC=CC2=C1,experimental,1,,,
EXP_1088,CO,experimental,0,,,
EXP_1089,CCCCCO,experimental,0,,,
EXP_1090,C1CCCC1,experimental,1,,,
EXP_1091,CC(C)O,experimental,0,,,
EXP_1092,CCCCCCCC,experimental,0,,,
EXP_1093,CCO,experimental,1,,,
EXP_1094,CC(=O)O,experimental,0,,,
EXP_1095,C1CCCCC1,experimental,0,,,
EXP_1096,CCCCCC,experimental,1,,,
EXP_1097,CC(=O)C,experimental,0,,,
EXP_1098,C(C(=O)O)N,experimental,0,,,
EXP_1099,C1CC1,experimental,1,,,
EXP_1100,CCCC,experimental,0,,,
EXP_1101,C1=CC=C2C=CC=CC2=C1,experimental,0,,,
EXP_1102,CO,experimental,1,,,
EXP_1103,CCCCCO,experimental,0,,,
EXP_1104,C1CCCC1,experimental,0,,,
EXP_1105,CC(C)O,experimental,1,,,
EXP_1106,CCCCCCCC,experimental,0,,,
EXP_1107,CCO,experimental,0,,,
EXP_1108,CC(=O)O,experimental,1,,,
EXP_1109,C1CCCCC1,experimental,0,,,
EXP_1110,CCCCCC,experimental,0,,,
EXP_1111,CC(=O)C,experimental,1,,,
EXP_1112,C(C(=O)O)N,experimental,0,,,
EXP_1113,C1CC1,experimental,0,,,
EXP_1114,CCCC,experimental,1,,,
EXP_1115,C1=CC=C2C=CC=CC2=C1,experimental,0,,,
EXP_1116,CO,experimental,0,,,
EXP_1117,CCCCCO,experimental,1,,,
EXP_1118,C1CCCC1,experimental,0,,,
EXP_1119,CC(C)O,experimental,0,,,
EXP_1120,CCCCCCCC,experimental,1,,,
EXP_1121,CCO,experimental,0,,,
EXP_1122,CC(=O)O,experimental,0,,,
EXP_1123,C1CCCCC1,experimental,1,,,
EXP_1124,CCCCCC,experimental,0,,,
EXP_1125,CC(=O)C,experimental,0,,,
EXP_1126,C(C(=O)O)N,experimental,1,,,
EXP_1127,C1CC1,experimental,0,,,
EXP_1128,CCCC,experimental,0,,,
EXP_1129,C1=CC=C2C=CC=CC2=C1,experimental,1,,,
EXP_1130,CO,experimental,0,,,
EXP_1131,CCCCCO,experimental,0,,,
EXP_1132,C1CCCC1,experimental,1,,,
EXP_1133,CC(C)O,experimental,0,,,
EXP_1134,CCCCCCCC,experimental,0,,,
EXP_1135,CCO,experimental,1,,,
EXP_1136,CC(=O)O,experimental,0,,,
EXP_1137,C1CCCCC1,experimental,0,,,
EXP_1138,CCCCCC,experimental,1,,,
EXP_1139,CC(=O)C,experimental,0,,,
EXP_1140,C(C(=O)O)N,experimental,0,,,
EXP_1141,C1CC1,experimental,1,,,
EXP_1142,CCCC,experimental,0,,,
EXP_1143,C1=CC=C2C=CC=CC2=C1,experimental,0,,,
EXP_1144,CO,experimental,1,,,
EXP_1145,CCCCCO,experimental,0,,,
EXP_1146,C1CCCC1,experimental,0,,,
EXP_1147,CC(C)O,experimental,1,,,
EXP_1148,CCCCCCCC,experimental,0,,,
EXP_1149,CCO,experimental,0,,,
EXP_1150,CC(=O)O,experimental,1,,,
EXP_1151,C1CCCCC1,experimental,0,,,
EXP_1152,CCCCCC,experimental,0,,,
EXP_1153,CC(=O)C,experimental,1,,,
EXP_1154,C(C(=O)O)N,experimental,0,,,
EXP_1155,C1CC1,experimental,0,,,
EXP_1156,CCCC,experimental,1,,,
EXP_1157,C1=CC=C2C=CC=CC2=C1,experimental,0,,,
EXP_1158,CO,experimental,0,,,
EXP_1159,CCCCCO,experimental,1,,,
EXP_1160,C1CCCC1,experimental,0,,,
EXP_1161,CC(C)O,experimental,0,,,
EXP_1162,CCCCCCCC,experimental,1,,,
EXP_1163,CCO,experimental,0,,,
EXP_1164,CC(=O)O,experimental,0,,,
EXP_1165,C1CCCCC1,experimental,1,,,
EXP_1166,CCCCCC,experimental,0,,,
EXP_1167,CC(=O)C,experimental,0,,,
EXP_1168,C(C(=O)O)N,experimental,1,,,
EXP_1169,C1CC1,experimental,0,,,
EXP_1170,CCCC,experimental,0,,,
EXP_1171,C1=CC=C2C=CC=CC2=C1,experimental,1,,,
EXP_1172,CO,experimental,0,,,
EXP_1173,CCCCCO,experimental,0,,,
EXP_1174,C1CCCC1,experimental,1,,,
EXP_1175,CC(C)O,experimental,0,,,
EXP_1176,CCCCCCCC,experimental,0,,,
EXP_1177,CCO,experimental,1,,,
EXP_1178,CC(=O)O,experimental,0,,,
EXP_1179,C1CCCCC1,experimental,0,,,
EXP_1180,CCCCCC,experimental,1,,,
EXP_1181,CC(=O)C,experimental,0,,,
EXP_1182,C(C(=O)O)N,experimental,0,,,
EXP_1183,C1CC1,experimental,1,,,
EXP_1184,CCCC,experimental,0,,,
EXP_1185,C1=CC=C2C=CC=CC2=C1,experimental,0,,,
EXP_1186,CO,experimental,1,,,
EXP_1187,CCCCCO,experimental,0,,,
EXP_1188,C1CCCC1,experimental,0,,,
EXP_1189,CC(C)O,experimental,1,,,
EXP_1190,CCCCCCCC,experimental,0,,,
EXP_1191,CCO,experimental,0,,,
EXP_1192,CC(=O)O,experimental,1,,,
EXP_1193,C1CCCCC1,experimental,0,,,
EXP_1194,CCCCCC,experimental,0,,,
EXP_1195,CC(=O)C,experimental,1,,,
EXP_1196,C(C(=O)O)N,experimental,0,,,
EXP_1197,C1CC1,experimental,0,,,
EXP_1198,CCCC,experimental,1,,,
EXP_1199,C1=CC=C2C=CC=CC2=C1,experimental,0,,,
EXP_1200,CO,experimental,0,,,
EXP_1201,CCCCCO,experimental,1,,,
EXP_1202,C1CCCC1,experimental,0,,,
EXP_1203,CC(C)O,experimental,0,,,
EXP_1204,CCCCCCCC,experimental,1,,,
EXP_1205,CCO,experimental,0,,,
EXP_1206,CC(=O)O,experimental,0,,,
EXP_1207,C1CCCCC1,experimental,1,,,
EXP_1208,CCCCCC,experimental,0,,,
EXP_1209,CC(=O)C,experimental,0,,,
EXP_1210,C(C(=O)O)N,experimental,1,,,
EXP_1211,C1CC1,experimental,0,,,
EXP_1212,CCCC,experimental,0,,,
EXP_1213,C1=CC=C2C=CC=CC2=C1,experimental,1,,,
EXP_1214,CO,experimental,0,,,
EXP_1215,CCCCCO,experimental,0,,,
EXP_1216,C1CCCC1,experimental,1,,,
EXP_1217,CC(C)O,experimental,0,,,
EXP_1218,CCCCCCCC,experimental,0,,,
EXP_1219,CCO,experimental,1,,,
EXP_1220,CC(=O)O,experimental,0,,,
EXP_1221,C1CCCCC1,experimental,0,,,
EXP_1222,CCCCCC,experimental,1,,,
EXP_1223,CC(=O)C,experimental,0,,,
EXP_1224,C(C(=O)O)N,experimental,0,,,
EXP_1225,C1CC1,experimental,1,,,
EXP_1226,CCCC,experimental,0,,,
EXP_1227,C1=CC=C2C=CC=CC2=C1,experimental,0,,,
EXP_1228,CO,experimental,1,,,
EXP_1229,CCCCCO,experimental,0,,,
EXP_1230,C1CCCC1,experimental,0,,,
EXP_1231,CC(C)O,experimental,1,,,
EXP_1232,CCCCCCCC,experimental,0,,,
EXP_1233,CCO,experimental,0,,,
EXP_1234,CC(=O)O,experimental,1,,,
EXP_1235,C1CCCCC1,experimental,0,,,
EXP_1236,CCCCCC,experimental,0,,,
EXP_1237,CC(=O)C,experimental,1,,,
EXP_1238,C(C(=O)O)N,experimental,0,,,
EXP_1239,C1CC1,experimental,0,,,
EXP_1240,CCCC,experimental,1,,,
EXP_1241,C1=CC=C2C=CC=CC2=C1,experimental,0,,,
EXP_1242,CO,experimental,0,,,
EXP_1243,CCCCCO,experimental,1,,,
EXP_1244,C1CCCC1,experimental,0,,,
EXP_1245,CC(C)O,experimental,0,,,
EXP_1246,CCCCCCCC,experimental,1,,,
EXP_1247,CCO,experimental,0,,,
EXP_1248,CC(=O)O,experimental,0,,,
EXP_1249,C1CCCCC1,experimental,1,,,
EXP_1250,CCCCCC,experimental,0,,,
EXP_1251,CC(=O)C,experimental,0,,,
EXP_1252,C(C(=O)O)N,experimental,1,,,
EXP_1253,C1CC1,experimental,0,,,
EXP_1254,CCCC,experimental,0,,,
EXP_1255,C1=CC=C2C=CC=CC2=C1,experimental,1,,,
EXP_1256,CO,experimental,0,,,
EXP_1257,CCCCCO,experimental,0,,,
EXP_1258,C1CCCC1,experimental,1,,,
EXP_1259,CC(C)O,experimental,0,,,
EXP_1260,CCCCCCCC,experimental,0,,,
EXP_1261,CCO,experimental,1,,,
EXP_1262,CC(=O)O,experimental,0,,,
EXP_1263,C1CCCCC1,experimental,0,,,
EXP_1264,CCCCCC,experimental,1,,,
EXP_1265,CC(=O)C,experimental,0,,,
EXP_1266,C(C(=O)O)N,experimental,0,,,
EXP_1267,C1CC1,experimental,1,,,
EXP_1268,CCCC,experimental,0,,,
EXP_1269,C1=CC=C2C=CC=CC2=C1,experimental,0,,,
EXP_1270,CO,experimental,1,,,
EXP_1271,CCCCCO,experimental,0,,,
EXP_1272,C1CCCC1,experimental,0,,,
EXP_1273,CC(C)O,experimental,1,,,
EXP_1274,CCCCCCCC,experimental,0,,,
EXP_1275,CCO,experimental,0,,,
EXP_1276,CC(=O)O,experimental,1,,,
EXP_1277,C1CCCCC1,experimental,0,,,
EXP_1278,CCCCCC,experimental,0,,,
EXP_1279,CC(=O)C,experimental,1,,,
EXP_1280,C(C(=O)O)N,experimental,0,,,
EXP_1281,C1CC1,experimental,0,,,
EXP_1282,CCCC,experimental,1,,,
EXP_1283,C1=CC=C2C=CC=CC2=C1,experimental,0,,,
EXP_1284,CO,experimental,0,,,
EXP_1285,CCCCCO,experimental,1,,,
EXP_1286,C1CCCC1,experimental,0,,,
EXP_1287,CC(C)O,experimental,0,,,
EXP_1288,CCCCCCCC,experimental,1,,,
EXP_1289,CCO,experimental,0,,,
EXP_1290,CC(=O)O,experimental,0,,,
EXP_1291,C1CCCCC1,experimental,1,,,
EXP_1292,CCCCCC,experimental,0,,,
EXP_1293,CC(=O)C,experimental,0,,,
EXP_1294,C(C(=O)O)N,experimental,1,,,
EXP_1295,C1CC1,experimental,0,,,
EXP_1296,CCCC,experimental,0,,,
EXP_1297,C1=CC=C2C=CC=CC2=C1,experimental,1,,,
EXP_1298,CO,experimental,0,,,
EXP_1299,CCCCCO,experimental,0,,,
EXP_1300,C1CCCC1,experimental,1,,,
EXP_1301,CC(C)O,experimental,0,,,
EXP_1302,CCCCCCCC,experimental,0,,,
EXP_1303,CCO,experimental,1,,,
EXP_1304,CC(=O)O,experimental,0,,,
EXP_1305,C1CCCCC1,experimental,0,,,
EXP_1306,CCCCCC,experimental,1,,,
EXP_1307,CC(=O)C,experimental,0,,,
EXP_1308,C(C(=O)O)N,experimental,0,,,
EXP_1309,C1CC1,experimental,1,,,
EXP_1310,CCCC,experimental,0,,,
EXP_1311,C1=CC=C2C=CC=CC2=C1,experimental,0,,,
EXP_1312,CO,experimental,1,,,
EXP_1313,CCCCCO,experimental,0,,,
EXP_1314,C1CCCC1,experimental,0,,,
EXP_1315,CC(C)O,experimental,1,,,
EXP_1316,CCCCCCCC,experimental,0,,,
EXP_1317,CCO,experimental,0,,,
EXP_1318,CC(=O)O,experimental,1,,,
EXP_1319,C1CCCCC1,experimental,0,,,
EXP_1320,CCCCCC,experimental,0,,,
EXP_1321,CC(=O)C,experimental,1,,,
EXP_1322,C(C(=O)O)N,experimental,0,,,
EXP_1323,C1CC1,experimental,0,,,
EXP_1324,CCCC,experimental,1,,,
EXP_1325,C1=CC=C2C=CC=CC2=C1,experimental,0,,,
EXP_1326,CO,experimental,0,,,
EXP_1327,CCCCCO,experimental,1,,,
EXP_1328,C1CCCC1,experimental,0,,,
EXP_1329,CC(C)O,experimental,0,,,
EXP_1330,CCCCCCCC,experimental,1,,,
EXP_1331,CCO,experimental,0,,,
EXP_1332,CC(=O)O,experimental,0,,,
EXP_1333,C1CCCCC1,experimental,1,,,
EXP_1334,CCCCCC,experimental,0,,,
EXP_1335,CC(=O)C,experimental,0,,,
EXP_1336,C(C(=O)O)N,experimental,1,,,
EXP_1337,C1CC1,experimental,0,,,
EXP_1338,CCCC,experimental,0,,,
EXP_1339,C1=CC=C2C=CC=CC2=C1,experimental,1,,,
EXP_1340,CO,experimental,0,,,
EXP_1341,CCCCCO,experimental,0,,,
EXP_1342,C1CCCC1,experimental,1,,,
EXP_1343,CC(C)O,experimental,0,,,
EXP_1344,CCCCCCCC,experimental,0,,,
EXP_1345,CCO,experimental,1,,,
EXP_1346,CC(=O)O,experimental,0,,,
EXP_1347,C1CCCCC1,experimental,0,,,
EXP_1348,CCCCCC,experimental,1,,,
EXP_1349,CC(=O)C,experimental,0,,,
EXP_1350,C(C(=O)O)N,experimental,0,,,
EXP_1351,C1CC1,experimental,1,,,
EXP_1352,CCCC,experimental,0,,,
EXP_1353,C1=CC=C2C=CC=CC2=C1,experimental,0,,,
EXP_1354,CO,experimental,1,,,
EXP_1355,CCCCCO,experimental,0,,,
EXP_1356,C1CCCC1,experimental,0,,,
EXP_1357,CC(C)O,experimental,1,,,
EXP_1358,CCCCCCCC,experimental,0,,,
EXP_1359,CCO,experimental,0,,,
EXP_1360,CC(=O)O,experimental,1,,,
EXP_1361,C1CCCCC1,experimental,0,,,
EXP_1362,CCCCCC,experimental,0,,,
EXP_1363,CC(=O)C,experimental,1,,,
EXP_1364,C(C(=O)O)N,experimental,0,,,
EXP_1365,C1CC1,experimental,0,,,
EXP_1366,CCCC,experimental,1,,,
EXP_1367,C1=CC=C2C=CC=CC2=C1,experimental,0,,,
EXP_1368,CO,experimental,0,,,
EXP_1369,CCCCCO,experimental,1,,,
EXP_1370,C1CCCC1,experimental,0,,,
EXP_1371,CC(C)O,experimental,0,,,
EXP_1372,CCCCCCCC,experimental,1,,,
EXP_1373,CCO,experimental,0,,,
EXP_1374,CC(=O)O,experimental,0,,,
EXP_1375,C1CCCCC1,experimental,1,,,
EXP_1376,CCCCCC,experimental,0,,,
EXP_1377,CC(=O)C,experimental,0,,,
EXP_1378,C(C(=O)O)N,experimental,1,,,
EXP_1379,C1CC1,experimental,0,,,
EXP_1380,CCCC,experimental,0,,,
EXP_1381,C1=CC=C2C=CC=CC2=C1,experimental,1,,,
EXP_1382,CO,experimental,0,,,
EXP_1383,CCCCCO,experimental,0,,,
EXP_1384,C1CCCC1,experimental,1,,,
EXP_1385,CC(C)O,experimental,0,,,
EXP_1386,CCCCCCCC,experimental,0,,,
EXP_1387,CCO,experimental,1,,,
EXP_1388,CC(=O)O,experimental,0,,,
EXP_1389,C1CCCCC1,experimental,0,,,
EXP_1390,CCCCCC,experimental,1,,,
EXP_1391,CC(=O)C,experimental,0,,,
EXP_1392,C(C(=O)O)N,experimental,0,,,
EXP_1393,C1CC1,experimental,1,,,
EXP_1394,CCCC,experimental,0,,,
EXP_1395,C1=CC=C2C=CC=CC2=C1,experimental,0,,,
EXP_1396,CO,experimental,1,,,
EXP_1397,CCCCCO,experimental,0,,,
EXP_1398,C1CCCC1,experimental,0,,,
EXP_1399,CC(C)O,experimental,1,,,
EXP_1400,CCCCCCCC,experimental,0,,,
EXP_1401,CCO,experimental,0,,,
EXP_1402,CC(=O)O,experimental,1,,,
EXP_1403,C1CCCCC1,experimental,0,,,
EXP_1404,CCCCCC,experimental,0,,,
EXP_1405,CC(=O)C,experimental,1,,,
EXP_1406,C(C(=O)O)N,experimental,0,,,
EXP_1407,C1CC1,experimental,0,,,
EXP_1408,CCCC,experimental,1,,,
EXP_1409,C1=CC=C2C=CC=CC2=C1,experimental,0,,,
EXP_1410,CO,experimental,0,,,
EXP_1411,CCCCCO,experimental,1,,,
EXP_1412,C1CCCC1,experimental,0,,,
EXP_1413,CC(C)O,experimental,0,,,
EXP_1414,CCCCCCCC,experimental,1,,,
EXP_1415,CCO,experimental,0,,,
EXP_1416,CC(=O)O,experimental,0,,,
EXP_1417,C1CCCCC1,experimental,1,,,
EXP_1418,CCCCCC,experimental,0,,,
EXP_1419,CC(=O)C,experimental,0,,,
EXP_1420,C(C(=O)O)N,experimental,1,,,
EXP_1421,C1CC1,experimental,0,,,
EXP_1422,CCCC,experimental,0,,,
EXP_1423,C1=CC=C2C=CC=CC2=C1,experimental,1,,,
EXP_1424,CO,experimental,0,,,
EXP_1425,CCCCCO,experimental,0,,,
EXP_1426,C1CCCC1,experimental,1,,,
EXP_1427,CC(C)O,experimental,0,,,
EXP_1428,CCCCCCCC,experimental,0,,,
EXP_1429,CCO,experimental,1,,,
EXP_1430,CC(=O)O,experimental,0,,,
EXP_1431,C1CCCCC1,experimental,0,,,
EXP_1432,CCCCCC,experimental,1,,,
EXP_1433,CC(=O)C,experimental,0,,,
EXP_1434,C(C(=O)O)N,experimental,0,,,
EXP_1435,C1CC1,experimental,1,,,
EXP_1436,CCCC,experimental,0,,,
EXP_1437,C1=CC=C2C=CC=CC2=C1,experimental,0,,,
EXP_1438,CO,experimental,1,,,
EXP_1439,CCCCCO,experimental,0,,,
EXP_1440,C1CCCC1,experimental,0,,,
EXP_1441,CC(C)O,experimental,1,,,
EXP_1442,CCCCCCCC,experimental,0,,,
EXP_1443,CCO,experimental,0,,,
EXP_1444,CC(=O)O,experimental,1,,,
EXP_1445,C1CCCCC1,experimental,0,,,
EXP_1446,CCCCCC,experimental,0,,,
EXP_1447,CC(=O)C,experimental,1,,,
EXP_1448,C(C(=O)O)N,experimental,0,,,
EXP_1449,C1CC1,experimental,0,,,
EXP_1450,CCCC,experimental,1,,,
EXP_1451,C1=CC=C2C=CC=CC2=C1,experimental,0,,,
EXP_1452,CO,experimental,0,,,
EXP_1453,CCCCCO,experimental,1,,,
EXP_1454,C1CCCC1,experimental,0,,,
EXP_1455,CC(C)O,experimental,0,,,
EXP_1456,CCCCCCCC,experimental,1,,,
EXP_1457,CCO,experimental,0,,,
EXP_1458,CC(=O)O,experimental,0,,,
EXP_1459,C1CCCCC1,experimental,1,,,
EXP_1460,CCCCCC,experimental,0,,,
EXP_1461,CC(=O)C,experimental,0,,,
EXP_1462,C(C(=O)O)N,experimental,1,,,
EXP_1463,C1CC1,experimental,0,,,
EXP_1464,CCCC,experimental,0,,,
EXP_1465,C1=CC=C2C=CC=CC2=C1,experimental,1,,,
EXP_1466,CO,experimental,0,,,
EXP_1467,CCCCCO,experimental,0,,,
EXP_1468,C1CCCC1,experimental,1,,,
EXP_1469,CC(C)O,experimental,0,,,
EXP_1470,CCCCCCCC,experimental,0,,,
EXP_1471,CCO,experimental,1,,,
EXP_1472,CC(=O)O,experimental,0,,,
EXP_1473,C1CCCCC1,experimental,0,,,
EXP_1474,CCCCCC,experimental,1,,,
EXP_1475,CC(=O)C,experimental,0,,,
EXP_1476,C(C(=O)O)N,experimental,0,,,
EXP_1477,C1CC1,experimental,1,,,
EXP_1478,CCCC,experimental,0,,,
EXP_1479,C1=CC=C2C=CC=CC2=C1,experimental,0,,,
EXP_1480,CO,experimental,1,,,
EXP_1481,CCCCCO,experimental,0,,,
EXP_1482,C1CCCC1,experimental,0,,,
EXP_1483,CC(C)O,experimental,1,,,
EXP_1484,CCCCCCCC,experimental,0,,,
EXP_1485,CCO,experimental,0,,,
EXP_1486,CC(=O)O,experimental,1,,,
EXP_1487,C1CCCCC1,experimental,0,,,
EXP_1488,CCCCCC,experimental,0,,,
EXP_1489,CC(=O)C,experimental,1,,,
EXP_1490,C(C(=O)O)N,experimental,0,,,
EXP_1491,C1CC1,experimental,0,,,
EXP_1492,CCCC,experimental,1,,,
EXP_1493,C1=CC=C2C=CC=CC2=C1,experimental,0,,,
EXP_1494,CO,experimental,0,,,
EXP_1495,CCCCCO,experimental,1,,,
EXP_1496,C1CCCC1,experimental,0,,,
EXP_1497,CC(C)O,experimental,0,,,
EXP_1498,CCCCCCCC,experimental,1,,,
EXP_1499,CCO,experimental,0,,,
EXP_1500,CC(=O)O,experimental,0,,,
EXP_1501,C1CCCCC1,experimental,1,,,
EXP_1502,CCCCCC,experimental,0,,,
EXP_1503,CC(=O)C,experimental,0,,,
EXP_1504,C(C(=O)O)N,experimental,1,,,
EXP_1505,C1CC1,experimental,0,,,
EXP_1506,CCCC,experimental,0,,,
EXP_1507,C1=CC=C2C=CC=CC2=C1,experimental,1,,,
EXP_1508,CO,experimental,0,,,
EXP_1509,CCCCCO,experimental,0,,,
EXP_1510,C1CCCC1,experimental,1,,,
EXP_1511,CC(C)O,experimental,0,,,
EXP_1512,CCCCCCCC,experimental,0,,,
EXP_1513,CCO,experimental,1,,,
EXP_1514,CC(=O)O,experimental,0,,,
EXP_1515,C1CCCCC1,experimental,0,,,
EXP_1516,CCCCCC,experimental,1,,,
EXP_1517,CC(=O)C,experimental,0,,,
EXP_1518,C(C(=O)O)N,experimental,0,,,
EXP_1519,C1CC1,experimental,1,,,
EXP_1520,CCCC,experimental,0,,,
EXP_1521,C1=CC=C2C=CC=CC2=C1,experimental,0,,,
EXP_1522,CO,experimental,1,,,
EXP_1523,CCCCCO,experimental,0,,,
EXP_1524,C1CCCC1,experimental,0,,,
EXP_1525,CC(C)O,experimental,1,,,
EXP_1526,CCCCCCCC,experimental,0,,,
EXP_1527,CCO,experimental,0,,,
EXP_1528,CC(=O)O,experimental,1,,,
EXP_1529,C1CCCCC1,experimental,0,,,
EXP_1530,CCCCCC,experimental,0,,,
EXP_1531,CC(=O)C,experimental,1,,,
EXP_1532,C(C(=O)O)N,experimental,0,,,
EXP_1533,C1CC1,experimental,0,,,
EXP_1534,CCCC,experimental,1,,,
EXP_1535,C1=CC=C2C=CC=CC2=C1,experimental,0,,,
EXP_1536,CO,experimental,0,,,
EXP_1537,CCCCCO,experimental,1,,,
EXP_1538,C1CCCC1,experimental,0,,,
EXP_1539,CC(C)O,experimental,0,,,
EXP_1540,CCCCCCCC,experimental,1,,,
EXP_1541,CCO,experimental,0,,,
EXP_1542,CC(=O)O,experimental,0,,,
EXP_1543,C1CCCCC1,experimental,1,,,
EXP_1544,CCCCCC,experimental,0,,,
EXP_1545,CC(=O)C,experimental,0,,,
EXP_1546,C(C(=O)O)N,experimental,1,,,
EXP_1547,C1CC1,experimental,0,,,
EXP_1548,CCCC,experimental,0,,,
EXP_1549,C1=CC=C2C=CC=CC2=C1,experimental,1,,,
EXP_1550,CO,experimental,0,,,
EXP_1551,CCCCCO,experimental,0,,,
EXP_1552,C1CCCC1,experimental,1,,,
EXP_1553,CC(C)O,experimental,0,,,
EXP_1554,CCCCCCCC,experimental,0,,,
EXP_1555,CCO,experimental,1,,,
EXP_1556,CC(=O)O,experimental,0,,,
EXP_1557,C1CCCCC1,experimental,0,,,
EXP_1558,CCCCCC,experimental,1,,,
EXP_1559,CC(=O)C,experimental,0,,,
EXP_1560,C(C(=O)O)N,experimental,0,,,
EXP_1561,C1CC1,experimental,1,,,
EXP_1562,CCCC,experimental,0,,,
EXP_1563,C1=CC=C2C=CC=CC2=C1,experimental,0,,,
EXP_1564,CO,experimental,1,,,
EXP_1565,CCCCCO,experimental,0,,,
EXP_1566,C1CCCC1,experimental,0,,,
EXP_1567,CC(C)O,experimental,1,,,
EXP_1568,CCCCCCCC,experimental,0,,,
EXP_1569,CCO,experimental,0,,,
EXP_1570,CC(=O)O,experimental,1,,,
EXP_1571,C1CCCCC1,experimental,0,,,
EXP_1572,CCCCCC,experimental,0,,,
EXP_1573,CC(=O)C,experimental,1,,,
EXP_1574,C(C(=O)O)N,experimental,0,,,
EXP_1575,C1CC1,experimental,0,,,
EXP_1576,CCCC,experimental,1,,,
EXP_1577,C1=CC=C2C=CC=CC2=C1,experimental,0,,,
EXP_1578,CO,experimental,0,,,
EXP_1579,CCCCCO,experimental,1,,,
EXP_1580,C1CCCC1,experimental,0,,,
EXP_1581,CC(C)O,experimental,0,,,
EXP_1582,CCCCCCCC,experimental,1,,,
EXP_1583,CCO,experimental,0,,,
EXP_1584,CC(=O)O,experimental,0,,,
EXP_1585,C1CCCCC1,experimental,1,,,
EXP_1586,CCCCCC,experimental,0,,,
EXP_1587,CC(=O)C,experimental,0,,,
EXP_1588,C(C(=O)O)N,experimental,1,,,
EXP_1589,C1CC1,experimental,0,,,
EXP_1590,CCCC,experimental,0,,,
EXP_1591,C1=CC=C2C=CC=CC2=C1,experimental,1,,,
EXP_1592,CO,experimental,0,,,
EXP_1593,CCCCCO,experimental,0,,,
EXP_1594,C1CCCC1,experimental,1,,,
EXP_1595,CC(C)O,experimental,0,,,
EXP_1596,CCCCCCCC,experimental,0,,,
EXP_1597,CCO,experimental,1,,,
EXP_1598,CC(=O)O,experimental,0,,,
EXP_1599,C1CCCCC1,experimental,0,,,
EXP_1600,CCCCCC,experimental,1,,,
EXP_1601,CC(=O)C,experimental,0,,,
EXP_1602,C(C(=O)O)N,experimental,0,,,
EXP_1603,C1CC1,experimental,1,,,
EXP_1604,CCCC,experimental,0,,,
EXP_1605,C1=CC=C2C=CC=CC2=C1,experimental,0,,,
EXP_1606,CO,experimental,1,,,
EXP_1607,CCCCCO,experimental,0,,,
EXP_1608,C1CCCC1,experimental,0,,,
EXP_1609,CC(C)O,experimental,1,,,
EXP_1610,CCCCCCCC,experimental,0,,,
EXP_1611,CCO,experimental,0,,,
EXP_1612,CC(=O)O,experimental,1,,,
EXP_1613,C1CCCCC1,experimental,0,,,
EXP_1614,CCCCCC,experimental,0,,,
EXP_1615,CC(=O)C,experimental,1,,,
EXP_1616,C(C(=O)O)N,experimental,0,,,
EXP_1617,C1CC1,experimental,0,,,
EXP_1618,CCCC,experimental,1,,,
EXP_1619,C1=CC=C2C=CC=CC2=C1,experimental,0,,,
EXP_1620,CO,experimental,0,,,
EXP_1621,CCCCCO,experimental,1,,,
EXP_1622,C1CCCC1,experimental,0,,,
EXP_1623,CC(C)O,experimental,0,,,
EXP_1624,CCCCCCCC,experimental,1,,,
EXP_1625,CCO,experimental,0,,,
EXP_1626,CC(=O)O,experimental,0,,,
EXP_1627,C1CCCCC1,experimental,1,,,
EXP_1628,CCCCCC,experimental,0,,,
EXP_1629,CC(=O)C,experimental,0,,,
EXP_1630,C(C(=O)O)N,experimental,1,,,
EXP_1631,C1CC1,experimental,0,,,
EXP_1632,CCCC,experimental,0,,,
EXP_1633,C1=CC=C2C=CC=CC2=C1,experimental,1,,,
EXP_1634,CO,experimental,0,,,
EXP_1635,CCCCCO,experimental,0,,,
EXP_1636,C1CCCC1,experimental,1,,,
EXP_1637,CC(C)O,experimental,0,,,
EXP_1638,CCCCCCCC,experimental,0,,,
EXP_1639,CCO,experimental,1,,,
EXP_1640,CC(=O)O,experimental,0,,,
EXP_1641,C1CCCCC1,experimental,0,,,
EXP_1642,CCCCCC,experimental,1,,,
EXP_1643,CC(=O)C,experimental,0,,,
EXP_1644,C(C(=O)O)N,experimental,0,,,
EXP_1645,C1CC1,experimental,1,,,
EXP_1646,CCCC,experimental,0,,,
EXP_1647,C1=CC=C2C=CC=CC2=C1,experimental,0,,,
EXP_1648,CO,experimental,1,,,
EXP_1649,CCCCCO,experimental,0,,,
EXP_1650,C1CCCC1,experimental,0,,,
EXP_1651,CC(C)O,experimental,1,,,
EXP_1652,CCCCCCCC,experimental,0,,,
EXP_1653,CCO,experimental,0,,,
EXP_1654,CC(=O)O,experimental,1,,,
EXP_1655,C1CCCCC1,experimental,0,,,
EXP_1656,CCCCCC,experimental,0,,,
EXP_1657,CC(=O)C,experimental,1,,,
EXP_1658,C(C(=O)O)N,experimental,0,,,
EXP_1659,C1CC1,experimental,0,,,
EXP_1660,CCCC,experimental,1,,,
EXP_1661,C1=CC=C2C=CC=CC2=C1,experimental,0,,,
EXP_1662,CO,experimental,0,,,
EXP_1663,CCCCCO,experimental,1,,,
EXP_1664,C1CCCC1,experimental,0,,,
EXP_1665,CC(C)O,experimental,0,,,
EXP_1666,CCCCCCCC,experimental,1,,,
EXP_1667,CCO,experimental,0,,,
EXP_1668,CC(=O)O,experimental,0,,,
EXP_1669,C1CCCCC1,experimental,1,,,
EXP_1670,CCCCCC,experimental,0,,,
EXP_1671,CC(=O)C,experimental,0,,,
EXP_1672,C(C(=O)O)N,experimental,1,,,
EXP_1673,C1CC1,experimental,0,,,
EXP_1674,CCCC,experimental,0,,,
EXP_1675,C1=CC=C2C=CC=CC2=C1,experimental,1,,,
EXP_1676,CO,experimental,0,,,
EXP_1677,CCCCCO,experimental,0,,,
EXP_1678,C1CCCC1,experimental,1,,,
EXP_1679,CC(C)O,experimental,0,,,
EXP_1680,CCCCCCCC,experimental,0,,,
EXP_1681,CCO,experimental,1,,,
EXP_1682,CC(=O)O,experimental,0,,,
EXP_1683,C1CCCCC1,experimental,0,,,
EXP_1684,CCCCCC,experimental,1,,,
EXP_1685,CC(=O)C,experimental,0,,,
EXP_1686,C(C(=O)O)N,experimental,0,,,
EXP_1687,C1CC1,experimental,1,,,
EXP_1688,CCCC,experimental,0,,,
EXP_1689,C1=CC=C2C=CC=CC2=C1,experimental,0,,,
EXP_1690,CO,experimental,1,,,
EXP_1691,CCCCCO,experimental,0,,,
EXP_1692,C1CCCC1,experimental,0,,,
EXP_1693,CC(C)O,experimental,1,,,
EXP_1694,CCCCCCCC,experimental,0,,,
EXP_1695,CCO,experimental,0,,,
EXP_1696,CC(=O)O,experimental,1,,,
EXP_1697,C1CCCCC1,experimental,0,,,
EXP_1698,CCCCCC,experimental,0,,,
EXP_1699,CC(=O)C,experimental,1,,,
EXP_1700,C(C(=O)O)N,experimental,0,,,
EXP_1701,C1CC1,experimental,0,,,
EXP_1702,CCCC,experimental,1,,,
EXP_1703,C1=CC=C2C=CC=CC2=C1,experimental,0,,,
EXP_1704,CO,experimental,0,,,
EXP_1705,CCCCCO,experimental,1,,,
EXP_1706,C1CCCC1,experimental,0,,,
EXP_1707,CC(C)O,experimental,0,,,
EXP_1708,CCCCCCCC,experimental,1,,,
EXP_1709,CCO,experimental,0,,,
EXP_1710,CC(=O)O,experimental,0,,,
EXP_1711,C1CCCCC1,experimental,1,,,
EXP_1712,CCCCCC,experimental,0,,,
EXP_1713,CC(=O)C,experimental,0,,,
EXP_1714,C(C(=O)O)N,experimental,1,,,
EXP_1715,C1CC1,experimental,0,,,
EXP_1716,CCCC,experimental,0,,,
EXP_1717,C1=CC=C2C=CC=CC2=C1,experimental,1,,,
EXP_1718,CO,experimental,0,,,
EXP_1719,CCCCCO,experimental,0,,,
EXP_1720,C1CCCC1,experimental,1,,,
EXP_1721,CC(C)O,experimental,0,,,
EXP_1722,CCCCCCCC,experimental,0,,,
EXP_1723,CCO,experimental,1,,,
EXP_1724,CC(=O)O,experimental,0,,,
EXP_1725,C1CCCCC1,experimental,0,,,
EXP_1726,CCCCCC,experimental,1,,,
EXP_1727,CC(=O)C,experimental,0,,,
EXP_1728,C(C(=O)O)N,experimental,0,,,
EXP_1729,C1CC1,experimental,1,,,
EXP_1730,CCCC,experimental,0,,,
EXP_1731,C1=CC=C2C=CC=CC2=C1,experimental,0,,,
EXP_1732,CO,experimental,1,,,
EXP_1733,CCCCCO,experimental,0,,,
EXP_1734,C1CCCC1,experimental,0,,,
EXP_1735,CC(C)O,experimental,1,,,
EXP_1736,CCCCCCCC,experimental,0,,,
EXP_1737,CCO,experimental,0,,,
EXP_1738,CC(=O)O,experimental,1,,,
EXP_1739,C1CCCCC1,experimental,0,,,
EXP_1740,CCCCCC,experimental,0,,,
EXP_1741,CC(=O)C,experimental,1,,,
EXP_1742,C(C(=O)O)N,experimental,0,,,
EXP_1743,C1CC1,experimental,0,,,
EXP_1744,CCCC,experimental,1,,,
EXP_1745,C1=CC=C2C=CC=CC2=C1,experimental,0,,,
EXP_1746,CO,experimental,0,,,
EXP_1747,CCCCCO,experimental,1,,,
EXP_1748,C1CCCC1,experimental,0,,,
EXP_1749,CC(C)O,experimental,0,,,
EXP_1750,CCCCCCCC,experimental,1,,,
EXP_1751,CCO,experimental,0,,,
EXP_1752,CC(=O)O,experimental,0,,,
EXP_1753,C1CCCCC1,experimental,1,,,
EXP_1754,CCCCCC,experimental,0,,,
EXP_1755,CC(=O)C,experimental,0,,,
EXP_1756,C(C(=O)O)N,experimental,1,,,
EXP_1757,C1CC1,experimental,0,,,
EXP_1758,CCCC,experimental,0,,,
EXP_1759,C1=CC=C2C=CC=CC2=C1,experimental,1,,,
EXP_1760,CO,experimental,0,,,
EXP_1761,CCCCCO,experimental,0,,,
EXP_1762,C1CCCC1,experimental,1,,,
EXP_1763,CC(C)O,experimental,0,,,
EXP_1764,CCCCCCCC,experimental,0,,,
EXP_1765,CCO,experimental,1,,,
EXP_1766,CC(=O)O,experimental,0,,,
EXP_1767,C1CCCCC1,experimental,0,,,
EXP_1768,CCCCCC,experimental,1,,,
EXP_1769,CC(=O)C,experimental,0,,,
EXP_1770,C(C(=O)O)N,experimental,0,,,
EXP_1771,C1CC1,experimental,1,,,
EXP_1772,CCCC,experimental,0,,,
EXP_1773,C1=CC=C2C=CC=CC2=C1,experimental,0,,,
EXP_1774,CO,experimental,1,,,
EXP_1775,CCCCCO,experimental,0,,,
EXP_1776,C1CCCC1,experimental,0,,,
EXP_1777,CC(C)O,experimental,1,,,
EXP_1778,CCCCCCCC,experimental,0,,,
EXP_1779,CCO,experimental,0,,,
EXP_1780,CC(=O)O,experimental,1,,,
EXP_1781,C1CCCCC1,experimental,0,,,
EXP_1782,CCCCCC,experimental,0,,,
EXP_1783,CC(=O)C,experimental,1,,,
EXP_1784,C(C(=O)O)N,experimental,0,,,
EXP_1785,C1CC1,experimental,0,,,
EXP_1786,CCCC,experimental,1,,,
EXP_1787,C1=CC=C2C=CC=CC2=C1,experimental,0,,,
EXP_1788,CO,experimental,0,,,
EXP_1789,CCCCCO,experimental,1,,,
EXP_1790,C1CCCC1,experimental,0,,,
EXP_1791,CC(C)O,experimental,0,,,
EXP_1792,CCCCCCCC,experimental,1,,,
EXP_1793,CCO,experimental,0,,,
EXP_1794,CC(=O)O,experimental,0,,,
EXP_1795,C1CCCCC1,experimental,1,,,
EXP_1796,CCCCCC,experimental,0,,,
EXP_1797,CC(=O)C,experimental,0,,,
EXP_1798,C(C(=O)O)N,experimental,1,,,
EXP_1799,C1CC1,experimental,0,,,
EXP_1800,CCCC,experimental,0,,,
EXP_1801,C1=CC=C2C=CC=CC2=C1,experimental,1,,,
EXP_1802,CO,experimental,0,,,
EXP_1803,CCCCCO,experimental,0,,,
EXP_1804,C1CCCC1,experimental,1,,,
EXP_1805,CC(C)O,experimental,0,,,
EXP_1806,CCCCCCCC,experimental,0,,,
EXP_1807,CCO,experimental,1,,,
EXP_1808,CC(=O)O,experimental,0,,,
EXP_1809,C1CCCCC1,experimental,0,,,
EXP_1810,CCCCCC,experimental,1,,,
EXP_1811,CC(=O)C,experimental,0,,,
EXP_1812,C(C(=O)O)N,experimental,0,,,
EXP_1813,C1CC1,experimental,1,,,
EXP_1814,CCCC,experimental,0,,,
EXP_1815,C1=CC=C2C=CC=CC2=C1,experimental,0,,,
EXP_1816,CO,experimental,1,,,
EXP_1817,CCCCCO,experimental,0,,,
EXP_1818,C1CCCC1,experimental,0,,,
EXP_1819,CC(C)O,experimental,1,,,
EXP_1820,CCCCCCCC,experimental,0,,,
EXP_1821,CCO,experimental,0,,,
EXP_1822,CC(=O)O,experimental,1,,,
EXP_1823,C1CCCCC1,experimental,0,,,
EXP_1824,CCCCCC,experimental,0,,,
EXP_1825,CC(=O)C,experimental,1,,,
EXP_1826,C(C(=O)O)N,experimental,0,,,
EXP_1827,C1CC1,experimental,0,,,
EXP_1828,CCCC,experimental,1,,,
EXP_1829,C1=CC=C2C=CC=CC2=C1,experimental,0,,,
EXP_1830,CO,experimental,0,,,
EXP_1831,CCCCCO,experimental,1,,,
EXP_1832,C1CCCC1,experimental,0,,,
EXP_1833,CC(C)O,experimental,0,,,
EXP_1834,CCCCCCCC,experimental,1,,,
EXP_1835,CCO,experimental,0,,,
EXP_1836,CC(=O)O,experimental,0,,,
EXP_1837,C1CCCCC1,experimental,1,,,
EXP_1838,CCCCCC,experimental,0,,,
EXP_1839,CC(=O)C,experimental,0,,,
EXP_1840,C(C(=O)O)N,experimental,1,,,
EXP_1841,C1CC1,experimental,0,,,
EXP_1842,CCCC,experimental,0,,,
EXP_1843,C1=CC=C2C=CC=CC2=C1,experimental,1,,,
EXP_1844,CO,experimental,0,,,
EXP_1845,CCCCCO,experimental,0,,,
EXP_1846,C1CCCC1,experimental,1,,,
EXP_1847,CC(C)O,experimental,0,,,
EXP_1848,CCCCCCCC,experimental,0,,,
EXP_1849,CCO,experimental,1,,,
EXP_1850,CC(=O)O,experimental,0,,,
EXP_1851,C1CCCCC1,experimental,0,,,
EXP_1852,CCCCCC,experimental,1,,,
EXP_1853,CC(=O)C,experimental,0,,,
EXP_1854,C(C(=O)O)N,experimental,0,,,
EXP_1855,C1CC1,experimental,1,,,
EXP_1856,CCCC,experimental,0,,,
EXP_1857,C1=CC=C2C=CC=CC2=C1,experimental,0,,,
EXP_1858,CO,experimental,1,,,
EXP_1859,CCCCCO,experimental,0,,,
EXP_1860,C1CCCC1,experimental,0,,,
EXP_1861,CC(C)O,experimental,1,,,
EXP_1862,CCCCCCCC,experimental,0,,,
EXP_1863,CCO,experimental,0,,,
EXP_1864,CC(=O)O,experimental,1,,,
EXP_1865,C1CCCCC1,experimental,0,,,
EXP_1866,CCCCCC,experimental,0,,,
EXP_1867,CC(=O)C,experimental,1,,,
EXP_1868,C(C(=O)O)N,experimental,0,,,
EXP_1869,C1CC1,experimental,0,,,
EXP_1870,CCCC,experimental,1,,,
EXP_1871,C1=CC=C2C=CC=CC2=C1,experimental,0,,,
EXP_1872,CO,experimental,0,,,
EXP_1873,CCCCCO,experimental,1,,,
EXP_1874,C1CCCC1,experimental,0,,,
EXP_1875,CC(C)O,experimental,0,,,
EXP_1876,CCCCCCCC,experimental,1,,,
EXP_1877,CCO,experimental,0,,,
EXP_1878,CC(=O)O,experimental,0,,,
EXP_1879,C1CCCCC1,experimental,1,,,
EXP_1880,CCCCCC,experimental,0,,,
EXP_1881,CC(=O)C,experimental,0,,,
EXP_1882,C(C(=O)O)N,experimental,1,,,
EXP_1883,C1CC1,experimental,0,,,
EXP_1884,CCCC,experimental,0,,,
EXP_1885,C1=CC=C2C=CC=CC2=C1,experimental,1,,,
EXP_1886,CO,experimental,0,,,
EXP_1887,CCCCCO,experimental,0,,,
EXP_1888,C1CCCC1,experimental,1,,,
EXP_1889,CC(C)O,experimental,0,,,
EXP_1890,CCCCCCCC,experimental,0,,,
EXP_1891,CCO,experimental,1,,,
EXP_1892,CC(=O)O,experimental,0,,,
EXP_1893,C1CCCCC1,experimental,0,,,
EXP_1894,CCCCCC,experimental,1,,,
EXP_1895,CC(=O)C,experimental,0,,,
EXP_1896,C(C(=O)O)N,experimental,0,,,
EXP_1897,C1CC1,experimental,1,,,
EXP_1898,CCCC,experimental,0,,,
EXP_1899,C1=CC=C2C=CC=CC2=C1,experimental,0,,,
EXP_1900,CO,experimental,1,,,
EXP_1901,CCCCCO,experimental,0,,,
EXP_1902,C1CCCC1,experimental,0,,,
EXP_1903,CC(C)O,experimental,1,,,
EXP_1904,CCCCCCCC,experimental,0,,,
EXP_1905,CCO,experimental,0,,,
EXP_1906,CC(=O)O,experimental,1,,,
EXP_1907,C1CCCCC1,experimental,0,,,
EXP_1908,CCCCCC,experimental,0,,,
EXP_1909,CC(=O)C,experimental,1,,,
EXP_1910,C(C(=O)O)N,experimental,0,,,
EXP_1911,C1CC1,experimental,0,,,
EXP_1912,CCCC,experimental,1,,,
EXP_1913,C1=CC=C2C=CC=CC2=C1,experimental,0,,,
EXP_1914,CO,experimental,0,,,
EXP_1915,CCCCCO,experimental,1,,,
EXP_1916,C1CCCC1,experimental,0,,,
EXP_1917,CC(C)O,experimental,0,,,
EXP_1918,CCCCCCCC,experimental,1,,,
EXP_1919,CCO,experimental,0,,,
EXP_1920,CC(=O)O,experimental,0,,,
EXP_1921,C1CCCCC1,experimental,1,,,
EXP_1922,CCCCCC,experimental,0,,,
EXP_1923,CC(=O)C,experimental,0,,,
EXP_1924,C(C(=O)O)N,experimental,1,,,
EXP_1925,C1CC1,experimental,0,,,
EXP_1926,CCCC,experimental,0,,,
EXP_1927,C1=CC=C2C=CC=CC2=C1,experimental,1,,,
EXP_1928,CO,experimental,0,,,
EXP_1929,CCCCCO,experimental,0,,,
EXP_1930,C1CCCC1,experimental,1,,,
EXP_1931,CC(C)O,experimental,0,,,
EXP_1932,CCCCCCCC,experimental,0,,,
EXP_1933,CCO,experimental,1,,,
EXP_1934,CC(=O)O,experimental,0,,,
EXP_1935,C1CCCCC1,experimental,0,,,
EXP_1936,CCCCCC,experimental,1,,,
EXP_1937,CC(=O)C,experimental,0,,,
EXP_1938,C(C(=O)O)N,experimental,0,,,
EXP_1939,C1CC1,experimental,1,,,
EXP_1940,CCCC,experimental,0,,,
EXP_1941,C1=CC=C2C=CC=CC2=C1,experimental,0,,,
EXP_1942,CO,experimental,1,,,
EXP_1943,CCCCCO,experimental,0,,,
EXP_1944,C1CCCC1,experimental,0,,,
EXP_1945,CC(C)O,experimental,1,,,
EXP_1946,CCCCCCCC,experimental,0,,,
EXP_1947,CCO,experimental,0,,,
EXP_1948,CC(=O)O,experimental,1,,,
EXP_1949,C1CCCCC1,experimental,0,,,
EXP_1950,CCCCCC,experimental,0,,,
EXP_1951,CC(=O)C,experimental,1,,,
EXP_1952,C(C(=O)O)N,experimental,0,,,
EXP_1953,C1CC1,experimental,0,,,
EXP_1954,CCCC,experimental,1,,,
EXP_1955,C1=CC=C2C=CC=CC2=C1,experimental,0,,,
EXP_1956,CO,experimental,0,,,
EXP_1957,CCCCCO,experimental,1,,,
EXP_1958,C1CCCC1,experimental,0,,,
EXP_1959,CC(C)O,experimental,0,,,
EXP_1960,CCCCCCCC,experimental,1,,,
EXP_1961,CCO,experimental,0,,,
EXP_1962,CC(=O)O,experimental,0,,,
EXP_1963,C1CCCCC1,experimental,1,,,
EXP_1964,CCCCCC,experimental,0,,,
EXP_1965,CC(=O)C,experimental,0,,,
EXP_1966,C(C(=O)O)N,experimental,1,,,
EXP_1967,C1CC1,experimental,0,,,
EXP_1968,CCCC,experimental,0,,,
EXP_1969,C1=CC=C2C=CC=CC2=C1,experimental,1,,,
EXP_1970,CO,experimental,0,,,
EXP_1971,CCCCCO,experimental,0,,,
EXP_1972,C1CCCC1,experimental,1,,,
EXP_1973,CC(C)O,experimental,0,,,
EXP_1974,CCCCCCCC,experimental,0,,,
EXP_1975,CCO,experimental,1,,,
EXP_1976,CC(=O)O,experimental,0,,,
EXP_1977,C1CCCCC1,experimental,0,,,
EXP_1978,CCCCCC,experimental,1,,,
EXP_1979,CC(=O)C,experimental,0,,,
EXP_1980,C(C(=O)O)N,experimental,0,,,
EXP_1981,C1CC1,experimental,1,,,
EXP_1982,CCCC,experimental,0,,,
EXP_1983,C1=CC=C2C=CC=CC2=C1,experimental,0,,,
EXP_1984,CO,experimental,1,,,
EXP_1985,CCCCCO,experimental,0,,,
EXP_1986,C1CCCC1,experimental,0,,,
EXP_1987,CC(C)O,experimental,1,,,
EXP_1988,CCCCCCCC,experimental,0,,,
EXP_1989,CCO,experimental,0,,,
EXP_1990,CC(=O)O,experimental,1,,,
EXP_1991,C1CCCCC1,experimental,0,,,
EXP_1992,CCCCCC,experimental,0,,,
EXP_1993,CC(=O)C,experimental,1,,,
EXP_1994,C(C(=O)O)N,experimental,0,,,
EXP_1995,C1CC1,experimental,0,,,
EXP_1996,CCCC,experimental,1,,,
EXP_1997,C1=CC=C2C=CC=CC2=C1,experimental,0,,,
EXP_1998,CO,experimental,0,,,
EXP_1999,CCCCCO,experimental,1,,,
EXP_2000,C1CCCC1,experimental,0,,,
EXP_2001,CC(C)O,experimental,0,,,
EXP_2002,CCCCCCCC,experimental,1,,,
EXP_2003,CCO,experimental,0,,,
EXP_2004,CC(=O)O,experimental,0,,,
EXP_2005,C1CCCCC1,experimental,1,,,
EXP_2006,CCCCCC,experimental,0,,,
EXP_2007,CC(=O)C,experimental,0,,,
EXP_2008,C(C(=O)O)N,experimental,1,,,
EXP_2009,C1CC1,experimental,0,,,
EXP_2010,CCCC,experimental,0,,,
EXP_2011,C1=CC=C2C=CC=CC2=C1,experimental,1,,,
EXP_2012,CO,experimental,0,,,
EXP_2013,CCCCCO,experimental,0,,,
EXP_2014,C1CCCC1,experimental,1,,,
EXP_2015,CC(C)O,experimental,0,,,
EXP_2016,CCCCCCCC,experimental,0,,,
EXP_2017,CCO,experimental,1,,,
EXP_2018,CC(=O)O,experimental,0,,,
EXP_2019,C1CCCCC1,experimental,0,,,
EXP_2020,CCCCCC,experimental,1,,,
EXP_2021,CC(=O)C,experimental,0,,,
EXP_2022,C(C(=O)O)N,experimental,0,,,
EXP_2023,C1CC1,experimental,1,,,
EXP_2024,CCCC,experimental,0,,,
EXP_2025,C1=CC=C2C=CC=CC2=C1,experimental,0,,,
EXP_2026,CO,experimental,1,,,
EXP_2027,CCCCCO,experimental,0,,,
EXP_2028,C1CCCC1,experimental,0,,,
EXP_2029,CC(C)O,experimental,1,,,
EXP_2030,CCCCCCCC,experimental,0,,,
EXP_2031,CCO,experimental,0,,,
EXP_2032,CC(=O)O,experimental,1,,,
EXP_2033,C1CCCCC1,experimental,0,,,
EXP_2034,CCCCCC,experimental,0,,,
EXP_2035,CC(=O)C,experimental,1,,,
EXP_2036,C(C(=O)O)N,experimental,0,,,
EXP_2037,C1CC1,experimental,0,,,
EXP_2038,CCCC,experimental,1,,,
EXP_2039,C1=CC=C2C=CC=CC2=C1,experimental,0,,,
EXP_2040,CO,experimental,0,,,
EXP_2041,CCCCCO,experimental,1,,,
EXP_2042,C1CCCC1,experimental,0,,,
EXP_2043,CC(C)O,experimental,0,,,
EXP_2044,CCCCCCCC,experimental,1,,,
EXP_2045,CCO,experimental,0,,,
EXP_2046,CC(=O)O,experimental,0,,,
EXP_2047,C1CCCCC1,experimental,1,,,
EXP_2048,CCCCCC,experimental,0,,,
EXP_2049,CC(=O)C,experimental,0,,,
EXP_2050,C(C(=O)O)N,experimental,1,,,
EXP_2051,C1CC1,experimental,0,,,
EXP_2052,CCCC,experimental,0,,,
EXP_2053,C1=CC=C2C=CC=CC2=C1,experimental,1,,,
EXP_2054,CO,experimental,0,,,
EXP_2055,CCCCCO,experimental,0,,,
EXP_2056,C1CCCC1,experimental,1,,,
EXP_2057,CC(C)O,experimental,0,,,
EXP_2058,CCCCCCCC,experimental,0,,,
EXP_2059,CCO,experimental,1,,,
EXP_2060,CC(=O)O,experimental,0,,,
EXP_2061,C1CCCCC1,experimental,0,,,
EXP_2062,CCCCCC,experimental,1,,,
EXP_2063,CC(=O)C,experimental,0,,,
EXP_2064,C(C(=O)O)N,experimental,0,,,
EXP_2065,C1CC1,experimental,1,,,
EXP_2066,CCCC,experimental,0,,,
EXP_2067,C1=CC=C2C=CC=CC2=C1,experimental,0,,,
EXP_2068,CO,experimental,1,,,
EXP_2069,CCCCCO,experimental,0,,,
EXP_2070,C1CCCC1,experimental,0,,,
EXP_2071,CC(C)O,experimental,1,,,
EXP_2072,CCCCCCCC,experimental,0,,,
EXP_2073,CCO,experimental,0,,,
EXP_2074,CC(=O)O,experimental,1,,,
EXP_2075,C1CCCCC1,experimental,0,,,
EXP_2076,CCCCCC,experimental,0,,,
EXP_2077,CC(=O)C,experimental,1,,,
EXP_2078,C(C(=O)O)N,experimental,0,,,
EXP_2079,C1CC1,experimental,0,,,
EXP_2080,CCCC,experimental,1,,,
EXP_2081,C1=CC=C2C=CC=CC2=C1,experimental,0,,,
EXP_2082,CO,experimental,0,,,
EXP_2083,CCCCCO,experimental,1,,,
EXP_2084,C1CCCC1,experimental,0,,,
EXP_2085,CC(C)O,experimental,0,,,
EXP_2086,CCCCCCCC,experimental,1,,,
EXP_2087,CCO,experimental,0,,,
EXP_2088,CC(=O)O,experimental,0,,,
EXP_2089,C1CCCCC1,experimental,1,,,
EXP_2090,CCCCCC,experimental,0,,,
EXP_2091,CC(=O)C,experimental,0,,,
EXP_2092,C(C(=O)O)N,experimental,1,,,
EXP_2093,C1CC1,experimental,0,,,
EXP_2094,CCCC,experimental,0,,,
EXP_2095,C1=CC=C2C=CC=CC2=C1,experimental,1,,,
EXP_2096,CO,experimental,0,,,
EXP_2097,CCCCCO,experimental,0,,,
EXP_2098,C1CCCC1,experimental,1,,,
EXP_2099,CC(C)O,experimental,0,,,
EXP_2100,CCCCCCCC,experimental,0,,,
EXP_2101,CCO,experimental,1,,,
EXP_2102,CC(=O)O,experimental,0,,,
EXP_2103,C1CCCCC1,experimental,0,,,
EXP_2104,CCCCCC,experimental,1,,,
EXP_2105,CC(=O)C,experimental,0,,,
EXP_2106,C(C(=O)O)N,experimental,0,,,
EXP_2107,C1CC1,experimental,1,,,
EXP_2108,CCCC,experimental,0,,,
EXP_2109,C1=CC=C2C=CC=CC2=C1,experimental,0,,,
EXP_2110,CO,experimental,1,,,
EXP_2111,CCCCCO,experimental,0,,,
EXP_2112,C1CCCC1,experimental,0,,,
EXP_2113,CC(C)O,experimental,1,,,
EXP_2114,CCCCCCCC,experimental,0,,,
EXP_2115,CCO,experimental,0,,,
EXP_2116,CC(=O)O,experimental,1,,,
EXP_2117,C1CCCCC1,experimental,0,,,
EXP_2118,CCCCCC,experimental,0,,,
EXP_2119,CC(=O)C,experimental,1,,,
EXP_2120,C(C(=O)O)N,experimental,0,,,
EXP_2121,C1CC1,experimental,0,,,
EXP_2122,CCCC,experimental,1,,,
EXP_2123,C1=CC=C2C=CC=CC2=C1,experimental,0,,,
EXP_2124,CO,experimental,0,,,
EXP_2125,CCCCCO,experimental,1,,,
EXP_2126,C1CCCC1,experimental,0,,,
EXP_2127,CC(C)O,experimental,0,,,
EXP_2128,CCCCCCCC,experimental,1,,,
EXP_2129,CCO,experimental,0,,,
EXP_2130,CC(=O)O,experimental,0,,,
EXP_2131,C1CCCCC1,experimental,1,,,
EXP_2132,CCCCCC,experimental,0,,,
EXP_2133,CC(=O)C,experimental,0,,,
EXP_2134,C(C(=O)O)N,experimental,1,,,
EXP_2135,C1CC1,experimental,0,,,
EXP_2136,CCCC,experimental,0,,,
EXP_2137,C1=CC=C2C=CC=CC2=C1,experimental,1,,,
EXP_2138,CO,experimental,0,,,
EXP_2139,CCCCCO,experimental,0,,,
EXP_2140,C1CCCC1,experimental,1,,,
EXP_2141,CC(C)O,experimental,0,,,
EXP_2142,CCCCCCCC,experimental,0,,,
EXP_2143,CCO,experimental,1,,,
EXP_2144,CC(=O)O,experimental,0,,,
EXP_2145,C1CCCCC1,experimental,0,,,
EXP_2146,CCCCCC,experimental,1,,,
EXP_2147,CC(=O)C,experimental,0,,,
EXP_2148,C(C(=O)O)N,experimental,0,,,
EXP_2149,C1CC1,experimental,1,,,
EXP_2150,CCCC,experimental,0,,,
EXP_2151,C1=CC=C2C=CC=CC2=C1,experimental,0,,,
EXP_2152,CO,experimental,1,,,
EXP_2153,CCCCCO,experimental,0,,,
EXP_2154,C1CCCC1,experimental,0,,,
EXP_2155,CC(C)O,experimental,1,,,
EXP_2156,CCCCCCCC,experimental,0,,,
EXP_2157,CCO,experimental,0,,,
EXP_2158,CC(=O)O,experimental,1,,,
EXP_2159,C1CCCCC1,experimental,0,,,
EXP_2160,CCCCCC,experimental,0,,,
EXP_2161,CC(=O)C,experimental,1,,,
EXP_2162,C(C(=O)O)N,experimental,0,,,
EXP_2163,C1CC1,experimental,0,,,
EXP_2164,CCCC,experimental,1,,,
EXP_2165,C1=CC=C2C=CC=CC2=C1,experimental,0,,,
EXP_2166,CO,experimental,0,,,
EXP_2167,CCCCCO,experimental,1,,,
EXP_2168,C1CCCC1,experimental,0,,,
EXP_2169,CC(C)O,experimental,0,,,
EXP_2170,CCCCCCCC,experimental,1,,,
EXP_2171,CCO,experimental,0,,,
EXP_2172,CC(=O)O,experimental,0,,,
EXP_2173,C1CCCCC1,experimental,1,,,
EXP_2174,CCCCCC,experimental,0,,,
EXP_2175,CC(=O)C,experimental,0,,,
EXP_2176,C(C(=O)O)N,experimental,1,,,
EXP_2177,C1CC1,experimental,0,,,
EXP_2178,CCCC,experimental,0,,,
EXP_2179,C1=CC=C2C=CC=CC2=C1,experimental,1,,,
EXP_2180,CO,experimental,0,,,
EXP_2181,CCCCCO,experimental,0,,,
EXP_2182,C1CCCC1,experimental,1,,,
EXP_2183,CC(C)O,experimental,0,,,
EXP_2184,CCCCCCCC,experimental,0,,,
EXP_2185,CCO,experimental,1,,,
EXP_2186,CC(=O)O,experimental,0,,,
EXP_2187,C1CCCCC1,experimental,0,,,
EXP_2188,CCCCCC,experimental,1,,,
EXP_2189,CC(=O)C,experimental,0,,,
EXP_2190,C(C(=O)O)N,experimental,0,,,
EXP_2191,C1CC1,experimental,1,,,
EXP_2192,CCCC,experimental,0,,,
EXP_2193,C1=CC=C2C=CC=CC2=C1,experimental,0,,,
EXP_2194,CO,experimental,1,,,
EXP_2195,CCCCCO,experimental,0,,,
EXP_2196,C1CCCC1,experimental,0,,,
EXP_2197,CC(C)O,experimental,1,,,
EXP_2198,CCCCCCCC,experimental,0,,,
EXP_2199,CCO,experimental,0,,,
EXP_2200,CC(=O)O,experimental,1,,,
EXP_2201,C1CCCCC1,experimental,0,,,
EXP_2202,CCCCCC,experimental,0,,,
EXP_2203,CC(=O)C,experimental,1,,,
EXP_2204,C(C(=O)O)N,experimental,0,,,
EXP_2205,C1CC1,experimental,0,,,
EXP_2206,CCCC,experimental,1,,,
EXP_2207,C1=CC=C2C=CC=CC2=C1,experimental,0,,,
EXP_2208,CO,experimental,0,,,
EXP_2209,CCCCCO,experimental,1,,,
EXP_2210,C1CCCC1,experimental,0,,,
EXP_2211,CC(C)O,experimental,0,,,
EXP_2212,CCCCCCCC,experimental,1,,,
EXP_2213,CCO,experimental,0,,,
EXP_2214,CC(=O)O,experimental,0,,,
EXP_2215,C1CCCCC1,experimental,1,,,
EXP_2216,CCCCCC,experimental,0,,,
EXP_2217,CC(=O)C,experimental,0,,,
EXP_2218,C(C(=O)O)N,experimental,1,,,
EXP_2219,C1CC1,experimental,0,,,
EXP_2220,CCCC,experimental,0,,,
EXP_2221,C1=CC=C2C=CC=CC2=C1,experimental,1,,,
EXP_2222,CO,experimental,0,,,
EXP_2223,CCCCCO,experimental,0,,,
EXP_2224,C1CCCC1,experimental,1,,,
EXP_2225,CC(C)O,experimental,0,,,
EXP_2226,CCCCCCCC,experimental,0,,,
EXP_2227,CCO,experimental,1,,,
EXP_2228,CC(=O)O,experimental,0,,,
EXP_2229,C1CCCCC1,experimental,0,,,
EXP_2230,CCCCCC,experimental,1,,,
EXP_2231,CC(=O)C,experimental,0,,,
EXP_2232,C(C(=O)O)N,experimental,0,,,
EXP_2233,C1CC1,experimental,1,,,
EXP_2234,CCCC,experimental,0,,,
EXP_2235,C1=CC=C2C=CC=CC2=C1,experimental,0,,,
EXP_2236,CO,experimental,1,,,
EXP_2237,CCCCCO,experimental,0,,,
EXP_2238,C1CCCC1,experimental,0,,,
EXP_2239,CC(C)O,experimental,1,,,
EXP_2240,CCCCCCCC,experimental,0,,,
EXP_2241,CCO,experimental,0,,,
EXP_2242,CC(=O)O,experimental,1,,,
EXP_2243,C1CCCCC1,experimental,0,,,
EXP_2244,CCCCCC,experimental,0,,,
EXP_2245,CC(=O)C,experimental,1,,,
EXP_2246,C(C(=O)O)N,experimental,0,,,
EXP_2247,C1CC1,experimental,0,,,
EXP_2248,CCCC,experimental,1,,,
EXP_2249,C1=CC=C2C=CC=CC2=C1,experimental,0,,,
EXP_2250,CO,experimental,0,,,
EXP_2251,CCCCCO,experimental,1,,,
EXP_2252,C1CCCC1,experimental,0,,,
EXP_2253,CC(C)O,experimental,0,,,
EXP_2254,CCCCCCCC,experimental,1,,,
EXP_2255,CCO,experimental,0,,,
EXP_2256,CC(=O)O,experimental,0,,,
EXP_2257,C1CCCCC1,experimental,1,,,
EXP_2258,CCCCCC,experimental,0,,,
EXP_2259,CC(=O)C,experimental,0,,,
EXP_2260,C(C(=O)O)N,experimental,1,,,
EXP_2261,C1CC1,experimental,0,,,
EXP_2262,CCCC,experimental,0,,,
EXP_2263,C1=CC=C2C=CC=CC2=C1,experimental,1,,,
EXP_2264,CO,experimental,0,,,
EXP_2265,CCCCCO,experimental,0,,,
EXP_2266,C1CCCC1,experimental,1,,,
EXP_2267,CC(C)O,experimental,0,,,
EXP_2268,CCCCCCCC,experimental,0,,,
EXP_2269,CCO,experimental,1,,,
EXP_2270,CC(=O)O,experimental,0,,,
EXP_2271,C1CCCCC1,experimental,0,,,
EXP_2272,CCCCCC,experimental,1,,,
EXP_2273,CC(=O)C,experimental,0,,,
EXP_2274,C(C(=O)O)N,experimental,0,,,
EXP_2275,C1CC1,experimental,1,,,
EXP_2276,CCCC,experimental,0,,,
EXP_2277,C1=CC=C2C=CC=CC2=C1,experimental,0,,,
EXP_2278,CO,experimental,1,,,
EXP_2279,CCCCCO,experimental,0,,,
EXP_2280,C1CCCC1,experimental,0,,,
EXP_2281,CC(C)O,experimental,1,,,
EXP_2282,CCCCCCCC,experimental,0,,,
EXP_2283,CCO,experimental,0,,,
EXP_2284,CC(=O)O,experimental,1,,,
EXP_2285,C1CCCCC1,experimental,0,,,
EXP_2286,CCCCCC,experimental,0,,,
EXP_2287,CC(=O)C,experimental,1,,,
EXP_2288,C(C(=O)O)N,experimental,0,,,
EXP_2289,C1CC1,experimental,0,,,
EXP_2290,CCCC,experimental,1,,,
EXP_2291,C1=CC=C2C=CC=CC2=C1,experimental,0,,,
EXP_2292,CO,experimental,0,,,
EXP_2293,CCCCCO,experimental,1,,,
EXP_2294,C1CCCC1,experimental,0,,,
EXP_2295,CC(C)O,experimental,0,,,
EXP_2296,CCCCCCCC,experimental,1,,,
EXP_2297,CCO,experimental,0,,,
EXP_2298,CC(=O)O,experimental,0,,,
EXP_2299,C1CCCCC1,experimental,1,,,
EXP_2300,CCCCCC,experimental,0,,,
EXP_2301,CC(=O)C,experimental,0,,,
EXP_2302,C(C(=O)O)N,experimental,1,,,
EXP_2303,C1CC1,experimental,0,,,
EXP_2304,CCCC,experimental,0,,,
EXP_2305,C1=CC=C2C=CC=CC2=C1,experimental,1,,,
EXP_2306,CO,experimental,0,,,
EXP_2307,CCCCCO,experimental,0,,,
EXP_2308,C1CCCC1,experimental,1,,,
EXP_2309,CC(C)O,experimental,0,,,
EXP_2310,CCCCCCCC,experimental,0,,,
EXP_2311,CCO,experimental,1,,,
EXP_2312,CC(=O)O,experimental,0,,,
EXP_2313,C1CCCCC1,experimental,0,,,
EXP_2314,CCCCCC,experimental,1,,,
EXP_2315,CC(=O)C,experimental,0,,,
EXP_2316,C(C(=O)O)N,experimental,0,,,
EXP_2317,C1CC1,experimental,1,,,
EXP_2318,CCCC,experimental,0,,,
EXP_2319,C1=CC=C2C=CC=CC2=C1,experimental,0,,,
EXP_2320,CO,experimental,1,,,
EXP_2321,CCCCCO,experimental,0,,,
EXP_2322,C1CCCC1,experimental,0,,,
EXP_2323,CC(C)O,experimental,1,,,
EXP_2324,CCCCCCCC,experimental,0,,,
EXP_2325,CCO,experimental,0,,,
EXP_2326,CC(=O)O,experimental,1,,,
EXP_2327,C1CCCCC1,experimental,0,,,
EXP_2328,CCCCCC,experimental,0,,,
EXP_2329,CC(=O)C,experimental,1,,,
EXP_2330,C(C(=O)O)N,experimental,0,,,
EXP_2331,C1CC1,experimental,0,,,
EXP_2332,CCCC,experimental,1,,,
EXP_2333,C1=CC=C2C=CC=CC2=C1,experimental,0,,,
EXP_2334,CO,experimental,0,,,
EXP_2335,CCCCCO,experimental,1,,,
EXP_2336,C1CCCC1,experimental,0,,,
EXP_2337,CC(C)O,experimental,0,,,
EXP_2338,CCCCCCCC,experimental,1,,,
EXP_2339,CCO,experimental,0,,,
EXP_2340,CC(=O)O,experimental,0,,,
EXP_2341,C1CCCCC1,experimental,1,,,
EXP_2342,CCCCCC,experimental,0,,,
EXP_2343,CC(=O)C,experimental,0,,,
EXP_2344,C(C(=O)O)N,experimental,1,,,
EXP_2345,C1CC1,experimental,0,,,
EXP_2346,CCCC,experimental,0,,,
EXP_2347,C1=CC=C2C=CC=CC2=C1,experimental,1,,,
EXP_2348,CO,experimental,0,,,
EXP_2349,CCCCCO,experimental,0,,,
EXP_2350,C1CCCC1,experimental,1,,,
EXP_2351,CC(C)O,experimental,0,,,
EXP_2352,CCCCCCCC,experimental,0,,,
EXP_2353,CCO,experimental,1,,,
EXP_2354,CC(=O)O,experimental,0,,,
EXP_2355,C1CCCCC1,experimental,0,,,
EXP_2356,CCCCCC,experimental,1,,,
EXP_2357,CC(=O)C,experimental,0,,,
EXP_2358,C(C(=O)O)N,experimental,0,,,
EXP_2359,C1CC1,experimental,1,,,
EXP_2360,CCCC,experimental,0,,,
EXP_2361,C1=CC=C2C=CC=CC2=C1,experimental,0,,,
EXP_2362,CO,experimental,1,,,
EXP_2363,CCCCCO,experimental,0,,,
EXP_2364,C1CCCC1,experimental,0,,,
EXP_2365,CC(C)O,experimental,1,,,
EXP_2366,CCCCCCCC,experimental,0,,,
EXP_2367,CCO,experimental,0,,,
EXP_2368,CC(=O)O,experimental,1,,,
EXP_2369,C1CCCCC1,experimental,0,,,
EXP_2370,CCCCCC,experimental,0,,,
EXP_2371,CC(=O)C,experimental,1,,,
EXP_2372,C(C(=O)O)N,experimental,0,,,
EXP_2373,C1CC1,experimental,0,,,
EXP_2374,CCCC,experimental,1,,,
EXP_2375,C1=CC=C2C=CC=CC2=C1,experimental,0,,,
EXP_2376,CO,experimental,0,,,
EXP_2377,CCCCCO,experimental,1,,,
EXP_2378,C1CCCC1,experimental,0,,,
EXP_2379,CC(C)O,experimental,0,,,
EXP_2380,CCCCCCCC,experimental,1,,,
EXP_2381,CCO,experimental,0,,,
EXP_2382,CC(=O)O,experimental,0,,,
EXP_2383,C1CCCCC1,experimental,1,,,
EXP_2384,CCCCCC,experimental,0,,,
EXP_2385,CC(=O)C,experimental,0,,,
EXP_2386,C(C(=O)O)N,experimental,1,,,
EXP_2387,C1CC1,experimental,0,,,
EXP_2388,CCCC,experimental,0,,,
EXP_2389,C1=CC=C2C=CC=CC2=C1,experimental,1,,,
EXP_2390,CO,experimental,0,,,
EXP_2391,CCCCCO,experimental,0,,,
EXP_2392,C1CCCC1,experimental,1,,,
EXP_2393,CC(C)O,experimental,0,,,
EXP_2394,CCCCCCCC,experimental,0,,,
EXP_2395,CCO,experimental,1,,,
EXP_2396,CC(=O)O,experimental,0,,,
EXP_2397,C1CCCCC1,experimental,0,,,
EXP_2398,CCCCCC,experimental,1,,,
EXP_2399,CC(=O)C,experimental,0,,,
EXP_2400,C(C(=O)O)N,experimental,0,,,
EXP_2401,C1CC1,experimental,1,,,
EXP_2402,CCCC,experimental,0,,,
EXP_2403,C1=CC=C2C=CC=CC2=C1,experimental,0,,,
EXP_2404,CO,experimental,1,,,
EXP_2405,CCCCCO,experimental,0,,,
EXP_2406,C1CCCC1,experimental,0,,,
EXP_2407,CC(C)O,experimental,1,,,
EXP_2408,CCCCCCCC,experimental,0,,,
EXP_2409,CCO,experimental,0,,,
EXP_2410,CC(=O)O,experimental,1,,,
EXP_2411,C1CCCCC1,experimental,0,,,
EXP_2412,CCCCCC,experimental,0,,,
EXP_2413,CC(=O)C,experimental,1,,,
EXP_2414,C(C(=O)O)N,experimental,0,,,
EXP_2415,C1CC1,experimental,0,,,
EXP_2416,CCCC,experimental,1,,,
EXP_2417,C1=CC=C2C=CC=CC2=C1,experimental,0,,,
EXP_2418,CO,experimental,0,,,
EXP_2419,CCCCCO,experimental,1,,,
EXP_2420,C1CCCC1,experimental,0,,,
EXP_2421,CC(C)O,experimental,0,,,
EXP_2422,CCCCCCCC,experimental,1,,,
EXP_2423,CCO,experimental,0,,,
EXP_2424,CC(=O)O,experimental,0,,,
EXP_2425,C1CCCCC1,experimental,1,,,
EXP_2426,CCCCCC,experimental,0,,,
EXP_2427,CC(=O)C,experimental,0,,,
EXP_2428,C(C(=O)O)N,experimental,1,,,
EXP_2429,C1CC1,experimental,0,,,
EXP_2430,CCCC,experimental,0,,,
EXP_2431,C1=CC=C2C=CC=CC2=C1,experimental,1,,,
EXP_2432,CO,experimental,0,,,
EXP_2433,CCCCCO,experimental,0,,,
EXP_2434,C1CCCC1,experimental,1,,,
EXP_2435,CC(C)O,experimental,0,,,
EXP_2436,CCCCCCCC,experimental,0,,,
EXP_2437,CCO,experimental,1,,,
EXP_2438,CC(=O)O,experimental,0,,,
EXP_2439,C1CCCCC1,experimental,0,,,
EXP_2440,CCCCCC,experimental,1,,,
EXP_2441,CC(=O)C,experimental,0,,,
EXP_2442,C(C(=O)O)N,experimental,0,,,
EXP_2443,C1CC1,experimental,1,,,
EXP_2444,CCCC,experimental,0,,,
EXP_2445,C1=CC=C2C=CC=CC2=C1,experimental,0,,,
EXP_2446,CO,experimental,1,,,
EXP_2447,CCCCCO,experimental,0,,,
EXP_2448,C1CCCC1,experimental,0,,,
EXP_2449,CC(C)O,experimental,1,,,
EXP_2450,CCCCCCCC,experimental,0,,,
EXP_2451,CCO,experimental,0,,,
EXP_2452,CC(=O)O,experimental,1,,,
EXP_2453,C1CCCCC1,experimental,0,,,
EXP_2454,CCCCCC,experimental,0,,,
EXP_2455,CC(=O)C,experimental,1,,,
EXP_2456,C(C(=O)O)N,experimental,0,,,
EXP_2457,C1CC1,experimental,0,,,
EXP_2458,CCCC,experimental,1,,,
EXP_2459,C1=CC=C2C=CC=CC2=C1,experimental,0,,,
EXP_2460,CO,experimental,0,,,
EXP_2461,CCCCCO,experimental,1,,,
EXP_2462,C1CCCC1,experimental,0,,,
EXP_2463,CC(C)O,experimental,0,,,
EXP_2464,CCCCCCCC,experimental,1,,,
EXP_2465,CCO,experimental,0,,,
EXP_2466,CC(=O)O,experimental,0,,,
EXP_2467,C1CCCCC1,experimental,1,,,
EXP_2468,CCCCCC,experimental,0,,,
EXP_2469,CC(=O)C,experimental,0,,,
EXP_2470,C(C(=O)O)N,experimental,1,,,
EXP_2471,C1CC1,experimental,0,,,
EXP_2472,CCCC,experimental,0,,,
EXP_2473,C1=CC=C2C=CC=CC2=C1,experimental,1,,,
EXP_2474,CO,experimental,0,,,
EXP_2475,CCCCCO,experimental,0,,,
EXP_2476,C1CCCC1,experimental,1,,,
EXP_2477,CC(C)O,experimental,0,,,
EXP_2478,CCCCCCCC,experimental,0,,,
EXP_2479,CCO,experimental,1,,,
EXP_2480,CC(=O)O,experimental,0,,,
EXP_2481,C1CCCCC1,experimental,0,,,
EXP_2482,CCCCCC,experimental,1,,,
EXP_2483,CC(=O)C,experimental,0,,,
EXP_2484,C(C(=O)O)N,experimental,0,,,
EXP_2485,C1CC1,experimental,1,,,
EXP_2486,CCCC,experimental,0,,,
EXP_2487,C1=CC=C2C=CC=CC2=C1,experimental,0,,,
EXP_2488,CO,experimental,1,,,
EXP_2489,CCCCCO,experimental,0,,,
EXP_2490,C1CCCC1,experimental,0,,,
EXP_2491,CC(C)O,experimental,1,,,
EXP_2492,CCCCCCCC,experimental,0,,,
EXP_2493,CCO,experimental,0,,,
EXP_2494,CC(=O)O,experimental,1,,,
EXP_2495,C1CCCCC1,experimental,0,,,
EXP_2496,CCCCCC,experimental,0,,,
EXP_2497,CC(=O)C,experimental,1,,,
EXP_2498,C(C(=O)O)N,experimental,0,,,
EXP_2499,C1CC1,experimental,0,,,
EXP_2500,CCCC,experimental,1,,,
EXP_2501,C1=CC=C2C=CC=CC2=C1,experimental,0,,,
EXP_2502,CO,experimental,0,,,
EXP_2503,CCCCCO,experimental,1,,,
EXP_2504,C1CCCC1,experimental,0,,,
EXP_2505,CC(C)O,experimental,0,,,
EXP_2506,CCCCCCCC,experimental,1,,,
EXP_2507,CCO,experimental,0,,,
EXP_2508,CC(=O)O,experimental,0,,,
EXP_2509,C1CCCCC1,experimental,1,,,
EXP_2510,CCCCCC,experimental,0,,,
EXP_2511,CC(=O)C,experimental,0,,,
EXP_2512,C(C(=O)O)N,experimental,1,,,
EXP_2513,C1CC1,experimental,0,,,
EXP_2514,CCCC,experimental,0,,,
EXP_2515,C1=CC=C2C=CC=CC2=C1,experimental,1,,,
EXP_2516,CO,experimental,0,,,
EXP_2517,CCCCCO,experimental,0,,,
EXP_2518,C1CCCC1,experimental,1,,,
EXP_2519,CC(C)O,experimental,0,,,
EXP_2520,CCCCCCCC,experimental,0,,,
EXP_2521,CCO,experimental,1,,,
EXP_2522,CC(=O)O,experimental,0,,,
EXP_2523,C1CCCCC1,experimental,0,,,
EXP_2524,CCCCCC,experimental,1,,,
EXP_2525,CC(=O)C,experimental,0,,,
EXP_2526,C(C(=O)O)N,experimental,0,,,
EXP_2527,C1CC1,experimental,1,,,
EXP_2528,CCCC,experimental,0,,,
EXP_2529,C1=CC=C2C=CC=CC2=C1,experimental,0,,,
EXP_2530,CO,experimental,1,,,
EXP_2531,CCCCCO,experimental,0,,,
EXP_2532,C1CCCC1,experimental,0,,,
EXP_2533,CC(C)O,experimental,1,,,
EXP_2534,CCCCCCCC,experimental,0,,,
EXP_2535,CCO,experimental,0,,,
EXP_2536,CC(=O)O,experimental,1,,,
EXP_2537,C1CCCCC1,experimental,0,,,
EXP_2538,CCCCCC,experimental,0,,,
EXP_2539,CC(=O)C,experimental,1,,,
EXP_2540,C(C(=O)O)N,experimental,0,,,
EXP_2541,C1CC1,experimental,0,,,
EXP_2542,CCCC,experimental,1,,,
EXP_2543,C1=CC=C2C=CC=CC2=C1,experimental,0,,,
EXP_2544,CO,experimental,0,,,
EXP_2545,CCCCCO,experimental,1,,,
EXP_2546,C1CCCC1,experimental,0,,,
EXP_2547,CC(C)O,experimental,0,,,
EXP_2548,CCCCCCCC,experimental,1,,,
EXP_2549,CCO,experimental,0,,,
EXP_2550,CC(=O)O,experimental,0,,,
EXP_2551,C1CCCCC1,experimental,1,,,
EXP_2552,CCCCCC,experimental,0,,,
EXP_2553,CC(=O)C,experimental,0,,,
EXP_2554,C(C(=O)O)N,experimental,1,,,
EXP_2555,C1CC1,experimental,0,,,
EXP_2556,CCCC,experimental,0,,,
EXP_2557,C1=CC=C2C=CC=CC2=C1,experimental,1,,,
EXP_2558,CO,experimental,0,,,
EXP_2559,CCCCCO,experimental,0,,,
EXP_2560,C1CCCC1,experimental,1,,,
EXP_2561,CC(C)O,experimental,0,,,
EXP_2562,CCCCCCCC,experimental,0,,,
EXP_2563,CCO,experimental,1,,,
EXP_2564,CC(=O)O,experimental,0,,,
EXP_2565,C1CCCCC1,experimental,0,,,
EXP_2566,CCCCCC,experimental,1,,,
EXP_2567,CC(=O)C,experimental,0,,,
EXP_2568,C(C(=O)O)N,experimental,0,,,
EXP_2569,C1CC1,experimental,1,,,
EXP_2570,CCCC,experimental,0,,,
EXP_2571,C1=CC=C2C=CC=CC2=C1,experimental,0,,,
EXP_2572,CO,experimental,1,,,
EXP_2573,CCCCCO,experimental,0,,,
EXP_2574,C1CCCC1,experimental,0,,,
EXP_2575,CC(C)O,experimental,1,,,
EXP_2576,CCCCCCCC,experimental,0,,,
EXP_2577,CCO,experimental,0,,,
EXP_2578,CC(=O)O,experimental,1,,,
EXP_2579,C1CCCCC1,experimental,0,,,
EXP_2580,CCCCCC,experimental,0,,,
EXP_2581,CC(=O)C,experimental,1,,,
EXP_2582,C(C(=O)O)N,experimental,0,,,
EXP_2583,C1CC1,experimental,0,,,
EXP_2584,CCCC,experimental,1,,,
EXP_2585,C1=CC=C2C=CC=CC2=C1,experimental,0,,,
EXP_2586,CO,experimental,0,,,
EXP_2587,CCCCCO,experimental,1,,,
EXP_2588,C1CCCC1,experimental,0,,,
EXP_2589,CC(C)O,experimental,0,,,
EXP_2590,CCCCCCCC,experimental,1,,,
EXP_2591,CCO,experimental,0,,,
EXP_2592,CC(=O)O,experimental,0,,,
EXP_2593,C1CCCCC1,experimental,1,,,
EXP_2594,CCCCCC,experimental,0,,,
EXP_2595,CC(=O)C,experimental,0,,,
EXP_2596,C(C(=O)O)N,experimental,1,,,
EXP_2597,C1CC1,experimental,0,,,
EXP_2598,CCCC,experimental,0,,,
EXP_2599,C1=CC=C2C=CC=CC2=C1,experimental,1,,,
EXP_2600,CO,experimental,0,,,
EXP_2601,CCCCCO,experimental,0,,,
EXP_2602,C1CCCC1,experimental,1,,,
EXP_2603,CC(C)O,experimental,0,,,
EXP_2604,CCCCCCCC,experimental,0,,,
EXP_2605,CCO,experimental,1,,,
EXP_2606,CC(=O)O,experimental,0,,,
EXP_2607,C1CCCCC1,experimental,0,,,
EXP_2608,CCCCCC,experimental,1,,,
EXP_2609,CC(=O)C,experimental,0,,,
EXP_2610,C(C(=O)O)N,experimental,0,,,
EXP_2611,C1CC1,experimental,1,,,
EXP_2612,CCCC,experimental,0,,,
EXP_2613,C1=CC=C2C=CC=CC2=C1,experimental,0,,,
EXP_2614,CO,experimental,1,,,
EXP_2615,CCCCCO,experimental,0,,,
EXP_2616,C1CCCC1,experimental,0,,,
EXP_2617,CC(C)O,experimental,1,,,
EXP_2618,CCCCCCCC,experimental,0,,,
EXP_2619,CCO,experimental,0,,,
EXP_2620,CC(=O)O,experimental,1,,,
EXP_2621,C1CCCCC1,experimental,0,,,
EXP_2622,CCCCCC,experimental,0,,,
EXP_2623,CC(=O)C,experimental,1,,,
EXP_2624,C(C(=O)O)N,experimental,0,,,
EXP_2625,C1CC1,experimental,0,,,
EXP_2626,CCCC,experimental,1,,,
EXP_2627,C1=CC=C2C=CC=CC2=C1,experimental,0,,,
EXP_2628,CO,experimental,0,,,
EXP_2629,CCCCCO,experimental,1,,,
EXP_2630,C1CCCC1,experimental,0,,,
EXP_2631,CC(C)O,experimental,0,,,
EXP_2632,CCCCCCCC,experimental,1,,,
EXP_2633,CCO,experimental,0,,,
EXP_2634,CC(=O)O,experimental,0,,,
EXP_2635,C1CCCCC1,experimental,1,,,
EXP_2636,CCCCCC,experimental,0,,,
EXP_2637,CC(=O)C,experimental,0,,,
EXP_2638,C(C(=O)O)N,experimental,1,,,
EXP_2639,C1CC1,experimental,0,,,
EXP_2640,CCCC,experimental,0,,,
EXP_2641,C1=CC=C2C=CC=CC2=C1,experimental,1,,,
EXP_2642,CO,experimental,0,,,
EXP_2643,CCCCCO,experimental,0,,,
EXP_2644,C1CCCC1,experimental,1,,,
EXP_2645,CC(C)O,experimental,0,,,
EXP_2646,CCCCCCCC,experimental,0,,,
EXP_2647,CCO,experimental,1,,,
EXP_2648,CC(=O)O,experimental,0,,,
EXP_2649,C1CCCCC1,experimental,0,,,
EXP_2650,CCCCCC,experimental,1,,,
EXP_2651,CC(=O)C,experimental,0,,,
EXP_2652,C(C(=O)O)N,experimental,0,,,
EXP_2653,C1CC1,experimental,1,,,
EXP_2654,CCCC,experimental,0,,,
EXP_2655,C1=CC=C2C=CC=CC2=C1,experimental,0,,,
EXP_2656,CO,experimental,1,,,
EXP_2657,CCCCCO,experimental,0,,,
EXP_2658,C1CCCC1,experimental,0,,,
EXP_2659,CC(C)O,experimental,1,,,
EXP_2660,CCCCCCCC,experimental,0,,,
EXP_2661,CCO,experimental,0,,,
EXP_2662,CC(=O)O,experimental,1,,,
EXP_2663,C1CCCCC1,experimental,0,,,
EXP_2664,CCCCCC,experimental,0,,,
EXP_2665,CC(=O)C,experimental,1,,,
EXP_2666,C(C(=O)O)N,experimental,0,,,
EXP_2667,C1CC1,experimental,0,,,
EXP_2668,CCCC,experimental,1,,,
EXP_2669,C1=CC=C2C=CC=CC2=C1,experimental,0,,,
EXP_2670,CO,experimental,0,,,
EXP_2671,CCCCCO,experimental,1,,,
EXP_2672,C1CCCC1,experimental,0,,,
EXP_2673,CC(C)O,experimental,0,,,
EXP_2674,CCCCCCCC,experimental,1,,,
EXP_2675,CCO,experimental,0,,,
EXP_2676,CC(=O)O,experimental,0,,,
EXP_2677,C1CCCCC1,experimental,1,,,
EXP_2678,CCCCCC,experimental,0,,,
EXP_2679,CC(=O)C,experimental,0,,,
EXP_2680,C(C(=O)O)N,experimental,1,,,
EXP_2681,C1CC1,experimental,0,,,
EXP_2682,CCCC,experimental,0,,,
EXP_2683,C1=CC=C2C=CC=CC2=C1,experimental,1,,,
EXP_2684,CO,experimental,0,,,
EXP_2685,CCCCCO,experimental,0,,,
EXP_2686,C1CCCC1,experimental,1,,,
EXP_2687,CC(C)O,experimental,0,,,
EXP_2688,CCCCCCCC,experimental,0,,,
EXP_2689,CCO,experimental,1,,,
EXP_2690,CC(=O)O,experimental,0,,,
EXP_2691,C1CCCCC1,experimental,0,,,
EXP_2692,CCCCCC,experimental,1,,,
EXP_2693,CC(=O)C,experimental,0,,,
EXP_2694,C(C(=O)O)N,experimental,0,,,
EXP_2695,C1CC1,experimental,1,,,
EXP_2696,CCCC,experimental,0,,,
EXP_2697,C1=CC=C2C=CC=CC2=C1,experimental,0,,,
EXP_2698,CO,experimental,1,,,
EXP_2699,CCCCCO,experimental,0,,,
EXP_2700,C1CCCC1,experimental,0,,,
EXP_2701,CC(C)O,experimental,1,,,
EXP_2702,CCCCCCCC,experimental,0,,,
EXP_2703,CCO,experimental,0,,,
EXP_2704,CC(=O)O,experimental,1,,,
EXP_2705,C1CCCCC1,experimental,0,,,
EXP_2706,CCCCCC,experimental,0,,,
EXP_2707,CC(=O)C,experimental,1,,,
EXP_2708,C(C(=O)O)N,experimental,0,,,
EXP_2709,C1CC1,experimental,0,,,
EXP_2710,CCCC,experimental,1,,,
EXP_2711,C1=CC=C2C=CC=CC2=C1,experimental,0,,,
EXP_2712,CO,experimental,0,,,
EXP_2713,CCCCCO,experimental,1,,,
EXP_2714,C1CCCC1,experimental,0,,,
EXP_2715,CC(C)O,experimental,0,,,
EXP_2716,CCCCCCCC,experimental,1,,,
EXP_2717,CCO,experimental,0,,,
EXP_2718,CC(=O)O,experimental,0,,,
EXP_2719,C1CCCCC1,experimental,1,,,
EXP_2720,CCCCCC,experimental,0,,,
EXP_2721,CC(=O)C,experimental,0,,,
EXP_2722,C(C(=O)O)N,experimental,1,,,
EXP_2723,C1CC1,experimental,0,,,
EXP_2724,CCCC,experimental,0,,,
EXP_2725,C1=CC=C2C=CC=CC2=C1,experimental,1,,,
EXP_2726,CO,experimental,0,,,
EXP_2727,CCCCCO,experimental,0,,,
EXP_2728,C1CCCC1,experimental,1,,,
EXP_2729,CC(C)O,experimental,0,,,
EXP_2730,CCCCCCCC,experimental,0,,,
EXP_2731,CCO,experimental,1,,,
EXP_2732,CC(=O)O,experimental,0,,,
EXP_2733,C1CCCCC1,experimental,0,,,
EXP_2734,CCCCCC,experimental,1,,,
EXP_2735,CC(=O)C,experimental,0,,,
EXP_2736,C(C(=O)O)N,experimental,0,,,
EXP_2737,C1CC1,experimental,1,,,
EXP_2738,CCCC,experimental,0,,,
EXP_2739,C1=CC=C2C=CC=CC2=C1,experimental,0,,,
EXP_2740,CO,experimental,1,,,
EXP_2741,CCCCCO,experimental,0,,,
EXP_2742,C1CCCC1,experimental,0,,,
EXP_2743,CC(C)O,experimental,1,,,
EXP_2744,CCCCCCCC,experimental,0,,,
EXP_2745,CCO,experimental,0,,,
EXP_2746,CC(=O)O,experimental,1,,,
EXP_2747,C1CCCCC1,experimental,0,,,
EXP_2748,CCCCCC,experimental,0,,,
EXP_2749,CC(=O)C,experimental,1,,,
EXP_2750,C(C(=O)O)N,experimental,0,,,
EXP_2751,C1CC1,experimental,0,,,
EXP_2752,CCCC,experimental,1,,,
EXP_2753,C1=CC=C2C=CC=CC2=C1,experimental,0,,,
EXP_2754,CO,experimental,0,,,
EXP_2755,CCCCCO,experimental,1,,,
EXP_2756,C1CCCC1,experimental,0,,,
EXP_2757,CC(C)O,experimental,0,,,
EXP_2758,CCCCCCCC,experimental,1,,,
EXP_2759,CCO,experimental,0,,,
EXP_2760,CC(=O)O,experimental,0,,,
EXP_2761,C1CCCCC1,experimental,1,,,
EXP_2762,CCCCCC,experimental,0,,,
EXP_2763,CC(=O)C,experimental,0,,,
EXP_2764,C(C(=O)O)N,experimental,1,,,
EXP_2765,C1CC1,experimental,0,,,
EXP_2766,CCCC,experimental,0,,,
EXP_2767,C1=CC=C2C=CC=CC2=C1,experimental,1,,,
EXP_2768,CO,experimental,0,,,
EXP_2769,CCCCCO,experimental,0,,,
EXP_2770,C1CCCC1,experimental,1,,,
EXP_2771,CC(C)O,experimental,0,,,
EXP_2772,CCCCCCCC,experimental,0,,,
EXP_2773,CCO,experimental,1,,,
EXP_2774,CC(=O)O,experimental,0,,,
EXP_2775,C1CCCCC1,experimental,0,,,
EXP_2776,CCCCCC,experimental,1,,,
EXP_2777,CC(=O)C,experimental,0,,,
EXP_2778,C(C(=O)O)N,experimental,0,,,
EXP_2779,C1CC1,experimental,1,,,
EXP_2780,CCCC,experimental,0,,,
EXP_2781,C1=CC=C2C=CC=CC2=C1,experimental,0,,,
EXP_2782,CO,experimental,1,,,
EXP_2783,CCCCCO,experimental,0,,,
EXP_2784,C1CCCC1,experimental,0,,,
EXP_2785,CC(C)O,experimental,1,,,
EXP_2786,CCCCCCCC,experimental,0,,,
EXP_2787,CCO,experimental,0,,,
EXP_2788,CC(=O)O,experimental,1,,,
EXP_2789,C1CCCCC1,experimental,0,,,
EXP_2790,CCCCCC,experimental,0,,,
EXP_2791,CC(=O)C,experimental,1,,,
EXP_2792,C(C(=O)O)N,experimental,0,,,
EXP_2793,C1CC1,experimental,0,,,
EXP_2794,CCCC,experimental,1,,,
EXP_2795,C1=CC=C2C=CC=CC2=C1,experimental,0,,,
EXP_2796,CO,experimental,0,,,
EXP_2797,CCCCCO,experimental,1,,,
EXP_2798,C1CCCC1,experimental,0,,,
EXP_2799,CC(C)O,experimental,0,,,
EXP_2800,CCCCCCCC,experimental,1,,,
EXP_2801,CCO,experimental,0,,,
EXP_2802,CC(=O)O,experimental,0,,,
EXP_2803,C1CCCCC1,experimental,1,,,
EXP_2804,CCCCCC,experimental,0,,,
EXP_2805,CC(=O)C,experimental,0,,,
EXP_2806,C(C(=O)O)N,experimental,1,,,
EXP_2807,C1CC1,experimental,0,,,
EXP_2808,CCCC,experimental,0,,,
EXP_2809,C1=CC=C2C=CC=CC2=C1,experimental,1,,,
EXP_2810,CO,experimental,0,,,
EXP_2811,CCCCCO,experimental,0,,,
EXP_2812,C1CCCC1,experimental,1,,,
EXP_2813,CC(C)O,experimental,0,,,
EXP_2814,CCCCCCCC,experimental,0,,,
EXP_2815,CCO,experimental,1,,,
EXP_2816,CC(=O)O,experimental,0,,,
EXP_2817,C1CCCCC1,experimental,0,,,
EXP_2818,CCCCCC,experimental,1,,,
EXP_2819,CC(=O)C,experimental,0,,,
EXP_2820,C(C(=O)O)N,experimental,0,,,
EXP_2821,C1CC1,experimental,1,,,
EXP_2822,CCCC,experimental,0,,,
EXP_2823,C1=CC=C2C=CC=CC2=C1,experimental,0,,,
EXP_2824,CO,experimental,1,,,
EXP_2825,CCCCCO,experimental,0,,,
EXP_2826,C1CCCC1,experimental,0,,,
EXP_2827,CC(C)O,experimental,1,,,
EXP_2828,CCCCCCCC,experimental,0,,,
EXP_2829,CCO,experimental,0,,,
EXP_2830,CC(=O)O,experimental,1,,,
EXP_2831,C1CCCCC1,experimental,0,,,
EXP_2832,CCCCCC,experimental,0,,,
EXP_2833,CC(=O)C,experimental,1,,,
EXP_2834,C(C(=O)O)N,experimental,0,,,
EXP_2835,C1CC1,experimental,0,,,
EXP_2836,CCCC,experimental,1,,,
EXP_2837,C1=CC=C2C=CC=CC2=C1,experimental,0,,,
EXP_2838,CO,experimental,0,,,
EXP_2839,CCCCCO,experimental,1,,,
EXP_2840,C1CCCC1,experimental,0,,,
EXP_2841,CC(C)O,experimental,0,,,
EXP_2842,CCCCCCCC,experimental,1,,,
EXP_2843,CCO,experimental,0,,,
EXP_2844,CC(=O)O,experimental,0,,,
EXP_2845,C1CCCCC1,experimental,1,,,
EXP_2846,CCCCCC,experimental,0,,,
EXP_2847,CC(=O)C,experimental,0,,,
EXP_2848,C(C(=O)O)N,experimental,1,,,
EXP_2849,C1CC1,experimental,0,,,
EXP_2850,CCCC,experimental,0,,,
EXP_2851,C1=CC=C2C=CC=CC2=C1,experimental,1,,,
EXP_2852,CO,experimental,0,,,
EXP_2853,CCCCCO,experimental,0,,,
EXP_2854,C1CCCC1,experimental,1,,,
EXP_2855,CC(C)O,experimental,0,,,
EXP_2856,CCCCCCCC,experimental,0,,,
EXP_2857,CCO,experimental,1,,,
EXP_2858,CC(=O)O,experimental,0,,,
EXP_2859,C1CCCCC1,experimental,0,,,
EXP_2860,CCCCCC,experimental,1,,,
EXP_2861,CC(=O)C,experimental,0,,,
EXP_2862,C(C(=O)O)N,experimental,0,,,
EXP_2863,C1CC1,experimental,1,,,
EXP_2864,CCCC,experimental,0,,,
EXP_2865,C1=CC=C2C=CC=CC2=C1,experimental,0,,,
EXP_2866,CO,experimental,1,,,
EXP_2867,CCCCCO,experimental,0,,,
EXP_2868,C1CCCC1,experimental,0,,,
EXP_2869,CC(C)O,experimental,1,,,
EXP_2870,CCCCCCCC,experimental,0,,,
EXP_2871,CCO,experimental,0,,,
EXP_2872,CC(=O)O,experimental,1,,,
EXP_2873,C1CCCCC1,experimental,0,,,
EXP_2874,CCCCCC,experimental,0,,,
EXP_2875,CC(=O)C,experimental,1,,,
EXP_2876,C(C(=O)O)N,experimental,0,,,
EXP_2877,C1CC1,experimental,0,,,
EXP_2878,CCCC,experimental,1,,,
EXP_2879,C1=CC=C2C=CC=CC2=C1,experimental,0,,,
EXP_2880,CO,experimental,0,,,
EXP_2881,CCCCCO,experimental,1,,,
EXP_2882,C1CCCC1,experimental,0,,,
EXP_2883,CC(C)O,experimental,0,,,
EXP_2884,CCCCCCCC,experimental,1,,,
EXP_2885,CCO,experimental,0,,,
EXP_2886,CC(=O)O,experimental,0,,,
EXP_2887,C1CCCCC1,experimental,1,,,
EXP_2888,CCCCCC,experimental,0,,,
EXP_2889,CC(=O)C,experimental,0,,,
EXP_2890,C(C(=O)O)N,experimental,1,,,
EXP_2891,C1CC1,experimental,0,,,
EXP_2892,CCCC,experimental,0,,,
EXP_2893,C1=CC=C2C=CC=CC2=C1,experimental,1,,,
EXP_2894,CO,experimental,0,,,
EXP_2895,CCCCCO,experimental,0,,,
EXP_2896,C1CCCC1,experimental,1,,,
EXP_2897,CC(C)O,experimental,0,,,
EXP_2898,CCCCCCCC,experimental,0,,,
EXP_2899,CCO,experimental,1,,,
EXP_2900,CC(=O)O,experimental,0,,,
EXP_2901,C1CCCCC1,experimental,0,,,
EXP_2902,CCCCCC,experimental,1,,,
EXP_2903,CC(=O)C,experimental,0,,,
EXP_2904,C(C(=O)O)N,experimental,0,,,
EXP_2905,C1CC1,experimental,1,,,
EXP_2906,CCCC,experimental,0,,,
EXP_2907,C1=CC=C2C=CC=CC2=C1,experimental,0,,,
EXP_2908,CO,experimental,1,,,
EXP_2909,CCCCCO,experimental,0,,,
EXP_2910,C1CCCC1,experimental,0,,,
EXP_2911,CC(C)O,experimental,1,,,
EXP_2912,CCCCCCCC,experimental,0,,,
EXP_2913,CCO,experimental,0,,,
EXP_2914,CC(=O)O,experimental,1,,,
EXP_2915,C1CCCCC1,experimental,0,,,
EXP_2916,CCCCCC,experimental,0,,,
EXP_2917,CC(=O)C,experimental,1,,,
EXP_2918,C(C(=O)O)N,experimental,0,,,
EXP_2919,C1CC1,experimental,0,,,
EXP_2920,CCCC,experimental,1,,,
EXP_2921,C1=CC=C2C=CC=CC2=C1,experimental,0,,,
EXP_2922,CO,experimental,0,,,
EXP_2923,CCCCCO,experimental,1,,,
EXP_2924,C1CCCC1,experimental,0,,,
EXP_2925,CC(C)O,experimental,0,,,
EXP_2926,CCCCCCCC,experimental,1,,,
EXP_2927,CCO,experimental,0,,,
EXP_2928,CC(=O)O,experimental,0,,,
EXP_2929,C1CCCCC1,experimental,1,,,
EXP_2930,CCCCCC,experimental,0,,,
EXP_2931,CC(=O)C,experimental,0,,,
EXP_2932,C(C(=O)O)N,experimental,1,,,
EXP_2933,C1CC1,experimental,0,,,
EXP_2934,CCCC,experimental,0,,,
EXP_2935,C1=CC=C2C=CC=CC2=C1,experimental,1,,,
EXP_2936,CO,experimental,0,,,
EXP_2937,CCCCCO,experimental,0,,,
EXP_2938,C1CCCC1,experimental,1,,,
EXP_2939,CC(C)O,experimental,0,,,
EXP_2940,CCCCCCCC,experimental,0,,,
EXP_2941,CCO,experimental,1,,,
EXP_2942,CC(=O)O,experimental,0,,,
EXP_2943,C1CCCCC1,experimental,0,,,
EXP_2944,CCCCCC,experimental,1,,,
EXP_2945,CC(=O)C,experimental,0,,,
EXP_2946,C(C(=O)O)N,experimental,0,,,
EXP_2947,C1CC1,experimental,1,,,
EXP_2948,CCCC,experimental,0,,,
EXP_2949,C1=CC=C2C=CC=CC2=C1,experimental,0,,,
EXP_2950,CO,experimental,1,,,
EXP_2951,CCCCCO,experimental,0,,,
EXP_2952,C1CCCC1,experimental,0,,,
EXP_2953,CC(C)O,experimental,1,,,
EXP_2954,CCCCCCCC,experimental,0,,,
EXP_2955,CCO,experimental,0,,,
EXP_2956,CC(=O)O,experimental,1,,,
EXP_2957,C1CCCCC1,experimental,0,,,
EXP_2958,CCCCCC,experimental,0,,,
EXP_2959,CC(=O)C,experimental,1,,,
EXP_2960,C(C(=O)O)N,experimental,0,,,
EXP_2961,C1CC1,experimental,0,,,
EXP_2962,CCCC,experimental,1,,,
EXP_2963,C1=CC=C2C=CC=CC2=C1,experimental,0,,,
EXP_2964,CO,experimental,0,,,
EXP_2965,CCCCCO,experimental,1,,,
EXP_2966,C1CCCC1,experimental,0,,,
EXP_2967,CC(C)O,experimental,0,,,
EXP_2968,CCCCCCCC,experimental,1,,,
EXP_2969,CCO,experimental,0,,,
EXP_2970,CC(=O)O,experimental,0,,,
EXP_2971,C1CCCCC1,experimental,1,,,
EXP_2972,CCCCCC,experimental,0,,,
EXP_2973,CC(=O)C,experimental,0,,,
EXP_2974,C(C(=O)O)N,experimental,1,,,
EXP_2975,C1CC1,experimental,0,,,
EXP_2976,CCCC,experimental,0,,,
EXP_2977,C1=CC=C2C=CC=CC2=C1,experimental,1,,,
EXP_2978,CO,experimental,0,,,
EXP_2979,CCCCCO,experimental,0,,,
EXP_2980,C1CCCC1,experimental,1,,,
EXP_2981,CC(C)O,experimental,0,,,
EXP_2982,CCCCCCCC,experimental,0,,,
EXP_2983,CCO,experimental,1,,,
EXP_2984,CC(=O)O,experimental,0,,,
EXP_2985,C1CCCCC1,experimental,0,,,
EXP_2986,CCCCCC,experimental,1,,,
EXP_2987,CC(=O)C,experimental,0,,,
EXP_2988,C(C(=O)O)N,experimental,0,,,
EXP_2989,C1CC1,experimental,1,,,
EXP_2990,CCCC,experimental,0,,,
EXP_2991,C1=CC=C2C=CC=CC2=C1,experimental,0,,,
EXP_2992,CO,experimental,1,,,
EXP_2993,CCCCCO,experimental,0,,,
EXP_2994,C1CCCC1,experimental,0,,,
EXP_2995,CC(C)O,experimental,1,,,
EXP_2996,CCCCCCCC,experimental,0,,,
EXP_2997,CCO,experimental,0,,,
EXP_2998,CC(=O)O,experimental,1,,,
EXP_2999,C1CCCCC1,experimental,0,,,
EXP_3000,CCCCCC,experimental,0,,,
EXP_3001,CC(=O)C,experimental,1,,,
EXP_3002,C(C(=O)O)N,experimental,0,,,
EXP_3003,C1CC1,experimental,0,,,
EXP_3004,CCCC,experimental,1,,,
EXP_3005,C1=CC=C2C=CC=CC2=C1,experimental,0,,,
EXP_3006,CO,experimental,0,,,
EXP_3007,CCCCCO,experimental,1,,,
EXP_3008,C1CCCC1,experimental,0,,,
EXP_3009,CC(C)O,experimental,0,,,
EXP_3010,CCCCCCCC,experimental,1,,,
EXP_3011,CCO,experimental,0,,,
EXP_3012,CC(=O)O,experimental,0,,,
EXP_3013,C1CCCCC1,experimental,1,,,
EXP_3014,CCCCCC,experimental,0,,,
EXP_3015,CC(=O)C,experimental,0,,,
EXP_3016,C(C(=O)O)N,experimental,1,,,
EXP_3017,C1CC1,experimental,0,,,
EXP_3018,CCCC,experimental,0,,,
EXP_3019,C1=CC=C2C=CC=CC2=C1,experimental,1,,,
EXP_3020,CO,experimental,0,,,
EXP_3021,CCCCCO,experimental,0,,,
EXP_3022,C1CCCC1,experimental,1,,,
EXP_3023,CC(C)O,experimental,0,,,
EXP_3024,CCCCCCCC,experimental,0,,,
EXP_3025,CCO,experimental,1,,,
EXP_3026,CC(=O)O,experimental,0,,,
EXP_3027,C1CCCCC1,experimental,0,,,
EXP_3028,CCCCCC,experimental,1,,,
EXP_3029,CC(=O)C,experimental,0,,,
EXP_3030,C(C(=O)O)N,experimental,0,,,
EXP_3031,C1CC1,experimental,1,,,
EXP_3032,CCCC,experimental,0,,,
EXP_3033,C1=CC=C2C=CC=CC2=C1,experimental,0,,,
EXP_3034,CO,experimental,1,,,
EXP_3035,CCCCCO,experimental,0,,,
EXP_3036,C1CCCC1,experimental,0,,,
EXP_3037,CC(C)O,experimental,1,,,
EXP_3038,CCCCCCCC,experimental,0,,,
EXP_3039,CCO,experimental,0,,,
EXP_3040,CC(=O)O,experimental,1,,,
EXP_3041,C1CCCCC1,experimental,0,,,
EXP_3042,CCCCCC,experimental,0,,,
EXP_3043,CC(=O)C,experimental,1,,,
EXP_3044,C(C(=O)O)N,experimental,0,,,
EXP_3045,C1CC1,experimental,0,,,
EXP_3046,CCCC,experimental,1,,,
EXP_3047,C1=CC=C2C=CC=CC2=C1,experimental,0,,,
EXP_3048,CO,experimental,0,,,
EXP_3049,CCCCCO,experimental,1,,,
EXP_3050,C1CCCC1,experimental,0,,,
EXP_3051,CC(C)O,experimental,0,,,
EXP_3052,CCCCCCCC,experimental,1,,,
EXP_3053,CCO,experimental,0,,,
EXP_3054,CC(=O)O,experimental,0,,,
EXP_3055,C1CCCCC1,experimental,1,,,
EXP_3056,CCCCCC,experimental,0,,,
EXP_3057,CC(=O)C,experimental,0,,,
EXP_3058,C(C(=O)O)N,experimental,1,,,
EXP_3059,C1CC1,experimental,0,,,
EXP_3060,CCCC,experimental,0,,,
EXP_3061,C1=CC=C2C=CC=CC2=C1,experimental,1,,,
EXP_3062,CO,experimental,0,,,
EXP_3063,CCCCCO,experimental,0,,,
EXP_3064,C1CCCC1,experimental,1,,,
EXP_3065,CC(C)O,experimental,0,,,
EXP_3066,CCCCCCCC,experimental,0,,,
EXP_3067,CCO,experimental,1,,,
EXP_3068,CC(=O)O,experimental,0,,,
EXP_3069,C1CCCCC1,experimental,0,,,
EXP_3070,CCCCCC,experimental,1,,,
EXP_3071,CC(=O)C,experimental,0,,,
EXP_3072,C(C(=O)O)N,experimental,0,,,
EXP_3073,C1CC1,experimental,1,,,
EXP_3074,CCCC,experimental,0,,,
EXP_3075,C1=CC=C2C=CC=CC2=C1,experimental,0,,,
EXP_3076,CO,experimental,1,,,
EXP_3077,CCCCCO,experimental,0,,,
EXP_3078,C1CCCC1,experimental,0,,,
EXP_3079,CC(C)O,experimental,1,,,
EXP_3080,CCCCCCCC,experimental,0,,,
EXP_3081,CCO,experimental,0,,,
EXP_3082,CC(=O)O,experimental,1,,,
EXP_3083,C1CCCCC1,experimental,0,,,
EXP_3084,CCCCCC,experimental,0,,,
EXP_3085,CC(=O)C,experimental,1,,,
EXP_3086,C(C(=O)O)N,experimental,0,,,
EXP_3087,C1CC1,experimental,0,,,
EXP_3088,CCCC,experimental,1,,,
EXP_3089,C1=CC=C2C=CC=CC2=C1,experimental,0,,,
EXP_3090,CO,experimental,0,,,
EXP_3091,CCCCCO,experimental,1,,,
EXP_3092,C1CCCC1,experimental,0,,,
EXP_3093,CC(C)O,experimental,0,,,
EXP_3094,CCCCCCCC,experimental,1,,,
EXP_3095,CCO,experimental,0,,,
EXP_3096,CC(=O)O,experimental,0,,,
EXP_3097,C1CCCCC1,experimental,1,,,
EXP_3098,CCCCCC,experimental,0,,,
EXP_3099,CC(=O)C,experimental,0,,,
EXP_3100,C(C(=O)O)N,experimental,1,,,
EXP_3101,C1CC1,experimental,0,,,
EXP_3102,CCCC,experimental,0,,,
EXP_3103,C1=CC=C2C=CC=CC2=C1,experimental,1,,,
EXP_3104,CO,experimental,0,,,
EXP_3105,CCCCCO,experimental,0,,,
EXP_3106,C1CCCC1,experimental,1,,,
EXP_3107,CC(C)O,experimental,0,,,
EXP_3108,CCCCCCCC,experimental,0,,,
EXP_3109,CCO,experimental,1,,,
EXP_3110,CC(=O)O,experimental,0,,,
EXP_3111,C1CCCCC1,experimental,0,,,
EXP_3112,CCCCCC,experimental,1,,,
EXP_3113,CC(=O)C,experimental,0,,,
EXP_3114,C(C(=O)O)N,experimental,0,,,
EXP_3115,C1CC1,experimental,1,,,
EXP_3116,CCCC,experimental,0,,,
EXP_3117,C1=CC=C2C=CC=CC2=C1,experimental,0,,,
EXP_3118,CO,experimental,1,,,
EXP_3119,CCCCCO,experimental,0,,,
EXP_3120,C1CCCC1,experimental,0,,,
EXP_3121,CC(C)O,experimental,1,,,
EXP_3122,CCCCCCCC,experimental,0,,,
EXP_3123,CCO,experimental,0,,,
EXP_3124,CC(=O)O,experimental,1,,,
EXP_3125,C1CCCCC1,experimental,0,,,
EXP_3126,CCCCCC,experimental,0,,,
EXP_3127,CC(=O)C,experimental,1,,,
EXP_3128,C(C(=O)O)N,experimental,0,,,
EXP_3129,C1CC1,experimental,0,,,
EXP_3130,CCCC,experimental,1,,,
EXP_3131,C1=CC=C2C=CC=CC2=C1,experimental,0,,,
EXP_3132,CO,experimental,0,,,
EXP_3133,CCCCCO,experimental,1,,,
EXP_3134,C1CCCC1,experimental,0,,,
EXP_3135,CC(C)O,experimental,0,,,
EXP_3136,CCCCCCCC,experimental,1,,,
EXP_3137,CCO,experimental,0,,,
EXP_3138,CC(=O)O,experimental,0,,,
EXP_3139,C1CCCCC1,experimental,1,,,
EXP_3140,CCCCCC,experimental,0,,,
EXP_3141,CC(=O)C,experimental,0,,,
EXP_3142,C(C(=O)O)N,experimental,1,,,
EXP_3143,C1CC1,experimental,0,,,
EXP_3144,CCCC,experimental,0,,,
EXP_3145,C1=CC=C2C=CC=CC2=C1,experimental,1,,,
EXP_3146,CO,experimental,0,,,
EXP_3147,CCCCCO,experimental,0,,,
EXP_3148,C1CCCC1,experimental,1,,,
EXP_3149,CC(C)O,experimental,0,,,
EXP_3150,CCCCCCCC,experimental,0,,,
EXP_3151,CCO,experimental,1,,,
EXP_3152,CC(=O)O,experimental,0,,,
EXP_3153,C1CCCCC1,experimental,0,,,
EXP_3154,CCCCCC,experimental,1,,,
EXP_3155,CC(=O)C,experimental,0,,,
EXP_3156,C(C(=O)O)N,experimental,0,,,
EXP_3157,C1CC1,experimental,1,,,
EXP_3158,CCCC,experimental,0,,,
EXP_3159,C1=CC=C2C=CC=CC2=C1,experimental,0,,,
EXP_3160,CO,experimental,1,,,
EXP_3161,CCCCCO,experimental,0,,,
EXP_3162,C1CCCC1,experimental,0,,,
EXP_3163,CC(C)O,experimental,1,,,
EXP_3164,CCCCCCCC,experimental,0,,,
EXP_3165,CCO,experimental,0,,,
EXP_3166,CC(=O)O,experimental,1,,,
EXP_3167,C1CCCCC1,experimental,0,,,
EXP_3168,CCCCCC,experimental,0,,,
EXP_3169,CC(=O)C,experimental,1,,,
EXP_3170,C(C(=O)O)N,experimental,0,,,
EXP_3171,C1CC1,experimental,0,,,
EXP_3172,CCCC,experimental,1,,,
EXP_3173,C1=CC=C2C=CC=CC2=C1,experimental,0,,,
EXP_3174,CO,experimental,0,,,
EXP_3175,CCCCCO,experimental,1,,,
EXP_3176,C1CCCC1,experimental,0,,,
EXP_3177,CC(C)O,experimental,0,,,
EXP_3178,CCCCCCCC,experimental,1,,,
EXP_3179,CCO,experimental,0,,,
EXP_3180,CC(=O)O,experimental,0,,,
EXP_3181,C1CCCCC1,experimental,1,,,
EXP_3182,CCCCCC,experimental,0,,,
EXP_3183,CC(=O)C,experimental,0,,,
EXP_3184,C(C(=O)O)N,experimental,1,,,
EXP_3185,C1CC1,experimental,0,,,
EXP_3186,CCCC,experimental,0,,,
EXP_3187,C1=CC=C2C=CC=CC2=C1,experimental,1,,,
EXP_3188,CO,experimental,0,,,
EXP_3189,CCCCCO,experimental,0,,,
EXP_3190,C1CCCC1,experimental,1,,,
EXP_3191,CC(C)O,experimental,0,,,
EXP_3192,CCCCCCCC,experimental,0,,,
EXP_3193,CCO,experimental,1,,,
EXP_3194,CC(=O)O,experimental,0,,,
EXP_3195,C1CCCCC1,experimental,0,,,
EXP_3196,CCCCCC,experimental,1,,,
EXP_3197,CC(=O)C,experimental,0,,,
EXP_3198,C(C(=O)O)N,experimental,0,,,
EXP_3199,C1CC1,experimental,1,,,
EXP_3200,CCCC,experimental,0,,,
EXP_3201,C1=CC=C2C=CC=CC2=C1,experimental,0,,,
EXP_3202,CO,experimental,1,,,
EXP_3203,CCCCCO,experimental,0,,,
EXP_3204,C1CCCC1,experimental,0,,,
EXP_3205,CC(C)O,experimental,1,,,
EXP_3206,CCCCCCCC,experimental,0,,,
EXP_3207,CCO,experimental,0,,,
EXP_3208,CC(=O)O,experimental,1,,,
EXP_3209,C1CCCCC1,experimental,0,,,
EXP_3210,CCCCCC,experimental,0,,,
EXP_3211,CC(=O)C,experimental,1,,,
EXP_3212,C(C(=O)O)N,experimental,0,,,
EXP_3213,C1CC1,experimental,0,,,
EXP_3214,CCCC,experimental,1,,,
EXP_3215,C1=CC=C2C=CC=CC2=C1,experimental,0,,,
EXP_3216,CO,experimental,0,,,
EXP_3217,CCCCCO,experimental,1,,,
EXP_3218,C1CCCC1,experimental,0,,,
EXP_3219,CC(C)O,experimental,0,,,
EXP_3220,CCCCCCCC,experimental,1,,,
EXP_3221,CCO,experimental,0,,,
EXP_3222,CC(=O)O,experimental,0,,,
EXP_3223,C1CCCCC1,experimental,1,,,
EXP_3224,CCCCCC,experimental,0,,,
EXP_3225,CC(=O)C,experimental,0,,,
EXP_3226,C(C(=O)O)N,experimental,1,,,
EXP_3227,C1CC1,experimental,0,,,
EXP_3228,CCCC,experimental,0,,,
EXP_3229,C1=CC=C2C=CC=CC2=C1,experimental,1,,,
EXP_3230,CO,experimental,0,,,
EXP_3231,CCCCCO,experimental,0,,,
EXP_3232,C1CCCC1,experimental,1,,,
EXP_3233,CC(C)O,experimental,0,,,
EXP_3234,CCCCCCCC,experimental,0,,,
EXP_3235,CCO,experimental,1,,,
EXP_3236,CC(=O)O,experimental,0,,,
EXP_3237,C1CCCCC1,experimental,0,,,
EXP_3238,CCCCCC,experimental,1,,,
EXP_3239,CC(=O)C,experimental,0,,,
EXP_3240,C(C(=O)O)N,experimental,0,,,
EXP_3241,C1CC1,experimental,1,,,
EXP_3242,CCCC,experimental,0,,,
EXP_3243,C1=CC=C2C=CC=CC2=C1,experimental,0,,,
EXP_3244,CO,experimental,1,,,
EXP_3245,CCCCCO,experimental,0,,,
EXP_3246,C1CCCC1,experimental,0,,,
EXP_3247,CC(C)O,experimental,1,,,
EXP_3248,CCCCCCCC,experimental,0,,,
EXP_3249,CCO,experimental,0,,,
EXP_3250,CC(=O)O,experimental,1,,,
EXP_3251,C1CCCCC1,experimental,0,,,
EXP_3252,CCCCCC,experimental,0,,,
EXP_3253,CC(=O)C,experimental,1,,,
EXP_3254,C(C(=O)O)N,experimental,0,,,
EXP_3255,C1CC1,experimental,0,,,
EXP_3256,CCCC,experimental,1,,,
EXP_3257,C1=CC=C2C=CC=CC2=C1,experimental,0,,,
EXP_3258,CO,experimental,0,,,
EXP_3259,CCCCCO,experimental,1,,,
EXP_3260,C1CCCC1,experimental,0,,,
EXP_3261,CC(C)O,experimental,0,,,
EXP_3262,CCCCCCCC,experimental,1,,,
EXP_3263,CCO,experimental,0,,,
EXP_3264,CC(=O)O,experimental,0,,,
EXP_3265,C1CCCCC1,experimental,1,,,
EXP_3266,CCCCCC,experimental,0,,,
EXP_3267,CC(=O)C,experimental,0,,,
EXP_3268,C(C(=O)O)N,experimental,1,,,
EXP_3269,C1CC1,experimental,0,,,
EXP_3270,CCCC,experimental,0,,,
EXP_3271,C1=CC=C2C=CC=CC2=C1,experimental,1,,,
EXP_3272,CO,experimental,0,,,
EXP_3273,CCCCCO,experimental,0,,,
EXP_3274,C1CCCC1,experimental,1,,,
EXP_3275,CC(C)O,experimental,0,,,
EXP_3276,CCCCCCCC,experimental,0,,,
EXP_3277,CCO,experimental,1,,,
EXP_3278,CC(=O)O,experimental,0,,,
EXP_3279,C1CCCCC1,experimental,0,,,
EXP_3280,CCCCCC,experimental,1,,,
EXP_3281,CC(=O)C,experimental,0,,,
EXP_3282,C(C(=O)O)N,experimental,0,,,
EXP_3283,C1CC1,experimental,1,,,
EXP_3284,CCCC,experimental,0,,,
EXP_3285,C1=CC=C2C=CC=CC2=C1,experimental,0,,,
EXP_3286,CO,experimental,1,,,
EXP_3287,CCCCCO,experimental,0,,,
EXP_3288,C1CCCC1,experimental,0,,,
EXP_3289,CC(C)O,experimental,1,,,
EXP_3290,CCCCCCCC,experimental,0,,,
EXP_3291,CCO,experimental,0,,,
EXP_3292,CC(=O)O,experimental,1,,,
EXP_3293,C1CCCCC1,experimental,0,,,
EXP_3294,CCCCCC,experimental,0,,,
EXP_3295,CC(=O)C,experimental,1,,,
EXP_3296,C(C(=O)O)N,experimental,0,,,
EXP_3297,C1CC1,experimental,0,,,
EXP_3298,CCCC,experimental,1,,,
EXP_3299,C1=CC=C2C=CC=CC2=C1,experimental,0,,,
EXP_3300,CO,experimental,0,,,
EXP_3301,CCCCCO,experimental,1,,,
EXP_3302,C1CCCC1,experimental,0,,,
EXP_3303,CC(C)O,experimental,0,,,
EXP_3304,CCCCCCCC,experimental,1,,,
EXP_3305,CCO,experimental,0,,,
EXP_3306,CC(=O)O,experimental,0,,,
EXP_3307,C1CCCCC1,experimental,1,,,
EXP_3308,CCCCCC,experimental,0,,,
EXP_3309,CC(=O)C,experimental,0,,,
EXP_3310,C(C(=O)O)N,experimental,1,,,
EXP_3311,C1CC1,experimental,0,,,
EXP_3312,CCCC,experimental,0,,,
EXP_3313,C1=CC=C2C=CC=CC2=C1,experimental,1,,,
EXP_3314,CO,experimental,0,,,
EXP_3315,CCCCCO,experimental,0,,,
EXP_3316,C1CCCC1,experimental,1,,,
EXP_3317,CC(C)O,experimental,0,,,
EXP_3318,CCCCCCCC,experimental,0,,,
EXP_3319,CCO,experimental,1,,,
EXP_3320,CC(=O)O,experimental,0,,,
EXP_3321,C1CCCCC1,experimental,0,,,
EXP_3322,CCCCCC,experimental,1,,,
EXP_3323,CC(=O)C,experimental,0,,,
EXP_3324,C(C(=O)O)N,experimental,0,,,
EXP_3325,C1CC1,experimental,1,,,
EXP_3326,CCCC,experimental,0,,,
EXP_3327,C1=CC=C2C=CC=CC2=C1,experimental,0,,,
EXP_3328,CO,experimental,1,,,
EXP_3329,CCCCCO,experimental,0,,,
EXP_3330,C1CCCC1,experimental,0,,,
EXP_3331,CC(C)O,experimental,1,,,
EXP_3332,CCCCCCCC,experimental,0,,,
EXP_3333,CCO,experimental,0,,,
EXP_3334,CC(=O)O,experimental,1,,,
EXP_3335,C1CCCCC1,experimental,0,,,
EXP_3336,CCCCCC,experimental,0,,,
EXP_3337,CC(=O)C,experimental,1,,,
EXP_3338,C(C(=O)O)N,experimental,0,,,
EXP_3339,C1CC1,experimental,0,,,
EXP_3340,CCCC,experimental,1,,,
EXP_3341,C1=CC=C2C=CC=CC2=C1,experimental,0,,,
EXP_3342,CO,experimental,0,,,
EXP_3343,CCCCCO,experimental,1,,,
EXP_3344,C1CCCC1,experimental,0,,,
EXP_3345,CC(C)O,experimental,0,,,
EXP_3346,CCCCCCCC,experimental,1,,,
EXP_3347,CCO,experimental,0,,,
EXP_3348,CC(=O)O,experimental,0,,,
EXP_3349,C1CCCCC1,experimental,1,,,
EXP_3350,CCCCCC,experimental,0,,,
EXP_3351,CC(=O)C,experimental,0,,,
EXP_3352,C(C(=O)O)N,experimental,1,,,
EXP_3353,C1CC1,experimental,0,,,
EXP_3354,CCCC,experimental,0,,,
EXP_3355,C1=CC=C2C=CC=CC2=C1,experimental,1,,,
EXP_3356,CO,experimental,0,,,
EXP_3357,CCCCCO,experimental,0,,,
EXP_3358,C1CCCC1,experimental,1,,,
EXP_3359,CC(C)O,experimental,0,,,
EXP_3360,CCCCCCCC,experimental,0,,,
EXP_3361,CCO,experimental,1,,,
EXP_3362,CC(=O)O,experimental,0,,,
EXP_3363,C1CCCCC1,experimental,0,,,
EXP_3364,CCCCCC,experimental,1,,,
EXP_3365,CC(=O)C,experimental,0,,,
EXP_3366,C(C(=O)O)N,experimental,0,,,
EXP_3367,C1CC1,experimental,1,,,
EXP_3368,CCCC,experimental,0,,,
EXP_3369,C1=CC=C2C=CC=CC2=C1,experimental,0,,,
EXP_3370,CO,experimental,1,,,
EXP_3371,CCCCCO,experimental,0,,,
EXP_3372,C1CCCC1,experimental,0,,,
EXP_3373,CC(C)O,experimental,1,,,
EXP_3374,CCCCCCCC,experimental,0,,,
EXP_3375,CCO,experimental,0,,,
EXP_3376,CC(=O)O,experimental,1,,,
EXP_3377,C1CCCCC1,experimental,0,,,
EXP_3378,CCCCCC,experimental,0,,,
EXP_3379,CC(=O)C,experimental,1,,,
EXP_3380,C(C(=O)O)N,experimental,0,,,
EXP_3381,C1CC1,experimental,0,,,
EXP_3382,CCCC,experimental,1,,,
EXP_3383,C1=CC=C2C=CC=CC2=C1,experimental,0,,,
EXP_3384,CO,experimental,0,,,
EXP_3385,CCCCCO,experimental,1,,,
EXP_3386,C1CCCC1,experimental,0,,,
EXP_3387,CC(C)O,experimental,0,,,
EXP_3388,CCCCCCCC,experimental,1,,,
EXP_3389,CCO,experimental,0,,,
EXP_3390,CC(=O)O,experimental,0,,,
EXP_3391,C1CCCCC1,experimental,1,,,
EXP_3392,CCCCCC,experimental,0,,,
EXP_3393,CC(=O)C,experimental,0,,,
EXP_3394,C(C(=O)O)N,experimental,1,,,
EXP_3395,C1CC1,experimental,0,,,
EXP_3396,CCCC,experimental,0,,,
EXP_3397,C1=CC=C2C=CC=CC2=C1,experimental,1,,,
EXP_3398,CO,experimental,0,,,
EXP_3399,CCCCCO,experimental,0,,,
EXP_3400,C1CCCC1,experimental,1,,,
EXP_3401,CC(C)O,experimental,0,,,
EXP_3402,CCCCCCCC,experimental,0,,,
EXP_3403,CCO,experimental,1,,,
EXP_3404,CC(=O)O,experimental,0,,,
EXP_3405,C1CCCCC1,experimental,0,,,
EXP_3406,CCCCCC,experimental,1,,,
EXP_3407,CC(=O)C,experimental,0,,,
EXP_3408,C(C(=O)O)N,experimental,0,,,
EXP_3409,C1CC1,experimental,1,,,
EXP_3410,CCCC,experimental,0,,,
EXP_3411,C1=CC=C2C=CC=CC2=C1,experimental,0,,,
EXP_3412,CO,experimental,1,,,
EXP_3413,CCCCCO,experimental,0,,,
EXP_3414,C1CCCC1,experimental,0,,,
EXP_3415,CC(C)O,experimental,1,,,
EXP_3416,CCCCCCCC,experimental,0,,,
EXP_3417,CCO,experimental,0,,,
EXP_3418,CC(=O)O,experimental,1,,,
EXP_3419,C1CCCCC1,experimental,0,,,
EXP_3420,CCCCCC,experimental,0,,,
EXP_3421,CC(=O)C,experimental,1,,,
EXP_3422,C(C(=O)O)N,experimental,0,,,
EXP_3423,C1CC1,experimental,0,,,
EXP_3424,CCCC,experimental,1,,,
EXP_3425,C1=CC=C2C=CC=CC2=C1,experimental,0,,,
EXP_3426,CO,experimental,0,,,
EXP_3427,CCCCCO,experimental,1,,,
EXP_3428,C1CCCC1,experimental,0,,,
EXP_3429,CC(C)O,experimental,0,,,
EXP_3430,CCCCCCCC,experimental,1,,,
EXP_3431,CCO,experimental,0,,,
EXP_3432,CC(=O)O,experimental,0,,,
EXP_3433,C1CCCCC1,experimental,1,,,
EXP_3434,CCCCCC,experimental,0,,,
EXP_3435,CC(=O)C,experimental,0,,,
EXP_3436,C(C(=O)O)N,experimental,1,,,
EXP_3437,C1CC1,experimental,0,,,
EXP_3438,CCCC,experimental,0,,,
EXP_3439,C1=CC=C2C=CC=CC2=C1,experimental,1,,,
EXP_3440,CO,experimental,0,,,
EXP_3441,CCCCCO,experimental,0,,,
EXP_3442,C1CCCC1,experimental,1,,,
EXP_3443,CC(C)O,experimental,0,,,
EXP_3444,CCCCCCCC,experimental,0,,,
EXP_3445,CCO,experimental,1,,,
EXP_3446,CC(=O)O,experimental,0,,,
EXP_3447,C1CCCCC1,experimental,0,,,
EXP_3448,CCCCCC,experimental,1,,,
EXP_3449,CC(=O)C,experimental,0,,,
EXP_3450,C(C(=O)O)N,experimental,0,,,
EXP_3451,C1CC1,experimental,1,,,
EXP_3452,CCCC,experimental,0,,,
EXP_3453,C1=CC=C2C=CC=CC2=C1,experimental,0,,,
EXP_3454,CO,experimental,1,,,
EXP_3455,CCCCCO,experimental,0,,,
EXP_3456,C1CCCC1,experimental,0,,,
EXP_3457,CC(C)O,experimental,1,,,
EXP_3458,CCCCCCCC,experimental,0,,,
EXP_3459,CCO,experimental,0,,,
EXP_3460,CC(=O)O,experimental,1,,,
EXP_3461,C1CCCCC1,experimental,0,,,
EXP_3462,CCCCCC,experimental,0,,,
EXP_3463,CC(=O)C,experimental,1,,,
EXP_3464,C(C(=O)O)N,experimental,0,,,
EXP_3465,C1CC1,experimental,0,,,
EXP_3466,CCCC,experimental,1,,,
EXP_3467,C1=CC=C2C=CC=CC2=C1,experimental,0,,,
EXP_3468,CO,experimental,0,,,
EXP_3469,CCCCCO,experimental,1,,,
EXP_3470,C1CCCC1,experimental,0,,,
EXP_3471,CC(C)O,experimental,0,,,
EXP_3472,CCCCCCCC,experimental,1,,,
EXP_3473,CCO,experimental,0,,,
EXP_3474,CC(=O)O,experimental,0,,,
EXP_3475,C1CCCCC1,experimental,1,,,
EXP_3476,CCCCCC,experimental,0,,,
EXP_3477,CC(=O)C,experimental,0,,,
EXP_3478,C(C(=O)O)N,experimental,1,,,
EXP_3479,C1CC1,experimental,0,,,
EXP_3480,CCCC,experimental,0,,,
EXP_3481,C1=CC=C2C=CC=CC2=C1,experimental,1,,,
EXP_3482,CO,experimental,0,,,
EXP_3483,CCCCCO,experimental,0,,,
EXP_3484,C1CCCC1,experimental,1,,,
EXP_3485,CC(C)O,experimental,0,,,
EXP_3486,CCCCCCCC,experimental,0,,,
EXP_3487,CCO,experimental,1,,,
EXP_3488,CC(=O)O,experimental,0,,,
EXP_3489,C1CCCCC1,experimental,0,,,
EXP_3490,CCCCCC,experimental,1,,,
EXP_3491,CC(=O)C,experimental,0,,,
EXP_3492,C(C(=O)O)N,experimental,0,,,
EXP_3493,C1CC1,experimental,1,,,
EXP_3494,CCCC,experimental,0,,,
EXP_3495,C1=CC=C2C=CC=CC2=C1,experimental,0,,,
EXP_3496,CO,experimental,1,,,
EXP_3497,CCCCCO,experimental,0,,,
EXP_3498,C1CCCC1,experimental,0,,,
EXP_3499,CC(C)O,experimental,1,,,
EXP_3500,CCCCCCCC,experimental,0,,,
EXP_3501,CCO,experimental,0,,,
EXP_3502,CC(=O)O,experimental,1,,,
EXP_3503,C1CCCCC1,experimental,0,,,
EXP_3504,CCCCCC,experimental,0,,,
EXP_3505,CC(=O)C,experimental,1,,,
EXP_3506,C(C(=O)O)N,experimental,0,,,
EXP_3507,C1CC1,experimental,0,,,
EXP_3508,CCCC,experimental,1,,,
EXP_3509,C1=CC=C2C=CC=CC2=C1,experimental,0,,,
EXP_3510,CO,experimental,0,,,
EXP_3511,CCCCCO,experimental,1,,,
EXP_3512,C1CCCC1,experimental,0,,,
EXP_3513,CC(C)O,experimental,0,,,
EXP_3514,CCCCCCCC,experimental,1,,,
EXP_3515,CCO,experimental,0,,,
EXP_3516,CC(=O)O,experimental,0,,,
EXP_3517,C1CCCCC1,experimental,1,,,
EXP_3518,CCCCCC,experimental,0,,,
EXP_3519,CC(=O)C,experimental,0,,,
EXP_3520,C(C(=O)O)N,experimental,1,,,
EXP_3521,C1CC1,experimental,0,,,
EXP_3522,CCCC,experimental,0,,,
EXP_3523,C1=CC=C2C=CC=CC2=C1,experimental,1,,,
EXP_3524,CO,experimental,0,,,
EXP_3525,CCCCCO,experimental,0,,,
EXP_3526,C1CCCC1,experimental,1,,,
EXP_3527,CC(C)O,experimental,0,,,
EXP_3528,CCCCCCCC,experimental,0,,,
EXP_3529,CCO,experimental,1,,,
EXP_3530,CC(=O)O,experimental,0,,,
EXP_3531,C1CCCCC1,experimental,0,,,
EXP_3532,CCCCCC,experimental,1,,,
EXP_3533,CC(=O)C,experimental,0,,,
EXP_3534,C(C(=O)O)N,experimental,0,,,
EXP_3535,C1CC1,experimental,1,,,
EXP_3536,CCCC,experimental,0,,,
EXP_3537,C1=CC=C2C=CC=CC2=C1,experimental,0,,,
EXP_3538,CO,experimental,1,,,
EXP_3539,CCCCCO,experimental,0,,,
EXP_3540,C1CCCC1,experimental,0,,,
EXP_3541,CC(C)O,experimental,1,,,
EXP_3542,CCCCCCCC,experimental,0,,,
EXP_3543,CCO,experimental,0,,,
EXP_3544,CC(=O)O,experimental,1,,,
EXP_3545,C1CCCCC1,experimental,0,,,
EXP_3546,CCCCCC,experimental,0,,,
EXP_3547,CC(=O)C,experimental,1,,,
EXP_3548,C(C(=O)O)N,experimental,0,,,
EXP_3549,C1CC1,experimental,0,,,
EXP_3550,CCCC,experimental,1,,,
EXP_3551,C1=CC=C2C=CC=CC2=C1,experimental,0,,,
EXP_3552,CO,experimental,0,,,
EXP_3553,CCCCCO,experimental,1,,,
EXP_3554,C1CCCC1,experimental,0,,,
EXP_3555,CC(C)O,experimental,0,,,
EXP_3556,CCCCCCCC,experimental,1,,,
EXP_3557,CCO,experimental,0,,,
EXP_3558,CC(=O)O,experimental,0,,,
EXP_3559,C1CCCCC1,experimental,1,,,
EXP_3560,CCCCCC,experimental,0,,,
EXP_3561,CC(=O)C,experimental,0,,,
EXP_3562,C(C(=O)O)N,experimental,1,,,
EXP_3563,C1CC1,experimental,0,,,
EXP_3564,CCCC,experimental,0,,,
EXP_3565,C1=CC=C2C=CC=CC2=C1,experimental,1,,,
EXP_3566,CO,experimental,0,,,
EXP_3567,CCCCCO,experimental,0,,,
EXP_3568,C1CCCC1,experimental,1,,,
EXP_3569,CC(C)O,experimental,0,,,
EXP_3570,CCCCCCCC,experimental,0,,,
EXP_3571,CCO,experimental,1,,,
EXP_3572,CC(=O)O,experimental,0,,,
EXP_3573,C1CCCCC1,experimental,0,,,
EXP_3574,CCCCCC,experimental,1,,,
EXP_3575,CC(=O)C,experimental,0,,,
EXP_3576,C(C(=O)O)N,experimental,0,,,
EXP_3577,C1CC1,experimental,1,,,
EXP_3578,CCCC,experimental,0,,,
EXP_3579,C1=CC=C2C=CC=CC2=C1,experimental,0,,,
EXP_3580,CO,experimental,1,,,
EXP_3581,CCCCCO,experimental,0,,,
EXP_3582,C1CCCC1,experimental,0,,,
EXP_3583,CC(C)O,experimental,1,,,
EXP_3584,CCCCCCCC,experimental,0,,,
EXP_3585,CCO,experimental,0,,,
EXP_3586,CC(=O)O,experimental,1,,,
EXP_3587,C1CCCCC1,experimental,0,,,
EXP_3588,CCCCCC,experimental,0,,,
EXP_3589,CC(=O)C,experimental,1,,,
EXP_3590,C(C(=O)O)N,experimental,0,,,
EXP_3591,C1CC1,experimental,0,,,
EXP_3592,CCCC,experimental,1,,,
EXP_3593,C1=CC=C2C=CC=CC2=C1,experimental,0,,,
EXP_3594,CO,experimental,0,,,
EXP_3595,CCCCCO,experimental,1,,,
EXP_3596,C1CCCC1,experimental,0,,,
EXP_3597,CC(C)O,experimental,0,,,
EXP_3598,CCCCCCCC,experimental,1,,,
EXP_3599,CCO,experimental,0,,,
EXP_3600,CC(=O)O,experimental,0,,,
EXP_3601,C1CCCCC1,experimental,1,,,
EXP_3602,CCCCCC,experimental,0,,,
EXP_3603,CC(=O)C,experimental,0,,,
EXP_3604,C(C(=O)O)N,experimental,1,,,
EXP_3605,C1CC1,experimental,0,,,
EXP_3606,CCCC,experimental,0,,,
EXP_3607,C1=CC=C2C=CC=CC2=C1,experimental,1,,,
EXP_3608,CO,experimental,0,,,
EXP_3609,CCCCCO,experimental,0,,,
EXP_3610,C1CCCC1,experimental,1,,,
EXP_3611,CC(C)O,experimental,0,,,
EXP_3612,CCCCCCCC,experimental,0,,,
EXP_3613,CCO,experimental,1,,,
EXP_3614,CC(=O)O,experimental,0,,,
EXP_3615,C1CCCCC1,experimental,0,,,
EXP_3616,CCCCCC,experimental,1,,,
EXP_3617,CC(=O)C,experimental,0,,,
EXP_3618,C(C(=O)O)N,experimental,0,,,
EXP_3619,C1CC1,experimental,1,,,
EXP_3620,CCCC,experimental,0,,,
EXP_3621,C1=CC=C2C=CC=CC2=C1,experimental,0,,,
EXP_3622,CO,experimental,1,,,
EXP_3623,CCCCCO,experimental,0,,,
EXP_3624,C1CCCC1,experimental,0,,,
EXP_3625,CC(C)O,experimental,1,,,
EXP_3626,CCCCCCCC,experimental,0,,,
EXP_3627,CCO,experimental,0,,,
EXP_3628,CC(=O)O,experimental,1,,,
EXP_3629,C1CCCCC1,experimental,0,,,
EXP_3630,CCCCCC,experimental,0,,,
EXP_3631,CC(=O)C,experimental,1,,,
EXP_3632,C(C(=O)O)N,experimental,0,,,
EXP_3633,C1CC1,experimental,0,,,
EXP_3634,CCCC,experimental,1,,,
EXP_3635,C1=CC=C2C=CC=CC2=C1,experimental,0,,,
EXP_3636,CO,experimental,0,,,
EXP_3637,CCCCCO,experimental,1,,,
EXP_3638,C1CCCC1,experimental,0,,,
EXP_3639,CC(C)O,experimental,0,,,
EXP_3640,CCCCCCCC,experimental,1,,,
EXP_3641,CCO,experimental,0,,,
EXP_3642,CC(=O)O,experimental,0,,,
EXP_3643,C1CCCCC1,experimental,1,,,
EXP_3644,CCCCCC,experimental,0,,,
EXP_3645,CC(=O)C,experimental,0,,,
EXP_3646,C(C(=O)O)N,experimental,1,,,
EXP_3647,C1CC1,experimental,0,,,
EXP_3648,CCCC,experimental,0,,,
EXP_3649,C1=CC=C2C=CC=CC2=C1,experimental,1,,,
EXP_3650,CO,experimental,0,,,
EXP_3651,CCCCCO,experimental,0,,,
EXP_3652,C1CCCC1,experimental,1,,,
EXP_3653,CC(C)O,experimental,0,,,
EXP_3654,CCCCCCCC,experimental,0,,,
EXP_3655,CCO,experimental,1,,,
EXP_3656,CC(=O)O,experimental,0,,,
EXP_3657,C1CCCCC1,experimental,0,,,
EXP_3658,CCCCCC,experimental,1,,,
EXP_3659,CC(=O)C,experimental,0,,,
EXP_3660,C(C(=O)O)N,experimental,0,,,
EXP_3661,C1CC1,experimental,1,,,
EXP_3662,CCCC,experimental,0,,,
EXP_3663,C1=CC=C2C=CC=CC2=C1,experimental,0,,,
EXP_3664,CO,experimental,1,,,
EXP_3665,CCCCCO,experimental,0,,,
EXP_3666,C1CCCC1,experimental,0,,,
EXP_3667,CC(C)O,experimental,1,,,
EXP_3668,CCCCCCCC,experimental,0,,,
EXP_3669,CCO,experimental,0,,,
EXP_3670,CC(=O)O,experimental,1,,,
EXP_3671,C1CCCCC1,experimental,0,,,
EXP_3672,CCCCCC,experimental,0,,,
EXP_3673,CC(=O)C,experimental,1,,,
EXP_3674,C(C(=O)O)N,experimental,0,,,
EXP_3675,C1CC1,experimental,0,,,
EXP_3676,CCCC,experimental,1,,,
EXP_3677,C1=CC=C2C=CC=CC2=C1,experimental,0,,,
EXP_3678,CO,experimental,0,,,
EXP_3679,CCCCCO,experimental,1,,,
EXP_3680,C1CCCC1,experimental,0,,,
EXP_3681,CC(C)O,experimental,0,,,
EXP_3682,CCCCCCCC,experimental,1,,,
EXP_3683,CCO,experimental,0,,,
EXP_3684,CC(=O)O,experimental,0,,,
EXP_3685,C1CCCCC1,experimental,1,,,
EXP_3686,CCCCCC,experimental,0,,,
EXP_3687,CC(=O)C,experimental,0,,,
EXP_3688,C(C(=O)O)N,experimental,1,,,
EXP_3689,C1CC1,experimental,0,,,
EXP_3690,CCCC,experimental,0,,,
EXP_3691,C1=CC=C2C=CC=CC2=C1,experimental,1,,,
EXP_3692,CO,experimental,0,,,
EXP_3693,CCCCCO,experimental,0,,,
EXP_3694,C1CCCC1,experimental,1,,,
EXP_3695,CC(C)O,experimental,0,,,
EXP_3696,CCCCCCCC,experimental,0,,,
EXP_3697,CCO,experimental,1,,,
EXP_3698,CC(=O)O,experimental,0,,,
EXP_3699,C1CCCCC1,experimental,0,,,
EXP_3700,CCCCCC,experimental,1,,,
EXP_3701,CC(=O)C,experimental,0,,,
EXP_3702,C(C(=O)O)N,experimental,0,,,
EXP_3703,C1CC1,experimental,1,,,
EXP_3704,CCCC,experimental,0,,,
EXP_3705,C1=CC=C2C=CC=CC2=C1,experimental,0,,,
EXP_3706,CO,experimental,1,,,
EXP_3707,CCCCCO,experimental,0,,,
EXP_3708,C1CCCC1,experimental,0,,,
EXP_3709,CC(C)O,experimental,1,,,
EXP_3710,CCCCCCCC,experimental,0,,,
EXP_3711,CCO,experimental,0,,,
EXP_3712,CC(=O)O,experimental,1,,,
EXP_3713,C1CCCCC1,experimental,0,,,
EXP_3714,CCCCCC,experimental,0,,,
EXP_3715,CC(=O)C,experimental,1,,,
EXP_3716,C(C(=O)O)N,experimental,0,,,
EXP_3717,C1CC1,experimental,0,,,
EXP_3718,CCCC,experimental,1,,,
EXP_3719,C1=CC=C2C=CC=CC2=C1,experimental,0,,,
EXP_3720,CO,experimental,0,,,
EXP_3721,CCCCCO,experimental,1,,,
EXP_3722,C1CCCC1,experimental,0,,,
EXP_3723,CC(C)O,experimental,0,,,
EXP_3724,CCCCCCCC,experimental,1,,,
EXP_3725,CCO,experimental,0,,,
EXP_3726,CC(=O)O,experimental,0,,,
EXP_3727,C1CCCCC1,experimental,1,,,
EXP_3728,CCCCCC,experimental,0,,,
EXP_3729,CC(=O)C,experimental,0,,,
EXP_3730,C(C(=O)O)N,experimental,1,,,
EXP_3731,C1CC1,experimental,0,,,
EXP_3732,CCCC,experimental,0,,,
EXP_3733,C1=CC=C2C=CC=CC2=C1,experimental,1,,,
EXP_3734,CO,experimental,0,,,
EXP_3735,CCCCCO,experimental,0,,,
EXP_3736,C1CCCC1,experimental,1,,,
EXP_3737,CC(C)O,experimental,0,,,
EXP_3738,CCCCCCCC,experimental,0,,,
EXP_3739,CCO,experimental,1,,,
EXP_3740,CC(=O)O,experimental,0,,,
EXP_3741,C1CCCCC1,experimental,0,,,
EXP_3742,CCCCCC,experimental,1,,,
EXP_3743,CC(=O)C,experimental,0,,,
EXP_3744,C(C(=O)O)N,experimental,0,,,
EXP_3745,C1CC1,experimental,1,,,
EXP_3746,CCCC,experimental,0,,,
EXP_3747,C1=CC=C2C=CC=CC2=C1,experimental,0,,,
EXP_3748,CO,experimental,1,,,
EXP_3749,CCCCCO,experimental,0,,,
EXP_3750,C1CCCC1,experimental,0,,,
EXP_3751,CC(C)O,experimental,1,,,
EXP_3752,CCCCCCCC,experimental,0,,,
EXP_3753,CCO,experimental,0,,,
EXP_3754,CC(=O)O,experimental,1,,,
EXP_3755,C1CCCCC1,experimental,0,,,
EXP_3756,CCCCCC,experimental,0,,,
EXP_3757,CC(=O)C,experimental,1,,,
EXP_3758,C(C(=O)O)N,experimental,0,,,
EXP_3759,C1CC1,experimental,0,,,
EXP_3760,CCCC,experimental,1,,,
EXP_3761,C1=CC=C2C=CC=CC2=C1,experimental,0,,,
EXP_3762,CO,experimental,0,,,
EXP_3763,CCCCCO,experimental,1,,,
EXP_3764,C1CCCC1,experimental,0,,,
EXP_3765,CC(C)O,experimental,0,,,
EXP_3766,CCCCCCCC,experimental,1,,,
EXP_3767,CCO,experimental,0,,,
EXP_3768,CC(=O)O,experimental,0,,,
EXP_3769,C1CCCCC1,experimental,1,,,
EXP_3770,CCCCCC,experimental,0,,,
EXP_3771,CC(=O)C,experimental,0,,,
EXP_3772,C(C(=O)O)N,experimental,1,,,
EXP_3773,C1CC1,experimental,0,,,
EXP_3774,CCCC,experimental,0,,,
EXP_3775,C1=CC=C2C=CC=CC2=C1,experimental,1,,,
EXP_3776,CO,experimental,0,,,
EXP_3777,CCCCCO,experimental,0,,,
EXP_3778,C1CCCC1,experimental,1,,,
EXP_3779,CC(C)O,experimental,0,,,
EXP_3780,CCCCCCCC,experimental,0,,,
EXP_3781,CCO,experimental,1,,,
EXP_3782,CC(=O)O,experimental,0,,,
EXP_3783,C1CCCCC1,experimental,0,,,
EXP_3784,CCCCCC,experimental,1,,,
EXP_3785,CC(=O)C,experimental,0,,,
EXP_3786,C(C(=O)O)N,experimental,0,,,
EXP_3787,C1CC1,experimental,1,,,
EXP_3788,CCCC,experimental,0,,,
EXP_3789,C1=CC=C2C=CC=CC2=C1,experimental,0,,,
EXP_3790,CO,experimental,1,,,
EXP_3791,CCCCCO,experimental,0,,,
EXP_3792,C1CCCC1,experimental,0,,,
EXP_3793,CC(C)O,experimental,1,,,
EXP_3794,CCCCCCCC,experimental,0,,,
EXP_3795,CCO,experimental,0,,,
EXP_3796,CC(=O)O,experimental,1,,,
EXP_3797,C1CCCCC1,experimental,0,,,
EXP_3798,CCCCCC,experimental,0,,,
EXP_3799,CC(=O)C,experimental,1,,,
EXP_3800,C(C(=O)O)N,experimental,0,,,
EXP_3801,C1CC1,experimental,0,,,
EXP_3802,CCCC,experimental,1,,,
EXP_3803,C1=CC=C2C=CC=CC2=C1,experimental,0,,,
EXP_3804,CO,experimental,0,,,
EXP_3805,CCCCCO,experimental,1,,,
EXP_3806,C1CCCC1,experimental,0,,,
EXP_3807,CC(C)O,experimental,0,,,
EXP_3808,CCCCCCCC,experimental,1,,,
EXP_3809,CCO,experimental,0,,,
EXP_3810,CC(=O)O,experimental,0,,,
EXP_3811,C1CCCCC1,experimental,1,,,
EXP_3812,CCCCCC,experimental,0,,,
EXP_3813,CC(=O)C,experimental,0,,,
EXP_3814,C(C(=O)O)N,experimental,1,,,
EXP_3815,C1CC1,experimental,0,,,
EXP_3816,CCCC,experimental,0,,,
EXP_3817,C1=CC=C2C=CC=CC2=C1,experimental,1,,,
EXP_3818,CO,experimental,0,,,
EXP_3819,CCCCCO,experimental,0,,,
EXP_3820,C1CCCC1,experimental,1,,,
EXP_3821,CC(C)O,experimental,0,,,
EXP_3822,CCCCCCCC,experimental,0,,,
EXP_3823,CCO,experimental,1,,,
EXP_3824,CC(=O)O,experimental,0,,,
EXP_3825,C1CCCCC1,experimental,0,,,
EXP_3826,CCCCCC,experimental,1,,,
EXP_3827,CC(=O)C,experimental,0,,,
EXP_3828,C(C(=O)O)N,experimental,0,,,
EXP_3829,C1CC1,experimental,1,,,
EXP_3830,CCCC,experimental,0,,,
EXP_3831,C1=CC=C2C=CC=CC2=C1,experimental,0,,,
EXP_3832,CO,experimental,1,,,
EXP_3833,CCCCCO,experimental,0,,,
EXP_3834,C1CCCC1,experimental,0,,,
EXP_3835,CC(C)O,experimental,1,,,
EXP_3836,CCCCCCCC,experimental,0,,,
EXP_3837,CCO,experimental,0,,,
EXP_3838,CC(=O)O,experimental,1,,,
EXP_3839,C1CCCCC1,experimental,0,,,
EXP_3840,CCCCCC,experimental,0,,,
EXP_3841,CC(=O)C,experimental,1,,,
EXP_3842,C(C(=O)O)N,experimental,0,,,
EXP_3843,C1CC1,experimental,0,,,
EXP_3844,CCCC,experimental,1,,,
EXP_3845,C1=CC=C2C=CC=CC2=C1,experimental,0,,,
EXP_3846,CO,experimental,0,,,
EXP_3847,CCCCCO,experimental,1,,,
EXP_3848,C1CCCC1,experimental,0,,,
EXP_3849,CC(C)O,experimental,0,,,
EXP_3850,CCCCCCCC,experimental,1,,,
EXP_3851,CCO,experimental,0,,,
EXP_3852,CC(=O)O,experimental,0,,,
EXP_3853,C1CCCCC1,experimental,1,,,
EXP_3854,CCCCCC,experimental,0,,,
EXP_3855,CC(=O)C,experimental,0,,,
EXP_3856,C(C(=O)O)N,experimental,1,,,
EXP_3857,C1CC1,experimental,0,,,
EXP_3858,CCCC,experimental,0,,,
EXP_3859,C1=CC=C2C=CC=CC2=C1,experimental,1,,,
EXP_3860,CO,experimental,0,,,
EXP_3861,CCCCCO,experimental,0,,,
EXP_3862,C1CCCC1,experimental,1,,,
EXP_3863,CC(C)O,experimental,0,,,
EXP_3864,CCCCCCCC,experimental,0,,,
EXP_3865,CCO,experimental,1,,,
EXP_3866,CC(=O)O,experimental,0,,,
EXP_3867,C1CCCCC1,experimental,0,,,
EXP_3868,CCCCCC,experimental,1,,,
EXP_3869,CC(=O)C,experimental,0,,,
EXP_3870,C(C(=O)O)N,experimental,0,,,
EXP_3871,C1CC1,experimental,1,,,
EXP_3872,CCCC,experimental,0,,,
EXP_3873,C1=CC=C2C=CC=CC2=C1,experimental,0,,,
EXP_3874,CO,experimental,1,,,
EXP_3875,CCCCCO,experimental,0,,,
EXP_3876,C1CCCC1,experimental,0,,,
EXP_3877,CC(C)O,experimental,1,,,
EXP_3878,CCCCCCCC,experimental,0,,,
EXP_3879,CCO,experimental,0,,,
EXP_3880,CC(=O)O,experimental,1,,,
EXP_3881,C1CCCCC1,experimental,0,,,
EXP_3882,CCCCCC,experimental,0,,,
EXP_3883,CC(=O)C,experimental,1,,,
EXP_3884,C(C(=O)O)N,experimental,0,,,
EXP_3885,C1CC1,experimental,0,,,
EXP_3886,CCCC,experimental,1,,,
EXP_3887,C1=CC=C2C=CC=CC2=C1,experimental,0,,,
EXP_3888,CO,experimental,0,,,
EXP_3889,CCCCCO,experimental,1,,,
EXP_3890,C1CCCC1,experimental,0,,,
EXP_3891,CC(C)O,experimental,0,,,
EXP_3892,CCCCCCCC,experimental,1,,,
EXP_3893,CCO,experimental,0,,,
EXP_3894,CC(=O)O,experimental,0,,,
EXP_3895,C1CCCCC1,experimental,1,,,
EXP_3896,CCCCCC,experimental,0,,,
EXP_3897,CC(=O)C,experimental,0,,,
EXP_3898,C(C(=O)O)N,experimental,1,,,
EXP_3899,C1CC1,experimental,0,,,
EXP_3900,CCCC,experimental,0,,,
EXP_3901,C1=CC=C2C=CC=CC2=C1,experimental,1,,,
EXP_3902,CO,experimental,0,,,
EXP_3903,CCCCCO,experimental,0,,,
EXP_3904,C1CCCC1,experimental,1,,,
EXP_3905,CC(C)O,experimental,0,,,
EXP_3906,CCCCCCCC,experimental,0,,,
EXP_3907,CCO,experimental,1,,,
EXP_3908,CC(=O)O,experimental,0,,,
EXP_3909,C1CCCCC1,experimental,0,,,
EXP_3910,CCCCCC,experimental,1,,,
EXP_3911,CC(=O)C,experimental,0,,,
EXP_3912,C(C(=O)O)N,experimental,0,,,
EXP_3913,C1CC1,experimental,1,,,
EXP_3914,CCCC,experimental,0,,,
EXP_3915,C1=CC=C2C=CC=CC2=C1,experimental,0,,,
EXP_3916,CO,experimental,1,,,
EXP_3917,CCCCCO,experimental,0,,,
EXP_3918,C1CCCC1,experimental,0,,,
EXP_3919,CC(C)O,experimental,1,,,
EXP_3920,CCCCCCCC,experimental,0,,,
EXP_3921,CCO,experimental,0,,,
EXP_3922,CC(=O)O,experimental,1,,,
EXP_3923,C1CCCCC1,experimental,0,,,
EXP_3924,CCCCCC,experimental,0,,,
EXP_3925,CC(=O)C,experimental,1,,,
EXP_3926,C(C(=O)O)N,experimental,0,,,
EXP_3927,C1CC1,experimental,0,,,
EXP_3928,CCCC,experimental,1,,,
EXP_3929,C1=CC=C2C=CC=CC2=C1,experimental,0,,,
EXP_3930,CO,experimental,0,,,
EXP_3931,CCCCCO,experimental,1,,,
EXP_3932,C1CCCC1,experimental,0,,,
EXP_3933,CC(C)O,experimental,0,,,
EXP_3934,CCCCCCCC,experimental,1,,,
EXP_3935,CCO,experimental,0,,,
EXP_3936,CC(=O)O,experimental,0,,,
EXP_3937,C1CCCCC1,experimental,1,,,
EXP_3938,CCCCCC,experimental,0,,,
EXP_3939,CC(=O)C,experimental,0,,,
EXP_3940,C(C(=O)O)N,experimental,1,,,
EXP_3941,C1CC1,experimental,0,,,
EXP_3942,CCCC,experimental,0,,,
EXP_3943,C1=CC=C2C=CC=CC2=C1,experimental,1,,,
EXP_3944,CO,experimental,0,,,
EXP_3945,CCCCCO,experimental,0,,,
EXP_3946,C1CCCC1,experimental,1,,,
EXP_3947,CC(C)O,experimental,0,,,
EXP_3948,CCCCCCCC,experimental,0,,,
EXP_3949,CCO,experimental,1,,,
EXP_3950,CC(=O)O,experimental,0,,,
EXP_3951,C1CCCCC1,experimental,0,,,
EXP_3952,CCCCCC,experimental,1,,,
EXP_3953,CC(=O)C,experimental,0,,,
EXP_3954,C(C(=O)O)N,experimental,0,,,
EXP_3955,C1CC1,experimental,1,,,
EXP_3956,CCCC,experimental,0,,,
EXP_3957,C1=CC=C2C=CC=CC2=C1,experimental,0,,,
EXP_3958,CO,experimental,1,,,
EXP_3959,CCCCCO,experimental,0,,,
EXP_3960,C1CCCC1,experimental,0,,,
EXP_3961,CC(C)O,experimental,1,,,
EXP_3962,CCCCCCCC,experimental,0,,,
EXP_3963,CCO,experimental,0,,,
EXP_3964,CC(=O)O,experimental,1,,,
EXP_3965,C1CCCCC1,experimental,0,,,
EXP_3966,CCCCCC,experimental,0,,,
EXP_3967,CC(=O)C,experimental,1,,,
EXP_3968,C(C(=O)O)N,experimental,0,,,
EXP_3969,C1CC1,experimental,0,,,
EXP_3970,CCCC,experimental,1,,,
EXP_3971,C1=CC=C2C=CC=CC2=C1,experimental,0,,,
EXP_3972,CO,experimental,0,,,
EXP_3973,CCCCCO,experimental,1,,,
EXP_3974,C1CCCC1,experimental,0,,,
EXP_3975,CC(C)O,experimental,0,,,
EXP_3976,CCCCCCCC,experimental,1,,,
EXP_3977,CCO,experimental,0,,,
EXP_3978,CC(=O)O,experimental,0,,,
EXP_3979,C1CCCCC1,experimental,1,,,
EXP_3980,CCCCCC,experimental,0,,,
EXP_3981,CC(=O)C,experimental,0,,,
EXP_3982,C(C(=O)O)N,experimental,1,,,
EXP_3983,C1CC1,experimental,0,,,
EXP_3984,CCCC,experimental,0,,,
EXP_3985,C1=CC=C2C=CC=CC2=C1,experimental,1,,,
EXP_3986,CO,experimental,0,,,
EXP_3987,CCCCCO,experimental,0,,,
EXP_3988,C1CCCC1,experimental,1,,,
EXP_3989,CC(C)O,experimental,0,,,
EXP_3990,CCCCCCCC,experimental,0,,,
EXP_3991,CCO,experimental,1,,,
EXP_3992,CC(=O)O,experimental,0,,,
EXP_3993,C1CCCCC1,experimental,0,,,
EXP_3994,CCCCCC,experimental,1,,,
EXP_3995,CC(=O)C,experimental,0,,,
EXP_3996,C(C(=O)O)N,experimental,0,,,
EXP_3997,C1CC1,experimental,1,,,
EXP_3998,CCCC,experimental,0,,,
EXP_3999,C1=CC=C2C=CC=CC2=C1,experimental,0,,,
EXP_4000,CO,experimental,1,,,
EXP_4001,CCCCCO,experimental,0,,,
EXP_4002,C1CCCC1,experimental,0,,,
EXP_4003,CC(C)O,experimental,1,,,
EXP_4004,CCCCCCCC,experimental,0,,,
EXP_4005,CCO,experimental,0,,,
EXP_4006,CC(=O)O,experimental,1,,,
EXP_4007,C1CCCCC1,experimental,0,,,
EXP_4008,CCCCCC,experimental,0,,,
EXP_4009,CC(=O)C,experimental,1,,,
EXP_4010,C(C(=O)O)N,experimental,0,,,
EXP_4011,C1CC1,experimental,0,,,
EXP_4012,CCCC,experimental,1,,,
EXP_4013,C1=CC=C2C=CC=CC2=C1,experimental,0,,,
EXP_4014,CO,experimental,0,,,
EXP_4015,CCCCCO,experimental,1,,,
EXP_4016,C1CCCC1,experimental,0,,,
EXP_4017,CC(C)O,experimental,0,,,
EXP_4018,CCCCCCCC,experimental,1,,,
EXP_4019,CCO,experimental,0,,,
EXP_4020,CC(=O)O,experimental,0,,,
EXP_4021,C1CCCCC1,experimental,1,,,
EXP_4022,CCCCCC,experimental,0,,,
EXP_4023,CC(=O)C,experimental,0,,,
EXP_4024,C(C(=O)O)N,experimental,1,,,
EXP_4025,C1CC1,experimental,0,,,
EXP_4026,CCCC,experimental,0,,,
EXP_4027,C1=CC=C2C=CC=CC2=C1,experimental,1,,,
EXP_4028,CO,experimental,0,,,
EXP_4029,CCCCCO,experimental,0,,,
EXP_4030,C1CCCC1,experimental,1,,,
EXP_4031,CC(C)O,experimental,0,,,
EXP_4032,CCCCCCCC,experimental,0,,,
EXP_4033,CCO,experimental,1,,,
EXP_4034,CC(=O)O,experimental,0,,,
EXP_4035,C1CCCCC1,experimental,0,,,
EXP_4036,CCCCCC,experimental,1,,,
EXP_4037,CC(=O)C,experimental,0,,,
EXP_4038,C(C(=O)O)N,experimental,0,,,
EXP_4039,C1CC1,experimental,1,,,
EXP_4040,CCCC,experimental,0,,,
EXP_4041,C1=CC=C2C=CC=CC2=C1,experimental,0,,,
EXP_4042,CO,experimental,1,,,
EXP_4043,CCCCCO,experimental,0,,,
EXP_4044,C1CCCC1,experimental,0,,,
EXP_4045,CC(C)O,experimental,1,,,
EXP_4046,CCCCCCCC,experimental,0,,,
EXP_4047,CCO,experimental,0,,,
EXP_4048,CC(=O)O,experimental,1,,,
EXP_4049,C1CCCCC1,experimental,0,,,
EXP_4050,CCCCCC,experimental,0,,,
EXP_4051,CC(=O)C,experimental,1,,,
EXP_4052,C(C(=O)O)N,experimental,0,,,
EXP_4053,C1CC1,experimental,0,,,
EXP_4054,CCCC,experimental,1,,,
EXP_4055,C1=CC=C2C=CC=CC2=C1,experimental,0,,,
EXP_4056,CO,experimental,0,,,
EXP_4057,CCCCCO,experimental,1,,,
EXP_4058,C1CCCC1,experimental,0,,,
EXP_4059,CC(C)O,experimental,0,,,
EXP_4060,CCCCCCCC,experimental,1,,,
EXP_4061,CCO,experimental,0,,,
EXP_4062,CC(=O)O,experimental,0,,,
EXP_4063,C1CCCCC1,experimental,1,,,
EXP_4064,CCCCCC,experimental,0,,,
EXP_4065,CC(=O)C,experimental,0,,,
EXP_4066,C(C(=O)O)N,experimental,1,,,
EXP_4067,C1CC1,experimental,0,,,
EXP_4068,CCCC,experimental,0,,,
EXP_4069,C1=CC=C2C=CC=CC2=C1,experimental,1,,,
EXP_4070,CO,experimental,0,,,
EXP_4071,CCCCCO,experimental,0,,,
EXP_4072,C1CCCC1,experimental,1,,,
EXP_4073,CC(C)O,experimental,0,,,
EXP_4074,CCCCCCCC,experimental,0,,,
EXP_4075,CCO,experimental,1,,,
EXP_4076,CC(=O)O,experimental,0,,,
EXP_4077,C1CCCCC1,experimental,0,,,
EXP_4078,CCCCCC,experimental,1,,,
EXP_4079,CC(=O)C,experimental,0,,,
EXP_4080,C(C(=O)O)N,experimental,0,,,
EXP_4081,C1CC1,experimental,1,,,
EXP_4082,CCCC,experimental,0,,,
EXP_4083,C1=CC=C2C=CC=CC2=C1,experimental,0,,,
EXP_4084,CO,experimental,1,,,
EXP_4085,CCCCCO,experimental,0,,,
EXP_4086,C1CCCC1,experimental,0,,,
EXP_4087,CC(C)O,experimental,1,,,
EXP_4088,CCCCCCCC,experimental,0,,,
EXP_4089,CCO,experimental,0,,,
EXP_4090,CC(=O)O,experimental,1,,,
EXP_4091,C1CCCCC1,experimental,0,,,
EXP_4092,CCCCCC,experimental,0,,,
EXP_4093,CC(=O)C,experimental,1,,,
EXP_4094,C(C(=O)O)N,experimental,0,,,
EXP_4095,C1CC1,experimental,0,,,
EXP_4096,CCCC,experimental,1,,,
EXP_4097,C1=CC=C2C=CC=CC2=C1,experimental,0,,,
EXP_4098,CO,experimental,0,,,
EXP_4099,CCCCCO,experimental,1,,,
EXP_4100,C1CCCC1,experimental,0,,,
EXP_4101,CC(C)O,experimental,0,,,
EXP_4102,CCCCCCCC,experimental,1,,,
EXP_4103,CCO,experimental,0,,,
EXP_4104,CC(=O)O,experimental,0,,,
EXP_4105,C1CCCCC1,experimental,1,,,
EXP_4106,CCCCCC,experimental,0,,,
EXP_4107,CC(=O)C,experimental,0,,,
EXP_4108,C(C(=O)O)N,experimental,1,,,
EXP_4109,C1CC1,experimental,0,,,
EXP_4110,CCCC,experimental,0,,,
EXP_4111,C1=CC=C2C=CC=CC2=C1,experimental,1,,,
EXP_4112,CO,experimental,0,,,
EXP_4113,CCCCCO,experimental,0,,,
EXP_4114,C1CCCC1,experimental,1,,,
EXP_4115,CC(C)O,experimental,0,,,
EXP_4116,CCCCCCCC,experimental,0,,,
EXP_4117,CCO,experimental,1,,,
EXP_4118,CC(=O)O,experimental,0,,,
EXP_4119,C1CCCCC1,experimental,0,,,
EXP_4120,CCCCCC,experimental,1,,,
EXP_4121,CC(=O)C,experimental,0,,,
EXP_4122,C(C(=O)O)N,experimental,0,,,
EXP_4123,C1CC1,experimental,1,,,
EXP_4124,CCCC,experimental,0,,,
EXP_4125,C1=CC=C2C=CC=CC2=C1,experimental,0,,,
EXP_4126,CO,experimental,1,,,
EXP_4127,CCCCCO,experimental,0,,,
EXP_4128,C1CCCC1,experimental,0,,,
EXP_4129,CC(C)O,experimental,1,,,
EXP_4130,CCCCCCCC,experimental,0,,,
EXP_4131,CCO,experimental,0,,,
EXP_4132,CC(=O)O,experimental,1,,,
EXP_4133,C1CCCCC1,experimental,0,,,
EXP_4134,CCCCCC,experimental,0,,,
EXP_4135,CC(=O)C,experimental,1,,,
EXP_4136,C(C(=O)O)N,experimental,0,,,
EXP_4137,C1CC1,experimental,0,,,
EXP_4138,CCCC,experimental,1,,,
EXP_4139,C1=CC=C2C=CC=CC2=C1,experimental,0,,,
EXP_4140,CO,experimental,0,,,
EXP_4141,CCCCCO,experimental,1,,,
EXP_4142,C1CCCC1,experimental,0,,,
EXP_4143,CC(C)O,experimental,0,,,
EXP_4144,CCCCCCCC,experimental,1,,,
EXP_4145,CCO,experimental,0,,,
EXP_4146,CC(=O)O,experimental,0,,,
EXP_4147,C1CCCCC1,experimental,1,,,
EXP_4148,CCCCCC,experimental,0,,,
EXP_4149,CC(=O)C,experimental,0,,,
EXP_4150,C(C(=O)O)N,experimental,1,,,
EXP_4151,C1CC1,experimental,0,,,
EXP_4152,CCCC,experimental,0,,,
EXP_4153,C1=CC=C2C=CC=CC2=C1,experimental,1,,,
EXP_4154,CO,experimental,0,,,
EXP_4155,CCCCCO,experimental,0,,,
EXP_4156,C1CCCC1,experimental,1,,,
EXP_4157,CC(C)O,experimental,0,,,
EXP_4158,CCCCCCCC,experimental,0,,,
EXP_4159,CCO,experimental,1,,,
EXP_4160,CC(=O)O,experimental,0,,,
EXP_4161,C1CCCCC1,experimental,0,,,
EXP_4162,CCCCCC,experimental,1,,,
EXP_4163,CC(=O)C,experimental,0,,,
EXP_4164,C(C(=O)O)N,experimental,0,,,
EXP_4165,C1CC1,experimental,1,,,
EXP_4166,CCCC,experimental,0,,,
EXP_4167,C1=CC=C2C=CC=CC2=C1,experimental,0,,,
EXP_4168,CO,experimental,1,,,
EXP_4169,CCCCCO,experimental,0,,,
EXP_4170,C1CCCC1,experimental,0,,,
EXP_4171,CC(C)O,experimental,1,,,
EXP_4172,CCCCCCCC,experimental,0,,,
EXP_4173,CCO,experimental,0,,,
EXP_4174,CC(=O)O,experimental,1,,,
EXP_4175,C1CCCCC1,experimental,0,,,
EXP_4176,CCCCCC,experimental,0,,,
EXP_4177,CC(=O)C,experimental,1,,,
EXP_4178,C(C(=O)O)N,experimental,0,,,
EXP_4179,C1CC1,experimental,0,,,
EXP_4180,CCCC,experimental,1,,,
EXP_4181,C1=CC=C2C=CC=CC2=C1,experimental,0,,,
EXP_4182,CO,experimental,0,,,
EXP_4183,CCCCCO,experimental,1,,,
EXP_4184,C1CCCC1,experimental,0,,,
EXP_4185,CC(C)O,experimental,0,,,
EXP_4186,CCCCCCCC,experimental,1,,,
EXP_4187,CCO,experimental,0,,,
EXP_4188,CC(=O)O,experimental,0,,,
EXP_4189,C1CCCCC1,experimental,1,,,
EXP_4190,CCCCCC,experimental,0,,,
EXP_4191,CC(=O)C,experimental,0,,,
EXP_4192,C(C(=O)O)N,experimental,1,,,
EXP_4193,C1CC1,experimental,0,,,
EXP_4194,CCCC,experimental,0,,,
EXP_4195,C1=CC=C2C=CC=CC2=C1,experimental,1,,,
EXP_4196,CO,experimental,0,,,
EXP_4197,CCCCCO,experimental,0,,,
EXP_4198,C1CCCC1,experimental,1,,,
EXP_4199,CC(C)O,experimental,0,,,
EXP_4200,CCCCCCCC,experimental,0,,,
EXP_4201,CCO,experimental,1,,,
EXP_4202,CC(=O)O,experimental,0,,,
EXP_4203,C1CCCCC1,experimental,0,,,
EXP_4204,CCCCCC,experimental,1,,,
EXP_4205,CC(=O)C,experimental,0,,,
EXP_4206,C(C(=O)O)N,experimental,0,,,
EXP_4207,C1CC1,experimental,1,,,
EXP_4208,CCCC,experimental,0,,,
EXP_4209,C1=CC=C2C=CC=CC2=C1,experimental,0,,,
EXP_4210,CO,experimental,1,,,
EXP_4211,CCCCCO,experimental,0,,,
EXP_4212,C1CCCC1,experimental,0,,,
EXP_4213,CC(C)O,experimental,1,,,
EXP_4214,CCCCCCCC,experimental,0,,,
EXP_4215,CCO,experimental,0,,,
EXP_4216,CC(=O)O,experimental,1,,,
EXP_4217,C1CCCCC1,experimental,0,,,
EXP_4218,CCCCCC,experimental,0,,,
EXP_4219,CC(=O)C,experimental,1,,,
EXP_4220,C(C(=O)O)N,experimental,0,,,
EXP_4221,C1CC1,experimental,0,,,
EXP_4222,CCCC,experimental,1,,,
EXP_4223,C1=CC=C2C=CC=CC2=C1,experimental,0,,,
EXP_4224,CO,experimental,0,,,
EXP_4225,CCCCCO,experimental,1,,,
EXP_4226,C1CCCC1,experimental,0,,,
EXP_4227,CC(C)O,experimental,0,,,
EXP_4228,CCCCCCCC,experimental,1,,,
EXP_4229,CCO,experimental,0,,,
EXP_4230,CC(=O)O,experimental,0,,,
EXP_4231,C1CCCCC1,experimental,1,,,
EXP_4232,CCCCCC,experimental,0,,,
EXP_4233,CC(=O)C,experimental,0,,,
EXP_4234,C(C(=O)O)N,experimental,1,,,
EXP_4235,C1CC1,experimental,0,,,
EXP_4236,CCCC,experimental,0,,,
EXP_4237,C1=CC=C2C=CC=CC2=C1,experimental,1,,,
EXP_4238,CO,experimental,0,,,
EXP_4239,CCCCCO,experimental,0,,,
EXP_4240,C1CCCC1,experimental,1,,,
EXP_4241,CC(C)O,experimental,0,,,
EXP_4242,CCCCCCCC,experimental,0,,,
EXP_4243,CCO,experimental,1,,,
EXP_4244,CC(=O)O,experimental,0,,,
EXP_4245,C1CCCCC1,experimental,0,,,
EXP_4246,CCCCCC,experimental,1,,,
EXP_4247,CC(=O)C,experimental,0,,,
EXP_4248,C(C(=O)O)N,experimental,0,,,
EXP_4249,C1CC1,experimental,1,,,
EXP_4250,CCCC,experimental,0,,,
EXP_4251,C1=CC=C2C=CC=CC2=C1,experimental,0,,,
EXP_4252,CO,experimental,1,,,
EXP_4253,CCCCCO,experimental,0,,,
EXP_4254,C1CCCC1,experimental,0,,,
EXP_4255,CC(C)O,experimental,1,,,
EXP_4256,CCCCCCCC,experimental,0,,,
EXP_4257,CCO,experimental,0,,,
EXP_4258,CC(=O)O,experimental,1,,,
EXP_4259,C1CCCCC1,experimental,0,,,
EXP_4260,CCCCCC,experimental,0,,,
EXP_4261,CC(=O)C,experimental,1,,,
EXP_4262,C(C(=O)O)N,experimental,0,,,
EXP_4263,C1CC1,experimental,0,,,
EXP_4264,CCCC,experimental,1,,,
EXP_4265,C1=CC=C2C=CC=CC2=C1,experimental,0,,,
EXP_4266,CO,experimental,0,,,
EXP_4267,CCCCCO,experimental,1,,,
EXP_4268,C1CCCC1,experimental,0,,,
EXP_4269,CC(C)O,experimental,0,,,
EXP_4270,CCCCCCCC,experimental,1,,,
EXP_4271,CCO,experimental,0,,,
EXP_4272,CC(=O)O,experimental,0,,,
EXP_4273,C1CCCCC1,experimental,1,,,
EXP_4274,CCCCCC,experimental,0,,,
EXP_4275,CC(=O)C,experimental,0,,,
EXP_4276,C(C(=O)O)N,experimental,1,,,
EXP_4277,C1CC1,experimental,0,,,
EXP_4278,CCCC,experimental,0,,,
EXP_4279,C1=CC=C2C=CC=CC2=C1,experimental,1,,,
EXP_4280,CO,experimental,0,,,
EXP_4281,CCCCCO,experimental,0,,,
EXP_4282,C1CCCC1,experimental,1,,,
EXP_4283,CC(C)O,experimental,0,,,
EXP_4284,CCCCCCCC,experimental,0,,,
EXP_4285,CCO,experimental,1,,,
EXP_4286,CC(=O)O,experimental,0,,,
EXP_4287,C1CCCCC1,experimental,0,,,
EXP_4288,CCCCCC,experimental,1,,,
EXP_4289,CC(=O)C,experimental,0,,,
EXP_4290,C(C(=O)O)N,experimental,0,,,
EXP_4291,C1CC1,experimental,1,,,
EXP_4292,CCCC,experimental,0,,,
EXP_4293,C1=CC=C2C=CC=CC2=C1,experimental,0,,,
EXP_4294,CO,experimental,1,,,
EXP_4295,CCCCCO,experimental,0,,,
EXP_4296,C1CCCC1,experimental,0,,,
EXP_4297,CC(C)O,experimental,1,,,
EXP_4298,CCCCCCCC,experimental,0,,,
EXP_4299,CCO,experimental,0,,,
EXP_4300,CC(=O)O,experimental,1,,,
EXP_4301,C1CCCCC1,experimental,0,,,
EXP_4302,CCCCCC,experimental,0,,,
EXP_4303,CC(=O)C,experimental,1,,,
EXP_4304,C(C(=O)O)N,experimental,0,,,
EXP_4305,C1CC1,experimental,0,,,
EXP_4306,CCCC,experimental,1,,,
EXP_4307,C1=CC=C2C=CC=CC2=C1,experimental,0,,,
EXP_4308,CO,experimental,0,,,
EXP_4309,CCCCCO,experimental,1,,,
EXP_4310,C1CCCC1,experimental,0,,,
EXP_4311,CC(C)O,experimental,0,,,
EXP_4312,CCCCCCCC,experimental,1,,,
EXP_4313,CCO,experimental,0,,,
EXP_4314,CC(=O)O,experimental,0,,,
EXP_4315,C1CCCCC1,experimental,1,,,
EXP_4316,CCCCCC,experimental,0,,,
EXP_4317,CC(=O)C,experimental,0,,,
EXP_4318,C(C(=O)O)N,experimental,1,,,
EXP_4319,C1CC1,experimental,0,,,
EXP_4320,CCCC,experimental,0,,,
EXP_4321,C1=CC=C2C=CC=CC2=C1,experimental,1,,,
EXP_4322,CO,experimental,0,,,
EXP_4323,CCCCCO,experimental,0,,,
EXP_4324,C1CCCC1,experimental,1,,,
EXP_4325,CC(C)O,experimental,0,,,
EXP_4326,CCCCCCCC,experimental,0,,,
EXP_4327,CCO,experimental,1,,,
EXP_4328,CC(=O)O,experimental,0,,,
EXP_4329,C1CCCCC1,experimental,0,,,
EXP_4330,CCCCCC,experimental,1,,,
EXP_4331,CC(=O)C,experimental,0,,,
EXP_4332,C(C(=O)O)N,experimental,0,,,
EXP_4333,C1CC1,experimental,1,,,
EXP_4334,CCCC,experimental,0,,,
EXP_4335,C1=CC=C2C=CC=CC2=C1,experimental,0,,,
EXP_4336,CO,experimental,1,,,
EXP_4337,CCCCCO,experimental,0,,,
EXP_4338,C1CCCC1,experimental,0,,,
EXP_4339,CC(C)O,experimental,1,,,
EXP_4340,CCCCCCCC,experimental,0,,,
EXP_4341,CCO,experimental,0,,,
EXP_4342,CC(=O)O,experimental,1,,,
EXP_4343,C1CCCCC1,experimental,0,,,
EXP_4344,CCCCCC,experimental,0,,,
EXP_4345,CC(=O)C,experimental,1,,,
EXP_4346,C(C(=O)O)N,experimental,0,,,
EXP_4347,C1CC1,experimental,0,,,
EXP_4348,CCCC,experimental,1,,,
EXP_4349,C1=CC=C2C=CC=CC2=C1,experimental,0,,,
EXP_4350,CO,experimental,0,,,
EXP_4351,CCCCCO,experimental,1,,,
EXP_4352,C1CCCC1,experimental,0,,,
EXP_4353,CC(C)O,experimental,0,,,
EXP_4354,CCCCCCCC,experimental,1,,,
EXP_4355,CCO,experimental,0,,,
EXP_4356,CC(=O)O,experimental,0,,,
EXP_4357,C1CCCCC1,experimental,1,,,
EXP_4358,CCCCCC,experimental,0,,,
EXP_4359,CC(=O)C,experimental,0,,,
EXP_4360,C(C(=O)O)N,experimental,1,,,
EXP_4361,C1CC1,experimental,0,,,
EXP_4362,CCCC,experimental,0,,,
EXP_4363,C1=CC=C2C=CC=CC2=C1,experimental,1,,,
EXP_4364,CO,experimental,0,,,
EXP_4365,CCCCCO,experimental,0,,,
EXP_4366,C1CCCC1,experimental,1,,,
EXP_4367,CC(C)O,experimental,0,,,
EXP_4368,CCCCCCCC,experimental,0,,,
EXP_4369,CCO,experimental,1,,,
EXP_4370,CC(=O)O,experimental,0,,,
EXP_4371,C1CCCCC1,experimental,0,,,
EXP_4372,CCCCCC,experimental,1,,,
EXP_4373,CC(=O)C,experimental,0,,,
EXP_4374,C(C(=O)O)N,experimental,0,,,
EXP_4375,C1CC1,experimental,1,,,
EXP_4376,CCCC,experimental,0,,,
EXP_4377,C1=CC=C2C=CC=CC2=C1,experimental,0,,,
EXP_4378,CO,experimental,1,,,
EXP_4379,CCCCCO,experimental,0,,,
EXP_4380,C1CCCC1,experimental,0,,,
EXP_4381,CC(C)O,experimental,1,,,
EXP_4382,CCCCCCCC,experimental,0,,,
EXP_4383,CCO,experimental,0,,,
EXP_4384,CC(=O)O,experimental,1,,,
EXP_4385,C1CCCCC1,experimental,0,,,
EXP_4386,CCCCCC,experimental,0,,,
EXP_4387,CC(=O)C,experimental,1,,,
EXP_4388,C(C(=O)O)N,experimental,0,,,
EXP_4389,C1CC1,experimental,0,,,
EXP_4390,CCCC,experimental,1,,,
EXP_4391,C1=CC=C2C=CC=CC2=C1,experimental,0,,,
EXP_4392,CO,experimental,0,,,
EXP_4393,CCCCCO,experimental,1,,,
EXP_4394,C1CCCC1,experimental,0,,,
EXP_4395,CC(C)O,experimental,0,,,
EXP_4396,CCCCCCCC,experimental,1,,,
EXP_4397,CCO,experimental,0,,,
EXP_4398,CC(=O)O,experimental,0,,,
EXP_4399,C1CCCCC1,experimental,1,,,
EXP_4400,CCCCCC,experimental,0,,,
EXP_4401,CC(=O)C,experimental,0,,,
EXP_4402,C(C(=O)O)N,experimental,1,,,
EXP_4403,C1CC1,experimental,0,,,
EXP_4404,CCCC,experimental,0,,,
EXP_4405,C1=CC=C2C=CC=CC2=C1,experimental,1,,,
EXP_4406,CO,experimental,0,,,
EXP_4407,CCCCCO,experimental,0,,,
EXP_4408,C1CCCC1,experimental,1,,,
EXP_4409,CC(C)O,experimental,0,,,
EXP_4410,CCCCCCCC,experimental,0,,,
EXP_4411,CCO,experimental,1,,,
EXP_4412,CC(=O)O,experimental,0,,,
EXP_4413,C1CCCCC1,experimental,0,,,
EXP_4414,CCCCCC,experimental,1,,,
EXP_4415,CC(=O)C,experimental,0,,,
EXP_4416,C(C(=O)O)N,experimental,0,,,
EXP_4417,C1CC1,experimental,1,,,
EXP_4418,CCCC,experimental,0,,,
EXP_4419,C1=CC=C2C=CC=CC2=C1,experimental,0,,,
EXP_4420,CO,experimental,1,,,
EXP_4421,CCCCCO,experimental,0,,,
EXP_4422,C1CCCC1,experimental,0,,,
EXP_4423,CC(C)O,experimental,1,,,
EXP_4424,CCCCCCCC,experimental,0,,,
EXP_4425,CCO,experimental,0,,,
EXP_4426,CC(=O)O,experimental,1,,,
EXP_4427,C1CCCCC1,experimental,0,,,
EXP_4428,CCCCCC,experimental,0,,,
EXP_4429,CC(=O)C,experimental,1,,,
EXP_4430,C(C(=O)O)N,experimental,0,,,
EXP_4431,C1CC1,experimental,0,,,
EXP_4432,CCCC,experimental,1,,,
EXP_4433,C1=CC=C2C=CC=CC2=C1,experimental,0,,,
EXP_4434,CO,experimental,0,,,
EXP_4435,CCCCCO,experimental,1,,,
EXP_4436,C1CCCC1,experimental,0,,,
EXP_4437,CC(C)O,experimental,0,,,
EXP_4438,CCCCCCCC,experimental,1,,,
EXP_4439,CCO,experimental,0,,,
EXP_4440,CC(=O)O,experimental,0,,,
EXP_4441,C1CCCCC1,experimental,1,,,
EXP_4442,CCCCCC,experimental,0,,,
EXP_4443,CC(=O)C,experimental,0,,,
EXP_4444,C(C(=O)O)N,experimental,1,,,
EXP_4445,C1CC1,experimental,0,,,
EXP_4446,CCCC,experimental,0,,,
EXP_4447,C1=CC=C2C=CC=CC2=C1,experimental,1,,,
EXP_4448,CO,experimental,0,,,
EXP_4449,CCCCCO,experimental,0,,,
EXP_4450,C1CCCC1,experimental,1,,,
EXP_4451,CC(C)O,experimental,0,,,
EXP_4452,CCCCCCCC,experimental,0,,,
EXP_4453,CCO,experimental,1,,,
EXP_4454,CC(=O)O,experimental,0,,,
EXP_4455,C1CCCCC1,experimental,0,,,
EXP_4456,CCCCCC,experimental,1,,,
EXP_4457,CC(=O)C,experimental,0,,,
EXP_4458,C(C(=O)O)N,experimental,0,,,
EXP_4459,C1CC1,experimental,1,,,
EXP_4460,CCCC,experimental,0,,,
EXP_4461,C1=CC=C2C=CC=CC2=C1,experimental,0,,,
EXP_4462,CO,experimental,1,,,
EXP_4463,CCCCCO,experimental,0,,,
EXP_4464,C1CCCC1,experimental,0,,,
EXP_4465,CC(C)O,experimental,1,,,
EXP_4466,CCCCCCCC,experimental,0,,,
EXP_4467,CCO,experimental,0,,,
EXP_4468,CC(=O)O,experimental,1,,,
EXP_4469,C1CCCCC1,experimental,0,,,
EXP_4470,CCCCCC,experimental,0,,,
EXP_4471,CC(=O)C,experimental,1,,,
EXP_4472,C(C(=O)O)N,experimental,0,,,
EXP_4473,C1CC1,experimental,0,,,
EXP_4474,CCCC,experimental,1,,,
EXP_4475,C1=CC=C2C=CC=CC2=C1,experimental,0,,,
EXP_4476,CO,experimental,0,,,
EXP_4477,CCCCCO,experimental,1,,,
EXP_4478,C1CCCC1,experimental,0,,,
EXP_4479,CC(C)O,experimental,0,,,
EXP_4480,CCCCCCCC,experimental,1,,,
EXP_4481,CCO,experimental,0,,,
EXP_4482,CC(=O)O,experimental,0,,,
EXP_4483,C1CCCCC1,experimental,1,,,
EXP_4484,CCCCCC,experimental,0,,,
EXP_4485,CC(=O)C,experimental,0,,,
EXP_4486,C(C(=O)O)N,experimental,1,,,
EXP_4487,C1CC1,experimental,0,,,
EXP_4488,CCCC,experimental,0,,,
EXP_4489,C1=CC=C2C=CC=CC2=C1,experimental,1,,,
EXP_4490,CO,experimental,0,,,
EXP_4491,CCCCCO,experimental,0,,,
EXP_4492,C1CCCC1,experimental,1,,,
EXP_4493,CC(C)O,experimental,0,,,
EXP_4494,CCCCCCCC,experimental,0,,,
EXP_4495,CCO,experimental,1,,,
EXP_4496,CC(=O)O,experimental,0,,,
EXP_4497,C1CCCCC1,experimental,0,,,
EXP_4498,CCCCCC,experimental,1,,,
EXP_4499,CC(=O)C,experimental,0,,,
EXP_4500,C(C(=O)O)N,experimental,0,,,
EXP_4501,C1CC1,experimental,1,,,
EXP_4502,CCCC,experimental,0,,,
EXP_4503,C1=CC=C2C=CC=CC2=C1,experimental,0,,,
EXP_4504,CO,experimental,1,,,
EXP_4505,CCCCCO,experimental,0,,,
EXP_4506,C1CCCC1,experimental,0,,,
EXP_4507,CC(C)O,experimental,1,,,
EXP_4508,CCCCCCCC,experimental,0,,,
EXP_4509,CCO,experimental,0,,,
EXP_4510,CC(=O)O,experimental,1,,,
EXP_4511,C1CCCCC1,experimental,0,,,
EXP_4512,CCCCCC,experimental,0,,,
EXP_4513,CC(=O)C,experimental,1,,,
EXP_4514,C(C(=O)O)N,experimental,0,,,
EXP_4515,C1CC1,experimental,0,,,
EXP_4516,CCCC,experimental,1,,,
EXP_4517,C1=CC=C2C=CC=CC2=C1,experimental,0,,,
EXP_4518,CO,experimental,0,,,
EXP_4519,CCCCCO,experimental,1,,,
EXP_4520,C1CCCC1,experimental,0,,,
EXP_4521,CC(C)O,experimental,0,,,
EXP_4522,CCCCCCCC,experimental,1,,,
EXP_4523,CCO,experimental,0,,,
EXP_4524,CC(=O)O,experimental,0,,,
EXP_4525,C1CCCCC1,experimental,1,,,
EXP_4526,CCCCCC,experimental,0,,,
EXP_4527,CC(=O)C,experimental,0,,,
EXP_4528,C(C(=O)O)N,experimental,1,,,
EXP_4529,C1CC1,experimental,0,,,
EXP_4530,CCCC,experimental,0,,,
EXP_4531,C1=CC=C2C=CC=CC2=C1,experimental,1,,,
EXP_4532,CO,experimental,0,,,
EXP_4533,CCCCCO,experimental,0,,,
EXP_4534,C1CCCC1,experimental,1,,,
EXP_4535,CC(C)O,experimental,0,,,
EXP_4536,CCCCCCCC,experimental,0,,,
EXP_4537,CCO,experimental,1,,,
EXP_4538,CC(=O)O,experimental,0,,,
EXP_4539,C1CCCCC1,experimental,0,,,
EXP_4540,CCCCCC,experimental,1,,,
EXP_4541,CC(=O)C,experimental,0,,,
EXP_4542,C(C(=O)O)N,experimental,0,,,
EXP_4543,C1CC1,experimental,1,,,
EXP_4544,CCCC,experimental,0,,,
EXP_4545,C1=CC=C2C=CC=CC2=C1,experimental,0,,,
EXP_4546,CO,experimental,1,,,
EXP_4547,CCCCCO,experimental,0,,,
EXP_4548,C1CCCC1,experimental,0,,,
EXP_4549,CC(C)O,experimental,1,,,
EXP_4550,CCCCCCCC,experimental,0,,,
EXP_4551,CCO,experimental,0,,,
EXP_4552,CC(=O)O,experimental,1,,,
EXP_4553,C1CCCCC1,experimental,0,,,
EXP_4554,CCCCCC,experimental,0,,,
EXP_4555,CC(=O)C,experimental,1,,,
EXP_4556,C(C(=O)O)N,experimental,0,,,
EXP_4557,C1CC1,experimental,0,,,
EXP_4558,CCCC,experimental,1,,,
EXP_4559,C1=CC=C2C=CC=CC2=C1,experimental,0,,,
EXP_4560,CO,experimental,0,,,
EXP_4561,CCCCCO,experimental,1,,,
EXP_4562,C1CCCC1,experimental,0,,,
EXP_4563,CC(C)O,experimental,0,,,
EXP_4564,CCCCCCCC,experimental,1,,,
EXP_4565,CCO,experimental,0,,,
EXP_4566,CC(=O)O,experimental,0,,,
EXP_4567,C1CCCCC1,experimental,1,,,
EXP_4568,CCCCCC,experimental,0,,,
EXP_4569,CC(=O)C,experimental,0,,,
EXP_4570,C(C(=O)O)N,experimental,1,,,
EXP_4571,C1CC1,experimental,0,,,
EXP_4572,CCCC,experimental,0,,,
EXP_4573,C1=CC=C2C=CC=CC2=C1,experimental,1,,,
EXP_4574,CO,experimental,0,,,
EXP_4575,CCCCCO,experimental,0,,,
EXP_4576,C1CCCC1,experimental,1,,,
EXP_4577,CC(C)O,experimental,0,,,
EXP_4578,CCCCCCCC,experimental,0,,,
EXP_4579,CCO,experimental,1,,,
EXP_4580,CC(=O)O,experimental,0,,,
EXP_4581,C1CCCCC1,experimental,0,,,
EXP_4582,CCCCCC,experimental,1,,,
EXP_4583,CC(=O)C,experimental,0,,,
EXP_4584,C(C(=O)O)N,experimental,0,,,
EXP_4585,C1CC1,experimental,1,,,
EXP_4586,CCCC,experimental,0,,,
EXP_4587,C1=CC=C2C=CC=CC2=C1,experimental,0,,,
EXP_4588,CO,experimental,1,,,
EXP_4589,CCCCCO,experimental,0,,,
EXP_4590,C1CCCC1,experimental,0,,,
EXP_4591,CC(C)O,experimental,1,,,
EXP_4592,CCCCCCCC,experimental,0,,,
EXP_4593,CCO,experimental,0,,,
EXP_4594,CC(=O)O,experimental,1,,,
EXP_4595,C1CCCCC1,experimental,0,,,
EXP_4596,CCCCCC,experimental,0,,,
EXP_4597,CC(=O)C,experimental,1,,,
EXP_4598,C(C(=O)O)N,experimental,0,,,
EXP_4599,C1CC1,experimental,0,,,
EXP_4600,CCCC,experimental,1,,,
EXP_4601,C1=CC=C2C=CC=CC2=C1,experimental,0,,,
EXP_4602,CO,experimental,0,,,
EXP_4603,CCCCCO,experimental,1,,,
EXP_4604,C1CCCC1,experimental,0,,,
EXP_4605,CC(C)O,experimental,0,,,
EXP_4606,CCCCCCCC,experimental,1,,,
EXP_4607,CCO,experimental,0,,,
EXP_4608,CC(=O)O,experimental,0,,,
EXP_4609,C1CCCCC1,experimental,1,,,
EXP_4610,CCCCCC,experimental,0,,,
EXP_4611,CC(=O)C,experimental,0,,,
EXP_4612,C(C(=O)O)N,experimental,1,,,
EXP_4613,C1CC1,experimental,0,,,
EXP_4614,CCCC,experimental,0,,,
EXP_4615,C1=CC=C2C=CC=CC2=C1,experimental,1,,,
EXP_4616,CO,experimental,0,,,
EXP_4617,CCCCCO,experimental,0,,,
EXP_4618,C1CCCC1,experimental,1,,,
EXP_4619,CC(C)O,experimental,0,,,
EXP_4620,CCCCCCCC,experimental,0,,,
EXP_4621,CCO,experimental,1,,,
EXP_4622,CC(=O)O,experimental,0,,,
EXP_4623,C1CCCCC1,experimental,0,,,
EXP_4624,CCCCCC,experimental,1,,,
EXP_4625,CC(=O)C,experimental,0,,,
EXP_4626,C(C(=O)O)N,experimental,0,,,
EXP_4627,C1CC1,experimental,1,,,
EXP_4628,CCCC,experimental,0,,,
EXP_4629,C1=CC=C2C=CC=CC2=C1,experimental,0,,,
EXP_4630,CO,experimental,1,,,
EXP_4631,CCCCCO,experimental,0,,,
EXP_4632,C1CCCC1,experimental,0,,,
EXP_4633,CC(C)O,experimental,1,,,
EXP_4634,CCCCCCCC,experimental,0,,,
EXP_4635,CCO,experimental,0,,,
EXP_4636,CC(=O)O,experimental,1,,,
EXP_4637,C1CCCCC1,experimental,0,,,
EXP_4638,CCCCCC,experimental,0,,,
EXP_4639,CC(=O)C,experimental,1,,,
EXP_4640,C(C(=O)O)N,experimental,0,,,
EXP_4641,C1CC1,experimental,0,,,
EXP_4642,CCCC,experimental,1,,,
EXP_4643,C1=CC=C2C=CC=CC2=C1,experimental,0,,,
EXP_4644,CO,experimental,0,,,
EXP_4645,CCCCCO,experimental,1,,,
EXP_4646,C1CCCC1,experimental,0,,,
EXP_4647,CC(C)O,experimental,0,,,
EXP_4648,CCCCCCCC,experimental,1,,,
EXP_4649,CCO,experimental,0,,,
EXP_4650,CC(=O)O,experimental,0,,,
EXP_4651,C1CCCCC1,experimental,1,,,
EXP_4652,CCCCCC,experimental,0,,,
EXP_4653,CC(=O)C,experimental,0,,,
EXP_4654,C(C(=O)O)N,experimental,1,,,
EXP_4655,C1CC1,experimental,0,,,
EXP_4656,CCCC,experimental,0,,,
EXP_4657,C1=CC=C2C=CC=CC2=C1,experimental,1,,,
EXP_4658,CO,experimental,0,,,
EXP_4659,CCCCCO,experimental,0,,,
EXP_4660,C1CCCC1,experimental,1,,,
EXP_4661,CC(C)O,experimental,0,,,
EXP_4662,CCCCCCCC,experimental,0,,,
EXP_4663,CCO,experimental,1,,,
EXP_4664,CC(=O)O,experimental,0,,,
EXP_4665,C1CCCCC1,experimental,0,,,
EXP_4666,CCCCCC,experimental,1,,,
EXP_4667,CC(=O)C,experimental,0,,,
EXP_4668,C(C(=O)O)N,experimental,0,,,
EXP_4669,C1CC1,experimental,1,,,
EXP_4670,CCCC,experimental,0,,,
EXP_4671,C1=CC=C2C=CC=CC2=C1,experimental,0,,,
EXP_4672,CO,experimental,1,,,
EXP_4673,CCCCCO,experimental,0,,,
EXP_4674,C1CCCC1,experimental,0,,,
EXP_4675,CC(C)O,experimental,1,,,
EXP_4676,CCCCCCCC,experimental,0,,,
EXP_4677,CCO,experimental,0,,,
EXP_4678,CC(=O)O,experimental,1,,,
EXP_4679,C1CCCCC1,experimental,0,,,
EXP_4680,CCCCCC,experimental,0,,,
EXP_4681,CC(=O)C,experimental,1,,,
EXP_4682,C(C(=O)O)N,experimental,0,,,
EXP_4683,C1CC1,experimental,0,,,
EXP_4684,CCCC,experimental,1,,,
EXP_4685,C1=CC=C2C=CC=CC2=C1,experimental,0,,,
EXP_4686,CO,experimental,0,,,
EXP_4687,CCCCCO,experimental,1,,,
EXP_4688,C1CCCC1,experimental,0,,,
EXP_4689,CC(C)O,experimental,0,,,
EXP_4690,CCCCCCCC,experimental,1,,,
EXP_4691,CCO,experimental,0,,,
EXP_4692,CC(=O)O,experimental,0,,,
EXP_4693,C1CCCCC1,experimental,1,,,
EXP_4694,CCCCCC,experimental,0,,,
EXP_4695,CC(=O)C,experimental,0,,,
EXP_4696,C(C(=O)O)N,experimental,1,,,
EXP_4697,C1CC1,experimental,0,,,
EXP_4698,CCCC,experimental,0,,,
EXP_4699,C1=CC=C2C=CC=CC2=C1,experimental,1,,,
EXP_4700,CO,experimental,0,,,
EXP_4701,CCCCCO,experimental,0,,,
EXP_4702,C1CCCC1,experimental,1,,,
EXP_4703,CC(C)O,experimental,0,,,
EXP_4704,CCCCCCCC,experimental,0,,,
EXP_4705,CCO,experimental,1,,,
EXP_4706,CC(=O)O,experimental,0,,,
EXP_4707,C1CCCCC1,experimental,0,,,
EXP_4708,CCCCCC,experimental,1,,,
EXP_4709,CC(=O)C,experimental,0,,,
EXP_4710,C(C(=O)O)N,experimental,0,,,
EXP_4711,C1CC1,experimental,1,,,
EXP_4712,CCCC,experimental,0,,,
EXP_4713,C1=CC=C2C=CC=CC2=C1,experimental,0,,,
EXP_4714,CO,experimental,1,,,
EXP_4715,CCCCCO,experimental,0,,,
EXP_4716,C1CCCC1,experimental,0,,,
EXP_4717,CC(C)O,experimental,1,,,
EXP_4718,CCCCCCCC,experimental,0,,,
EXP_4719,CCO,experimental,0,,,
EXP_4720,CC(=O)O,experimental,1,,,
EXP_4721,C1CCCCC1,experimental,0,,,
EXP_4722,CCCCCC,experimental,0,,,
EXP_4723,CC(=O)C,experimental,1,,,
EXP_4724,C(C(=O)O)N,experimental,0,,,
EXP_4725,C1CC1,experimental,0,,,
EXP_4726,CCCC,experimental,1,,,
EXP_4727,C1=CC=C2C=CC=CC2=C1,experimental,0,,,
EXP_4728,CO,experimental,0,,,
EXP_4729,CCCCCO,experimental,1,,,
EXP_4730,C1CCCC1,experimental,0,,,
EXP_4731,CC(C)O,experimental,0,,,
EXP_4732,CCCCCCCC,experimental,1,,,
EXP_4733,CCO,experimental,0,,,
EXP_4734,CC(=O)O,experimental,0,,,
EXP_4735,C1CCCCC1,experimental,1,,,
EXP_4736,CCCCCC,experimental,0,,,
EXP_4737,CC(=O)C,experimental,0,,,
EXP_4738,C(C(=O)O)N,experimental,1,,,
EXP_4739,C1CC1,experimental,0,,,
EXP_4740,CCCC,experimental,0,,,
EXP_4741,C1=CC=C2C=CC=CC2=C1,experimental,1,,,
EXP_4742,CO,experimental,0,,,
EXP_4743,CCCCCO,experimental,0,,,
EXP_4744,C1CCCC1,experimental,1,,,
EXP_4745,CC(C)O,experimental,0,,,
EXP_4746,CCCCCCCC,experimental,0,,,
EXP_4747,CCO,experimental,1,,,
EXP_4748,CC(=O)O,experimental,0,,,
EXP_4749,C1CCCCC1,experimental,0,,,
EXP_4750,CCCCCC,experimental,1,,,
EXP_4751,CC(=O)C,experimental,0,,,
EXP_4752,C(C(=O)O)N,experimental,0,,,
EXP_4753,C1CC1,experimental,1,,,
EXP_4754,CCCC,experimental,0,,,
EXP_4755,C1=CC=C2C=CC=CC2=C1,experimental,0,,,
EXP_4756,CO,experimental,1,,,
EXP_4757,CCCCCO,experimental,0,,,
EXP_4758,C1CCCC1,experimental,0,,,
EXP_4759,CC(C)O,experimental,1,,,
EXP_4760,CCCCCCCC,experimental,0,,,
EXP_4761,CCO,experimental,0,,,
EXP_4762,CC(=O)O,experimental,1,,,
EXP_4763,C1CCCCC1,experimental,0,,,
EXP_4764,CCCCCC,experimental,0,,,
EXP_4765,CC(=O)C,experimental,1,,,
EXP_4766,C(C(=O)O)N,experimental,0,,,
EXP_4767,C1CC1,experimental,0,,,
EXP_4768,CCCC,experimental,1,,,
EXP_4769,C1=CC=C2C=CC=CC2=C1,experimental,0,,,
EXP_4770,CO,experimental,0,,,
EXP_4771,CCCCCO,experimental,1,,,
EXP_4772,C1CCCC1,experimental,0,,,
EXP_4773,CC(C)O,experimental,0,,,
EXP_4774,CCCCCCCC,experimental,1,,,
EXP_4775,CCO,experimental,0,,,
EXP_4776,CC(=O)O,experimental,0,,,
EXP_4777,C1CCCCC1,experimental,1,,,
EXP_4778,CCCCCC,experimental,0,,,
EXP_4779,CC(=O)C,experimental,0,,,
EXP_4780,C(C(=O)O)N,experimental,1,,,
EXP_4781,C1CC1,experimental,0,,,
EXP_4782,CCCC,experimental,0,,,
EXP_4783,C1=CC=C2C=CC=CC2=C1,experimental,1,,,
EXP_4784,CO,experimental,0,,,
EXP_4785,CCCCCO,experimental,0,,,
EXP_4786,C1CCCC1,experimental,1,,,
EXP_4787,CC(C)O,experimental,0,,,
EXP_4788,CCCCCCCC,experimental,0,,,
EXP_4789,CCO,experimental,1,,,
EXP_4790,CC(=O)O,experimental,0,,,
EXP_4791,C1CCCCC1,experimental,0,,,
EXP_4792,CCCCCC,experimental,1,,,
EXP_4793,CC(=O)C,experimental,0,,,
EXP_4794,C(C(=O)O)N,experimental,0,,,
EXP_4795,C1CC1,experimental,1,,,
EXP_4796,CCCC,experimental,0,,,
EXP_4797,C1=CC=C2C=CC=CC2=C1,experimental,0,,,
EXP_4798,CO,experimental,1,,,
EXP_4799,CCCCCO,experimental,0,,,
EXP_4800,C1CCCC1,experimental,0,,,
EXP_4801,CC(C)O,experimental,1,,,
EXP_4802,CCCCCCCC,experimental,0,,,
EXP_4803,CCO,experimental,0,,,
EXP_4804,CC(=O)O,experimental,1,,,
EXP_4805,C1CCCCC1,experimental,0,,,
EXP_4806,CCCCCC,experimental,0,,,
EXP_4807,CC(=O)C,experimental,1,,,
EXP_4808,C(C(=O)O)N,experimental,0,,,
EXP_4809,C1CC1,experimental,0,,,
EXP_4810,CCCC,experimental,1,,,
EXP_4811,C1=CC=C2C=CC=CC2=C1,experimental,0,,,
EXP_4812,CO,experimental,0,,,
EXP_4813,CCCCCO,experimental,1,,,
EXP_4814,C1CCCC1,experimental,0,,,
EXP_4815,CC(C)O,experimental,0,,,
EXP_4816,CCCCCCCC,experimental,1,,,
EXP_4817,CCO,experimental,0,,,
EXP_4818,CC(=O)O,experimental,0,,,
EXP_4819,C1CCCCC1,experimental,1,,,
EXP_4820,CCCCCC,experimental,0,,,
EXP_4821,CC(=O)C,experimental,0,,,
EXP_4822,C(C(=O)O)N,experimental,1,,,
EXP_4823,C1CC1,experimental,0,,,
EXP_4824,CCCC,experimental,0,,,
EXP_4825,C1=CC=C2C=CC=CC2=C1,experimental,1,,,
EXP_4826,CO,experimental,0,,,
EXP_4827,CCCCCO,experimental,0,,,
EXP_4828,C1CCCC1,experimental,1,,,
EXP_4829,CC(C)O,experimental,0,,,
EXP_4830,CCCCCCCC,experimental,0,,,
EXP_4831,CCO,experimental,1,,,
EXP_4832,CC(=O)O,experimental,0,,,
EXP_4833,C1CCCCC1,experimental,0,,,
EXP_4834,CCCCCC,experimental,1,,,
EXP_4835,CC(=O)C,experimental,0,,,
EXP_4836,C(C(=O)O)N,experimental,0,,,
EXP_4837,C1CC1,experimental,1,,,
EXP_4838,CCCC,experimental,0,,,
EXP_4839,C1=CC=C2C=CC=CC2=C1,experimental,0,,,
EXP_4840,CO,experimental,1,,,
EXP_4841,CCCCCO,experimental,0,,,
EXP_4842,C1CCCC1,experimental,0,,,
EXP_4843,CC(C)O,experimental,1,,,
EXP_4844,CCCCCCCC,experimental,0,,,
EXP_4845,CCO,experimental,0,,,
EXP_4846,CC(=O)O,experimental,1,,,
EXP_4847,C1CCCCC1,experimental,0,,,
EXP_4848,CCCCCC,experimental,0,,,
EXP_4849,CC(=O)C,experimental,1,,,
EXP_4850,C(C(=O)O)N,experimental,0,,,
EXP_4851,C1CC1,experimental,0,,,
EXP_4852,CCCC,experimental,1,,,
EXP_4853,C1=CC=C2C=CC=CC2=C1,experimental,0,,,
EXP_4854,CO,experimental,0,,,
EXP_4855,CCCCCO,experimental,1,,,
EXP_4856,C1CCCC1,experimental,0,,,
EXP_4857,CC(C)O,experimental,0,,,
EXP_4858,CCCCCCCC,experimental,1,,,
EXP_4859,CCO,experimental,0,,,
EXP_4860,CC(=O)O,experimental,0,,,
EXP_4861,C1CCCCC1,experimental,1,,,
EXP_4862,CCCCCC,experimental,0,,,
EXP_4863,CC(=O)C,experimental,0,,,
EXP_4864,C(C(=O)O)N,experimental,1,,,
EXP_4865,C1CC1,experimental,0,,,
EXP_4866,CCCC,experimental,0,,,
EXP_4867,C1=CC=C2C=CC=CC2=C1,experimental,1,,,
EXP_4868,CO,experimental,0,,,
EXP_4869,CCCCCO,experimental,0,,,
EXP_4870,C1CCCC1,experimental,1,,,
EXP_4871,CC(C)O,experimental,0,,,
EXP_4872,CCCCCCCC,experimental,0,,,
EXP_4873,CCO,experimental,1,,,
EXP_4874,CC(=O)O,experimental,0,,,
EXP_4875,C1CCCCC1,experimental,0,,,
EXP_4876,CCCCCC,experimental,1,,,
EXP_4877,CC(=O)C,experimental,0,,,
EXP_4878,C(C(=O)O)N,experimental,0,,,
EXP_4879,C1CC1,experimental,1,,,
EXP_4880,CCCC,experimental,0,,,
EXP_4881,C1=CC=C2C=CC=CC2=C1,experimental,0,,,
EXP_4882,CO,experimental,1,,,
EXP_4883,CCCCCO,experimental,0,,,
EXP_4884,C1CCCC1,experimental,0,,,
EXP_4885,CC(C)O,experimental,1,,,
EXP_4886,CCCCCCCC,experimental,0,,,
EXP_4887,CCO,experimental,0,,,
EXP_4888,CC(=O)O,experimental,1,,,
EXP_4889,C1CCCCC1,experimental,0,,,
EXP_4890,CCCCCC,experimental,0,,,
EXP_4891,CC(=O)C,experimental,1,,,
EXP_4892,C(C(=O)O)N,experimental,0,,,
EXP_4893,C1CC1,experimental,0,,,
EXP_4894,CCCC,experimental,1,,,
EXP_4895,C1=CC=C2C=CC=CC2=C1,experimental,0,,,
EXP_4896,CO,experimental,0,,,
EXP_4897,CCCCCO,experimental,1,,,
EXP_4898,C1CCCC1,experimental,0,,,
EXP_4899,CC(C)O,experimental,0,,,
EXP_4900,CCCCCCCC,experimental,1,,,
EXP_4901,CCO,experimental,0,,,
EXP_4902,CC(=O)O,experimental,0,,,
EXP_4903,C1CCCCC1,experimental,1,,,
EXP_4904,CCCCCC,experimental,0,,,
EXP_4905,CC(=O)C,experimental,0,,,
EXP_4906,C(C(=O)O)N,experimental,1,,,
EXP_4907,C1CC1,experimental,0,,,
EXP_4908,CCCC,experimental,0,,,
EXP_4909,C1=CC=C2C=CC=CC2=C1,experimental,1,,,
EXP_4910,CO,experimental,0,,,
EXP_4911,CCCCCO,experimental,0,,,
EXP_4912,C1CCCC1,experimental,1,,,
EXP_4913,CC(C)O,experimental,0,,,
EXP_4914,CCCCCCCC,experimental,0,,,
EXP_4915,CCO,experimental,1,,,
EXP_4916,CC(=O)O,experimental,0,,,
EXP_4917,C1CCCCC1,experimental,0,,,
EXP_4918,CCCCCC,experimental,1,,,
EXP_4919,CC(=O)C,experimental,0,,,
EXP_4920,C(C(=O)O)N,experimental,0,,,
EXP_4921,C1CC1,experimental,1,,,
EXP_4922,CCCC,experimental,0,,,
EXP_4923,C1=CC=C2C=CC=CC2=C1,experimental,0,,,
EXP_4924,CO,experimental,1,,,
EXP_4925,CCCCCO,experimental,0,,,
EXP_4926,C1CCCC1,experimental,0,,,
EXP_4927,CC(C)O,experimental,1,,,
EXP_4928,CCCCCCCC,experimental,0,,,
EXP_4929,CCO,experimental,0,,,
EXP_4930,CC(=O)O,experimental,1,,,
EXP_4931,C1CCCCC1,experimental,0,,,
EXP_4932,CCCCCC,experimental,0,,,
EXP_4933,CC(=O)C,experimental,1,,,
EXP_4934,C(C(=O)O)N,experimental,0,,,
EXP_4935,C1CC1,experimental,0,,,
EXP_4936,CCCC,experimental,1,,,
EXP_4937,C1=CC=C2C=CC=CC2=C1,experimental,0,,,
EXP_4938,CO,experimental,0,,,
EXP_4939,CCCCCO,experimental,1,,,
EXP_4940,C1CCCC1,experimental,0,,,
EXP_4941,CC(C)O,experimental,0,,,
EXP_4942,CCCCCCCC,experimental,1,,,
EXP_4943,CCO,experimental,0,,,
EXP_4944,CC(=O)O,experimental,0,,,
EXP_4945,C1CCCCC1,experimental,1,,,
EXP_4946,CCCCCC,experimental,0,,,
EXP_4947,CC(=O)C,experimental,0,,,
EXP_4948,C(C(=O)O)N,experimental,1,,,
EXP_4949,C1CC1,experimental,0,,,
EXP_4950,CCCC,experimental,0,,,
EXP_4951,C1=CC=C2C=CC=CC2=C1,experimental,1,,,
EXP_4952,CO,experimental,0,,,
EXP_4953,CCCCCO,experimental,0,,,
EXP_4954,C1CCCC1,experimental,1,,,
EXP_4955,CC(C)O,experimental,0,,,
EXP_4956,CCCCCCCC,experimental,0,,,
EXP_4957,CCO,experimental,1,,,
EXP_4958,CC(=O)O,experimental,0,,,
EXP_4959,C1CCCCC1,experimental,0,,,
EXP_4960,CCCCCC,experimental,1,,,
EXP_4961,CC(=O)C,experimental,0,,,
EXP_4962,C(C(=O)O)N,experimental,0,,,
EXP_4963,C1CC1,experimental,1,,,
EXP_4964,CCCC,experimental,0,,,
EXP_4965,C1=CC=C2C=CC=CC2=C1,experimental,0,,,
EXP_4966,CO,experimental,1,,,
EXP_4967,CCCCCO,experimental,0,,,
EXP_4968,C1CCCC1,experimental,0,,,
EXP_4969,CC(C)O,experimental,1,,,
EXP_4970,CCCCCCCC,experimental,0,,,
EXP_4971,CCO,experimental,0,,,
EXP_4972,CC(=O)O,experimental,1,,,
EXP_4973,C1CCCCC1,experimental,0,,,
EXP_4974,CCCCCC,experimental,0,,,
EXP_4975,CC(=O)C,experimental,1,,,
EXP_4976,C(C(=O)O)N,experimental,0,,,
EXP_4977,C1CC1,experimental,0,,,
EXP_4978,CCCC,experimental,1,,,
EXP_4979,C1=CC=C2C=CC=CC2=C1,experimental,0,,,
EXP_4980,CO,experimental,0,,,
EXP_4981,CCCCCO,experimental,1,,,
EXP_4982,C1CCCC1,experimental,0,,,
EXP_4983,CC(C)O,experimental,0,,,
EXP_4984,CCCCCCCC,experimental,1,,,
EXP_4985,CCO,experimental,0,,,
EXP_4986,CC(=O)O,experimental,0,,,
EXP_4987,C1CCCCC1,experimental,1,,,
EXP_4988,CCCCCC,experimental,0,,,
EXP_4989,CC(=O)C,experimental,0,,,
EXP_4990,C(C(=O)O)N,experimental,1,,,
EXP_4991,C1CC1,experimental,0,,,
EXP_4992,CCCC,experimental,0,,,
EXP_4993,C1=CC=C2C=CC=CC2=C1,experimental,1,,,
EXP_4994,CO,experimental,0,,,
EXP_4995,CCCCCO,experimental,0,,,
EXP_4996,C1CCCC1,experimental,1,,,
EXP_4997,CC(C)O,experimental,0,,,
EXP_4998,CCCCCCCC,experimental,0,,,
EXP_4999,CCO,experimental,1,,,
EXP_5000,CC(=O)O,experimental,0,,,
EXP_5001,C1CCCCC1,experimental,0,,,
EXP_5002,CCCCCC,experimental,1,,,
EXP_5003,CC(=O)C,experimental,0,,,
EXP_5004,C(C(=O)O)N,experimental,0,,,
EXP_5005,C1CC1,experimental,1,,,
EXP_5006,CCCC,experimental,0,,,
EXP_5007,C1=CC=C2C=CC=CC2=C1,experimental,0,,,
EXP_5008,CO,experimental,1,,,
EXP_5009,CCCCCO,experimental,0,,,
EXP_5010,C1CCCC1,experimental,0,,,
EXP_5011,CC(C)O,experimental,1,,,
EXP_5012,CCCCCCCC,experimental,0,,,
EXP_5013,CCO,experimental,0,,,
EXP_5014,CC(=O)O,experimental,1,,,
EXP_5015,C1CCCCC1,experimental,0,,,
EXP_5016,CCCCCC,experimental,0,,,
EXP_5017,CC(=O)C,experimental,1,,,
EXP_5018,C(C(=O)O)N,experimental,0,,,
EXP_5019,C1CC1,experimental,0,,,
EXP_5020,CCCC,experimental,1,,,
EXP_5021,C1=CC=C2C=CC=CC2=C1,experimental,0,,,
EXP_5022,CO,experimental,0,,,
EXP_5023,CCCCCO,experimental,1,,,
EXP_5024,C1CCCC1,experimental,0,,,
EXP_5025,CC(C)O,experimental,0,,,
EXP_5026,CCCCCCCC,experimental,1,,,
EXP_5027,CCO,experimental,0,,,
EXP_5028,CC(=O)O,experimental,0,,,
EXP_5029,C1CCCCC1,experimental,1,,,
EXP_5030,CCCCCC,experimental,0,,,
EXP_5031,CC(=O)C,experimental,0,,,
EXP_5032,C(C(=O)O)N,experimental,1,,,
EXP_5033,C1CC1,experimental,0,,,
EXP_5034,CCCC,experimental,0,,,
EXP_5035,C1=CC=C2C=CC=CC2=C1,experimental,1,,,
EXP_5036,CO,experimental,0,,,
EXP_5037,CCCCCO,experimental,0,,,
EXP_5038,C1CCCC1,experimental,1,,,
EXP_5039,CC(C)O,experimental,0,,,
EXP_5040,CCCCCCCC,experimental,0,,,
EXP_5041,CCO,experimental,1,,,
EXP_5042,CC(=O)O,experimental,0,,,
EXP_5043,C1CCCCC1,experimental,0,,,
EXP_5044,CCCCCC,experimental,1,,,
EXP_5045,CC(=O)C,experimental,0,,,
EXP_5046,C(C(=O)O)N,experimental,0,,,
EXP_5047,C1CC1,experimental,1,,,
EXP_5048,CCCC,experimental,0,,,
EXP_5049,C1=CC=C2C=CC=CC2=C1,experimental,0,,,
EXP_5050,CO,experimental,1,,,
EXP_5051,CCCCCO,experimental,0,,,
EXP_5052,C1CCCC1,experimental,0,,,
EXP_5053,CC(C)O,experimental,1,,,
EXP_5054,CCCCCCCC,experimental,0,,,
EXP_5055,CCO,experimental,0,,,
EXP_5056,CC(=O)O,experimental,1,,,
EXP_5057,C1CCCCC1,experimental,0,,,
EXP_5058,CCCCCC,experimental,0,,,
EXP_5059,CC(=O)C,experimental,1,,,
EXP_5060,C(C(=O)O)N,experimental,0,,,
EXP_5061,C1CC1,experimental,0,,,
EXP_5062,CCCC,experimental,1,,,
EXP_5063,C1=CC=C2C=CC=CC2=C1,experimental,0,,,
EXP_5064,CO,experimental,0,,,
EXP_5065,CCCCCO,experimental,1,,,
EXP_5066,C1CCCC1,experimental,0,,,
EXP_5067,CC(C)O,experimental,0,,,
EXP_5068,CCCCCCCC,experimental,1,,,
EXP_5069,CCO,experimental,0,,,
EXP_5070,CC(=O)O,experimental,0,,,
EXP_5071,C1CCCCC1,experimental,1,,,
EXP_5072,CCCCCC,experimental,0,,,
EXP_5073,CC(=O)C,experimental,0,,,
EXP_5074,C(C(=O)O)N,experimental,1,,,
EXP_5075,C1CC1,experimental,0,,,
EXP_5076,CCCC,experimental,0,,,
EXP_5077,C1=CC=C2C=CC=CC2=C1,experimental,1,,,
EXP_5078,CO,experimental,0,,,
EXP_5079,CCCCCO,experimental,0,,,
EXP_5080,C1CCCC1,experimental,1,,,
EXP_5081,CC(C)O,experimental,0,,,
EXP_5082,CCCCCCCC,experimental,0,,,
EXP_5083,CCO,experimental,1,,,
EXP_5084,CC(=O)O,experimental,0,,,
EXP_5085,C1CCCCC1,experimental,0,,,
EXP_5086,CCCCCC,experimental,1,,,
EXP_5087,CC(=O)C,experimental,0,,,
EXP_5088,C(C(=O)O)N,experimental,0,,,
EXP_5089,C1CC1,experimental,1,,,
EXP_5090,CCCC,experimental,0,,,
EXP_5091,C1=CC=C2C=CC=CC2=C1,experimental,0,,,
EXP_5092,CO,experimental,1,,,
EXP_5093,CCCCCO,experimental,0,,,
EXP_5094,C1CCCC1,experimental,0,,,
EXP_5095,CC(C)O,experimental,1,,,
EXP_5096,CCCCCCCC,experimental,0,,,
EXP_5097,CCO,experimental,0,,,
EXP_5098,CC(=O)O,experimental,1,,,
EXP_5099,C1CCCCC1,experimental,0,,,
EXP_5100,CCCCCC,experimental,0,,,
EXP_5101,CC(=O)C,experimental,1,,,
EXP_5102,C(C(=O)O)N,experimental,0,,,
EXP_5103,C1CC1,experimental,0,,,
EXP_5104,CCCC,experimental,1,,,
EXP_5105,C1=CC=C2C=CC=CC2=C1,experimental,0,,,
EXP_5106,CO,experimental,0,,,
EXP_5107,CCCCCO,experimental,1,,,
EXP_5108,C1CCCC1,experimental,0,,,
EXP_5109,CC(C)O,experimental,0,,,
EXP_5110,CCCCCCCC,experimental,1,,,
EXP_5111,CCO,experimental,0,,,
EXP_5112,CC(=O)O,experimental,0,,,
EXP_5113,C1CCCCC1,experimental,1,,,
EXP_5114,CCCCCC,experimental,0,,,
EXP_5115,CC(=O)C,experimental,0,,,
EXP_5116,C(C(=O)O)N,experimental,1,,,
EXP_5117,C1CC1,experimental,0,,,
EXP_5118,CCCC,experimental,0,,,
EXP_5119,C1=CC=C2C=CC=CC2=C1,experimental,1,,,
EXP_5120,CO,experimental,0,,,
EXP_5121,CCCCCO,experimental,0,,,
EXP_5122,C1CCCC1,experimental,1,,,
EXP_5123,CC(C)O,experimental,0,,,
EXP_5124,CCCCCCCC,experimental,0,,,
EXP_5125,CCO,experimental,1,,,
EXP_5126,CC(=O)O,experimental,0,,,
EXP_5127,C1CCCCC1,experimental,0,,,
EXP_5128,CCCCCC,experimental,1,,,
EXP_5129,CC(=O)C,experimental,0,,,
EXP_5130,C(C(=O)O)N,experimental,0,,,
EXP_5131,C1CC1,experimental,1,,,
EXP_5132,CCCC,experimental,0,,,
EXP_5133,C1=CC=C2C=CC=CC2=C1,experimental,0,,,
EXP_5134,CO,experimental,1,,,
EXP_5135,CCCCCO,experimental,0,,,
EXP_5136,C1CCCC1,experimental,0,,,
EXP_5137,CC(C)O,experimental,1,,,
EXP_5138,CCCCCCCC,experimental,0,,,
EXP_5139,CCO,experimental,0,,,
EXP_5140,CC(=O)O,experimental,1,,,
EXP_5141,C1CCCCC1,experimental,0,,,
EXP_5142,CCCCCC,experimental,0,,,
EXP_5143,CC(=O)C,experimental,1,,,
EXP_5144,C(C(=O)O)N,experimental,0,,,
EXP_5145,C1CC1,experimental,0,,,
EXP_5146,CCCC,experimental,1,,,
EXP_5147,C1=CC=C2C=CC=CC2=C1,experimental,0,,,
EXP_5148,CO,experimental,0,,,
EXP_5149,CCCCCO,experimental,1,,,
EXP_5150,C1CCCC1,experimental,0,,,
EXP_5151,CC(C)O,experimental,0,,,
EXP_5152,CCCCCCCC,experimental,1,,,
EXP_5153,CCO,experimental,0,,,
EXP_5154,CC(=O)O,experimental,0,,,
EXP_5155,C1CCCCC1,experimental,1,,,
EXP_5156,CCCCCC,experimental,0,,,
EXP_5157,CC(=O)C,experimental,0,,,
EXP_5158,C(C(=O)O)N,experimental,1,,,
EXP_5159,C1CC1,experimental,0,,,
EXP_5160,CCCC,experimental,0,,,
EXP_5161,C1=CC=C2C=CC=CC2=C1,experimental,1,,,
EXP_5162,CO,experimental,0,,,
EXP_5163,CCCCCO,experimental,0,,,
EXP_5164,C1CCCC1,experimental,1,,,
EXP_5165,CC(C)O,experimental,0,,,
EXP_5166,CCCCCCCC,experimental,0,,,
EXP_5167,CCO,experimental,1,,,
EXP_5168,CC(=O)O,experimental,0,,,
EXP_5169,C1CCCCC1,experimental,0,,,
EXP_5170,CCCCCC,experimental,1,,,
EXP_5171,CC(=O)C,experimental,0,,,
EXP_5172,C(C(=O)O)N,experimental,0,,,
EXP_5173,C1CC1,experimental,1,,,
EXP_5174,CCCC,experimental,0,,,
EXP_5175,C1=CC=C2C=CC=CC2=C1,experimental,0,,,
EXP_5176,CO,experimental,1,,,
EXP_5177,CCCCCO,experimental,0,,,
EXP_5178,C1CCCC1,experimental,0,,,
EXP_5179,CC(C)O,experimental,1,,,
EXP_5180,CCCCCCCC,experimental,0,,,
EXP_5181,CCO,experimental,0,,,
EXP_5182,CC(=O)O,experimental,1,,,
EXP_5183,C1CCCCC1,experimental,0,,,
EXP_5184,CCCCCC,experimental,0,,,
EXP_5185,CC(=O)C,experimental,1,,,
EXP_5186,C(C(=O)O)N,experimental,0,,,
EXP_5187,C1CC1,experimental,0,,,
EXP_5188,CCCC,experimental,1,,,
EXP_5189,C1=CC=C2C=CC=CC2=C1,experimental,0,,,
EXP_5190,CO,experimental,0,,,
EXP_5191,CCCCCO,experimental,1,,,
EXP_5192,C1CCCC1,experimental,0,,,
EXP_5193,CC(C)O,experimental,0,,,
EXP_5194,CCCCCCCC,experimental,1,,,
EXP_5195,CCO,experimental,0,,,
EXP_5196,CC(=O)O,experimental,0,,,
EXP_5197,C1CCCCC1,experimental,1,,,
EXP_5198,CCCCCC,experimental,0,,,
EXP_5199,CC(=O)C,experimental,0,,,
EXP_5200,C(C(=O)O)N,experimental,1,,,
EXP_5201,C1CC1,experimental,0,,,
EXP_5202,CCCC,experimental,0,,,
EXP_5203,C1=CC=C2C=CC=CC2=C1,experimental,1,,,
EXP_5204,CO,experimental,0,,,
EXP_5205,CCCCCO,experimental,0,,,
EXP_5206,C1CCCC1,experimental,1,,,
EXP_5207,CC(C)O,experimental,0,,,
EXP_5208,CCCCCCCC,experimental,0,,,
EXP_5209,CCO,experimental,1,,,
EXP_5210,CC(=O)O,experimental,0,,,
EXP_5211,C1CCCCC1,experimental,0,,,
EXP_5212,CCCCCC,experimental,1,,,
EXP_5213,CC(=O)C,experimental,0,,,
EXP_5214,C(C(=O)O)N,experimental,0,,,
EXP_5215,C1CC1,experimental,1,,,
EXP_5216,CCCC,experimental,0,,,
EXP_5217,C1=CC=C2C=CC=CC2=C1,experimental,0,,,
EXP_5218,CO,experimental,1,,,
EXP_5219,CCCCCO,experimental,0,,,
EXP_5220,C1CCCC1,experimental,0,,,
EXP_5221,CC(C)O,experimental,1,,,
EXP_5222,CCCCCCCC,experimental,0,,,
EXP_5223,CCO,experimental,0,,,
EXP_5224,CC(=O)O,experimental,1,,,
EXP_5225,C1CCCCC1,experimental,0,,,
EXP_5226,CCCCCC,experimental,0,,,
EXP_5227,CC(=O)C,experimental,1,,,
EXP_5228,C(C(=O)O)N,experimental,0,,,
EXP_5229,C1CC1,experimental,0,,,
EXP_5230,CCCC,experimental,1,,,
EXP_5231,C1=CC=C2C=CC=CC2=C1,experimental,0,,,
EXP_5232,CO,experimental,0,,,
EXP_5233,CCCCCO,experimental,1,,,
EXP_5234,C1CCCC1,experimental,0,,,
EXP_5235,CC(C)O,experimental,0,,,
EXP_5236,CCCCCCCC,experimental,1,,,
EXP_5237,CCO,experimental,0,,,
EXP_5238,CC(=O)O,experimental,0,,,
EXP_5239,C1CCCCC1,experimental,1,,,
EXP_5240,CCCCCC,experimental,0,,,
EXP_5241,CC(=O)C,experimental,0,,,
EXP_5242,C(C(=O)O)N,experimental,1,,,
EXP_5243,C1CC1,experimental,0,,,
EXP_5244,CCCC,experimental,0,,,
EXP_5245,C1=CC=C2C=CC=CC2=C1,experimental,1,,,
EXP_5246,CO,experimental,0,,,
EXP_5247,CCCCCO,experimental,0,,,
EXP_5248,C1CCCC1,experimental,1,,,
EXP_5249,CC(C)O,experimental,0,,,
EXP_5250,CCCCCCCC,experimental,0,,,
EXP_5251,CCO,experimental,1,,,
EXP_5252,CC(=O)O,experimental,0,,,
EXP_5253,C1CCCCC1,experimental,0,,,
EXP_5254,CCCCCC,experimental,1,,,
EXP_5255,CC(=O)C,experimental,0,,,
EXP_5256,C(C(=O)O)N,experimental,0,,,
EXP_5257,C1CC1,experimental,1,,,
EXP_5258,CCCC,experimental,0,,,
EXP_5259,C1=CC=C2C=CC=CC2=C1,experimental,0,,,
EXP_5260,CO,experimental,1,,,
EXP_5261,CCCCCO,experimental,0,,,
EXP_5262,C1CCCC1,experimental,0,,,
EXP_5263,CC(C)O,experimental,1,,,
EXP_5264,CCCCCCCC,experimental,0,,,
EXP_5265,CCO,experimental,0,,,
EXP_5266,CC(=O)O,experimental,1,,,
EXP_5267,C1CCCCC1,experimental,0,,,
EXP_5268,CCCCCC,experimental,0,,,
EXP_5269,CC(=O)C,experimental,1,,,
EXP_5270,C(C(=O)O)N,experimental,0,,,
EXP_5271,C1CC1,experimental,0,,,
EXP_5272,CCCC,experimental,1,,,
EXP_5273,C1=CC=C2C=CC=CC2=C1,experimental,0,,,
EXP_5274,CO,experimental,0,,,
EXP_5275,CCCCCO,experimental,1,,,
EXP_5276,C1CCCC1,experimental,0,,,
EXP_5277,CC(C)O,experimental,0,,,
EXP_5278,CCCCCCCC,experimental,1,,,
EXP_5279,CCO,experimental,0,,,
EXP_5280,CC(=O)O,experimental,0,,,
EXP_5281,C1CCCCC1,experimental,1,,,
EXP_5282,CCCCCC,experimental,0,,,
EXP_5283,CC(=O)C,experimental,0,,,
EXP_5284,C(C(=O)O)N,experimental,1,,,
EXP_5285,C1CC1,experimental,0,,,
EXP_5286,CCCC,experimental,0,,,
EXP_5287,C1=CC=C2C=CC=CC2=C1,experimental,1,,,
EXP_5288,CO,experimental,0,,,
EXP_5289,CCCCCO,experimental,0,,,
EXP_5290,C1CCCC1,experimental,1,,,
EXP_5291,CC(C)O,experimental,0,,,
EXP_5292,CCCCCCCC,experimental,0,,,
EXP_5293,CCO,experimental,1,,,
EXP_5294,CC(=O)O,experimental,0,,,
EXP_5295,C1CCCCC1,experimental,0,,,
EXP_5296,CCCCCC,experimental,1,,,
EXP_5297,CC(=O)C,experimental,0,,,
EXP_5298,C(C(=O)O)N,experimental,0,,,
EXP_5299,C1CC1,experimental,1,,,
EXP_5300,CCCC,experimental,0,,,
EXP_5301,C1=CC=C2C=CC=CC2=C1,experimental,0,,,
EXP_5302,CO,experimental,1,,,
EXP_5303,CCCCCO,experimental,0,,,
EXP_5304,C1CCCC1,experimental,0,,,
EXP_5305,CC(C)O,experimental,1,,,
EXP_5306,CCCCCCCC,experimental,0,,,
EXP_5307,CCO,experimental,0,,,
EXP_5308,CC(=O)O,experimental,1,,,
EXP_5309,C1CCCCC1,experimental,0,,,
EXP_5310,CCCCCC,experimental,0,,,
EXP_5311,CC(=O)C,experimental,1,,,
EXP_5312,C(C(=O)O)N,experimental,0,,,
EXP_5313,C1CC1,experimental,0,,,
EXP_5314,CCCC,experimental,1,,,
EXP_5315,C1=CC=C2C=CC=CC2=C1,experimental,0,,,
EXP_5316,CO,experimental,0,,,
EXP_5317,CCCCCO,experimental,1,,,
EXP_5318,C1CCCC1,experimental,0,,,
EXP_5319,CC(C)O,experimental,0,,,
EXP_5320,CCCCCCCC,experimental,1,,,
EXP_5321,CCO,experimental,0,,,
EXP_5322,CC(=O)O,experimental,0,,,
EXP_5323,C1CCCCC1,experimental,1,,,
EXP_5324,CCCCCC,experimental,0,,,
EXP_5325,CC(=O)C,experimental,0,,,
EXP_5326,C(C(=O)O)N,experimental,1,,,
EXP_5327,C1CC1,experimental,0,,,
EXP_5328,CCCC,experimental,0,,,
EXP_5329,C1=CC=C2C=CC=CC2=C1,experimental,1,,,
EXP_5330,CO,experimental,0,,,
EXP_5331,CCCCCO,experimental,0,,,
EXP_5332,C1CCCC1,experimental,1,,,
EXP_5333,CC(C)O,experimental,0,,,
EXP_5334,CCCCCCCC,experimental,0,,,
EXP_5335,CCO,experimental,1,,,
EXP_5336,CC(=O)O,experimental,0,,,
EXP_5337,C1CCCCC1,experimental,0,,,
EXP_5338,CCCCCC,experimental,1,,,
EXP_5339,CC(=O)C,experimental,0,,,
EXP_5340,C(C(=O)O)N,experimental,0,,,
EXP_5341,C1CC1,experimental,1,,,
EXP_5342,CCCC,experimental,0,,,
EXP_5343,C1=CC=C2C=CC=CC2=C1,experimental,0,,,
EXP_5344,CO,experimental,1,,,
EXP_5345,CCCCCO,experimental,0,,,
EXP_5346,C1CCCC1,experimental,0,,,
EXP_5347,CC(C)O,experimental,1,,,
EXP_5348,CCCCCCCC,experimental,0,,,
EXP_5349,CCO,experimental,0,,,
EXP_5350,CC(=O)O,experimental,1,,,
EXP_5351,C1CCCCC1,experimental,0,,,
EXP_5352,CCCCCC,experimental,0,,,
EXP_5353,CC(=O)C,experimental,1,,,
EXP_5354,C(C(=O)O)N,experimental,0,,,
EXP_5355,C1CC1,experimental,0,,,
EXP_5356,CCCC,experimental,1,,,
EXP_5357,C1=CC=C2C=CC=CC2=C1,experimental,0,,,
EXP_5358,CO,experimental,0,,,
EXP_5359,CCCCCO,experimental,1,,,
EXP_5360,C1CCCC1,experimental,0,,,
EXP_5361,CC(C)O,experimental,0,,,
EXP_5362,CCCCCCCC,experimental,1,,,
EXP_5363,CCO,experimental,0,,,
EXP_5364,CC(=O)O,experimental,0,,,
EXP_5365,C1CCCCC1,experimental,1,,,
EXP_5366,CCCCCC,experimental,0,,,
EXP_5367,CC(=O)C,experimental,0,,,
EXP_5368,C(C(=O)O)N,experimental,1,,,
EXP_5369,C1CC1,experimental,0,,,
EXP_5370,CCCC,experimental,0,,,
EXP_5371,C1=CC=C2C=CC=CC2=C1,experimental,1,,,
EXP_5372,CO,experimental,0,,,
EXP_5373,CCCCCO,experimental,0,,,
EXP_5374,C1CCCC1,experimental,1,,,
EXP_5375,CC(C)O,experimental,0,,,
EXP_5376,CCCCCCCC,experimental,0,,,
EXP_5377,CCO,experimental,1,,,
EXP_5378,CC(=O)O,experimental,0,,,
EXP_5379,C1CCCCC1,experimental,0,,,
EXP_5380,CCCCCC,experimental,1,,,
EXP_5381,CC(=O)C,experimental,0,,,
EXP_5382,C(C(=O)O)N,experimental,0,,,
EXP_5383,C1CC1,experimental,1,,,
EXP_5384,CCCC,experimental,0,,,
EXP_5385,C1=CC=C2C=CC=CC2=C1,experimental,0,,,
EXP_5386,CO,experimental,1,,,
EXP_5387,CCCCCO,experimental,0,,,
EXP_5388,C1CCCC1,experimental,0,,,
EXP_5389,CC(C)O,experimental,1,,,
EXP_5390,CCCCCCCC,experimental,0,,,
EXP_5391,CCO,experimental,0,,,
EXP_5392,CC(=O)O,experimental,1,,,
EXP_5393,C1CCCCC1,experimental,0,,,
EXP_5394,CCCCCC,experimental,0,,,
EXP_5395,CC(=O)C,experimental,1,,,
EXP_5396,C(C(=O)O)N,experimental,0,,,
EXP_5397,C1CC1,experimental,0,,,
EXP_5398,CCCC,experimental,1,,,
EXP_5399,C1=CC=C2C=CC=CC2=C1,experimental,0,,,
EXP_5400,CO,experimental,0,,,
EXP_5401,CCCCCO,experimental,1,,,
EXP_5402,C1CCCC1,experimental,0,,,
EXP_5403,CC(C)O,experimental,0,,,
EXP_5404,CCCCCCCC,experimental,1,,,
EXP_5405,CCO,experimental,0,,,
EXP_5406,CC(=O)O,experimental,0,,,
EXP_5407,C1CCCCC1,experimental,1,,,
EXP_5408,CCCCCC,experimental,0,,,
EXP_5409,CC(=O)C,experimental,0,,,
EXP_5410,C(C(=O)O)N,experimental,1,,,
EXP_5411,C1CC1,experimental,0,,,
EXP_5412,CCCC,experimental,0,,,
EXP_5413,C1=CC=C2C=CC=CC2=C1,experimental,1,,,
EXP_5414,CO,experimental,0,,,
EXP_5415,CCCCCO,experimental,0,,,
EXP_5416,C1CCCC1,experimental,1,,,
EXP_5417,CC(C)O,experimental,0,,,
EXP_5418,CCCCCCCC,experimental,0,,,
EXP_5419,CCO,experimental,1,,,
EXP_5420,CC(=O)O,experimental,0,,,
EXP_5421,C1CCCCC1,experimental,0,,,
EXP_5422,CCCCCC,experimental,1,,,
EXP_5423,CC(=O)C,experimental,0,,,
EXP_5424,C(C(=O)O)N,experimental,0,,,
EXP_5425,C1CC1,experimental,1,,,
EXP_5426,CCCC,experimental,0,,,
EXP_5427,C1=CC=C2C=CC=CC2=C1,experimental,0,,,
EXP_5428,CO,experimental,1,,,
EXP_5429,CCCCCO,experimental,0,,,
EXP_5430,C1CCCC1,experimental,0,,,
EXP_5431,CC(C)O,experimental,1,,,
EXP_5432,CCCCCCCC,experimental,0,,,
EXP_5433,CCO,experimental,0,,,
EXP_5434,CC(=O)O,experimental,1,,,
EXP_5435,C1CCCCC1,experimental,0,,,
EXP_5436,CCCCCC,experimental,0,,,
EXP_5437,CC(=O)C,experimental,1,,,
EXP_5438,C(C(=O)O)N,experimental,0,,,
EXP_5439,C1CC1,experimental,0,,,
EXP_5440,CCCC,experimental,1,,,
EXP_5441,C1=CC=C2C=CC=CC2=C1,experimental,0,,,
EXP_5442,CO,experimental,0,,,
EXP_5443,CCCCCO,experimental,1,,,
EXP_5444,C1CCCC1,experimental,0,,,
EXP_5445,CC(C)O,experimental,0,,,
EXP_5446,CCCCCCCC,experimental,1,,,
EXP_5447,CCO,experimental,0,,,
EXP_5448,CC(=O)O,experimental,0,,,
EXP_5449,C1CCCCC1,experimental,1,,,
EXP_5450,CCCCCC,experimental,0,,,
EXP_5451,CC(=O)C,experimental,0,,,
EXP_5452,C(C(=O)O)N,experimental,1,,,
EXP_5453,C1CC1,experimental,0,,,
EXP_5454,CCCC,experimental,0,,,
EXP_5455,C1=CC=C2C=CC=CC2=C1,experimental,1,,,
EXP_5456,CO,experimental,0,,,
EXP_5457,CCCCCO,experimental,0,,,
EXP_5458,C1CCCC1,experimental,1,,,
EXP_5459,CC(C)O,experimental,0,,,
EXP_5460,CCCCCCCC,experimental,0,,,
EXP_5461,CCO,experimental,1,,,
EXP_5462,CC(=O)O,experimental,0,,,
EXP_5463,C1CCCCC1,experimental,0,,,
EXP_5464,CCCCCC,experimental,1,,,
EXP_5465,CC(=O)C,experimental,0,,,
EXP_5466,C(C(=O)O)N,experimental,0,,,
EXP_5467,C1CC1,experimental,1,,,
EXP_5468,CCCC,experimental,0,,,
EXP_5469,C1=CC=C2C=CC=CC2=C1,experimental,0,,,
EXP_5470,CO,experimental,1,,,
EXP_5471,CCCCCO,experimental,0,,,
EXP_5472,C1CCCC1,experimental,0,,,
EXP_5473,CC(C)O,experimental,1,,,
EXP_5474,CCCCCCCC,experimental,0,,,
EXP_5475,CCO,experimental,0,,,
EXP_5476,CC(=O)O,experimental,1,,,
EXP_5477,C1CCCCC1,experimental,0,,,
EXP_5478,CCCCCC,experimental,0,,,
EXP_5479,CC(=O)C,experimental,1,,,
EXP_5480,C(C(=O)O)N,experimental,0,,,
EXP_5481,C1CC1,experimental,0,,,
EXP_5482,CCCC,experimental,1,,,
EXP_5483,C1=CC=C2C=CC=CC2=C1,experimental,0,,,
EXP_5484,CO,experimental,0,,,
EXP_5485,CCCCCO,experimental,1,,,
EXP_5486,C1CCCC1,experimental,0,,,
EXP_5487,CC(C)O,experimental,0,,,
EXP_5488,CCCCCCCC,experimental,1,,,
EXP_5489,CCO,experimental,0,,,
EXP_5490,CC(=O)O,experimental,0,,,
EXP_5491,C1CCCCC1,experimental,1,,,
EXP_5492,CCCCCC,experimental,0,,,
EXP_5493,CC(=O)C,experimental,0,,,
EXP_5494,C(C(=O)O)N,experimental,1,,,
EXP_5495,C1CC1,experimental,0,,,
EXP_5496,CCCC,experimental,0,,,
EXP_5497,C1=CC=C2C=CC=CC2=C1,experimental,1,,,
EXP_5498,CO,experimental,0,,,
EXP_5499,CCCCCO,experimental,0,,,
EXP_5500,C1CCCC1,experimental,1,,,
EXP_5501,CC(C)O,experimental,0,,,
EXP_5502,CCCCCCCC,experimental,0,,,
EXP_5503,CCO,experimental,1,,,
EXP_5504,CC(=O)O,experimental,0,,,
EXP_5505,C1CCCCC1,experimental,0,,,
EXP_5506,CCCCCC,experimental,1,,,
EXP_5507,CC(=O)C,experimental,0,,,
EXP_5508,C(C(=O)O)N,experimental,0,,,
EXP_5509,C1CC1,experimental,1,,,
EXP_5510,CCCC,experimental,0,,,
EXP_5511,C1=CC=C2C=CC=CC2=C1,experimental,0,,,
EXP_5512,CO,experimental,1,,,
EXP_5513,CCCCCO,experimental,0,,,
EXP_5514,C1CCCC1,experimental,0,,,
EXP_5515,CC(C)O,experimental,1,,,
EXP_5516,CCCCCCCC,experimental,0,,,
EXP_5517,CCO,experimental,0,,,
EXP_5518,CC(=O)O,experimental,1,,,
EXP_5519,C1CCCCC1,experimental,0,,,
EXP_5520,CCCCCC,experimental,0,,,
EXP_5521,CC(=O)C,experimental,1,,,
EXP_5522,C(C(=O)O)N,experimental,0,,,
EXP_5523,C1CC1,experimental,0,,,
EXP_5524,CCCC,experimental,1,,,
EXP_5525,C1=CC=C2C=CC=CC2=C1,experimental,0,,,
EXP_5526,CO,experimental,0,,,
EXP_5527,CCCCCO,experimental,1,,,
EXP_5528,C1CCCC1,experimental,0,,,
EXP_5529,CC(C)O,experimental,0,,,
EXP_5530,CCCCCCCC,experimental,1,,,
EXP_5531,CCO,experimental,0,,,
EXP_5532,CC(=O)O,experimental,0,,,
EXP_5533,C1CCCCC1,experimental,1,,,
EXP_5534,CCCCCC,experimental,0,,,
EXP_5535,CC(=O)C,experimental,0,,,
EXP_5536,C(C(=O)O)N,experimental,1,,,
EXP_5537,C1CC1,experimental,0,,,
EXP_5538,CCCC,experimental,0,,,
EXP_5539,C1=CC=C2C=CC=CC2=C1,experimental,1,,,
EXP_5540,CO,experimental,0,,,
EXP_5541,CCCCCO,experimental,0,,,
EXP_5542,C1CCCC1,experimental,1,,,
EXP_5543,CC(C)O,experimental,0,,,
EXP_5544,CCCCCCCC,experimental,0,,,
EXP_5545,CCO,experimental,1,,,
EXP_5546,CC(=O)O,experimental,0,,,
EXP_5547,C1CCCCC1,experimental,0,,,
EXP_5548,CCCCCC,experimental,1,,,
EXP_5549,CC(=O)C,experimental,0,,,
EXP_5550,C(C(=O)O)N,experimental,0,,,
EXP_5551,C1CC1,experimental,1,,,
EXP_5552,CCCC,experimental,0,,,
EXP_5553,C1=CC=C2C=CC=CC2=C1,experimental,0,,,
EXP_5554,CO,experimental,1,,,
EXP_5555,CCCCCO,experimental,0,,,
EXP_5556,C1CCCC1,experimental,0,,,
EXP_5557,CC(C)O,experimental,1,,,
EXP_5558,CCCCCCCC,experimental,0,,,
EXP_5559,CCO,experimental,0,,,
EXP_5560,CC(=O)O,experimental,1,,,
EXP_5561,C1CCCCC1,experimental,0,,,
EXP_5562,CCCCCC,experimental,0,,,
EXP_5563,CC(=O)C,experimental,1,,,
EXP_5564,C(C(=O)O)N,experimental,0,,,
EXP_5565,C1CC1,experimental,0,,,
EXP_5566,CCCC,experimental,1,,,
EXP_5567,C1=CC=C2C=CC=CC2=C1,experimental,0,,,
EXP_5568,CO,experimental,0,,,
EXP_5569,CCCCCO,experimental,1,,,
EXP_5570,C1CCCC1,experimental,0,,,
EXP_5571,CC(C)O,experimental,0,,,
EXP_5572,CCCCCCCC,experimental,1,,,
EXP_5573,CCO,experimental,0,,,
EXP_5574,CC(=O)O,experimental,0,,,
EXP_5575,C1CCCCC1,experimental,1,,,
EXP_5576,CCCCCC,experimental,0,,,
EXP_5577,CC(=O)C,experimental,0,,,
EXP_5578,C(C(=O)O)N,experimental,1,,,
EXP_5579,C1CC1,experimental,0,,,
EXP_5580,CCCC,experimental,0,,,
EXP_5581,C1=CC=C2C=CC=CC2=C1,experimental,1,,,
EXP_5582,CO,experimental,0,,,
EXP_5583,CCCCCO,experimental,0,,,
EXP_5584,C1CCCC1,experimental,1,,,
EXP_5585,CC(C)O,experimental,0,,,
EXP_5586,CCCCCCCC,experimental,0,,,
EXP_5587,CCO,experimental,1,,,
EXP_5588,CC(=O)O,experimental,0,,,
EXP_5589,C1CCCCC1,experimental,0,,,
EXP_5590,CCCCCC,experimental,1,,,
EXP_5591,CC(=O)C,experimental,0,,,
EXP_5592,C(C(=O)O)N,experimental,0,,,
EXP_5593,C1CC1,experimental,1,,,
EXP_5594,CCCC,experimental,0,,,
EXP_5595,C1=CC=C2C=CC=CC2=C1,experimental,0,,,
EXP_5596,CO,experimental,1,,,
EXP_5597,CCCCCO,experimental,0,,,
EXP_5598,C1CCCC1,experimental,0,,,
EXP_5599,CC(C)O,experimental,1,,,
EXP_5600,CCCCCCCC,experimental,0,,,
EXP_5601,CCO,experimental,0,,,
EXP_5602,CC(=O)O,experimental,1,,,
EXP_5603,C1CCCCC1,experimental,0,,,
EXP_5604,CCCCCC,experimental,0,,,
EXP_5605,CC(=O)C,experimental,1,,,
EXP_5606,C(C(=O)O)N,experimental,0,,,
EXP_5607,C1CC1,experimental,0,,,
EXP_5608,CCCC,experimental,1,,,
EXP_5609,C1=CC=C2C=CC=CC2=C1,experimental,0,,,
EXP_5610,CO,experimental,0,,,
EXP_5611,CCCCCO,experimental,1,,,
EXP_5612,C1CCCC1,experimental,0,,,
EXP_5613,CC(C)O,experimental,0,,,
EXP_5614,CCCCCCCC,experimental,1,,,
EXP_5615,CCO,experimental,0,,,
EXP_5616,CC(=O)O,experimental,0,,,
EXP_5617,C1CCCCC1,experimental,1,,,
EXP_5618,CCCCCC,experimental,0,,,
EXP_5619,CC(=O)C,experimental,0,,,
EXP_5620,C(C(=O)O)N,experimental,1,,,
EXP_5621,C1CC1,experimental,0,,,
EXP_5622,CCCC,experimental,0,,,
EXP_5623,C1=CC=C2C=CC=CC2=C1,experimental,1,,,
EXP_5624,CO,experimental,0,,,
EXP_5625,CCCCCO,experimental,0,,,
EXP_5626,C1CCCC1,experimental,1,,,
EXP_5627,CC(C)O,experimental,0,,,
EXP_5628,CCCCCCCC,experimental,0,,,
EXP_5629,CCO,experimental,1,,,
EXP_5630,CC(=O)O,experimental,0,,,
EXP_5631,C1CCCCC1,experimental,0,,,
EXP_5632,CCCCCC,experimental,1,,,
EXP_5633,CC(=O)C,experimental,0,,,
EXP_5634,C(C(=O)O)N,experimental,0,,,
EXP_5635,C1CC1,experimental,1,,,
EXP_5636,CCCC,experimental,0,,,
EXP_5637,C1=CC=C2C=CC=CC2=C1,experimental,0,,,
EXP_5638,CO,experimental,1,,,
EXP_5639,CCCCCO,experimental,0,,,
EXP_5640,C1CCCC1,experimental,0,,,
EXP_5641,CC(C)O,experimental,1,,,
EXP_5642,CCCCCCCC,experimental,0,,,
EXP_5643,CCO,experimental,0,,,
EXP_5644,CC(=O)O,experimental,1,,,
EXP_5645,C1CCCCC1,experimental,0,,,
EXP_5646,CCCCCC,experimental,0,,,
EXP_5647,CC(=O)C,experimental,1,,,
EXP_5648,C(C(=O)O)N,experimental,0,,,
EXP_5649,C1CC1,experimental,0,,,
EXP_5650,CCCC,experimental,1,,,
EXP_5651,C1=CC=C2C=CC=CC2=C1,experimental,0,,,
EXP_5652,CO,experimental,0,,,
EXP_5653,CCCCCO,experimental,1,,,
EXP_5654,C1CCCC1,experimental,0,,,
EXP_5655,CC(C)O,experimental,0,,,
EXP_5656,CCCCCCCC,experimental,1,,,
EXP_5657,CCO,experimental,0,,,
EXP_5658,CC(=O)O,experimental,0,,,
EXP_5659,C1CCCCC1,experimental,1,,,
EXP_5660,CCCCCC,experimental,0,,,
EXP_5661,CC(=O)C,experimental,0,,,
EXP_5662,C(C(=O)O)N,experimental,1,,,
EXP_5663,C1CC1,experimental,0,,,
EXP_5664,CCCC,experimental,0,,,
EXP_5665,C1=CC=C2C=CC=CC2=C1,experimental,1,,,
EXP_5666,CO,experimental,0,,,
EXP_5667,CCCCCO,experimental,0,,,
EXP_5668,C1CCCC1,experimental,1,,,
EXP_5669,CC(C)O,experimental,0,,,
EXP_5670,CCCCCCCC,experimental,0,,,
EXP_5671,CCO,experimental,1,,,
EXP_5672,CC(=O)O,experimental,0,,,
EXP_5673,C1CCCCC1,experimental,0,,,
EXP_5674,CCCCCC,experimental,1,,,
EXP_5675,CC(=O)C,experimental,0,,,
EXP_5676,C(C(=O)O)N,experimental,0,,,
EXP_5677,C1CC1,experimental,1,,,
EXP_5678,CCCC,experimental,0,,,
EXP_5679,C1=CC=C2C=CC=CC2=C1,experimental,0,,,
EXP_5680,CO,experimental,1,,,
EXP_5681,CCCCCO,experimental,0,,,
EXP_5682,C1CCCC1,experimental,0,,,
EXP_5683,CC(C)O,experimental,1,,,
EXP_5684,CCCCCCCC,experimental,0,,,
EXP_5685,CCO,experimental,0,,,
EXP_5686,CC(=O)O,experimental,1,,,
EXP_5687,C1CCCCC1,experimental,0,,,
EXP_5688,CCCCCC,experimental,0,,,
EXP_5689,CC(=O)C,experimental,1,,,
EXP_5690,C(C(=O)O)N,experimental,0,,,
EXP_5691,C1CC1,experimental,0,,,
EXP_5692,CCCC,experimental,1,,,
EXP_5693,C1=CC=C2C=CC=CC2=C1,experimental,0,,,
EXP_5694,CO,experimental,0,,,
EXP_5695,CCCCCO,experimental,1,,,
EXP_5696,C1CCCC1,experimental,0,,,
EXP_5697,CC(C)O,experimental,0,,,
EXP_5698,CCCCCCCC,experimental,1,,,
EXP_5699,CCO,experimental,0,,,
EXP_5700,CC(=O)O,experimental,0,,,
EXP_5701,C1CCCCC1,experimental,1,,,
EXP_5702,CCCCCC,experimental,0,,,
EXP_5703,CC(=O)C,experimental,0,,,
EXP_5704,C(C(=O)O)N,experimental,1,,,
EXP_5705,C1CC1,experimental,0,,,
EXP_5706,CCCC,experimental,0,,,
EXP_5707,C1=CC=C2C=CC=CC2=C1,experimental,1,,,
EXP_5708,CO,experimental,0,,,
EXP_5709,CCCCCO,experimental,0,,,
EXP_5710,C1CCCC1,experimental,1,,,
EXP_5711,CC(C)O,experimental,0,,,
EXP_5712,CCCCCCCC,experimental,0,,,
EXP_5713,CCO,experimental,1,,,
EXP_5714,CC(=O)O,experimental,0,,,
EXP_5715,C1CCCCC1,experimental,0,,,
EXP_5716,CCCCCC,experimental,1,,,
EXP_5717,CC(=O)C,experimental,0,,,
EXP_5718,C(C(=O)O)N,experimental,0,,,
EXP_5719,C1CC1,experimental,1,,,
EXP_5720,CCCC,experimental,0,,,
EXP_5721,C1=CC=C2C=CC=CC2=C1,experimental,0,,,
EXP_5722,CO,experimental,1,,,
EXP_5723,CCCCCO,experimental,0,,,
EXP_5724,C1CCCC1,experimental,0,,,
EXP_5725,CC(C)O,experimental,1,,,
EXP_5726,CCCCCCCC,experimental,0,,,
EXP_5727,CCO,experimental,0,,,
EXP_5728,CC(=O)O,experimental,1,,,
EXP_5729,C1CCCCC1,experimental,0,,,
EXP_5730,CCCCCC,experimental,0,,,
EXP_5731,CC(=O)C,experimental,1,,,
EXP_5732,C(C(=O)O)N,experimental,0,,,
EXP_5733,C1CC1,experimental,0,,,
EXP_5734,CCCC,experimental,1,,,
EXP_5735,C1=CC=C2C=CC=CC2=C1,experimental,0,,,
EXP_5736,CO,experimental,0,,,
EXP_5737,CCCCCO,experimental,1,,,
EXP_5738,C1CCCC1,experimental,0,,,
EXP_5739,CC(C)O,experimental,0,,,
EXP_5740,CCCCCCCC,experimental,1,,,
EXP_5741,CCO,experimental,0,,,
EXP_5742,CC(=O)O,experimental,0,,,
EXP_5743,C1CCCCC1,experimental,1,,,
EXP_5744,CCCCCC,experimental,0,,,
EXP_5745,CC(=O)C,experimental,0,,,
EXP_5746,C(C(=O)O)N,experimental,1,,,
EXP_5747,C1CC1,experimental,0,,,
EXP_5748,CCCC,experimental,0,,,
EXP_5749,C1=CC=C2C=CC=CC2=C1,experimental,1,,,
EXP_5750,CO,experimental,0,,,
EXP_5751,CCCCCO,experimental,0,,,
EXP_5752,C1CCCC1,experimental,1,,,
EXP_5753,CC(C)O,experimental,0,,,
EXP_5754,CCCCCCCC,experimental,0,,,
EXP_5755,CCO,experimental,1,,,
EXP_5756,CC(=O)O,experimental,0,,,
EXP_5757,C1CCCCC1,experimental,0,,,
EXP_5758,CCCCCC,experimental,1,,,
EXP_5759,CC(=O)C,experimental,0,,,
EXP_5760,C(C(=O)O)N,experimental,0,,,
EXP_5761,C1CC1,experimental,1,,,
EXP_5762,CCCC,experimental,0,,,
EXP_5763,C1=CC=C2C=CC=CC2=C1,experimental,0,,,
EXP_5764,CO,experimental,1,,,
EXP_5765,CCCCCO,experimental,0,,,
EXP_5766,C1CCCC1,experimental,0,,,
EXP_5767,CC(C)O,experimental,1,,,
EXP_5768,CCCCCCCC,experimental,0,,,
EXP_5769,CCO,experimental,0,,,
EXP_5770,CC(=O)O,experimental,1,,,
EXP_5771,C1CCCCC1,experimental,0,,,
EXP_5772,CCCCCC,experimental,0,,,
EXP_5773,CC(=O)C,experimental,1,,,
EXP_5774,C(C(=O)O)N,experimental,0,,,
EXP_5775,C1CC1,experimental,0,,,
EXP_5776,CCCC,experimental,1,,,
EXP_5777,C1=CC=C2C=CC=CC2=C1,experimental,0,,,
EXP_5778,CO,experimental,0,,,
EXP_5779,CCCCCO,experimental,1,,,
EXP_5780,C1CCCC1,experimental,0,,,
EXP_5781,CC(C)O,experimental,0,,,
EXP_5782,CCCCCCCC,experimental,1,,,
EXP_5783,CCO,experimental,0,,,
EXP_5784,CC(=O)O,experimental,0,,,
EXP_5785,C1CCCCC1,experimental,1,,,
EXP_5786,CCCCCC,experimental,0,,,
EXP_5787,CC(=O)C,experimental,0,,,
EXP_5788,C(C(=O)O)N,experimental,1,,,
EXP_5789,C1CC1,experimental,0,,,
EXP_5790,CCCC,experimental,0,,,
EXP_5791,C1=CC=C2C=CC=CC2=C1,experimental,1,,,
EXP_5792,CO,experimental,0,,,
EXP_5793,CCCCCO,experimental,0,,,
EXP_5794,C1CCCC1,experimental,1,,,
EXP_5795,CC(C)O,experimental,0,,,
EXP_5796,CCCCCCCC,experimental,0,,,
EXP_5797,CCO,experimental,1,,,
EXP_5798,CC(=O)O,experimental,0,,,
EXP_5799,C1CCCCC1,experimental,0,,,
EXP_5800,CCCCCC,experimental,1,,,
EXP_5801,CC(=O)C,experimental,0,,,
EXP_5802,C(C(=O)O)N,experimental,0,,,
EXP_5803,C1CC1,experimental,1,,,
EXP_5804,CCCC,experimental,0,,,
EXP_5805,C1=CC=C2C=CC=CC2=C1,experimental,0,,,
EXP_5806,CO,experimental,1,,,
EXP_5807,CCCCCO,experimental,0,,,
EXP_5808,C1CCCC1,experimental,0,,,
EXP_5809,CC(C)O,experimental,1,,,
EXP_5810,CCCCCCCC,experimental,0,,,
EXP_5811,CCO,experimental,0,,,
EXP_5812,CC(=O)O,experimental,1,,,
EXP_5813,C1CCCCC1,experimental,0,,,
EXP_5814,CCCCCC,experimental,0,,,
EXP_5815,CC(=O)C,experimental,1,,,
EXP_5816,C(C(=O)O)N,experimental,0,,,
EXP_5817,C1CC1,experimental,0,,,
EXP_5818,CCCC,experimental,1,,,
EXP_5819,C1=CC=C2C=CC=CC2=C1,experimental,0,,,
EXP_5820,CO,experimental,0,,,
EXP_5821,CCCCCO,experimental,1,,,
EXP_5822,C1CCCC1,experimental,0,,,
EXP_5823,CC(C)O,experimental,0,,,
EXP_5824,CCCCCCCC,experimental,1,,,
EXP_5825,CCO,experimental,0,,,
EXP_5826,CC(=O)O,experimental,0,,,
EXP_5827,C1CCCCC1,experimental,1,,,
EXP_5828,CCCCCC,experimental,0,,,
EXP_5829,CC(=O)C,experimental,0,,,
EXP_5830,C(C(=O)O)N,experimental,1,,,
EXP_5831,C1CC1,experimental,0,,,
EXP_5832,CCCC,experimental,0,,,
EXP_5833,C1=CC=C2C=CC=CC2=C1,experimental,1,,,
EXP_5834,CO,experimental,0,,,
EXP_5835,CCCCCO,experimental,0,,,
EXP_5836,C1CCCC1,experimental,1,,,
EXP_5837,CC(C)O,experimental,0,,,
EXP_5838,CCCCCCCC,experimental,0,,,
EXP_5839,CCO,experimental,1,,,
EXP_5840,CC(=O)O,experimental,0,,,
EXP_5841,C1CCCCC1,experimental,0,,,
EXP_5842,CCCCCC,experimental,1,,,
EXP_5843,CC(=O)C,experimental,0,,,
EXP_5844,C(C(=O)O)N,experimental,0,,,
EXP_5845,C1CC1,experimental,1,,,
EXP_5846,CCCC,experimental,0,,,
EXP_5847,C1=CC=C2C=CC=CC2=C1,experimental,0,,,
EXP_5848,CO,experimental,1,,,
EXP_5849,CCCCCO,experimental,0,,,
EXP_5850,C1CCCC1,experimental,0,,,
EXP_5851,CC(C)O,experimental,1,,,
EXP_5852,CCCCCCCC,experimental,0,,,
EXP_5853,CCO,experimental,0,,,
EXP_5854,CC(=O)O,experimental,1,,,
EXP_5855,C1CCCCC1,experimental,0,,,
EXP_5856,CCCCCC,experimental,0,,,
EXP_5857,CC(=O)C,experimental,1,,,
EXP_5858,C(C(=O)O)N,experimental,0,,,
EXP_5859,C1CC1,experimental,0,,,
EXP_5860,CCCC,experimental,1,,,
EXP_5861,C1=CC=C2C=CC=CC2=C1,experimental,0,,,
EXP_5862,CO,experimental,0,,,
EXP_5863,CCCCCO,experimental,1,,,
EXP_5864,C1CCCC1,experimental,0,,,
EXP_5865,CC(C)O,experimental,0,,,
EXP_5866,CCCCCCCC,experimental,1,,,
EXP_5867,CCO,experimental,0,,,
EXP_5868,CC(=O)O,experimental,0,,,
EXP_5869,C1CCCCC1,experimental,1,,,
EXP_5870,CCCCCC,experimental,0,,,
EXP_5871,CC(=O)C,experimental,0,,,
EXP_5872,C(C(=O)O)N,experimental,1,,,
EXP_5873,C1CC1,experimental,0,,,
EXP_5874,CCCC,experimental,0,,,
EXP_5875,C1=CC=C2C=CC=CC2=C1,experimental,1,,,
EXP_5876,CO,experimental,0,,,
EXP_5877,CCCCCO,experimental,0,,,
EXP_5878,C1CCCC1,experimental,1,,,
EXP_5879,CC(C)O,experimental,0,,,
EXP_5880,CCCCCCCC,experimental,0,,,
EXP_5881,CCO,experimental,1,,,
EXP_5882,CC(=O)O,experimental,0,,,
EXP_5883,C1CCCCC1,experimental,0,,,
EXP_5884,CCCCCC,experimental,1,,,
EXP_5885,CC(=O)C,experimental,0,,,
EXP_5886,C(C(=O)O)N,experimental,0,,,
EXP_5887,C1CC1,experimental,1,,,
EXP_5888,CCCC,experimental,0,,,
EXP_5889,C1=CC=C2C=CC=CC2=C1,experimental,0,,,
EXP_5890,CO,experimental,1,,,
EXP_5891,CCCCCO,experimental,0,,,
EXP_5892,C1CCCC1,experimental,0,,,
EXP_5893,CC(C)O,experimental,1,,,
EXP_5894,CCCCCCCC,experimental,0,,,
EXP_5895,CCO,experimental,0,,,
EXP_5896,CC(=O)O,experimental,1,,,
EXP_5897,C1CCCCC1,experimental,0,,,
EXP_5898,CCCCCC,experimental,0,,,
EXP_5899,CC(=O)C,experimental,1,,,
EXP_5900,C(C(=O)O)N,experimental,0,,,
EXP_5901,C1CC1,experimental,0,,,
EXP_5902,CCCC,experimental,1,,,
EXP_5903,C1=CC=C2C=CC=CC2=C1,experimental,0,,,
EXP_5904,CO,experimental,0,,,
EXP_5905,CCCCCO,experimental,1,,,
EXP_5906,C1CCCC1,experimental,0,,,
EXP_5907,CC(C)O,experimental,0,,,
EXP_5908,CCCCCCCC,experimental,1,,,
EXP_5909,CCO,experimental,0,,,
EXP_5910,CC(=O)O,experimental,0,,,
EXP_5911,C1CCCCC1,experimental,1,,,
EXP_5912,CCCCCC,experimental,0,,,
EXP_5913,CC(=O)C,experimental,0,,,
EXP_5914,C(C(=O)O)N,experimental,1,,,
EXP_5915,C1CC1,experimental,0,,,
EXP_5916,CCCC,experimental,0,,,
EXP_5917,C1=CC=C2C=CC=CC2=C1,experimental,1,,,
EXP_5918,CO,experimental,0,,,
EXP_5919,CCCCCO,experimental,0,,,
EXP_5920,C1CCCC1,experimental,1,,,
EXP_5921,CC(C)O,experimental,0,,,
EXP_5922,CCCCCCCC,experimental,0,,,
EXP_5923,CCO,experimental,1,,,
EXP_5924,CC(=O)O,experimental,0,,,
EXP_5925,C1CCCCC1,experimental,0,,,
EXP_5926,CCCCCC,experimental,1,,,
EXP_5927,CC(=O)C,experimental,0,,,
EXP_5928,C(C(=O)O)N,experimental,0,,,
EXP_5929,C1CC1,experimental,1,,,
EXP_5930,CCCC,experimental,0,,,
EXP_5931,C1=CC=C2C=CC=CC2=C1,experimental,0,,,
EXP_5932,CO,experimental,1,,,
EXP_5933,CCCCCO,experimental,0,,,
EXP_5934,C1CCCC1,experimental,0,,,
EXP_5935,CC(C)O,experimental,1,,,
EXP_5936,CCCCCCCC,experimental,0,,,
EXP_5937,CCO,experimental,0,,,
EXP_5938,CC(=O)O,experimental,1,,,
EXP_5939,C1CCCCC1,experimental,0,,,
EXP_5940,CCCCCC,experimental,0,,,
EXP_5941,CC(=O)C,experimental,1,,,
EXP_5942,C(C(=O)O)N,experimental,0,,,
EXP_5943,C1CC1,experimental,0,,,
EXP_5944,CCCC,experimental,1,,,
EXP_5945,C1=CC=C2C=CC=CC2=C1,experimental,0,,,
EXP_5946,CO,experimental,0,,,
EXP_5947,CCCCCO,experimental,1,,,
EXP_5948,C1CCCC1,experimental,0,,,
EXP_5949,CC(C)O,experimental,0,,,
EXP_5950,CCCCCCCC,experimental,1,,,
EXP_5951,CCO,experimental,0,,,
EXP_5952,CC(=O)O,experimental,0,,,
EXP_5953,C1CCCCC1,experimental,1,,,
EXP_5954,CCCCCC,experimental,0,,,
EXP_5955,CC(=O)C,experimental,0,,,
EXP_5956,C(C(=O)O)N,experimental,1,,,
EXP_5957,C1CC1,experimental,0,,,
EXP_5958,CCCC,experimental,0,,,
EXP_5959,C1=CC=C2C=CC=CC2=C1,experimental,1,,,
EXP_5960,CO,experimental,0,,,
EXP_5961,CCCCCO,experimental,0,,,
EXP_5962,C1CCCC1,experimental,1,,,
EXP_5963,CC(C)O,experimental,0,,,
EXP_5964,CCCCCCCC,experimental,0,,,
EXP_5965,CCO,experimental,1,,,
EXP_5966,CC(=O)O,experimental,0,,,
EXP_5967,C1CCCCC1,experimental,0,,,
EXP_5968,CCCCCC,experimental,1,,,
EXP_5969,CC(=O)C,experimental,0,,,
EXP_5970,C(C(=O)O)N,experimental,0,,,
EXP_5971,C1CC1,experimental,1,,,
EXP_5972,CCCC,experimental,0,,,
EXP_5973,C1=CC=C2C=CC=CC2=C1,experimental,0,,,
EXP_5974,CO,experimental,1,,,
EXP_5975,CCCCCO,experimental,0,,,
EXP_5976,C1CCCC1,experimental,0,,,
EXP_5977,CC(C)O,experimental,1,,,
EXP_5978,CCCCCCCC,experimental,0,,,
EXP_5979,CCO,experimental,0,,,
EXP_5980,CC(=O)O,experimental,1,,,
EXP_5981,C1CCCCC1,experimental,0,,,
EXP_5982,CCCCCC,experimental,0,,,
EXP_5983,CC(=O)C,experimental,1,,,
EXP_5984,C(C(=O)O)N,experimental,0,,,
EXP_5985,C1CC1,experimental,0,,,
EXP_5986,CCCC,experimental,1,,,
EXP_5987,C1=CC=C2C=CC=CC2=C1,experimental,0,,,
EXP_5988,CO,experimental,0,,,
EXP_5989,CCCCCO,experimental,1,,,
EXP_5990,C1CCCC1,experimental,0,,,
EXP_5991,CC(C)O,experimental,0,,,
EXP_5992,CCCCCCCC,experimental,1,,,
EXP_5993,CCO,experimental,0,,,
EXP_5994,CC(=O)O,experimental,0,,,
EXP_5995,C1CCCCC1,experimental,1,,,
EXP_5996,CCCCCC,experimental,0,,,
EXP_5997,CC(=O)C,experimental,0,,,
EXP_5998,C(C(=O)O)N,experimental,1,,,
EXP_5999,C1CC1,experimental,0,,,
EXP_6000,CCCC,experimental,0,,,
EXP_6001,C1=CC=C2C=CC=CC2=C1,experimental,1,,,
EXP_6002,CO,experimental,0,,,
EXP_6003,CCCCCO,experimental,0,,,
EXP_6004,C1CCCC1,experimental,1,,,
EXP_6005,CC(C)O,experimental,0,,,
EXP_6006,CCCCCCCC,experimental,0,,,
EXP_6007,CCO,experimental,1,,,
EXP_6008,CC(=O)O,experimental,0,,,
EXP_6009,C1CCCCC1,experimental,0,,,
EXP_6010,CCCCCC,experimental,1,,,
EXP_6011,CC(=O)C,experimental,0,,,
EXP_6012,C(C(=O)O)N,experimental,0,,,
EXP_6013,C1CC1,experimental,1,,,
EXP_6014,CCCC,experimental,0,,,
EXP_6015,C1=CC=C2C=CC=CC2=C1,experimental,0,,,
EXP_6016,CO,experimental,1,,,
EXP_6017,CCCCCO,experimental,0,,,
EXP_6018,C1CCCC1,experimental,0,,,
EXP_6019,CC(C)O,experimental,1,,,
EXP_6020,CCCCCCCC,experimental,0,,,
EXP_6021,CCO,experimental,0,,,
EXP_6022,CC(=O)O,experimental,1,,,
EXP_6023,C1CCCCC1,experimental,0,,,
EXP_6024,CCCCCC,experimental,0,,,
EXP_6025,CC(=O)C,experimental,1,,,
EXP_6026,C(C(=O)O)N,experimental,0,,,
EXP_6027,C1CC1,experimental,0,,,
EXP_6028,CCCC,experimental,1,,,
EXP_6029,C1=CC=C2C=CC=CC2=C1,experimental,0,,,
EXP_6030,CO,experimental,0,,,
EXP_6031,CCCCCO,experimental,1,,,
EXP_6032,C1CCCC1,experimental,0,,,
EXP_6033,CC(C)O,experimental,0,,,
EXP_6034,CCCCCCCC,experimental,1,,,
EXP_6035,CCO,experimental,0,,,
EXP_6036,CC(=O)O,experimental,0,,,
EXP_6037,C1CCCCC1,experimental,1,,,
EXP_6038,CCCCCC,experimental,0,,,
EXP_6039,CC(=O)C,experimental,0,,,
EXP_6040,C(C(=O)O)N,experimental,1,,,
EXP_6041,C1CC1,experimental,0,,,
EXP_6042,CCCC,experimental,0,,,
EXP_6043,C1=CC=C2C=CC=CC2=C1,experimental,1,,,
EXP_6044,CO,experimental,0,,,
EXP_6045,CCCCCO,experimental,0,,,
EXP_6046,C1CCCC1,experimental,1,,,
EXP_6047,CC(C)O,experimental,0,,,
EXP_6048,CCCCCCCC,experimental,0,,,
EXP_6049,CCO,experimental,1,,,
EXP_6050,CC(=O)O,experimental,0,,,
EXP_6051,C1CCCCC1,experimental,0,,,
EXP_6052,CCCCCC,experimental,1,,,
EXP_6053,CC(=O)C,experimental,0,,,
EXP_6054,C(C(=O)O)N,experimental,0,,,
EXP_6055,C1CC1,experimental,1,,,
EXP_6056,CCCC,experimental,0,,,
EXP_6057,C1=CC=C2C=CC=CC2=C1,experimental,0,,,
EXP_6058,CO,experimental,1,,,
EXP_6059,CCCCCO,experimental,0,,,
EXP_6060,C1CCCC1,experimental,0,,,
EXP_6061,CC(C)O,experimental,1,,,
EXP_6062,CCCCCCCC,experimental,0,,,
EXP_6063,CCO,experimental,0,,,
EXP_6064,CC(=O)O,experimental,1,,,
EXP_6065,C1CCCCC1,experimental,0,,,
EXP_6066,CCCCCC,experimental,0,,,
EXP_6067,CC(=O)C,experimental,1,,,
EXP_6068,C(C(=O)O)N,experimental,0,,,
EXP_6069,C1CC1,experimental,0,,,
EXP_6070,CCCC,experimental,1,,,
EXP_6071,C1=CC=C2C=CC=CC2=C1,experimental,0,,,
EXP_6072,CO,experimental,0,,,
EXP_6073,CCCCCO,experimental,1,,,
EXP_6074,C1CCCC1,experimental,0,,,
EXP_6075,CC(C)O,experimental,0,,,
EXP_6076,CCCCCCCC,experimental,1,,,
EXP_6077,CCO,experimental,0,,,
EXP_6078,CC(=O)O,experimental,0,,,
EXP_6079,C1CCCCC1,experimental,1,,,
EXP_6080,CCCCCC,experimental,0,,,
EXP_6081,CC(=O)C,experimental,0,,,
EXP_6082,C(C(=O)O)N,experimental,1,,,
EXP_6083,C1CC1,experimental,0,,,
EXP_6084,CCCC,experimental,0,,,
EXP_6085,C1=CC=C2C=CC=CC2=C1,experimental,1,,,
EXP_6086,CO,experimental,0,,,
EXP_6087,CCCCCO,experimental,0,,,
EXP_6088,C1CCCC1,experimental,1,,,
EXP_6089,CC(C)O,experimental,0,,,
EXP_6090,CCCCCCCC,experimental,0,,,
EXP_6091,CCO,experimental,1,,,
EXP_6092,CC(=O)O,experimental,0,,,
EXP_6093,C1CCCCC1,experimental,0,,,
EXP_6094,CCCCCC,experimental,1,,,
EXP_6095,CC(=O)C,experimental,0,,,
EXP_6096,C(C(=O)O)N,experimental,0,,,
EXP_6097,C1CC1,experimental,1,,,
EXP_6098,CCCC,experimental,0,,,
EXP_6099,C1=CC=C2C=CC=CC2=C1,experimental,0,,,
EXP_6100,CO,experimental,1,,,
EXP_6101,CCCCCO,experimental,0,,,
EXP_6102,C1CCCC1,experimental,0,,,
EXP_6103,CC(C)O,experimental,1,,,
EXP_6104,CCCCCCCC,experimental,0,,,
EXP_6105,CCO,experimental,0,,,
EXP_6106,CC(=O)O,experimental,1,,,
EXP_6107,C1CCCCC1,experimental,0,,,
EXP_6108,CCCCCC,experimental,0,,,
EXP_6109,CC(=O)C,experimental,1,,,
EXP_6110,C(C(=O)O)N,experimental,0,,,
EXP_6111,C1CC1,experimental,0,,,
EXP_6112,CCCC,experimental,1,,,
EXP_6113,C1=CC=C2C=CC=CC2=C1,experimental,0,,,
EXP_6114,CO,experimental,0,,,
EXP_6115,CCCCCO,experimental,1,,,
EXP_6116,C1CCCC1,experimental,0,,,
EXP_6117,CC(C)O,experimental,0,,,
EXP_6118,CCCCCCCC,experimental,1,,,
EXP_6119,CCO,experimental,0,,,
EXP_6120,CC(=O)O,experimental,0,,,
EXP_6121,C1CCCCC1,experimental,1,,,
EXP_6122,CCCCCC,experimental,0,,,
EXP_6123,CC(=O)C,experimental,0,,,
EXP_6124,C(C(=O)O)N,experimental,1,,,
EXP_6125,C1CC1,experimental,0,,,
EXP_6126,CCCC,experimental,0,,,
EXP_6127,C1=CC=C2C=CC=CC2=C1,experimental,1,,,
EXP_6128,CO,experimental,0,,,
EXP_6129,CCCCCO,experimental,0,,,
EXP_6130,C1CCCC1,experimental,1,,,
EXP_6131,CC(C)O,experimental,0,,,
EXP_6132,CCCCCCCC,experimental,0,,,
EXP_6133,CCO,experimental,1,,,
EXP_6134,CC(=O)O,experimental,0,,,
EXP_6135,C1CCCCC1,experimental,0,,,
EXP_6136,CCCCCC,experimental,1,,,
EXP_6137,CC(=O)C,experimental,0,,,
EXP_6138,C(C(=O)O)N,experimental,0,,,
EXP_6139,C1CC1,experimental,1,,,
EXP_6140,CCCC,experimental,0,,,
EXP_6141,C1=CC=C2C=CC=CC2=C1,experimental,0,,,
EXP_6142,CO,experimental,1,,,
EXP_6143,CCCCCO,experimental,0,,,
EXP_6144,C1CCCC1,experimental,0,,,
EXP_6145,CC(C)O,experimental,1,,,
EXP_6146,CCCCCCCC,experimental,0,,,
EXP_6147,CCO,experimental,0,,,
EXP_6148,CC(=O)O,experimental,1,,,
EXP_6149,C1CCCCC1,experimental,0,,,
EXP_6150,CCCCCC,experimental,0,,,
EXP_6151,CC(=O)C,experimental,1,,,
EXP_6152,C(C(=O)O)N,experimental,0,,,
EXP_6153,C1CC1,experimental,0,,,
EXP_6154,CCCC,experimental,1,,,
EXP_6155,C1=CC=C2C=CC=CC2=C1,experimental,0,,,
EXP_6156,CO,experimental,0,,,
EXP_6157,CCCCCO,experimental,1,,,
EXP_6158,C1CCCC1,experimental,0,,,
EXP_6159,CC(C)O,experimental,0,,,
EXP_6160,CCCCCCCC,experimental,1,,,
EXP_6161,CCO,experimental,0,,,
EXP_6162,CC(=O)O,experimental,0,,,
EXP_6163,C1CCCCC1,experimental,1,,,
EXP_6164,CCCCCC,experimental,0,,,
EXP_6165,CC(=O)C,experimental,0,,,
EXP_6166,C(C(=O)O)N,experimental,1,,,
EXP_6167,C1CC1,experimental,0,,,
EXP_6168,CCCC,experimental,0,,,
EXP_6169,C1=CC=C2C=CC=CC2=C1,experimental,1,,,
EXP_6170,CO,experimental,0,,,
EXP_6171,CCCCCO,experimental,0,,,
EXP_6172,C1CCCC1,experimental,1,,,
EXP_6173,CC(C)O,experimental,0,,,
EXP_6174,CCCCCCCC,experimental,0,,,
EXP_6175,CCO,experimental,1,,,
EXP_6176,CC(=O)O,experimental,0,,,
EXP_6177,C1CCCCC1,experimental,0,,,
EXP_6178,CCCCCC,experimental,1,,,
EXP_6179,CC(=O)C,experimental,0,,,
EXP_6180,C(C(=O)O)N,experimental,0,,,
EXP_6181,C1CC1,experimental,1,,,
EXP_6182,CCCC,experimental,0,,,
EXP_6183,C1=CC=C2C=CC=CC2=C1,experimental,0,,,
EXP_6184,CO,experimental,1,,,
EXP_6185,CCCCCO,experimental,0,,,
EXP_6186,C1CCCC1,experimental,0,,,
EXP_6187,CC(C)O,experimental,1,,,
EXP_6188,CCCCCCCC,experimental,0,,,
EXP_6189,CCO,experimental,0,,,
EXP_6190,CC(=O)O,experimental,1,,,
EXP_6191,C1CCCCC1,experimental,0,,,
EXP_6192,CCCCCC,experimental,0,,,
EXP_6193,CC(=O)C,experimental,1,,,
EXP_6194,C(C(=O)O)N,experimental,0,,,
EXP_6195,C1CC1,experimental,0,,,
EXP_6196,CCCC,experimental,1,,,
EXP_6197,C1=CC=C2C=CC=CC2=C1,experimental,0,,,
EXP_6198,CO,experimental,0,,,
EXP_6199,CCCCCO,experimental,1,,,
EXP_6200,C1CCCC1,experimental,0,,,
EXP_6201,CC(C)O,experimental,0,,,
EXP_6202,CCCCCCCC,experimental,1,,,
EXP_6203,CCO,experimental,0,,,
EXP_6204,CC(=O)O,experimental,0,,,
EXP_6205,C1CCCCC1,experimental,1,,,
EXP_6206,CCCCCC,experimental,0,,,
EXP_6207,CC(=O)C,experimental,0,,,
EXP_6208,C(C(=O)O)N,experimental,1,,,
EXP_6209,C1CC1,experimental,0,,,
EXP_6210,CCCC,experimental,0,,,
EXP_6211,C1=CC=C2C=CC=CC2=C1,experimental,1,,,
EXP_6212,CO,experimental,0,,,
EXP_6213,CCCCCO,experimental,0,,,
EXP_6214,C1CCCC1,experimental,1,,,
EXP_6215,CC(C)O,experimental,0,,,
EXP_6216,CCCCCCCC,experimental,0,,,
EXP_6217,CCO,experimental,1,,,
EXP_6218,CC(=O)O,experimental,0,,,
EXP_6219,C1CCCCC1,experimental,0,,,
EXP_6220,CCCCCC,experimental,1,,,
EXP_6221,CC(=O)C,experimental,0,,,
EXP_6222,C(C(=O)O)N,experimental,0,,,
EXP_6223,C1CC1,experimental,1,,,
EXP_6224,CCCC,experimental,0,,,
EXP_6225,C1=CC=C2C=CC=CC2=C1,experimental,0,,,
EXP_6226,CO,experimental,1,,,
EXP_6227,CCCCCO,experimental,0,,,
EXP_6228,C1CCCC1,experimental,0,,,
EXP_6229,CC(C)O,experimental,1,,,
EXP_6230,CCCCCCCC,experimental,0,,,
EXP_6231,CCO,experimental,0,,,
EXP_6232,CC(=O)O,experimental,1,,,
EXP_6233,C1CCCCC1,experimental,0,,,
EXP_6234,CCCCCC,experimental,0,,,
EXP_6235,CC(=O)C,experimental,1,,,
EXP_6236,C(C(=O)O)N,experimental,0,,,
EXP_6237,C1CC1,experimental,0,,,
EXP_6238,CCCC,experimental,1,,,
EXP_6239,C1=CC=C2C=CC=CC2=C1,experimental,0,,,
EXP_6240,CO,experimental,0,,,
EXP_6241,CCCCCO,experimental,1,,,
EXP_6242,C1CCCC1,experimental,0,,,
EXP_6243,CC(C)O,experimental,0,,,
EXP_6244,CCCCCCCC,experimental,1,,,
EXP_6245,CCO,experimental,0,,,
EXP_6246,CC(=O)O,experimental,0,,,
EXP_6247,C1CCCCC1,experimental,1,,,
EXP_6248,CCCCCC,experimental,0,,,
EXP_6249,CC(=O)C,experimental,0,,,
EXP_6250,C(C(=O)O)N,experimental,1,,,
EXP_6251,C1CC1,experimental,0,,,
EXP_6252,CCCC,experimental,0,,,
EXP_6253,C1=CC=C2C=CC=CC2=C1,experimental,1,,,
EXP_6254,CO,experimental,0,,,
EXP_6255,CCCCCO,experimental,0,,,
EXP_6256,C1CCCC1,experimental,1,,,
EXP_6257,CC(C)O,experimental,0,,,
EXP_6258,CCCCCCCC,experimental,0,,,
EXP_6259,CCO,experimental,1,,,
EXP_6260,CC(=O)O,experimental,0,,,
EXP_6261,C1CCCCC1,experimental,0,,,
EXP_6262,CCCCCC,experimental,1,,,
EXP_6263,CC(=O)C,experimental,0,,,
EXP_6264,C(C(=O)O)N,experimental,0,,,
EXP_6265,C1CC1,experimental,1,,,
EXP_6266,CCCC,experimental,0,,,
EXP_6267,C1=CC=C2C=CC=CC2=C1,experimental,0,,,
EXP_6268,CO,experimental,1,,,
EXP_6269,CCCCCO,experimental,0,,,
EXP_6270,C1CCCC1,experimental,0,,,
EXP_6271,CC(C)O,experimental,1,,,
EXP_6272,CCCCCCCC,experimental,0,,,
EXP_6273,CCO,experimental,0,,,
EXP_6274,CC(=O)O,experimental,1,,,
EXP_6275,C1CCCCC1,experimental,0,,,
EXP_6276,CCCCCC,experimental,0,,,
EXP_6277,CC(=O)C,experimental,1,,,
EXP_6278,C(C(=O)O)N,experimental,0,,,
EXP_6279,C1CC1,experimental,0,,,
EXP_6280,CCCC,experimental,1,,,
EXP_6281,C1=CC=C2C=CC=CC2=C1,experimental,0,,,
EXP_6282,CO,experimental,0,,,
EXP_6283,CCCCCO,experimental,1,,,
EXP_6284,C1CCCC1,experimental,0,,,
EXP_6285,CC(C)O,experimental,0,,,
EXP_6286,CCCCCCCC,experimental,1,,,
EXP_6287,CCO,experimental,0,,,
EXP_6288,CC(=O)O,experimental,0,,,
EXP_6289,C1CCCCC1,experimental,1,,,
EXP_6290,CCCCCC,experimental,0,,,
EXP_6291,CC(=O)C,experimental,0,,,
EXP_6292,C(C(=O)O)N,experimental,1,,,
EXP_6293,C1CC1,experimental,0,,,
EXP_6294,CCCC,experimental,0,,,
EXP_6295,C1=CC=C2C=CC=CC2=C1,experimental,1,,,
EXP_6296,CO,experimental,0,,,
EXP_6297,CCCCCO,experimental,0,,,
EXP_6298,C1CCCC1,experimental,1,,,
EXP_6299,CC(C)O,experimental,0,,,
EXP_6300,CCCCCCCC,experimental,0,,,
EXP_6301,CCO,experimental,1,,,
EXP_6302,CC(=O)O,experimental,0,,,
EXP_6303,C1CCCCC1,experimental,0,,,
EXP_6304,CCCCCC,experimental,1,,,
EXP_6305,CC(=O)C,experimental,0,,,
EXP_6306,C(C(=O)O)N,experimental,0,,,
EXP_6307,C1CC1,experimental,1,,,
EXP_6308,CCCC,experimental,0,,,
EXP_6309,C1=CC=C2C=CC=CC2=C1,experimental,0,,,
EXP_6310,CO,experimental,1,,,
EXP_6311,CCCCCO,experimental,0,,,
EXP_6312,C1CCCC1,experimental,0,,,
EXP_6313,CC(C)O,experimental,1,,,
EXP_6314,CCCCCCCC,experimental,0,,,
EXP_6315,CCO,experimental,0,,,
EXP_6316,CC(=O)O,experimental,1,,,
EXP_6317,C1CCCCC1,experimental,0,,,
EXP_6318,CCCCCC,experimental,0,,,
EXP_6319,CC(=O)C,experimental,1,,,
EXP_6320,C(C(=O)O)N,experimental,0,,,
EXP_6321,C1CC1,experimental,0,,,
EXP_6322,CCCC,experimental,1,,,
EXP_6323,C1=CC=C2C=CC=CC2=C1,experimental,0,,,
EXP_6324,CO,experimental,0,,,
EXP_6325,CCCCCO,experimental,1,,,
EXP_6326,C1CCCC1,experimental,0,,,
EXP_6327,CC(C)O,experimental,0,,,
EXP_6328,CCCCCCCC,experimental,1,,,
EXP_6329,CCO,experimental,0,,,
EXP_6330,CC(=O)O,experimental,0,,,
EXP_6331,C1CCCCC1,experimental,1,,,
EXP_6332,CCCCCC,experimental,0,,,
EXP_6333,CC(=O)C,experimental,0,,,
EXP_6334,C(C(=O)O)N,experimental,1,,,
EXP_6335,C1CC1,experimental,0,,,
EXP_6336,CCCC,experimental,0,,,
EXP_6337,C1=CC=C2C=CC=CC2=C1,experimental,1,,,
EXP_6338,CO,experimental,0,,,
EXP_6339,CCCCCO,experimental,0,,,
EXP_6340,C1CCCC1,experimental,1,,,
EXP_6341,CC(C)O,experimental,0,,,
EXP_6342,CCCCCCCC,experimental,0,,,
EXP_6343,CCO,experimental,1,,,
EXP_6344,CC(=O)O,experimental,0,,,
EXP_6345,C1CCCCC1,experimental,0,,,
EXP_6346,CCCCCC,experimental,1,,,
EXP_6347,CC(=O)C,experimental,0,,,
EXP_6348,C(C(=O)O)N,experimental,0,,,
EXP_6349,C1CC1,experimental,1,,,
EXP_6350,CCCC,experimental,0,,,
EXP_6351,C1=CC=C2C=CC=CC2=C1,experimental,0,,,
EXP_6352,CO,experimental,1,,,
EXP_6353,CCCCCO,experimental,0,,,
EXP_6354,C1CCCC1,experimental,0,,,
EXP_6355,CC(C)O,experimental,1,,,
EXP_6356,CCCCCCCC,experimental,0,,,
EXP_6357,CCO,experimental,0,,,
EXP_6358,CC(=O)O,experimental,1,,,
EXP_6359,C1CCCCC1,experimental,0,,,
EXP_6360,CCCCCC,experimental,0,,,
EXP_6361,CC(=O)C,experimental,1,,,
EXP_6362,C(C(=O)O)N,experimental,0,,,
EXP_6363,C1CC1,experimental,0,,,
EXP_6364,CCCC,experimental,1,,,
EXP_6365,C1=CC=C2C=CC=CC2=C1,experimental,0,,,
EXP_6366,CO,experimental,0,,,
EXP_6367,CCCCCO,experimental,1,,,
EXP_6368,C1CCCC1,experimental,0,,,
EXP_6369,CC(C)O,experimental,0,,,
EXP_6370,CCCCCCCC,experimental,1,,,
EXP_6371,CCO,experimental,0,,,
EXP_6372,CC(=O)O,experimental,0,,,
EXP_6373,C1CCCCC1,experimental,1,,,
EXP_6374,CCCCCC,experimental,0,,,
EXP_6375,CC(=O)C,experimental,0,,,
EXP_6376,C(C(=O)O)N,experimental,1,,,
EXP_6377,C1CC1,experimental,0,,,
EXP_6378,CCCC,experimental,0,,,
EXP_6379,C1=CC=C2C=CC=CC2=C1,experimental,1,,,
EXP_6380,CO,experimental,0,,,
EXP_6381,CCCCCO,experimental,0,,,
EXP_6382,C1CCCC1,experimental,1,,,
EXP_6383,CC(C)O,experimental,0,,,
EXP_6384,CCCCCCCC,experimental,0,,,
EXP_6385,CCO,experimental,1,,,
EXP_6386,CC(=O)O,experimental,0,,,
EXP_6387,C1CCCCC1,experimental,0,,,
EXP_6388,CCCCCC,experimental,1,,,
EXP_6389,CC(=O)C,experimental,0,,,
EXP_6390,C(C(=O)O)N,experimental,0,,,
EXP_6391,C1CC1,experimental,1,,,
EXP_6392,CCCC,experimental,0,,,
EXP_6393,C1=CC=C2C=CC=CC2=C1,experimental,0,,,
EXP_6394,CO,experimental,1,,,
EXP_6395,CCCCCO,experimental,0,,,
EXP_6396,C1CCCC1,experimental,0,,,
EXP_6397,CC(C)O,experimental,1,,,
EXP_6398,CCCCCCCC,experimental,0,,,
EXP_6399,CCO,experimental,0,,,
EXP_6400,CC(=O)O,experimental,1,,,
EXP_6401,C1CCCCC1,experimental,0,,,
EXP_6402,CCCCCC,experimental,0,,,
EXP_6403,CC(=O)C,experimental,1,,,
EXP_6404,C(C(=O)O)N,experimental,0,,,
EXP_6405,C1CC1,experimental,0,,,
EXP_6406,CCCC,experimental,1,,,
EXP_6407,C1=CC=C2C=CC=CC2=C1,experimental,0,,,
EXP_6408,CO,experimental,0,,,
EXP_6409,CCCCCO,experimental,1,,,
EXP_6410,C1CCCC1,experimental,0,,,
EXP_6411,CC(C)O,experimental,0,,,
EXP_6412,CCCCCCCC,experimental,1,,,
EXP_6413,CCO,experimental,0,,,
EXP_6414,CC(=O)O,experimental,0,,,
EXP_6415,C1CCCCC1,experimental,1,,,
EXP_6416,CCCCCC,experimental,0,,,
EXP_6417,CC(=O)C,experimental,0,,,
EXP_6418,C(C(=O)O)N,experimental,1,,,
EXP_6419,C1CC1,experimental,0,,,
EXP_6420,CCCC,experimental,0,,,
EXP_6421,C1=CC=C2C=CC=CC2=C1,experimental,1,,,
EXP_6422,CO,experimental,0,,,
EXP_6423,CCCCCO,experimental,0,,,
EXP_6424,C1CCCC1,experimental,1,,,
EXP_6425,CC(C)O,experimental,0,,,
EXP_6426,CCCCCCCC,experimental,0,,,
EXP_6427,CCO,experimental,1,,,
EXP_6428,CC(=O)O,experimental,0,,,
EXP_6429,C1CCCCC1,experimental,0,,,
EXP_6430,CCCCCC,experimental,1,,,
EXP_6431,CC(=O)C,experimental,0,,,
EXP_6432,C(C(=O)O)N,experimental,0,,,
EXP_6433,C1CC1,experimental,1,,,
EXP_6434,CCCC,experimental,0,,,
EXP_6435,C1=CC=C2C=CC=CC2=C1,experimental,0,,,
EXP_6436,CO,experimental,1,,,
EXP_6437,CCCCCO,experimental,0,,,
EXP_6438,C1CCCC1,experimental,0,,,
EXP_6439,CC(C)O,experimental,1,,,
EXP_6440,CCCCCCCC,experimental,0,,,
EXP_6441,CCO,experimental,0,,,
EXP_6442,CC(=O)O,experimental,1,,,
EXP_6443,C1CCCCC1,experimental,0,,,
EXP_6444,CCCCCC,experimental,0,,,
EXP_6445,CC(=O)C,experimental,1,,,
EXP_6446,C(C(=O)O)N,experimental,0,,,
EXP_6447,C1CC1,experimental,0,,,
EXP_6448,CCCC,experimental,1,,,
EXP_6449,C1=CC=C2C=CC=CC2=C1,experimental,0,,,
EXP_6450,CO,experimental,0,,,
EXP_6451,CCCCCO,experimental,1,,,
EXP_6452,C1CCCC1,experimental,0,,,
EXP_6453,CC(C)O,experimental,0,,,
EXP_6454,CCCCCCCC,experimental,1,,,
EXP_6455,CCO,experimental,0,,,
EXP_6456,CC(=O)O,experimental,0,,,
EXP_6457,C1CCCCC1,experimental,1,,,
EXP_6458,CCCCCC,experimental,0,,,
EXP_6459,CC(=O)C,experimental,0,,,
EXP_6460,C(C(=O)O)N,experimental,1,,,
EXP_6461,C1CC1,experimental,0,,,
EXP_6462,CCCC,experimental,0,,,
EXP_6463,C1=CC=C2C=CC=CC2=C1,experimental,1,,,
EXP_6464,CO,experimental,0,,,
EXP_6465,CCCCCO,experimental,0,,,
EXP_6466,C1CCCC1,experimental,1,,,
EXP_6467,CC(C)O,experimental,0,,,
EXP_6468,CCCCCCCC,experimental,0,,,
EXP_6469,CCO,experimental,1,,,
EXP_6470,CC(=O)O,experimental,0,,,
EXP_6471,C1CCCCC1,experimental,0,,,
EXP_6472,CCCCCC,experimental,1,,,
EXP_6473,CC(=O)C,experimental,0,,,
EXP_6474,C(C(=O)O)N,experimental,0,,,
EXP_6475,C1CC1,experimental,1,,,
EXP_6476,CCCC,experimental,0,,,
EXP_6477,C1=CC=C2C=CC=CC2=C1,experimental,0,,,
EXP_6478,CO,experimental,1,,,
EXP_6479,CCCCCO,experimental,0,,,
EXP_6480,C1CCCC1,experimental,0,,,
EXP_6481,CC(C)O,experimental,1,,,
EXP_6482,CCCCCCCC,experimental,0,,,
EXP_6483,CCO,experimental,0,,,
EXP_6484,CC(=O)O,experimental,1,,,
EXP_6485,C1CCCCC1,experimental,0,,,
EXP_6486,CCCCCC,experimental,0,,,
EXP_6487,CC(=O)C,experimental,1,,,
EXP_6488,C(C(=O)O)N,experimental,0,,,
EXP_6489,C1CC1,experimental,0,,,
EXP_6490,CCCC,experimental,1,,,
EXP_6491,C1=CC=C2C=CC=CC2=C1,experimental,0,,,
EXP_6492,CO,experimental,0,,,
EXP_6493,CCCCCO,experimental,1,,,
EXP_6494,C1CCCC1,experimental,0,,,
EXP_6495,CC(C)O,experimental,0,,,
EXP_6496,CCCCCCCC,experimental,1,,,
EXP_6497,CCO,experimental,0,,,
EXP_6498,CC(=O)O,experimental,0,,,
EXP_6499,C1CCCCC1,experimental,1,,,
EXP_6500,CCCCCC,experimental,0,,,
CLIN_1,CCO,,1,,,Phase 1
CLIN_2,CC(=O)O,,0,,,Phase 2
CLIN_3,C1CCCCC1,,0,,,Phase 3
CLIN_4,CCCCCC,,0,,,Phase 1
CLIN_5,CC(=O)C,,1,,,Phase 2
CLIN_6,C(C(=O)O)N,,0,,,Phase 3
CLIN_7,C1CC1,,0,,,Phase 1
CLIN_8,CCCC,,0,,,Phase 2
CLIN_9,C1=CC=C2C=CC=CC2=C1,,1,,,Phase 3
CLIN_10,CO,,0,,,Phase 1
CLIN_11,CCCCCO,,0,,,Phase 2
CLIN_12,C1CCCC1,,0,,,Phase 3
CLIN_13,CC(C)O,,1,,,Phase 1
CLIN_14,CCCCCCCC,,0,,,Phase 2
CLIN_15,CCO,,0,,,Phase 3
CLIN_16,CC(=O)O,,0,,,Phase 1
CLIN_17,C1CCCCC1,,1,,,Phase 2
CLIN_18,CCCCCC,,0,,,Phase 3
CLIN_19,CC(=O)C,,0,,,Phase 1
CLIN_20,C(C(=O)O)N,,0,,,Phase 2
CLIN_21,C1CC1,,1,,,Phase 3
CLIN_22,CCCC,,0,,,Phase 1
CLIN_23,C1=CC=C2C=CC=CC2=C1,,0,,,Phase 2
CLIN_24,CO,,0,,,Phase 3
CLIN_25,CCCCCO,,1,,,Phase 1
CLIN_26,C1CCCC1,,0,,,Phase 2
CLIN_27,CC(C)O,,0,,,Phase 3
CLIN_28,CCCCCCCC,,0,,,Phase 1
CLIN_29,CCO,,1,,,Phase 2
CLIN_30,CC(=O)O,,0,,,Phase 3
CLIN_31,C1CCCCC1,,0,,,Phase 1
CLIN_32,CCCCCC,,0,,,Phase 2
CLIN_33,CC(=O)C,,1,,,Phase 3
CLIN_34,C(C(=O)O)N,,0,,,Phase 1
CLIN_35,C1CC1,,0,,,Phase 2
CLIN_36,CCCC,,0,,,Phase 3
CLIN_37,C1=CC=C2C=CC=CC2=C1,,1,,,Phase 1
CLIN_38,CO,,0,,,Phase 2
CLIN_39,CCCCCO,,0,,,Phase 3
CLIN_40,C1CCCC1,,0,,,Phase 1
CLIN_41,CC(C)O,,1,,,Phase 2
CLIN_42,CCCCCCCC,,0,,,Phase 3
CLIN_43,CCO,,0,,,Phase 1
CLIN_44,CC(=O)O,,0,,,Phase 2
CLIN_45,C1CCCCC1,,1,,,Phase 3
CLIN_46,CCCCCC,,0,,,Phase 1
CLIN_47,CC(=O)C,,0,,,Phase 2
CLIN_48,C(C(=O)O)N,,0,,,Phase 3
CLIN_49,C1CC1,,1,,,Phase 1
CLIN_50,CCCC,,0,,,Phase 2
CLIN_51,C1=CC=C2C=CC=CC2=C1,,0,,,Phase 3
CLIN_52,CO,,0,,,Phase 1
CLIN_53,CCCCCO,,1,,,Phase 2
CLIN_54,C1CCCC1,,0,,,Phase 3
CLIN_55,CC(C)O,,0,,,Phase 1
CLIN_56,CCCCCCCC,,0,,,Phase 2
CLIN_57,CCO,,1,,,Phase 3
CLIN_58,CC(=O)O,,0,,,Phase 1
CLIN_59,C1CCCCC1,,0,,,Phase 2
CLIN_60,CCCCCC,,0,,,Phase 3
CLIN_61,CC(=O)C,,1,,,Phase 1
CLIN_62,C(C(=O)O)N,,0,,,Phase 2
CLIN_63,C1CC1,,0,,,Phase 3
CLIN_64,CCCC,,0,,,Phase 1
CLIN_65,C1=CC=C2C=CC=CC2=C1,,1,,,Phase 2
CLIN_66,CO,,0,,,Phase 3
CLIN_67,CCCCCO,,0,,,Phase 1
CLIN_68,C1CCCC1,,0,,,Phase 2
CLIN_69,CC(C)O,,1,,,Phase 3
CLIN_70,CCCCCCCC,,0,,,Phase 1
CLIN_71,CCO,,0,,,Phase 2
CLIN_72,CC(=O)O,,0,,,Phase 3
CLIN_73,C1CCCCC1,,1,,,Phase 1
CLIN_74,CCCCCC,,0,,,Phase 2
CLIN_75,CC(=O)C,,0,,,Phase 3
CLIN_76,C(C(=O)O)N,,0,,,Phase 1
CLIN_77,C1CC1,,1,,,Phase 2
CLIN_78,CCCC,,0,,,Phase 3
CLIN_79,C1=CC=C2C=CC=CC2=C1,,0,,,Phase 1
CLIN_80,CO,,0,,,Phase 2
CLIN_81,CCCCCO,,1,,,Phase 3
CLIN_82,C1CCCC1,,0,,,Phase 1
CLIN_83,CC(C)O,,0,,,Phase 2
CLIN_84,CCCCCCCC,,0,,,Phase 3
CLIN_85,CCO,,1,,,Phase 1
CLIN_86,CC(=O)O,,0,,,Phase 2
CLIN_87,C1CCCCC1,,0,,,Phase 3
CLIN_88,CCCCCC,,0,,,Phase 1
CLIN_89,CC(=O)C,,1,,,Phase 2
CLIN_90,C(C(=O)O)N,,0,,,Phase 3
CLIN_91,C1CC1,,0,,,Phase 1
CLIN_92,CCCC,,0,,,Phase 2
CLIN_93,C1=CC=C2C=CC=CC2=C1,,1,,,Phase 3
CLIN_94,CO,,0,,,Phase 1
CLIN_95,CCCCCO,,0,,,Phase 2
CLIN_96,C1CCCC1,,0,,,Phase 3
CLIN_97,CC(C)O,,1,,,Phase 1
CLIN_98,CCCCCCCC,,0,,,Phase 2
CLIN_99,CCO,,0,,,Phase 3
CLIN_100,CC(=O)O,,0,,,Phase 1
CLIN_101,C1CCCCC1,,1,,,Phase 2
CLIN_102,CCCCCC,,0,,,Phase 3
CLIN_103,CC(=O)C,,0,,,Phase 1
CLIN_104,C(C(=O)O)N,,0,,,Phase 2
CLIN_105,C1CC1,,1,,,Phase 3
CLIN_106,CCCC,,0,,,Phase 1
CLIN_107,C1=CC=C2C=CC=CC2=C1,,0,,,Phase 2
CLIN_108,CO,,0,,,Phase 3
CLIN_109,CCCCCO,,1,,,Phase 1
CLIN_110,C1CCCC1,,0,,,Phase 2
CLIN_111,CC(C)O,,0,,,Phase 3
CLIN_112,CCCCCCCC,,0,,,Phase 1
CLIN_113,CCO,,1,,,Phase 2
CLIN_114,CC(=O)O,,0,,,Phase 3
CLIN_115,C1CCCCC1,,0,,,Phase 1
CLIN_116,CCCCCC,,0,,,Phase 2
CLIN_117,CC(=O)C,,1,,,Phase 3
CLIN_118,C(C(=O)O)N,,0,,,Phase 1
CLIN_119,C1CC1,,0,,,Phase 2
CLIN_120,CCCC,,0,,,Phase 3
CLIN_121,C1=CC=C2C=CC=CC2=C1,,1,,,Phase 1
CLIN_122,CO,,0,,,Phase 2
CLIN_123,CCCCCO,,0,,,Phase 3
CLIN_124,C1CCCC1,,0,,,Phase 1
CLIN_125,CC(C)O,,1,,,Phase 2
CLIN_126,CCCCCCCC,,0,,,Phase 3
CLIN_127,CCO,,0,,,Phase 1
CLIN_128,CC(=O)O,,0,,,Phase 2
CLIN_129,C1CCCCC1,,1,,,Phase 3
CLIN_130,CCCCCC,,0,,,Phase 1
CLIN_131,CC(=O)C,,0,,,Phase 2
CLIN_132,C(C(=O)O)N,,0,,,Phase 3
CLIN_133,C1CC1,,1,,,Phase 1
CLIN_134,CCCC,,0,,,Phase 2
CLIN_135,C1=CC=C2C=CC=CC2=C1,,0,,,Phase 3
CLIN_136,CO,,0,,,Phase 1
CLIN_137,CCCCCO,,1,,,Phase 2
CLIN_138,C1CCCC1,,0,,,Phase 3
CLIN_139,CC(C)O,,0,,,Phase 1
CLIN_140,CCCCCCCC,,0,,,Phase 2
CLIN_141,CCO,,1,,,Phase 3
CLIN_142,CC(=O)O,,0,,,Phase 1
CLIN_143,C1CCCCC1,,0,,,Phase 2
CLIN_144,CCCCCC,,0,,,Phase 3
CLIN_145,CC(=O)C,,1,,,Phase 1
CLIN_146,C(C(=O)O)N,,0,,,Phase 2
CLIN_147,C1CC1,,0,,,Phase 3
CLIN_148,CCCC,,0,,,Phase 1
CLIN_149,C1=CC=C2C=CC=CC2=C1,,1,,,Phase 2
CLIN_150,CO,,0,,,Phase 3
CLIN_151,CCCCCO,,0,,,Phase 1
CLIN_152,C1CCCC1,,0,,,Phase 2
CLIN_153,CC(C)O,,1,,,Phase 3
CLIN_154,CCCCCCCC,,0,,,Phase 1
CLIN_155,CCO,,0,,,Phase 2
CLIN_156,CC(=O)O,,0,,,Phase 3
CLIN_157,C1CCCCC1,,1,,,Phase 1
CLIN_158,CCCCCC,,0,,,Phase 2
CLIN_159,CC(=O)C,,0,,,Phase 3
CLIN_160,C(C(=O)O)N,,0,,,Phase 1
CLIN_161,C1CC1,,1,,,Phase 2
CLIN_162,CCCC,,0,,,Phase 3
CLIN_163,C1=CC=C2C=CC=CC2=C1,,0,,,Phase 1
CLIN_164,CO,,0,,,Phase 2
CLIN_165,CCCCCO,,1,,,Phase 3
CLIN_166,C1CCCC1,,0,,,Phase 1
CLIN_167,CC(C)O,,0,,,Phase 2
CLIN_168,CCCCCCCC,,0,,,Phase 3
CLIN_169,CCO,,1,,,Phase 1
CLIN_170,CC(=O)O,,0,,,Phase 2
CLIN_171,C1CCCCC1,,0,,,Phase 3
CLIN_172,CCCCCC,,0,,,Phase 1
CLIN_173,CC(=O)C,,1,,,Phase 2
CLIN_174,C(C(=O)O)N,,0,,,Phase 3
CLIN_175,C1CC1,,0,,,Phase 1
CLIN_176,CCCC,,0,,,Phase 2
CLIN_177,C1=CC=C2C=CC=CC2=C1,,1,,,Phase 3
CLIN_178,CO,,0,,,Phase 1
CLIN_179,CCCCCO,,0,,,Phase 2
CLIN_180,C1CCCC1,,0,,,Phase 3
CLIN_181,CC(C)O,,1,,,Phase 1
CLIN_182,CCCCCCCC,,0,,,Phase 2
CLIN_183,CCO,,0,,,Phase 3
CLIN_184,CC(=O)O,,0,,,Phase 1
CLIN_185,C1CCCCC1,,1,,,Phase 2
CLIN_186,CCCCCC,,0,,,Phase 3
CLIN_187,CC(=O)C,,0,,,Phase 1
CLIN_188,C(C(=O)O)N,,0,,,Phase 2
CLIN_189,C1CC1,,1,,,Phase 3
CLIN_190,CCCC,,0,,,Phase 1
CLIN_191,C1=CC=C2C=CC=CC2=C1,,0,,,Phase 2
CLIN_192,CO,,0,,,Phase 3
CLIN_193,CCCCCO,,1,,,Phase 1
CLIN_194,C1CCCC1,,0,,,Phase 2
CLIN_195,CC(C)O,,0,,,Phase 3
CLIN_196,CCCCCCCC,,0,,,Phase 1
CLIN_197,CCO,,1,,,Phase 2
CLIN_198,CC(=O)O,,0,,,Phase 3
CLIN_199,C1CCCCC1,,0,,,Phase 1
CLIN_200,CCCCCC,,0,,,Phase 2
CLIN_201,CC(=O)C,,1,,,Phase 3
CLIN_202,C(C(=O)O)N,,0,,,Phase 1
CLIN_203,C1CC1,,0,,,Phase 2
CLIN_204,CCCC,,0,,,Phase 3
CLIN_205,C1=CC=C2C=CC=CC2=C1,,1,,,Phase 1
CLIN_206,CO,,0,,,Phase 2
CLIN_207,CCCCCO,,0,,,Phase 3
CLIN_208,C1CCCC1,,0,,,Phase 1
CLIN_209,CC(C)O,,1,,,Phase 2
CLIN_210,CCCCCCCC,,0,,,Phase 3
CLIN_211,CCO,,0,,,Phase 1
CLIN_212,CC(=O)O,,0,,,Phase 2
CLIN_213,C1CCCCC1,,1,,,Phase 3
CLIN_214,CCCCCC,,0,,,Phase 1
CLIN_215,CC(=O)C,,0,,,Phase 2
CLIN_216,C(C(=O)O)N,,0,,,Phase 3
CLIN_217,C1CC1,,1,,,Phase 1
CLIN_218,CCCC,,0,,,Phase 2
CLIN_219,C1=CC=C2C=CC=CC2=C1,,0,,,Phase 3
CLIN_220,CO,,0,,,Phase 1
CLIN_221,CCCCCO,,1,,,Phase 2
CLIN_222,C1CCCC1,,0,,,Phase 3
CLIN_223,CC(C)O,,0,,,Phase 1
CLIN_224,CCCCCCCC,,0,,,Phase 2
CLIN_225,CCO,,1,,,Phase 3
CLIN_226,CC(=O)O,,0,,,Phase 1
CLIN_227,C1CCCCC1,,0,,,Phase 2
CLIN_228,CCCCCC,,0,,,Phase 3
CLIN_229,CC(=O)C,,1,,,Phase 1
CLIN_230,C(C(=O)O)N,,0,,,Phase 2
CLIN_231,C1CC1,,0,,,Phase 3
CLIN_232,CCCC,,0,,,Phase 1
CLIN_233,C1=CC=C2C=CC=CC2=C1,,1,,,Phase 2
CLIN_234,CO,,0,,,Phase 3
CLIN_235,CCCCCO,,0,,,Phase 1
CLIN_236,C1CCCC1,,0,,,Phase 2
CLIN_237,CC(C)O,,1,,,Phase 3
CLIN_238,CCCCCCCC,,0,,,Phase 1
CLIN_239,CCO,,0,,,Phase 2
CLIN_240,CC(=O)O,,0,,,Phase 3
CLIN_241,C1CCCCC1,,1,,,Phase 1
CLIN_242,CCCCCC,,0,,,Phase 2
CLIN_243,CC(=O)C,,0,,,Phase 3
CLIN_244,C(C(=O)O)N,,0,,,Phase 1
CLIN_245,C1CC1,,1,,,Phase 2
CLIN_246,CCCC,,0,,,Phase 3
CLIN_247,C1=CC=C2C=CC=CC2=C1,,0,,,Phase 1
CLIN_248,CO,,0,,,Phase 2
CLIN_249,CCCCCO,,1,,,Phase 3
CLIN_250,C1CCCC1,,0,,,Phase 1
CLIN_251,CC(C)O,,0,,,Phase 2
CLIN_252,CCCCCCCC,,0,,,Phase 3
CLIN_253,CCO,,1,,,Phase 1
CLIN_254,CC(=O)O,,0,,,Phase 2
CLIN_255,C1CCCCC1,,0,,,Phase 3
CLIN_256,CCCCCC,,0,,,Phase 1
CLIN_257,CC(=O)C,,1,,,Phase 2
CLIN_258,C(C(=O)O)N,,0,,,Phase 3
CLIN_259,C1CC1,,0,,,Phase 1
CLIN_260,CCCC,,0,,,Phase 2
CLIN_261,C1=CC=C2C=CC=CC2=C1,,1,,,Phase 3
CLIN_262,CO,,0,,,Phase 1
CLIN_263,CCCCCO,,0,,,Phase 2
CLIN_264,C1CCCC1,,0,,,Phase 3
CLIN_265,CC(C)O,,1,,,Phase 1
CLIN_266,CCCCCCCC,,0,,,Phase 2
CLIN_267,CCO,,0,,,Phase 3
CLIN_268,CC(=O)O,,0,,,Phase 1
CLIN_269,C1CCCCC1,,1,,,Phase 2
CLIN_270,CCCCCC,,0,,,Phase 3
CLIN_271,CC(=O)C,,0,,,Phase 1
CLIN_272,C(C(=O)O)N,,0,,,Phase 2
CLIN_273,C1CC1,,1,,,Phase 3
CLIN_274,CCCC,,0,,,Phase 1
CLIN_275,C1=CC=C2C=CC=CC2=C1,,0,,,Phase 2
CLIN_276,CO,,0,,,Phase 3
CLIN_277,CCCCCO,,1,,,Phase 1
CLIN_278,C1CCCC1,,0,,,Phase 2
CLIN_279,CC(C)O,,0,,,Phase 3
CLIN_280,CCCCCCCC,,0,,,Phase 1
CLIN_281,CCO,,1,,,Phase 2
CLIN_282,CC(=O)O,,0,,,Phase 3
CLIN_283,C1CCCCC1,,0,,,Phase 1
CLIN_284,CCCCCC,,0,,,Phase 2
CLIN_285,CC(=O)C,,1,,,Phase 3
CLIN_286,C(C(=O)O)N,,0,,,Phase 1
CLIN_287,C1CC1,,0,,,Phase 2
CLIN_288,CCCC,,0,,,Phase 3
CLIN_289,C1=CC=C2C=CC=CC2=C1,,1,,,Phase 1
CLIN_290,CO,,0,,,Phase 2
CLIN_291,CCCCCO,,0,,,Phase 3
CLIN_292,C1CCCC1,,0,,,Phase 1
CLIN_293,CC(C)O,,1,,,Phase 2
CLIN_294,CCCCCCCC,,0,,,Phase 3
CLIN_295,CCO,,0,,,Phase 1
CLIN_296,CC(=O)O,,0,,,Phase 2
CLIN_297,C1CCCCC1,,1,,,Phase 3
CLIN_298,CCCCCC,,0,,,Phase 1
CLIN_299,CC(=O)C,,0,,,Phase 2
CLIN_300,C(C(=O)O)N,,0,,,Phase 3
CLIN_301,C1CC1,,1,,,Phase 1
CLIN_302,CCCC,,0,,,Phase 2
CLIN_303,C1=CC=C2C=CC=CC2=C1,,0,,,Phase 3
CLIN_304,CO,,0,,,Phase 1
CLIN_305,CCCCCO,,1,,,Phase 2
CLIN_306,C1CCCC1,,0,,,Phase 3
CLIN_307,CC(C)O,,0,,,Phase 1
CLIN_308,CCCCCCCC,,0,,,Phase 2
CLIN_309,CCO,,1,,,Phase 3
CLIN_310,CC(=O)O,,0,,,Phase 1
CLIN_311,C1CCCCC1,,0,,,Phase 2
CLIN_312,CCCCCC,,0,,,Phase 3
CLIN_313,CC(=O)C,,1,,,Phase 1
CLIN_314,C(C(=O)O)N,,0,,,Phase 2
CLIN_315,C1CC1,,0,,,Phase 3
CLIN_316,CCCC,,0,,,Phase 1
CLIN_317,C1=CC=C2C=CC=CC2=C1,,1,,,Phase 2
CLIN_318,CO,,0,,,Phase 3
CLIN_319,CCCCCO,,0,,,Phase 1
CLIN_320,C1CCCC1,,0,,,Phase 2
CLIN_321,CC(C)O,,1,,,Phase 3
CLIN_322,CCCCCCCC,,0,,,Phase 1
CLIN_323,CCO,,0,,,Phase 2
CLIN_324,CC(=O)O,,0,,,Phase 3
CLIN_325,C1CCCCC1,,1,,,Phase 1
CLIN_326,CCCCCC,,0,,,Phase 2
CLIN_327,CC(=O)C,,0,,,Phase 3
CLIN_328,C(C(=O)O)N,,0,,,Phase 1
CLIN_329,C1CC1,,1,,,Phase 2
CLIN_330,CCCC,,0,,,Phase 3
CLIN_331,C1=CC=C2C=CC=CC2=C1,,0,,,Phase 1
CLIN_332,CO,,0,,,Phase 2
CLIN_333,CCCCCO,,1,,,Phase 3
CLIN_334,C1CCCC1,,0,,,Phase 1
CLIN_335,CC(C)O,,0,,,Phase 2
CLIN_336,CCCCCCCC,,0,,,Phase 3
CLIN_337,CCO,,1,,,Phase 1
CLIN_338,CC(=O)O,,0,,,Phase 2
CLIN_339,C1CCCCC1,,0,,,Phase 3
CLIN_340,CCCCCC,,0,,,Phase 1
CLIN_341,CC(=O)C,,1,,,Phase 2
CLIN_342,C(C(=O)O)N,,0,,,Phase 3
CLIN_343,C1CC1,,0,,,Phase 1
CLIN_344,CCCC,,0,,,Phase 2
CLIN_345,C1=CC=C2C=CC=CC2=C1,,1,,,Phase 3
CLIN_346,CO,,0,,,Phase 1
CLIN_347,CCCCCO,,0,,,Phase 2
CLIN_348,C1CCCC1,,0,,,Phase 3
CLIN_349,CC(C)O,,1,,,Phase 1
CLIN_350,CCCCCCCC,,0,,,Phase 2
CLIN_351,CCO,,0,,,Phase 3
CLIN_352,CC(=O)O,,0,,,Phase 1
CLIN_353,C1CCCCC1,,1,,,Phase 2
CLIN_354,CCCCCC,,0,,,Phase 3
CLIN_355,CC(=O)C,,0,,,Phase 1
CLIN_356,C(C(=O)O)N,,0,,,Phase 2
CLIN_357,C1CC1,,1,,,Phase 3
CLIN_358,CCCC,,0,,,Phase 1
CLIN_359,C1=CC=C2C=CC=CC2=C1,,0,,,Phase 2
CLIN_360,CO,,0,,,Phase 3
CLIN_361,CCCCCO,,1,,,Phase 1
CLIN_362,C1CCCC1,,0,,,Phase 2
CLIN_363,CC(C)O,,0,,,Phase 3
CLIN_364,CCCCCCCC,,0,,,Phase 1
CLIN_365,CCO,,1,,,Phase 2
CLIN_366,CC(=O)O,,0,,,Phase 3
CLIN_367,C1CCCCC1,,0,,,Phase 1
CLIN_368,CCCCCC,,0,,,Phase 2
CLIN_369,CC(=O)C,,1,,,Phase 3
CLIN_370,C(C(=O)O)N,,0,,,Phase 1
CLIN_371,C1CC1,,0,,,Phase 2
CLIN_372,CCCC,,0,,,Phase 3
CLIN_373,C1=CC=C2C=CC=CC2=C1,,1,,,Phase 1
CLIN_374,CO,,0,,,Phase 2
CLIN_375,CCCCCO,,0,,,Phase 3
CLIN_376,C1CCCC1,,0,,,Phase 1
CLIN_377,CC(C)O,,1,,,Phase 2
CLIN_378,CCCCCCCC,,0,,,Phase 3
CLIN_379,CCO,,0,,,Phase 1
CLIN_380,CC(=O)O,,0,,,Phase 2
CLIN_381,C1CCCCC1,,1,,,Phase 3
CLIN_382,CCCCCC,,0,,,Phase 1
CLIN_383,CC(=O)C,,0,,,Phase 2
CLIN_384,C(C(=O)O)N,,0,,,Phase 3
CLIN_385,C1CC1,,1,,,Phase 1
CLIN_386,CCCC,,0,,,Phase 2
CLIN_387,C1=CC=C2C=CC=CC2=C1,,0,,,Phase 3
CLIN_388,CO,,0,,,Phase 1
CLIN_389,CCCCCO,,1,,,Phase 2
CLIN_390,C1CCCC1,,0,,,Phase 3
CLIN_391,CC(C)O,,0,,,Phase 1
CLIN_392,CCCCCCCC,,0,,,Phase 2
CLIN_393,CCO,,1,,,Phase 3
CLIN_394,CC(=O)O,,0,,,Phase 1
CLIN_395,C1CCCCC1,,0,,,Phase 2
CLIN_396,CCCCCC,,0,,,Phase 3
CLIN_397,CC(=O)C,,1,,,Phase 1
CLIN_398,C(C(=O)O)N,,0,,,Phase 2
CLIN_399,C1CC1,,0,,,Phase 3
CLIN_400,CCCC,,0,,,Phase 1
CLIN_401,C1=CC=C2C=CC=CC2=C1,,1,,,Phase 2
CLIN_402,CO,,0,,,Phase 3
CLIN_403,CCCCCO,,0,,,Phase 1
CLIN_404,C1CCCC1,,0,,,Phase 2
CLIN_405,CC(C)O,,1,,,Phase 3
CLIN_406,CCCCCCCC,,0,,,Phase 1
CLIN_407,CCO,,0,,,Phase 2
CLIN_408,CC(=O)O,,0,,,Phase 3
CLIN_409,C1CCCCC1,,1,,,Phase 1
CLIN_410,CCCCCC,,0,,,Phase 2
CLIN_411,CC(=O)C,,0,,,Phase 3
CLIN_412,C(C(=O)O)N,,0,,,Phase 1
CLIN_413,C1CC1,,1,,,Phase 2
CLIN_414,CCCC,,0,,,Phase 3
CLIN_415,C1=CC=C2C=CC=CC2=C1,,0,,,Phase 1
CLIN_416,CO,,0,,,Phase 2
CLIN_417,CCCCCO,,1,,,Phase 3
CLIN_418,C1CCCC1,,0,,,Phase 1
CLIN_419,CC(C)O,,0,,,Phase 2
CLIN_420,CCCCCCCC,,0,,,Phase 3
CLIN_421,CCO,,1,,,Phase 1
CLIN_422,CC(=O)O,,0,,,Phase 2
CLIN_423,C1CCCCC1,,0,,,Phase 3
CLIN_424,CCCCCC,,0,,,Phase 1
CLIN_425,CC(=O)C,,1,,,Phase 2
CLIN_426,C(C(=O)O)N,,0,,,Phase 3
CLIN_427,C1CC1,,0,,,Phase 1
CLIN_428,CCCC,,0,,,Phase 2
CLIN_429,C1=CC=C2C=CC=CC2=C1,,1,,,Phase 3
CLIN_430,CO,,0,,,Phase 1
CLIN_431,CCCCCO,,0,,,Phase 2
CLIN_432,C1CCCC1,,0,,,Phase 3
CLIN_433,CC(C)O,,1,,,Phase 1
CLIN_434,CCCCCCCC,,0,,,Phase 2
CLIN_435,CCO,,0,,,Phase 3
CLIN_436,CC(=O)O,,0,,,Phase 1
CLIN_437,C1CCCCC1,,1,,,Phase 2
CLIN_438,CCCCCC,,0,,,Phase 3
CLIN_439,CC(=O)C,,0,,,Phase 1
CLIN_440,C(C(=O)O)N,,0,,,Phase 2
CLIN_441,C1CC1,,1,,,Phase 3
CLIN_442,CCCC,,0,,,Phase 1
CLIN_443,C1=CC=C2C=CC=CC2=C1,,0,,,Phase 2
CLIN_444,CO,,0,,,Phase 3
CLIN_445,CCCCCO,,1,,,Phase 1
CLIN_446,C1CCCC1,,0,,,Phase 2
CLIN_447,CC(C)O,,0,,,Phase 3
CLIN_448,CCCCCCCC,,0,,,Phase 1
CLIN_449,CCO,,1,,,Phase 2
CLIN_450,CC(=O)O,,0,,,Phase 3
CLIN_451,C1CCCCC1,,0,,,Phase 1
CLIN_452,CCCCCC,,0,,,Phase 2
CLIN_453,CC(=O)C,,1,,,Phase 3
CLIN_454,C(C(=O)O)N,,0,,,Phase 1
CLIN_455,C1CC1,,0,,,Phase 2
CLIN_456,CCCC,,0,,,Phase 3
CLIN_457,C1=CC=C2C=CC=CC2=C1,,1,,,Phase 1
CLIN_458,CO,,0,,,Phase 2
CLIN_459,CCCCCO,,0,,,Phase 3
CLIN_460,C1CCCC1,,0,,,Phase 1
CLIN_461,CC(C)O,,1,,,Phase 2
CLIN_462,CCCCCCCC,,0,,,Phase 3
CLIN_463,CCO,,0,,,Phase 1
CLIN_464,CC(=O)O,,0,,,Phase 2
CLIN_465,C1CCCCC1,,1,,,Phase 3
CLIN_466,CCCCCC,,0,,,Phase 1
CLIN_467,CC(=O)C,,0,,,Phase 2
CLIN_468,C(C(=O)O)N,,0,,,Phase 3
CLIN_469,C1CC1,,1,,,Phase 1
CLIN_470,CCCC,,0,,,Phase 2
CLIN_471,C1=CC=C2C=CC=CC2=C1,,0,,,Phase 3
CLIN_472,CO,,0,,,Phase 1
CLIN_473,CCCCCO,,1,,,Phase 2
CLIN_474,C1CCCC1,,0,,,Phase 3
CLIN_475,CC(C)O,,0,,,Phase 1
CLIN_476,CCCCCCCC,,0,,,Phase 2
CLIN_477,CCO,,1,,,Phase 3
CLIN_478,CC(=O)O,,0,,,Phase 1
CLIN_479,C1CCCCC1,,0,,,Phase 2
CLIN_480,CCCCCC,,0,,,Phase 3
CLIN_481,CC(=O)C,,1,,,Phase 1
CLIN_482,C(C(=O)O)N,,0,,,Phase 2
CLIN_483,C1CC1,,0,,,Phase 3
CLIN_484,CCCC,,0,,,Phase 1
CLIN_485,C1=CC=C2C=CC=CC2=C1,,1,,,Phase 2
CLIN_486,CO,,0,,,Phase 3
CLIN_487,CCCCCO,,0,,,Phase 1
CLIN_488,C1CCCC1,,0,,,Phase 2
CLIN_489,CC(C)O,,1,,,Phase 3
CLIN_490,CCCCCCCC,,0,,,Phase 1
CLIN_491,CCO,,0,,,Phase 2
CLIN_492,CC(=O)O,,0,,,Phase 3
CLIN_493,C1CCCCC1,,1,,,Phase 1
CLIN_494,CCCCCC,,0,,,Phase 2
CLIN_495,CC(=O)C,,0,,,Phase 3
CLIN_496,C(C(=O)O)N,,0,,,Phase 1
CLIN_497,C1CC1,,1,,,Phase 2
CLIN_498,CCCC,,0,,,Phase 3
CLIN_499,C1=CC=C2C=CC=CC2=C1,,0,,,Phase 1
CLIN_500,CO,,0,,,Phase 2
CLIN_501,CCCCCO,,1,,,Phase 3
CLIN_502,C1CCCC1,,0,,,Phase 1
CLIN_503,CC(C)O,,0,,,Phase 2
CLIN_504,CCCCCCCC,,0,,,Phase 3
CLIN_505,CCO,,1,,,Phase 1
CLIN_506,CC(=O)O,,0,,,Phase 2
CLIN_507,C1CCCCC1,,0,,,Phase 3
CLIN_508,CCCCCC,,0,,,Phase 1
CLIN_509,CC(=O)C,,1,,,Phase 2
CLIN_510,C(C(=O)O)N,,0,,,Phase 3
CLIN_511,C1CC1,,0,,,Phase 1
CLIN_512,CCCC,,0,,,Phase 2
CLIN_513,C1=CC=C2C=CC=CC2=C1,,1,,,Phase 3
CLIN_514,CO,,0,,,Phase 1
CLIN_515,CCCCCO,,0,,,Phase 2
CLIN_516,C1CCCC1,,0,,,Phase 3
CLIN_517,CC(C)O,,1,,,Phase 1
CLIN_518,CCCCCCCC,,0,,,Phase 2
CLIN_519,CCO,,0,,,Phase 3
CLIN_520,CC(=O)O,,0,,,Phase 1
CLIN_521,C1CCCCC1,,1,,,Phase 2
CLIN_522,CCCCCC,,0,,,Phase 3
CLIN_523,CC(=O)C,,0,,,Phase 1
CLIN_524,C(C(=O)O)N,,0,,,Phase 2
CLIN_525,C1CC1,,1,,,Phase 3
CLIN_526,CCCC,,0,,,Phase 1
CLIN_527,C1=CC=C2C=CC=CC2=C1,,0,,,Phase 2
CLIN_528,CO,,0,,,Phase 3
CLIN_529,CCCCCO,,1,,,Phase 1
CLIN_530,C1CCCC1,,0,,,Phase 2
CLIN_531,CC(C)O,,0,,,Phase 3
CLIN_532,CCCCCCCC,,0,,,Phase 1
CLIN_533,CCO,,1,,,Phase 2
CLIN_534,CC(=O)O,,0,,,Phase 3
CLIN_535,C1CCCCC1,,0,,,Phase 1
CLIN_536,CCCCCC,,0,,,Phase 2
CLIN_537,CC(=O)C,,1,,,Phase 3
CLIN_538,C(C(=O)O)N,,0,,,Phase 1
CLIN_539,C1CC1,,0,,,Phase 2
CLIN_540,CCCC,,0,,,Phase 3
CLIN_541,C1=CC=C2C=CC=CC2=C1,,1,,,Phase 1
CLIN_542,CO,,0,,,Phase 2
CLIN_543,CCCCCO,,0,,,Phase 3
CLIN_544,C1CCCC1,,0,,,Phase 1
CLIN_545,CC(C)O,,1,,,Phase 2
CLIN_546,CCCCCCCC,,0,,,Phase 3
CLIN_547,CCO,,0,,,Phase 1
CLIN_548,CC(=O)O,,0,,,Phase 2
CLIN_549,C1CCCCC1,,1,,,Phase 3
CLIN_550,CCCCCC,,0,,,Phase 1
CLIN_551,CC(=O)C,,0,,,Phase 2
CLIN_552,C(C(=O)O)N,,0,,,Phase 3
CLIN_553,C1CC1,,1,,,Phase 1
CLIN_554,CCCC,,0,,,Phase 2
CLIN_555,C1=CC=C2C=CC=CC2=C1,,0,,,Phase 3
CLIN_556,CO,,0,,,Phase 1
CLIN_557,CCCCCO,,1,,,Phase 2
CLIN_558,C1CCCC1,,0,,,Phase 3
CLIN_559,CC(C)O,,0,,,Phase 1
CLIN_560,CCCCCCCC,,0,,,Phase 2
CLIN_561,CCO,,1,,,Phase 3
CLIN_562,CC(=O)O,,0,,,Phase 1
CLIN_563,C1CCCCC1,,0,,,Phase 2
CLIN_564,CCCCCC,,0,,,Phase 3
CLIN_565,CC(=O)C,,1,,,Phase 1
CLIN_566,C(C(=O)O)N,,0,,,Phase 2
CLIN_567,C1CC1,,0,,,Phase 3
CLIN_568,CCCC,,0,,,Phase 1
CLIN_569,C1=CC=C2C=CC=CC2=C1,,1,,,Phase 2
CLIN_570,CO,,0,,,Phase 3
CLIN_571,CCCCCO,,0,,,Phase 1
CLIN_572,C1CCCC1,,0,,,Phase 2
CLIN_573,CC(C)O,,1,,,Phase 3
CLIN_574,CCCCCCCC,,0,,,Phase 1
CLIN_575,CCO,,0,,,Phase 2
CLIN_576,CC(=O)O,,0,,,Phase 3
CLIN_577,C1CCCCC1,,1,,,Phase 1
CLIN_578,CCCCCC,,0,,,Phase 2
CLIN_579,CC(=O)C,,0,,,Phase 3
CLIN_580,C(C(=O)O)N,,0,,,Phase 1
CLIN_581,C1CC1,,1,,,Phase 2
CLIN_582,CCCC,,0,,,Phase 3
CLIN_583,C1=CC=C2C=CC=CC2=C1,,0,,,Phase 1
CLIN_584,CO,,0,,,Phase 2
CLIN_585,CCCCCO,,1,,,Phase 3
CLIN_586,C1CCCC1,,0,,,Phase 1
CLIN_587,CC(C)O,,0,,,Phase 2
CLIN_588,CCCCCCCC,,0,,,Phase 3
CLIN_589,CCO,,1,,,Phase 1
CLIN_590,CC(=O)O,,0,,,Phase 2
CLIN_591,C1CCCCC1,,0,,,Phase 3
CLIN_592,CCCCCC,,0,,,Phase 1
CLIN_593,CC(=O)C,,1,,,Phase 2
CLIN_594,C(C(=O)O)N,,0,,,Phase 3
CLIN_595,C1CC1,,0,,,Phase 1
CLIN_596,CCCC,,0,,,Phase 2
CLIN_597,C1=CC=C2C=CC=CC2=C1,,1,,,Phase 3
CLIN_598,CO,,0,,,Phase 1
CLIN_599,CCCCCO,,0,,,Phase 2
CLIN_600,C1CCCC1,,0,,,Phase 3
CLIN_601,CC(C)O,,1,,,Phase 1
CLIN_602,CCCCCCCC,,0,,,Phase 2
CLIN_603,CCO,,0,,,Phase 3
CLIN_604,CC(=O)O,,0,,,Phase 1
CLIN_605,C1CCCCC1,,1,,,Phase 2
CLIN_606,CCCCCC,,0,,,Phase 3
CLIN_607,CC(=O)C,,0,,,Phase 1
CLIN_608,C(C(=O)O)N,,0,,,Phase 2
CLIN_609,C1CC1,,1,,,Phase 3
CLIN_610,CCCC,,0,,,Phase 1
CLIN_611,C1=CC=C2C=CC=CC2=C1,,0,,,Phase 2
CLIN_612,CO,,0,,,Phase 3
CLIN_613,CCCCCO,,1,,,Phase 1
CLIN_614,C1CCCC1,,0,,,Phase 2
CLIN_615,CC(C)O,,0,,,Phase 3
CLIN_616,CCCCCCCC,,0,,,Phase 1
CLIN_617,CCO,,1,,,Phase 2
CLIN_618,CC(=O)O,,0,,,Phase 3
CLIN_619,C1CCCCC1,,0,,,Phase 1
CLIN_620,CCCCCC,,0,,,Phase 2
CLIN_621,CC(=O)C,,1,,,Phase 3
CLIN_622,C(C(=O)O)N,,0,,,Phase 1
CLIN_623,C1CC1,,0,,,Phase 2
CLIN_624,CCCC,,0,,,Phase 3
CLIN_625,C1=CC=C2C=CC=CC2=C1,,1,,,Phase 1
CLIN_626,CO,,0,,,Phase 2
CLIN_627,CCCCCO,,0,,,Phase 3
CLIN_628,C1CCCC1,,0,,,Phase 1
CLIN_629,CC(C)O,,1,,,Phase 2
CLIN_630,CCCCCCCC,,0,,,Phase 3
CLIN_631,CCO,,0,,,Phase 1
CLIN_632,CC(=O)O,,0,,,Phase 2
CLIN_633,C1CCCCC1,,1,,,Phase 3
CLIN_634,CCCCCC,,0,,,Phase 1
CLIN_635,CC(=O)C,,0,,,Phase 2
CLIN_636,C(C(=O)O)N,,0,,,Phase 3
CLIN_637,C1CC1,,1,,,Phase 1
CLIN_638,CCCC,,0,,,Phase 2
CLIN_639,C1=CC=C2C=CC=CC2=C1,,0,,,Phase 3
CLIN_640,CO,,0,,,Phase 1
CLIN_641,CCCCCO,,1,,,Phase 2
CLIN_642,C1CCCC1,,0,,,Phase 3
CLIN_643,CC(C)O,,0,,,Phase 1
CLIN_644,CCCCCCCC,,0,,,Phase 2
CLIN_645,CCO,,1,,,Phase 3
CLIN_646,CC(=O)O,,0,,,Phase 1
CLIN_647,C1CCCCC1,,0,,,Phase 2
CLIN_648,CCCCCC,,0,,,Phase 3
CLIN_649,CC(=O)C,,1,,,Phase 1
CLIN_650,C(C(=O)O)N,,0,,,Phase 2
CLIN_651,C1CC1,,0,,,Phase 3
CLIN_652,CCCC,,0,,,Phase 1
CLIN_653,C1=CC=C2C=CC=CC2=C1,,1,,,Phase 2
CLIN_654,CO,,0,,,Phase 3
CLIN_655,CCCCCO,,0,,,Phase 1
CLIN_656,C1CCCC1,,0,,,Phase 2
CLIN_657,CC(C)O,,1,,,Phase 3
CLIN_658,CCCCCCCC,,0,,,Phase 1
CLIN_659,CCO,,0,,,Phase 2
CLIN_660,CC(=O)O,,0,,,Phase 3
CLIN_661,C1CCCCC1,,1,,,Phase 1
CLIN_662,CCCCCC,,0,,,Phase 2
CLIN_663,CC(=O)C,,0,,,Phase 3
CLIN_664,C(C(=O)O)N,,0,,,Phase 1
CLIN_665,C1CC1,,1,,,Phase 2
CLIN_666,CCCC,,0,,,Phase 3
CLIN_667,C1=CC=C2C=CC=CC2=C1,,0,,,Phase 1
CLIN_668,CO,,0,,,Phase 2
CLIN_669,CCCCCO,,1,,,Phase 3
CLIN_670,C1CCCC1,,0,,,Phase 1
CLIN_671,CC(C)O,,0,,,Phase 2
CLIN_672,CCCCCCCC,,0,,,Phase 3
CLIN_673,CCO,,1,,,Phase 1
CLIN_674,CC(=O)O,,0,,,Phase 2
CLIN_675,C1CCCCC1,,0,,,Phase 3
CLIN_676,CCCCCC,,0,,,Phase 1
CLIN_677,CC(=O)C,,1,,,Phase 2
CLIN_678,C(C(=O)O)N,,0,,,Phase 3
CLIN_679,C1CC1,,0,,,Phase 1
CLIN_680,CCCC,,0,,,Phase 2
CLIN_681,C1=CC=C2C=CC=CC2=C1,,1,,,Phase 3
CLIN_682,CO,,0,,,Phase 1
CLIN_683,CCCCCO,,0,,,Phase 2
CLIN_684,C1CCCC1,,0,,,Phase 3
CLIN_685,CC(C)O,,1,,,Phase 1
CLIN_686,CCCCCCCC,,0,,,Phase 2
CLIN_687,CCO,,0,,,Phase 3
CLIN_688,CC(=O)O,,0,,,Phase 1
CLIN_689,C1CCCCC1,,1,,,Phase 2
CLIN_690,CCCCCC,,0,,,Phase 3
CLIN_691,CC(=O)C,,0,,,Phase 1
CLIN_692,C(C(=O)O)N,,0,,,Phase 2
CLIN_693,C1CC1,,1,,,Phase 3
CLIN_694,CCCC,,0,,,Phase 1
CLIN_695,C1=CC=C2C=CC=CC2=C1,,0,,,Phase 2
CLIN_696,CO,,0,,,Phase 3
CLIN_697,CCCCCO,,1,,,Phase 1
CLIN_698,C1CCCC1,,0,,,Phase 2
CLIN_699,CC(C)O,,0,,,Phase 3
CLIN_700,CCCCCCCC,,0,,,Phase 1
CLIN_701,CCO,,1,,,Phase 2
CLIN_702,CC(=O)O,,0,,,Phase 3
CLIN_703,C1CCCCC1,,0,,,Phase 1
CLIN_704,CCCCCC,,0,,,Phase 2
CLIN_705,CC(=O)C,,1,,,Phase 3
CLIN_706,C(C(=O)O)N,,0,,,Phase 1
CLIN_707,C1CC1,,0,,,Phase 2
CLIN_708,CCCC,,0,,,Phase 3
CLIN_709,C1=CC=C2C=CC=CC2=C1,,1,,,Phase 1
CLIN_710,CO,,0,,,Phase 2
CLIN_711,CCCCCO,,0,,,Phase 3
CLIN_712,C1CCCC1,,0,,,Phase 1
CLIN_713,CC(C)O,,1,,,Phase 2
CLIN_714,CCCCCCCC,,0,,,Phase 3
CLIN_715,CCO,,0,,,Phase 1
CLIN_716,CC(=O)O,,0,,,Phase 2
CLIN_717,C1CCCCC1,,1,,,Phase 3
CLIN_718,CCCCCC,,0,,,Phase 1
CLIN_719,CC(=O)C,,0,,,Phase 2
CLIN_720,C(C(=O)O)N,,0,,,Phase 3
CLIN_721,C1CC1,,1,,,Phase 1
CLIN_722,CCCC,,0,,,Phase 2
CLIN_723,C1=CC=C2C=CC=CC2=C1,,0,,,Phase 3
CLIN_724,CO,,0,,,Phase 1
CLIN_725,CCCCCO,,1,,,Phase 2
CLIN_726,C1CCCC1,,0,,,Phase 3
CLIN_727,CC(C)O,,0,,,Phase 1
CLIN_728,CCCCCCCC,,0,,,Phase 2
CLIN_729,CCO,,1,,,Phase 3
CLIN_730,CC(=O)O,,0,,,Phase 1
CLIN_731,C1CCCCC1,,0,,,Phase 2
CLIN_732,CCCCCC,,0,,,Phase 3
CLIN_733,CC(=O)C,,1,,,Phase 1
CLIN_734,C(C(=O)O)N,,0,,,Phase 2
CLIN_735,C1CC1,,0,,,Phase 3
CLIN_736,CCCC,,0,,,Phase 1
CLIN_737,C1=CC=C2C=CC=CC2=C1,,1,,,Phase 2
CLIN_738,CO,,0,,,Phase 3
CLIN_739,CCCCCO,,0,,,Phase 1
CLIN_740,C1CCCC1,,0,,,Phase 2
CLIN_741,CC(C)O,,1,,,Phase 3
CLIN_742,CCCCCCCC,,0,,,Phase 1
CLIN_743,CCO,,0,,,Phase 2
CLIN_744,CC(=O)O,,0,,,Phase 3
CLIN_745,C1CCCCC1,,1,,,Phase 1
CLIN_746,CCCCCC,,0,,,Phase 2
CLIN_747,CC(=O)C,,0,,,Phase 3
CLIN_748,C(C(=O)O)N,,0,,,Phase 1
CLIN_749,C1CC1,,1,,,Phase 2
CLIN_750,CCCC,,0,,,Phase 3
CLIN_751,C1=CC=C2C=CC=CC2=C1,,0,,,Phase 1
CLIN_752,CO,,0,,,Phase 2
CLIN_753,CCCCCO,,1,,,Phase 3
CLIN_754,C1CCCC1,,0,,,Phase 1
CLIN_755,CC(C)O,,0,,,Phase 2
CLIN_756,CCCCCCCC,,0,,,Phase 3
CLIN_757,CCO,,1,,,Phase 1
CLIN_758,CC(=O)O,,0,,,Phase 2
CLIN_759,C1CCCCC1,,0,,,Phase 3
CLIN_760,CCCCCC,,0,,,Phase 1
CLIN_761,CC(=O)C,,1,,,Phase 2
CLIN_762,C(C(=O)O)N,,0,,,Phase 3
CLIN_763,C1CC1,,0,,,Phase 1
CLIN_764,CCCC,,0,,,Phase 2
CLIN_765,C1=CC=C2C=CC=CC2=C1,,1,,,Phase 3
CLIN_766,CO,,0,,,Phase 1
CLIN_767,CCCCCO,,0,,,Phase 2
CLIN_768,C1CCCC1,,0,,,Phase 3
CLIN_769,CC(C)O,,1,,,Phase 1
CLIN_770,CCCCCCCC,,0,,,Phase 2
CLIN_771,CCO,,0,,,Phase 3
CLIN_772,CC(=O)O,,0,,,Phase 1
CLIN_773,C1CCCCC1,,1,,,Phase 2
CLIN_774,CCCCCC,,0,,,Phase 3
CLIN_775,CC(=O)C,,0,,,Phase 1
CLIN_776,C(C(=O)O)N,,0,,,Phase 2
CLIN_777,C1CC1,,1,,,Phase 3
CLIN_778,CCCC,,0,,,Phase 1
CLIN_779,C1=CC=C2C=CC=CC2=C1,,0,,,Phase 2
CLIN_780,CO,,0,,,Phase 3
CLIN_781,CCCCCO,,1,,,Phase 1
CLIN_782,C1CCCC1,,0,,,Phase 2
CLIN_783,CC(C)O,,0,,,Phase 3
CLIN_784,CCCCCCCC,,0,,,Phase 1
CLIN_785,CCO,,1,,,Phase 2
CLIN_786,CC(=O)O,,0,,,Phase 3
CLIN_787,C1CCCCC1,,0,,,Phase 1
CLIN_788,CCCCCC,,0,,,Phase 2
CLIN_789,CC(=O)C,,1,,,Phase 3
CLIN_790,C(C(=O)O)N,,0,,,Phase 1
CLIN_791,C1CC1,,0,,,Phase 2
CLIN_792,CCCC,,0,,,Phase 3
CLIN_793,C1=CC=C2C=CC=CC2=C1,,1,,,Phase 1
CLIN_794,CO,,0,,,Phase 2
CLIN_795,CCCCCO,,0,,,Phase 3
CLIN_796,C1CCCC1,,0,,,Phase 1
CLIN_797,CC(C)O,,1,,,Phase 2
CLIN_798,CCCCCCCC,,0,,,Phase 3
CLIN_799,CCO,,0,,,Phase 1
CLIN_800,CC(=O)O,,0,,,Phase 2
CLIN_801,C1CCCCC1,,1,,,Phase 3
CLIN_802,CCCCCC,,0,,,Phase 1
CLIN_803,CC(=O)C,,0,,,Phase 2
CLIN_804,C(C(=O)O)N,,0,,,Phase 3
CLIN_805,C1CC1,,1,,,Phase 1
CLIN_806,CCCC,,0,,,Phase 2
CLIN_807,C1=CC=C2C=CC=CC2=C1,,0,,,Phase 3
CLIN_808,CO,,0,,,Phase 1
CLIN_809,CCCCCO,,1,,,Phase 2
CLIN_810,C1CCCC1,,0,,,Phase 3
CLIN_811,CC(C)O,,0,,,Phase 1
CLIN_812,CCCCCCCC,,0,,,Phase 2
CLIN_813,CCO,,1,,,Phase 3
CLIN_814,CC(=O)O,,0,,,Phase 1
CLIN_815,C1CCCCC1,,0,,,Phase 2
CLIN_816,CCCCCC,,0,,,Phase 3
CLIN_817,CC(=O)C,,1,,,Phase 1
CLIN_818,C(C(=O)O)N,,0,,,Phase 2
CLIN_819,C1CC1,,0,,,Phase 3
CLIN_820,CCCC,,0,,,Phase 1
CLIN_821,C1=CC=C2C=CC=CC2=C1,,1,,,Phase 2
CLIN_822,CO,,0,,,Phase 3
CLIN_823,CCCCCO,,0,,,Phase 1
CLIN_824,C1CCCC1,,0,,,Phase 2
CLIN_825,CC(C)O,,1,,,Phase 3
CLIN_826,CCCCCCCC,,0,,,Phase 1
CLIN_827,CCO,,0,,,Phase 2
CLIN_828,CC(=O)O,,0,,,Phase 3
CLIN_829,C1CCCCC1,,1,,,Phase 1
CLIN_830,CCCCCC,,0,,,Phase 2
CLIN_831,CC(=O)C,,0,,,Phase 3
CLIN_832,C(C(=O)O)N,,0,,,Phase 1
CLIN_833,C1CC1,,1,,,Phase 2
CLIN_834,CCCC,,0,,,Phase 3
CLIN_835,C1=CC=C2C=CC=CC2=C1,,0,,,Phase 1
CLIN_836,CO,,0,,,Phase 2
CLIN_837,CCCCCO,,1,,,Phase 3
CLIN_838,C1CCCC1,,0,,,Phase 1
CLIN_839,CC(C)O,,0,,,Phase 2
CLIN_840,CCCCCCCC,,0,,,Phase 3
CLIN_841,CCO,,1,,,Phase 1
CLIN_842,CC(=O)O,,0,,,Phase 2
CLIN_843,C1CCCCC1,,0,,,Phase 3
CLIN_844,CCCCCC,,0,,,Phase 1
CLIN_845,CC(=O)C,,1,,,Phase 2
CLIN_846,C(C(=O)O)N,,0,,,Phase 3
CLIN_847,C1CC1,,0,,,Phase 1
CLIN_848,CCCC,,0,,,Phase 2
CLIN_849,C1=CC=C2C=CC=CC2=C1,,1,,,Phase 3
CLIN_850,CO,,0,,,Phase 1
CLIN_851,CCCCCO,,0,,,Phase 2
CLIN_852,C1CCCC1,,0,,,Phase 3
CLIN_853,CC(C)O,,1,,,Phase 1
CLIN_854,CCCCCCCC,,0,,,Phase 2
CLIN_855,CCO,,0,,,Phase 3
CLIN_856,CC(=O)O,,0,,,Phase 1
CLIN_857,C1CCCCC1,,1,,,Phase 2
CLIN_858,CCCCCC,,0,,,Phase 3
CLIN_859,CC(=O)C,,0,,,Phase 1
CLIN_860,C(C(=O)O)N,,0,,,Phase 2
CLIN_861,C1CC1,,1,,,Phase 3
CLIN_862,CCCC,,0,,,Phase 1
CLIN_863,C1=CC=C2C=CC=CC2=C1,,0,,,Phase 2
CLIN_864,CO,,0,,,Phase 3
CLIN_865,CCCCCO,,1,,,Phase 1
CLIN_866,C1CCCC1,,0,,,Phase 2
CLIN_867,CC(C)O,,0,,,Phase 3
CLIN_868,CCCCCCCC,,0,,,Phase 1
CLIN_869,CCO,,1,,,Phase 2
CLIN_870,CC(=O)O,,0,,,Phase 3
CLIN_871,C1CCCCC1,,0,,,Phase 1
CLIN_872,CCCCCC,,0,,,Phase 2
CLIN_873,CC(=O)C,,1,,,Phase 3
CLIN_874,C(C(=O)O)N,,0,,,Phase 1
CLIN_875,C1CC1,,0,,,Phase 2
CLIN_876,CCCC,,0,,,Phase 3
CLIN_877,C1=CC=C2C=CC=CC2=C1,,1,,,Phase 1
CLIN_878,CO,,0,,,Phase 2
CLIN_879,CCCCCO,,0,,,Phase 3
CLIN_880,C1CCCC1,,0,,,Phase 1
CLIN_881,CC(C)O,,1,,,Phase 2
CLIN_882,CCCCCCCC,,0,,,Phase 3
CLIN_883,CCO,,0,,,Phase 1
CLIN_884,CC(=O)O,,0,,,Phase 2
CLIN_885,C1CCCCC1,,1,,,Phase 3
CLIN_886,CCCCCC,,0,,,Phase 1
CLIN_887,CC(=O)C,,0,,,Phase 2
CLIN_888,C(C(=O)O)N,,0,,,Phase 3
CLIN_889,C1CC1,,1,,,Phase 1
CLIN_890,CCCC,,0,,,Phase 2
CLIN_891,C1=CC=C2C=CC=CC2=C1,,0,,,Phase 3
CLIN_892,CO,,0,,,Phase 1
CLIN_893,CCCCCO,,1,,,Phase 2
CLIN_894,C1CCCC1,,0,,,Phase 3
CLIN_895,CC(C)O,,0,,,Phase 1
CLIN_896,CCCCCCCC,,0,,,Phase 2
CLIN_897,CCO,,1,,,Phase 3
CLIN_898,CC(=O)O,,0,,,Phase 1
CLIN_899,C1CCCCC1,,0,,,Phase 2
CLIN_900,CCCCCC,,0,,,Phase 3
CLIN_901,CC(=O)C,,1,,,Phase 1
CLIN_902,C(C(=O)O)N,,0,,,Phase 2
CLIN_903,C1CC1,,0,,,Phase 3
CLIN_904,CCCC,,0,,,Phase 1
CLIN_905,C1=CC=C2C=CC=CC2=C1,,1,,,Phase 2
CLIN_906,CO,,0,,,Phase 3
CLIN_907,CCCCCO,,0,,,Phase 1
CLIN_908,C1CCCC1,,0,,,Phase 2
CLIN_909,CC(C)O,,1,,,Phase 3
CLIN_910,CCCCCCCC,,0,,,Phase 1
CLIN_911,CCO,,0,,,Phase 2
CLIN_912,CC(=O)O,,0,,,Phase 3
CLIN_913,C1CCCCC1,,1,,,Phase 1
CLIN_914,CCCCCC,,0,,,Phase 2
CLIN_915,CC(=O)C,,0,,,Phase 3
CLIN_916,C(C(=O)O)N,,0,,,Phase 1
CLIN_917,C1CC1,,1,,,Phase 2
CLIN_918,CCCC,,0,,,Phase 3
CLIN_919,C1=CC=C2C=CC=CC2=C1,,0,,,Phase 1
CLIN_920,CO,,0,,,Phase 2
CLIN_921,CCCCCO,,1,,,Phase 3
CLIN_922,C1CCCC1,,0,,,Phase 1
CLIN_923,CC(C)O,,0,,,Phase 2
CLIN_924,CCCCCCCC,,0,,,Phase 3
CLIN_925,CCO,,1,,,Phase 1
CLIN_926,CC(=O)O,,0,,,Phase 2
CLIN_927,C1CCCCC1,,0,,,Phase 3
CLIN_928,CCCCCC,,0,,,Phase 1
CLIN_929,CC(=O)C,,1,,,Phase 2
CLIN_930,C(C(=O)O)N,,0,,,Phase 3
CLIN_931,C1CC1,,0,,,Phase 1
CLIN_932,CCCC,,0,,,Phase 2
CLIN_933,C1=CC=C2C=CC=CC2=C1,,1,,,Phase 3
CLIN_934,CO,,0,,,Phase 1
CLIN_935,CCCCCO,,0,,,Phase 2
CLIN_936,C1CCCC1,,0,,,Phase 3
CLIN_937,CC(C)O,,1,,,Phase 1
CLIN_938,CCCCCCCC,,0,,,Phase 2
CLIN_939,CCO,,0,,,Phase 3
CLIN_940,CC(=O)O,,0,,,Phase 1
CLIN_941,C1CCCCC1,,1,,,Phase 2
CLIN_942,CCCCCC,,0,,,Phase 3
CLIN_943,CC(=O)C,,0,,,Phase 1
CLIN_944,C(C(=O)O)N,,0,,,Phase 2
CLIN_945,C1CC1,,1,,,Phase 3
CLIN_946,CCCC,,0,,,Phase 1
CLIN_947,C1=CC=C2C=CC=CC2=C1,,0,,,Phase 2
CLIN_948,CO,,0,,,Phase 3
CLIN_949,CCCCCO,,1,,,Phase 1
CLIN_950,C1CCCC1,,0,,,Phase 2
CLIN_951,CC(C)O,,0,,,Phase 3
CLIN_952,CCCCCCCC,,0,,,Phase 1
CLIN_953,CCO,,1,,,Phase 2
CLIN_954,CC(=O)O,,0,,,Phase 3
CLIN_955,C1CCCCC1,,0,,,Phase 1
CLIN_956,CCCCCC,,0,,,Phase 2
CLIN_957,CC(=O)C,,1,,,Phase 3
CLIN_958,C(C(=O)O)N,,0,,,Phase 1
CLIN_959,C1CC1,,0,,,Phase 2
CLIN_960,CCCC,,0,,,Phase 3
CLIN_961,C1=CC=C2C=CC=CC2=C1,,1,,,Phase 1
CLIN_962,CO,,0,,,Phase 2
CLIN_963,CCCCCO,,0,,,Phase 3
CLIN_964,C1CCCC1,,0,,,Phase 1
CLIN_965,CC(C)O,,1,,,Phase 2
CLIN_966,CCCCCCCC,,0,,,Phase 3
CLIN_967,CCO,,0,,,Phase 1
CLIN_968,CC(=O)O,,0,,,Phase 2
CLIN_969,C1CCCCC1,,1,,,Phase 3
CLIN_970,CCCCCC,,0,,,Phase 1
CLIN_971,CC(=O)C,,0,,,Phase 2
CLIN_972,C(C(=O)O)N,,0,,,Phase 3
CLIN_973,C1CC1,,1,,,Phase 1
CLIN_974,CCCC,,0,,,Phase 2
CLIN_975,C1=CC=C2C=CC=CC2=C1,,0,,,Phase 3
CLIN_976,CO,,0,,,Phase 1
CLIN_977,CCCCCO,,1,,,Phase 2
CLIN_978,C1CCCC1,,0,,,Phase 3
CLIN_979,CC(C)O,,0,,,Phase 1
CLIN_980,CCCCCCCC,,0,,,Phase 2
CLIN_981,CCO,,1,,,Phase 3
CLIN_982,CC(=O)O,,0,,,Phase 1
CLIN_983,C1CCCCC1,,0,,,Phase 2
CLIN_984,CCCCCC,,0,,,Phase 3
CLIN_985,CC(=O)C,,1,,,Phase 1
CLIN_986,C(C(=O)O)N,,0,,,Phase 2
CLIN_987,C1CC1,,0,,,Phase 3
CLIN_988,CCCC,,0,,,Phase 1
CLIN_989,C1=CC=C2C=CC=CC2=C1,,1,,,Phase 2
CLIN_990,CO,,0,,,Phase 3
CLIN_991,CCCCCO,,0,,,Phase 1
CLIN_992,C1CCCC1,,0,,,Phase 2
CLIN_993,CC(C)O,,1,,,Phase 3
CLIN_994,CCCCCCCC,,0,,,Phase 1
CLIN_995,CCO,,0,,,Phase 2
CLIN_996,CC(=O)O,,0,,,Phase 3
CLIN_997,C1CCCCC1,,1,,,Phase 1
CLIN_998,CCCCCC,,0,,,Phase 2
CLIN_999,CC(=O)C,,0,,,Phase 3
CLIN_1000,C(C(=O)O)N,,0,,,Phase 1
